outcome_id,selection_frame_id,episode_id,analysis_unit_id,short_label,route_family,place,axis,axis_status,status_basis,observation_unit,source_receipt_ids,legacy_source_refs,exact_locator,evidence_status,attribution_status,allowed_claim,prohibited_inference,selection_condition,package_scope,frontend_status,central_writeback,review_status,notes
W2C-OUT001,USF-W2C-ENTRY13-2026-08-22,TE01,TE01,儒艮海外诉讼,international_legal,Henoko;Oura Bay,ENTRY,yes_selection_condition,Federal litigation was docketed and decided.,action_x_venue,W2C2-SR001;W2C2-SR040;W2C2-SR041;W2C2-SR042,S093;S128;S129,See source_receipts_v1.csv; row-specific locators remain source-bound.,official_or_formal_record_research_recode,not_applicable_without_confirmed_project_change,Federal litigation was docketed and decided.,"Do not infer causation from temporal order, count ENTRY/RECORD as success, or generalize beyond the selected episode.",yes,research_only,not_frontend_ready,no,ai_seeded,"Earthjustice reported USD 276,345.50 while Treasury records USD 280,000; the USD 3,654.50 difference remains unreconciled."
W2C-OUT002,USF-W2C-ENTRY13-2026-08-22,TE01,TE01,儒艮海外诉讼,international_legal,Henoko;Oura Bay,RECORD,yes_selection_condition,The appellate decisions and payment records are observable.,action_x_venue,W2C2-SR001;W2C2-SR040;W2C2-SR041;W2C2-SR042,S093;S128;S129,See source_receipts_v1.csv; row-specific locators remain source-bound.,official_or_formal_record_research_recode,not_applicable_without_confirmed_project_change,The appellate decisions and payment records are observable.,"Do not infer causation from temporal order, count ENTRY/RECORD as success, or generalize beyond the selected episode.",yes,research_only,not_frontend_ready,no,ai_seeded,"Earthjustice reported USD 276,345.50 while Treasury records USD 280,000; the USD 3,654.50 difference remains unreconciled."
W2C-OUT003,USF-W2C-ENTRY13-2026-08-22,TE01,TE01,儒艮海外诉讼,international_legal,Henoko;Oura Bay,RELIEF,yes_bounded_attorney_fee_only_pending_review,"Official records show a case-related attorney-fee award/payment, not merits relief to the underlying project claim.",action_x_venue,W2C2-SR001;W2C2-SR040;W2C2-SR041;W2C2-SR042,S093;S128;S129,See source_receipts_v1.csv; row-specific locators remain source-bound.,official_or_formal_record_research_recode,not_applicable_without_confirmed_project_change,"Official records show a case-related attorney-fee award/payment, not merits relief to the underlying project claim.","Do not infer causation from temporal order, count ENTRY/RECORD as success, or generalize beyond the selected episode.",no,research_only,not_frontend_ready,no,ai_seeded,"Earthjustice reported USD 276,345.50 while Treasury records USD 280,000; the USD 3,654.50 difference remains unreconciled."
W2C-OUT004,USF-W2C-ENTRY13-2026-08-22,TE01,TE01,儒艮海外诉讼,international_legal,Henoko;Oura Bay,PROJECT_SCOPE,not_demonstrated_in_reviewed_record,The reviewed record does not establish this project-axis change; this is not proof that no change occurred.,project_x_decision,W2C2-SR001;W2C2-SR040;W2C2-SR041;W2C2-SR042,S093;S128;S129,See source_receipts_v1.csv; row-specific locators remain source-bound.,official_or_formal_record_research_recode,not_applicable_without_confirmed_project_change,The reviewed record does not establish this project-axis change; this is not proof that no change occurred.,"Do not infer causation from temporal order, count ENTRY/RECORD as success, or generalize beyond the selected episode.",no,research_only,not_frontend_ready,no,ai_seeded,"Earthjustice reported USD 276,345.50 while Treasury records USD 280,000; the USD 3,654.50 difference remains unreconciled."
W2C-OUT005,USF-W2C-ENTRY13-2026-08-22,TE01,TE01,儒艮海外诉讼,international_legal,Henoko;Oura Bay,PROJECT_LOCATION,not_demonstrated_in_reviewed_record,The reviewed record does not establish this project-axis change; this is not proof that no change occurred.,project_x_decision,W2C2-SR001;W2C2-SR040;W2C2-SR041;W2C2-SR042,S093;S128;S129,See source_receipts_v1.csv; row-specific locators remain source-bound.,official_or_formal_record_research_recode,not_applicable_without_confirmed_project_change,The reviewed record does not establish this project-axis change; this is not proof that no change occurred.,"Do not infer causation from temporal order, count ENTRY/RECORD as success, or generalize beyond the selected episode.",no,research_only,not_frontend_ready,no,ai_seeded,"Earthjustice reported USD 276,345.50 while Treasury records USD 280,000; the USD 3,654.50 difference remains unreconciled."
W2C-OUT006,USF-W2C-ENTRY13-2026-08-22,TE01,TE01,儒艮海外诉讼,international_legal,Henoko;Oura Bay,PROJECT_TIMING,not_demonstrated_in_reviewed_record,The reviewed record does not establish this project-axis change; this is not proof that no change occurred.,project_x_decision,W2C2-SR001;W2C2-SR040;W2C2-SR041;W2C2-SR042,S093;S128;S129,See source_receipts_v1.csv; row-specific locators remain source-bound.,official_or_formal_record_research_recode,not_applicable_without_confirmed_project_change,The reviewed record does not establish this project-axis change; this is not proof that no change occurred.,"Do not infer causation from temporal order, count ENTRY/RECORD as success, or generalize beyond the selected episode.",no,research_only,not_frontend_ready,no,ai_seeded,"Earthjustice reported USD 276,345.50 while Treasury records USD 280,000; the USD 3,654.50 difference remains unreconciled."
W2C-OUT007,USF-W2C-ENTRY13-2026-08-22,TE01,TE01,儒艮海外诉讼,international_legal,Henoko;Oura Bay,PROJECT_BUDGET,not_demonstrated_in_reviewed_record,The reviewed record does not establish this project-axis change; this is not proof that no change occurred.,project_x_decision,W2C2-SR001;W2C2-SR040;W2C2-SR041;W2C2-SR042,S093;S128;S129,See source_receipts_v1.csv; row-specific locators remain source-bound.,official_or_formal_record_research_recode,not_applicable_without_confirmed_project_change,The reviewed record does not establish this project-axis change; this is not proof that no change occurred.,"Do not infer causation from temporal order, count ENTRY/RECORD as success, or generalize beyond the selected episode.",no,research_only,not_frontend_ready,no,ai_seeded,"Earthjustice reported USD 276,345.50 while Treasury records USD 280,000; the USD 3,654.50 difference remains unreconciled."
W2C-OUT008,USF-W2C-ENTRY13-2026-08-22,TE01,TE01,儒艮海外诉讼,international_legal,Henoko;Oura Bay,PROJECT_AUTHORITY,not_demonstrated_in_reviewed_record,The reviewed record does not establish this project-axis change; this is not proof that no change occurred.,project_x_decision,W2C2-SR001;W2C2-SR040;W2C2-SR041;W2C2-SR042,S093;S128;S129,See source_receipts_v1.csv; row-specific locators remain source-bound.,official_or_formal_record_research_recode,not_applicable_without_confirmed_project_change,The reviewed record does not establish this project-axis change; this is not proof that no change occurred.,"Do not infer causation from temporal order, count ENTRY/RECORD as success, or generalize beyond the selected episode.",no,research_only,not_frontend_ready,no,ai_seeded,"Earthjustice reported USD 276,345.50 while Treasury records USD 280,000; the USD 3,654.50 difference remains unreconciled."
W2C-OUT009,USF-W2C-ENTRY13-2026-08-22,TE01,TE01,儒艮海外诉讼,international_legal,Henoko;Oura Bay,ATTRIBUTION,not_applicable_without_confirmed_project_change,Attribution is coded independently from chronology and project change; current unit status is not_applicable_without_confirmed_project_change.,project_x_decision,W2C2-SR001;W2C2-SR040;W2C2-SR041;W2C2-SR042,S093;S128;S129,See source_receipts_v1.csv; row-specific locators remain source-bound.,official_or_formal_record_research_recode,not_applicable_without_confirmed_project_change,Attribution is coded independently from chronology and project change; current unit status is not_applicable_without_confirmed_project_change.,"Do not infer causation from temporal order, count ENTRY/RECORD as success, or generalize beyond the selected episode.",no,research_only,not_frontend_ready,no,ai_seeded,"Earthjustice reported USD 276,345.50 while Treasury records USD 280,000; the USD 3,654.50 difference remains unreconciled."
W2C-OUT010,USF-W2C-ENTRY13-2026-08-22,TE02,TE02,边野古 EIA 意见,administrative_EIA,Henoko;Oura Bay,ENTRY,yes_selection_condition,NACSJ comments are documented within the EIA process.,action_x_venue,W2C2-SR002;W2C2-SR048;W2C2-SR049,S130;S131;S132,See source_receipts_v1.csv; row-specific locators remain source-bound.,official_or_formal_record_research_recode,not_applicable_without_confirmed_project_change,NACSJ comments are documented within the EIA process.,"Do not infer causation from temporal order, count ENTRY/RECORD as success, or generalize beyond the selected episode.",yes,research_only,not_frontend_ready,no,ai_seeded,Formal comment is not the same as adoption of the comment.
W2C-OUT011,USF-W2C-ENTRY13-2026-08-22,TE02,TE02,边野古 EIA 意见,administrative_EIA,Henoko;Oura Bay,RECORD,yes_selection_condition,The corrected EIA and organization comment records are observable.,action_x_venue,W2C2-SR002;W2C2-SR048;W2C2-SR049,S130;S131;S132,See source_receipts_v1.csv; row-specific locators remain source-bound.,official_or_formal_record_research_recode,not_applicable_without_confirmed_project_change,The corrected EIA and organization comment records are observable.,"Do not infer causation from temporal order, count ENTRY/RECORD as success, or generalize beyond the selected episode.",yes,research_only,not_frontend_ready,no,ai_seeded,Formal comment is not the same as adoption of the comment.
W2C-OUT012,USF-W2C-ENTRY13-2026-08-22,TE02,TE02,边野古 EIA 意见,administrative_EIA,Henoko;Oura Bay,RELIEF,no_in_reviewed_record,No redo order or direct relief is established by the selected administrative-comment record.,action_x_venue,W2C2-SR002;W2C2-SR048;W2C2-SR049,S130;S131;S132,See source_receipts_v1.csv; row-specific locators remain source-bound.,official_or_formal_record_research_recode,not_applicable_without_confirmed_project_change,No redo order or direct relief is established by the selected administrative-comment record.,"Do not infer causation from temporal order, count ENTRY/RECORD as success, or generalize beyond the selected episode.",no,research_only,not_frontend_ready,no,ai_seeded,Formal comment is not the same as adoption of the comment.
W2C-OUT013,USF-W2C-ENTRY13-2026-08-22,TE02,TE02,边野古 EIA 意见,administrative_EIA,Henoko;Oura Bay,PROJECT_SCOPE,not_demonstrated_in_reviewed_record,The reviewed record does not establish this project-axis change; this is not proof that no change occurred.,project_x_decision,W2C2-SR002;W2C2-SR048;W2C2-SR049,S130;S131;S132,See source_receipts_v1.csv; row-specific locators remain source-bound.,official_or_formal_record_research_recode,not_applicable_without_confirmed_project_change,The reviewed record does not establish this project-axis change; this is not proof that no change occurred.,"Do not infer causation from temporal order, count ENTRY/RECORD as success, or generalize beyond the selected episode.",no,research_only,not_frontend_ready,no,ai_seeded,Formal comment is not the same as adoption of the comment.
W2C-OUT014,USF-W2C-ENTRY13-2026-08-22,TE02,TE02,边野古 EIA 意见,administrative_EIA,Henoko;Oura Bay,PROJECT_LOCATION,not_demonstrated_in_reviewed_record,The reviewed record does not establish this project-axis change; this is not proof that no change occurred.,project_x_decision,W2C2-SR002;W2C2-SR048;W2C2-SR049,S130;S131;S132,See source_receipts_v1.csv; row-specific locators remain source-bound.,official_or_formal_record_research_recode,not_applicable_without_confirmed_project_change,The reviewed record does not establish this project-axis change; this is not proof that no change occurred.,"Do not infer causation from temporal order, count ENTRY/RECORD as success, or generalize beyond the selected episode.",no,research_only,not_frontend_ready,no,ai_seeded,Formal comment is not the same as adoption of the comment.
W2C-OUT015,USF-W2C-ENTRY13-2026-08-22,TE02,TE02,边野古 EIA 意见,administrative_EIA,Henoko;Oura Bay,PROJECT_TIMING,not_demonstrated_in_reviewed_record,The reviewed record does not establish this project-axis change; this is not proof that no change occurred.,project_x_decision,W2C2-SR002;W2C2-SR048;W2C2-SR049,S130;S131;S132,See source_receipts_v1.csv; row-specific locators remain source-bound.,official_or_formal_record_research_recode,not_applicable_without_confirmed_project_change,The reviewed record does not establish this project-axis change; this is not proof that no change occurred.,"Do not infer causation from temporal order, count ENTRY/RECORD as success, or generalize beyond the selected episode.",no,research_only,not_frontend_ready,no,ai_seeded,Formal comment is not the same as adoption of the comment.
W2C-OUT016,USF-W2C-ENTRY13-2026-08-22,TE02,TE02,边野古 EIA 意见,administrative_EIA,Henoko;Oura Bay,PROJECT_BUDGET,not_demonstrated_in_reviewed_record,The reviewed record does not establish this project-axis change; this is not proof that no change occurred.,project_x_decision,W2C2-SR002;W2C2-SR048;W2C2-SR049,S130;S131;S132,See source_receipts_v1.csv; row-specific locators remain source-bound.,official_or_formal_record_research_recode,not_applicable_without_confirmed_project_change,The reviewed record does not establish this project-axis change; this is not proof that no change occurred.,"Do not infer causation from temporal order, count ENTRY/RECORD as success, or generalize beyond the selected episode.",no,research_only,not_frontend_ready,no,ai_seeded,Formal comment is not the same as adoption of the comment.
W2C-OUT017,USF-W2C-ENTRY13-2026-08-22,TE02,TE02,边野古 EIA 意见,administrative_EIA,Henoko;Oura Bay,PROJECT_AUTHORITY,not_demonstrated_in_reviewed_record,The reviewed record does not establish this project-axis change; this is not proof that no change occurred.,project_x_decision,W2C2-SR002;W2C2-SR048;W2C2-SR049,S130;S131;S132,See source_receipts_v1.csv; row-specific locators remain source-bound.,official_or_formal_record_research_recode,not_applicable_without_confirmed_project_change,The reviewed record does not establish this project-axis change; this is not proof that no change occurred.,"Do not infer causation from temporal order, count ENTRY/RECORD as success, or generalize beyond the selected episode.",no,research_only,not_frontend_ready,no,ai_seeded,Formal comment is not the same as adoption of the comment.
W2C-OUT018,USF-W2C-ENTRY13-2026-08-22,TE02,TE02,边野古 EIA 意见,administrative_EIA,Henoko;Oura Bay,ATTRIBUTION,not_applicable_without_confirmed_project_change,Attribution is coded independently from chronology and project change; current unit status is not_applicable_without_confirmed_project_change.,project_x_decision,W2C2-SR002;W2C2-SR048;W2C2-SR049,S130;S131;S132,See source_receipts_v1.csv; row-specific locators remain source-bound.,official_or_formal_record_research_recode,not_applicable_without_confirmed_project_change,Attribution is coded independently from chronology and project change; current unit status is not_applicable_without_confirmed_project_change.,"Do not infer causation from temporal order, count ENTRY/RECORD as success, or generalize beyond the selected episode.",no,research_only,not_frontend_ready,no,ai_seeded,Formal comment is not the same as adoption of the comment.
W2C-OUT019,USF-W2C-ENTRY13-2026-08-22,TE03,TE03,嘉手纳第三次噪音诉讼,noise_civil_litigation,Kadena;Chatan;Okinawa City,ENTRY,yes_selection_condition,The third Kadena action entered civil litigation.,action_x_venue,W2C2-SR003,S133;S134,See source_receipts_v1.csv; row-specific locators remain source-bound.,official_or_formal_record_research_recode,not_applicable_without_confirmed_project_change,The third Kadena action entered civil litigation.,"Do not infer causation from temporal order, count ENTRY/RECORD as success, or generalize beyond the selected episode.",yes,research_only,not_frontend_ready,no,ai_seeded,Damages do not mean aircraft noise or operations ceased.
W2C-OUT020,USF-W2C-ENTRY13-2026-08-22,TE03,TE03,嘉手纳第三次噪音诉讼,noise_civil_litigation,Kadena;Chatan;Okinawa City,RECORD,yes_selection_condition,The appellate judgment records liability and rejected claims.,action_x_venue,W2C2-SR003,S133;S134,See source_receipts_v1.csv; row-specific locators remain source-bound.,official_or_formal_record_research_recode,not_applicable_without_confirmed_project_change,The appellate judgment records liability and rejected claims.,"Do not infer causation from temporal order, count ENTRY/RECORD as success, or generalize beyond the selected episode.",yes,research_only,not_frontend_ready,no,ai_seeded,Damages do not mean aircraft noise or operations ceased.
W2C-OUT021,USF-W2C-ENTRY13-2026-08-22,TE03,TE03,嘉手纳第三次噪音诉讼,noise_civil_litigation,Kadena;Chatan;Okinawa City,RELIEF,yes_bounded_past_damages,Past noise injury received partial damages; injunction and future-damages claims were rejected.,action_x_venue,W2C2-SR003,S133;S134,See source_receipts_v1.csv; row-specific locators remain source-bound.,official_or_formal_record_research_recode,not_applicable_without_confirmed_project_change,Past noise injury received partial damages; injunction and future-damages claims were rejected.,"Do not infer causation from temporal order, count ENTRY/RECORD as success, or generalize beyond the selected episode.",no,research_only,not_frontend_ready,no,ai_seeded,Damages do not mean aircraft noise or operations ceased.
W2C-OUT022,USF-W2C-ENTRY13-2026-08-22,TE03,TE03,嘉手纳第三次噪音诉讼,noise_civil_litigation,Kadena;Chatan;Okinawa City,PROJECT_SCOPE,not_demonstrated_in_reviewed_record,The reviewed record does not establish this project-axis change; this is not proof that no change occurred.,project_x_decision,W2C2-SR003,S133;S134,See source_receipts_v1.csv; row-specific locators remain source-bound.,official_or_formal_record_research_recode,not_applicable_without_confirmed_project_change,The reviewed record does not establish this project-axis change; this is not proof that no change occurred.,"Do not infer causation from temporal order, count ENTRY/RECORD as success, or generalize beyond the selected episode.",no,research_only,not_frontend_ready,no,ai_seeded,Damages do not mean aircraft noise or operations ceased.
W2C-OUT023,USF-W2C-ENTRY13-2026-08-22,TE03,TE03,嘉手纳第三次噪音诉讼,noise_civil_litigation,Kadena;Chatan;Okinawa City,PROJECT_LOCATION,not_demonstrated_in_reviewed_record,The reviewed record does not establish this project-axis change; this is not proof that no change occurred.,project_x_decision,W2C2-SR003,S133;S134,See source_receipts_v1.csv; row-specific locators remain source-bound.,official_or_formal_record_research_recode,not_applicable_without_confirmed_project_change,The reviewed record does not establish this project-axis change; this is not proof that no change occurred.,"Do not infer causation from temporal order, count ENTRY/RECORD as success, or generalize beyond the selected episode.",no,research_only,not_frontend_ready,no,ai_seeded,Damages do not mean aircraft noise or operations ceased.
W2C-OUT024,USF-W2C-ENTRY13-2026-08-22,TE03,TE03,嘉手纳第三次噪音诉讼,noise_civil_litigation,Kadena;Chatan;Okinawa City,PROJECT_TIMING,not_demonstrated_in_reviewed_record,The reviewed record does not establish this project-axis change; this is not proof that no change occurred.,project_x_decision,W2C2-SR003,S133;S134,See source_receipts_v1.csv; row-specific locators remain source-bound.,official_or_formal_record_research_recode,not_applicable_without_confirmed_project_change,The reviewed record does not establish this project-axis change; this is not proof that no change occurred.,"Do not infer causation from temporal order, count ENTRY/RECORD as success, or generalize beyond the selected episode.",no,research_only,not_frontend_ready,no,ai_seeded,Damages do not mean aircraft noise or operations ceased.
W2C-OUT025,USF-W2C-ENTRY13-2026-08-22,TE03,TE03,嘉手纳第三次噪音诉讼,noise_civil_litigation,Kadena;Chatan;Okinawa City,PROJECT_BUDGET,not_demonstrated_in_reviewed_record,The reviewed record does not establish this project-axis change; this is not proof that no change occurred.,project_x_decision,W2C2-SR003,S133;S134,See source_receipts_v1.csv; row-specific locators remain source-bound.,official_or_formal_record_research_recode,not_applicable_without_confirmed_project_change,The reviewed record does not establish this project-axis change; this is not proof that no change occurred.,"Do not infer causation from temporal order, count ENTRY/RECORD as success, or generalize beyond the selected episode.",no,research_only,not_frontend_ready,no,ai_seeded,Damages do not mean aircraft noise or operations ceased.
W2C-OUT026,USF-W2C-ENTRY13-2026-08-22,TE03,TE03,嘉手纳第三次噪音诉讼,noise_civil_litigation,Kadena;Chatan;Okinawa City,PROJECT_AUTHORITY,no_requested_operational_injunction,The requested operational injunction was not granted.,project_x_decision,W2C2-SR003,S133;S134,See source_receipts_v1.csv; row-specific locators remain source-bound.,official_or_formal_record_research_recode,not_applicable_without_confirmed_project_change,The requested operational injunction was not granted.,"Do not infer causation from temporal order, count ENTRY/RECORD as success, or generalize beyond the selected episode.",no,research_only,not_frontend_ready,no,ai_seeded,Damages do not mean aircraft noise or operations ceased.
W2C-OUT027,USF-W2C-ENTRY13-2026-08-22,TE03,TE03,嘉手纳第三次噪音诉讼,noise_civil_litigation,Kadena;Chatan;Okinawa City,ATTRIBUTION,not_applicable_without_confirmed_project_change,Attribution is coded independently from chronology and project change; current unit status is not_applicable_without_confirmed_project_change.,project_x_decision,W2C2-SR003,S133;S134,See source_receipts_v1.csv; row-specific locators remain source-bound.,official_or_formal_record_research_recode,not_applicable_without_confirmed_project_change,Attribution is coded independently from chronology and project change; current unit status is not_applicable_without_confirmed_project_change.,"Do not infer causation from temporal order, count ENTRY/RECORD as success, or generalize beyond the selected episode.",no,research_only,not_frontend_ready,no,ai_seeded,Damages do not mean aircraft noise or operations ceased.
W2C-OUT028,USF-W2C-ENTRY13-2026-08-22,TE04,TE04,普天间周边噪音诉讼,noise_civil_litigation,Futenma;Ginowan,ENTRY,yes_selection_condition,The Futenma noise claims entered civil litigation.,action_x_venue,W2C2-SR004,S135;S136,See source_receipts_v1.csv; row-specific locators remain source-bound.,official_or_formal_record_research_recode,not_applicable_without_confirmed_project_change,The Futenma noise claims entered civil litigation.,"Do not infer causation from temporal order, count ENTRY/RECORD as success, or generalize beyond the selected episode.",yes,research_only,not_frontend_ready,no,ai_seeded,Relief remains case- and period-specific.
W2C-OUT029,USF-W2C-ENTRY13-2026-08-22,TE04,TE04,普天间周边噪音诉讼,noise_civil_litigation,Futenma;Ginowan,RECORD,yes_selection_condition,The judgment identifies compensated plaintiffs and periods.,action_x_venue,W2C2-SR004,S135;S136,See source_receipts_v1.csv; row-specific locators remain source-bound.,official_or_formal_record_research_recode,not_applicable_without_confirmed_project_change,The judgment identifies compensated plaintiffs and periods.,"Do not infer causation from temporal order, count ENTRY/RECORD as success, or generalize beyond the selected episode.",yes,research_only,not_frontend_ready,no,ai_seeded,Relief remains case- and period-specific.
W2C-OUT030,USF-W2C-ENTRY13-2026-08-22,TE04,TE04,普天间周边噪音诉讼,noise_civil_litigation,Futenma;Ginowan,RELIEF,yes_bounded_past_damages,Specified plaintiffs and periods received damages; no operational injunction is established.,action_x_venue,W2C2-SR004,S135;S136,See source_receipts_v1.csv; row-specific locators remain source-bound.,official_or_formal_record_research_recode,not_applicable_without_confirmed_project_change,Specified plaintiffs and periods received damages; no operational injunction is established.,"Do not infer causation from temporal order, count ENTRY/RECORD as success, or generalize beyond the selected episode.",no,research_only,not_frontend_ready,no,ai_seeded,Relief remains case- and period-specific.
W2C-OUT031,USF-W2C-ENTRY13-2026-08-22,TE04,TE04,普天间周边噪音诉讼,noise_civil_litigation,Futenma;Ginowan,PROJECT_SCOPE,not_demonstrated_in_reviewed_record,The reviewed record does not establish this project-axis change; this is not proof that no change occurred.,project_x_decision,W2C2-SR004,S135;S136,See source_receipts_v1.csv; row-specific locators remain source-bound.,official_or_formal_record_research_recode,not_applicable_without_confirmed_project_change,The reviewed record does not establish this project-axis change; this is not proof that no change occurred.,"Do not infer causation from temporal order, count ENTRY/RECORD as success, or generalize beyond the selected episode.",no,research_only,not_frontend_ready,no,ai_seeded,Relief remains case- and period-specific.
W2C-OUT032,USF-W2C-ENTRY13-2026-08-22,TE04,TE04,普天间周边噪音诉讼,noise_civil_litigation,Futenma;Ginowan,PROJECT_LOCATION,not_demonstrated_in_reviewed_record,The reviewed record does not establish this project-axis change; this is not proof that no change occurred.,project_x_decision,W2C2-SR004,S135;S136,See source_receipts_v1.csv; row-specific locators remain source-bound.,official_or_formal_record_research_recode,not_applicable_without_confirmed_project_change,The reviewed record does not establish this project-axis change; this is not proof that no change occurred.,"Do not infer causation from temporal order, count ENTRY/RECORD as success, or generalize beyond the selected episode.",no,research_only,not_frontend_ready,no,ai_seeded,Relief remains case- and period-specific.
W2C-OUT033,USF-W2C-ENTRY13-2026-08-22,TE04,TE04,普天间周边噪音诉讼,noise_civil_litigation,Futenma;Ginowan,PROJECT_TIMING,not_demonstrated_in_reviewed_record,The reviewed record does not establish this project-axis change; this is not proof that no change occurred.,project_x_decision,W2C2-SR004,S135;S136,See source_receipts_v1.csv; row-specific locators remain source-bound.,official_or_formal_record_research_recode,not_applicable_without_confirmed_project_change,The reviewed record does not establish this project-axis change; this is not proof that no change occurred.,"Do not infer causation from temporal order, count ENTRY/RECORD as success, or generalize beyond the selected episode.",no,research_only,not_frontend_ready,no,ai_seeded,Relief remains case- and period-specific.
W2C-OUT034,USF-W2C-ENTRY13-2026-08-22,TE04,TE04,普天间周边噪音诉讼,noise_civil_litigation,Futenma;Ginowan,PROJECT_BUDGET,not_demonstrated_in_reviewed_record,The reviewed record does not establish this project-axis change; this is not proof that no change occurred.,project_x_decision,W2C2-SR004,S135;S136,See source_receipts_v1.csv; row-specific locators remain source-bound.,official_or_formal_record_research_recode,not_applicable_without_confirmed_project_change,The reviewed record does not establish this project-axis change; this is not proof that no change occurred.,"Do not infer causation from temporal order, count ENTRY/RECORD as success, or generalize beyond the selected episode.",no,research_only,not_frontend_ready,no,ai_seeded,Relief remains case- and period-specific.
W2C-OUT035,USF-W2C-ENTRY13-2026-08-22,TE04,TE04,普天间周边噪音诉讼,noise_civil_litigation,Futenma;Ginowan,PROJECT_AUTHORITY,no_requested_operational_injunction,No executable restriction on flight operations is established in the selected judgment.,project_x_decision,W2C2-SR004,S135;S136,See source_receipts_v1.csv; row-specific locators remain source-bound.,official_or_formal_record_research_recode,not_applicable_without_confirmed_project_change,No executable restriction on flight operations is established in the selected judgment.,"Do not infer causation from temporal order, count ENTRY/RECORD as success, or generalize beyond the selected episode.",no,research_only,not_frontend_ready,no,ai_seeded,Relief remains case- and period-specific.
W2C-OUT036,USF-W2C-ENTRY13-2026-08-22,TE04,TE04,普天间周边噪音诉讼,noise_civil_litigation,Futenma;Ginowan,ATTRIBUTION,not_applicable_without_confirmed_project_change,Attribution is coded independently from chronology and project change; current unit status is not_applicable_without_confirmed_project_change.,project_x_decision,W2C2-SR004,S135;S136,See source_receipts_v1.csv; row-specific locators remain source-bound.,official_or_formal_record_research_recode,not_applicable_without_confirmed_project_change,Attribution is coded independently from chronology and project change; current unit status is not_applicable_without_confirmed_project_change.,"Do not infer causation from temporal order, count ENTRY/RECORD as success, or generalize beyond the selected episode.",no,research_only,not_frontend_ready,no,ai_seeded,Relief remains case- and period-specific.
W2C-OUT037,USF-W2C-ENTRY13-2026-08-22,TE05,TE05,石垣部署公投诉讼,referendum_litigation,Ishigaki,ENTRY,yes_multi_stage_terminal_gate_blocked,"The direct request entered council processing and a duty-action entered court, but the intended referendum never occurred.",action_x_venue,W2C2-SR005;W2C2-SR006,S137;S138;S139;R9S010;R9S011,See source_receipts_v1.csv; row-specific locators remain source-bound.,official_or_formal_record_research_recode,not_applicable_without_confirmed_project_change,"The direct request entered council processing and a duty-action entered court, but the intended referendum never occurred.","Do not infer causation from temporal order, count ENTRY/RECORD as success, or generalize beyond the selected episode.",yes,research_only,not_frontend_ready,no,ai_seeded,Requester organization and individual plaintiffs remain distinct.
W2C-OUT038,USF-W2C-ENTRY13-2026-08-22,TE05,TE05,石垣部署公投诉讼,referendum_litigation,Ishigaki,RECORD,yes_selection_condition,Council dispositions and the court judgment are observable.,action_x_venue,W2C2-SR005;W2C2-SR006,S137;S138;S139;R9S010;R9S011,See source_receipts_v1.csv; row-specific locators remain source-bound.,official_or_formal_record_research_recode,not_applicable_without_confirmed_project_change,Council dispositions and the court judgment are observable.,"Do not infer causation from temporal order, count ENTRY/RECORD as success, or generalize beyond the selected episode.",yes,research_only,not_frontend_ready,no,ai_seeded,Requester organization and individual plaintiffs remain distinct.
W2C-OUT039,USF-W2C-ENTRY13-2026-08-22,TE05,TE05,石垣部署公投诉讼,referendum_litigation,Ishigaki,RELIEF,no_in_reviewed_record,The duty-action was procedurally dismissed and no referendum was ordered.,action_x_venue,W2C2-SR005;W2C2-SR006,S137;S138;S139;R9S010;R9S011,See source_receipts_v1.csv; row-specific locators remain source-bound.,official_or_formal_record_research_recode,not_applicable_without_confirmed_project_change,The duty-action was procedurally dismissed and no referendum was ordered.,"Do not infer causation from temporal order, count ENTRY/RECORD as success, or generalize beyond the selected episode.",no,research_only,not_frontend_ready,no,ai_seeded,Requester organization and individual plaintiffs remain distinct.
W2C-OUT040,USF-W2C-ENTRY13-2026-08-22,TE05,TE05,石垣部署公投诉讼,referendum_litigation,Ishigaki,PROJECT_SCOPE,not_demonstrated_in_reviewed_record,The reviewed record does not establish this project-axis change; this is not proof that no change occurred.,project_x_decision,W2C2-SR005;W2C2-SR006,S137;S138;S139;R9S010;R9S011,See source_receipts_v1.csv; row-specific locators remain source-bound.,official_or_formal_record_research_recode,not_applicable_without_confirmed_project_change,The reviewed record does not establish this project-axis change; this is not proof that no change occurred.,"Do not infer causation from temporal order, count ENTRY/RECORD as success, or generalize beyond the selected episode.",no,research_only,not_frontend_ready,no,ai_seeded,Requester organization and individual plaintiffs remain distinct.
W2C-OUT041,USF-W2C-ENTRY13-2026-08-22,TE05,TE05,石垣部署公投诉讼,referendum_litigation,Ishigaki,PROJECT_LOCATION,not_demonstrated_in_reviewed_record,The reviewed record does not establish this project-axis change; this is not proof that no change occurred.,project_x_decision,W2C2-SR005;W2C2-SR006,S137;S138;S139;R9S010;R9S011,See source_receipts_v1.csv; row-specific locators remain source-bound.,official_or_formal_record_research_recode,not_applicable_without_confirmed_project_change,The reviewed record does not establish this project-axis change; this is not proof that no change occurred.,"Do not infer causation from temporal order, count ENTRY/RECORD as success, or generalize beyond the selected episode.",no,research_only,not_frontend_ready,no,ai_seeded,Requester organization and individual plaintiffs remain distinct.
W2C-OUT042,USF-W2C-ENTRY13-2026-08-22,TE05,TE05,石垣部署公投诉讼,referendum_litigation,Ishigaki,PROJECT_TIMING,not_demonstrated_in_reviewed_record,The reviewed record does not establish this project-axis change; this is not proof that no change occurred.,project_x_decision,W2C2-SR005;W2C2-SR006,S137;S138;S139;R9S010;R9S011,See source_receipts_v1.csv; row-specific locators remain source-bound.,official_or_formal_record_research_recode,not_applicable_without_confirmed_project_change,The reviewed record does not establish this project-axis change; this is not proof that no change occurred.,"Do not infer causation from temporal order, count ENTRY/RECORD as success, or generalize beyond the selected episode.",no,research_only,not_frontend_ready,no,ai_seeded,Requester organization and individual plaintiffs remain distinct.
W2C-OUT043,USF-W2C-ENTRY13-2026-08-22,TE05,TE05,石垣部署公投诉讼,referendum_litigation,Ishigaki,PROJECT_BUDGET,not_demonstrated_in_reviewed_record,The reviewed record does not establish this project-axis change; this is not proof that no change occurred.,project_x_decision,W2C2-SR005;W2C2-SR006,S137;S138;S139;R9S010;R9S011,See source_receipts_v1.csv; row-specific locators remain source-bound.,official_or_formal_record_research_recode,not_applicable_without_confirmed_project_change,The reviewed record does not establish this project-axis change; this is not proof that no change occurred.,"Do not infer causation from temporal order, count ENTRY/RECORD as success, or generalize beyond the selected episode.",no,research_only,not_frontend_ready,no,ai_seeded,Requester organization and individual plaintiffs remain distinct.
W2C-OUT044,USF-W2C-ENTRY13-2026-08-22,TE05,TE05,石垣部署公投诉讼,referendum_litigation,Ishigaki,PROJECT_AUTHORITY,not_demonstrated_in_reviewed_record,The reviewed record does not establish this project-axis change; this is not proof that no change occurred.,project_x_decision,W2C2-SR005;W2C2-SR006,S137;S138;S139;R9S010;R9S011,See source_receipts_v1.csv; row-specific locators remain source-bound.,official_or_formal_record_research_recode,not_applicable_without_confirmed_project_change,The reviewed record does not establish this project-axis change; this is not proof that no change occurred.,"Do not infer causation from temporal order, count ENTRY/RECORD as success, or generalize beyond the selected episode.",no,research_only,not_frontend_ready,no,ai_seeded,Requester organization and individual plaintiffs remain distinct.
W2C-OUT045,USF-W2C-ENTRY13-2026-08-22,TE05,TE05,石垣部署公投诉讼,referendum_litigation,Ishigaki,ATTRIBUTION,not_applicable_without_confirmed_project_change,Attribution is coded independently from chronology and project change; current unit status is not_applicable_without_confirmed_project_change.,project_x_decision,W2C2-SR005;W2C2-SR006,S137;S138;S139;R9S010;R9S011,See source_receipts_v1.csv; row-specific locators remain source-bound.,official_or_formal_record_research_recode,not_applicable_without_confirmed_project_change,Attribution is coded independently from chronology and project change; current unit status is not_applicable_without_confirmed_project_change.,"Do not infer causation from temporal order, count ENTRY/RECORD as success, or generalize beyond the selected episode.",no,research_only,not_frontend_ready,no,ai_seeded,Requester organization and individual plaintiffs remain distinct.
W2C-OUT046,USF-W2C-ENTRY13-2026-08-22,TE06,TE06-W1,泡濑公金诉讼,public_funds_litigation,Awase;Okinawa City,ENTRY,yes_selection_condition,The first Awase public-funds action entered court.,action_x_venue,W2C2-SR007,S140;S141;S142;S143,See source_receipts_v1.csv; row-specific locators remain source-bound.,official_or_formal_record_research_recode,direct_official_bounded,The first Awase public-funds action entered court.,"Do not infer causation from temporal order, count ENTRY/RECORD as success, or generalize beyond the selected episode.",yes,research_only,not_frontend_ready,no,ai_seeded,This is a real counterexample to a blanket 'record/compensation only' ceiling.
W2C-OUT047,USF-W2C-ENTRY13-2026-08-22,TE06,TE06-W1,泡濑公金诉讼,public_funds_litigation,Awase;Okinawa City,RECORD,yes_selection_condition,The district judgment is a full official record.,action_x_venue,W2C2-SR007,S140;S141;S142;S143,See source_receipts_v1.csv; row-specific locators remain source-bound.,official_or_formal_record_research_recode,direct_official_bounded,The district judgment is a full official record.,"Do not infer causation from temporal order, count ENTRY/RECORD as success, or generalize beyond the selected episode.",yes,research_only,not_frontend_ready,no,ai_seeded,This is a real counterexample to a blanket 'record/compensation only' ceiling.
W2C-OUT048,USF-W2C-ENTRY13-2026-08-22,TE06,TE06-W1,泡濑公金诉讼,public_funds_litigation,Awase;Okinawa City,RELIEF,yes_bounded_future_spending_restriction,"The court prohibited future public spending, contracts and obligations, subject to already-incurred liabilities.",action_x_venue,W2C2-SR007,S140;S141;S142;S143,See source_receipts_v1.csv; row-specific locators remain source-bound.,official_or_formal_record_research_recode,direct_official_bounded,"The court prohibited future public spending, contracts and obligations, subject to already-incurred liabilities.","Do not infer causation from temporal order, count ENTRY/RECORD as success, or generalize beyond the selected episode.",no,research_only,not_frontend_ready,no,ai_seeded,This is a real counterexample to a blanket 'record/compensation only' ceiling.
W2C-OUT049,USF-W2C-ENTRY13-2026-08-22,TE06,TE06-W1,泡濑公金诉讼,public_funds_litigation,Awase;Okinawa City,PROJECT_SCOPE,not_demonstrated_in_reviewed_record,The reviewed record does not establish this project-axis change; this is not proof that no change occurred.,project_x_decision,W2C2-SR007,S140;S141;S142;S143,See source_receipts_v1.csv; row-specific locators remain source-bound.,official_or_formal_record_research_recode,direct_official_bounded,The reviewed record does not establish this project-axis change; this is not proof that no change occurred.,"Do not infer causation from temporal order, count ENTRY/RECORD as success, or generalize beyond the selected episode.",no,research_only,not_frontend_ready,no,ai_seeded,This is a real counterexample to a blanket 'record/compensation only' ceiling.
W2C-OUT050,USF-W2C-ENTRY13-2026-08-22,TE06,TE06-W1,泡濑公金诉讼,public_funds_litigation,Awase;Okinawa City,PROJECT_LOCATION,not_demonstrated_in_reviewed_record,The reviewed record does not establish this project-axis change; this is not proof that no change occurred.,project_x_decision,W2C2-SR007,S140;S141;S142;S143,See source_receipts_v1.csv; row-specific locators remain source-bound.,official_or_formal_record_research_recode,direct_official_bounded,The reviewed record does not establish this project-axis change; this is not proof that no change occurred.,"Do not infer causation from temporal order, count ENTRY/RECORD as success, or generalize beyond the selected episode.",no,research_only,not_frontend_ready,no,ai_seeded,This is a real counterexample to a blanket 'record/compensation only' ceiling.
W2C-OUT051,USF-W2C-ENTRY13-2026-08-22,TE06,TE06-W1,泡濑公金诉讼,public_funds_litigation,Awase;Okinawa City,PROJECT_TIMING,not_demonstrated_in_reviewed_record,The reviewed record does not establish this project-axis change; this is not proof that no change occurred.,project_x_decision,W2C2-SR007,S140;S141;S142;S143,See source_receipts_v1.csv; row-specific locators remain source-bound.,official_or_formal_record_research_recode,direct_official_bounded,The reviewed record does not establish this project-axis change; this is not proof that no change occurred.,"Do not infer causation from temporal order, count ENTRY/RECORD as success, or generalize beyond the selected episode.",no,research_only,not_frontend_ready,no,ai_seeded,This is a real counterexample to a blanket 'record/compensation only' ceiling.
W2C-OUT052,USF-W2C-ENTRY13-2026-08-22,TE06,TE06-W1,泡濑公金诉讼,public_funds_litigation,Awase;Okinawa City,PROJECT_BUDGET,yes_bounded,Future public expenditure and new obligations were judicially restricted.,project_x_decision,W2C2-SR007,S140;S141;S142;S143,See source_receipts_v1.csv; row-specific locators remain source-bound.,official_or_formal_record_research_recode,direct_official_bounded,Future public expenditure and new obligations were judicially restricted.,"Do not infer causation from temporal order, count ENTRY/RECORD as success, or generalize beyond the selected episode.",no,research_only,not_frontend_ready,no,ai_seeded,This is a real counterexample to a blanket 'record/compensation only' ceiling.
W2C-OUT053,USF-W2C-ENTRY13-2026-08-22,TE06,TE06-W1,泡濑公金诉讼,public_funds_litigation,Awase;Okinawa City,PROJECT_AUTHORITY,yes_bounded,The judgment imposed an executable restriction on prefectural and city financial authority.,project_x_decision,W2C2-SR007,S140;S141;S142;S143,See source_receipts_v1.csv; row-specific locators remain source-bound.,official_or_formal_record_research_recode,direct_official_bounded,The judgment imposed an executable restriction on prefectural and city financial authority.,"Do not infer causation from temporal order, count ENTRY/RECORD as success, or generalize beyond the selected episode.",no,research_only,not_frontend_ready,no,ai_seeded,This is a real counterexample to a blanket 'record/compensation only' ceiling.
W2C-OUT054,USF-W2C-ENTRY13-2026-08-22,TE06,TE06-W1,泡濑公金诉讼,public_funds_litigation,Awase;Okinawa City,ATTRIBUTION,direct_official_bounded,Attribution is coded independently from chronology and project change; current unit status is direct_official_bounded.,project_x_decision,W2C2-SR007,S140;S141;S142;S143,See source_receipts_v1.csv; row-specific locators remain source-bound.,official_or_formal_record_research_recode,direct_official_bounded,Attribution is coded independently from chronology and project change; current unit status is direct_official_bounded.,"Do not infer causation from temporal order, count ENTRY/RECORD as success, or generalize beyond the selected episode.",no,research_only,not_frontend_ready,no,ai_seeded,This is a real counterexample to a blanket 'record/compensation only' ceiling.
W2C-OUT055,USF-W2C-ENTRY13-2026-08-22,TE06,TE06-W2,泡濑公金诉讼,public_funds_litigation,Awase;Okinawa City,ENTRY,yes_selection_condition,The later Awase public-funds wave entered litigation.,action_x_venue,W2C2-SR008;W2C2-SR009;W2C2-SR027,S140;S141;S142;S143,See source_receipts_v1.csv; row-specific locators remain source-bound.,official_or_formal_record_research_recode,not_applicable_without_confirmed_civic_project_change,The later Awase public-funds wave entered litigation.,"Do not infer causation from temporal order, count ENTRY/RECORD as success, or generalize beyond the selected episode.",yes,research_only,not_frontend_ready,no,ai_seeded,The two waves must never be collapsed into one win/loss value.
W2C-OUT056,USF-W2C-ENTRY13-2026-08-22,TE06,TE06-W2,泡濑公金诉讼,public_funds_litigation,Awase;Okinawa City,RECORD,yes_selection_condition,Official case and project records establish later termination and project restart.,action_x_venue,W2C2-SR008;W2C2-SR009;W2C2-SR027,S140;S141;S142;S143,See source_receipts_v1.csv; row-specific locators remain source-bound.,official_or_formal_record_research_recode,not_applicable_without_confirmed_civic_project_change,Official case and project records establish later termination and project restart.,"Do not infer causation from temporal order, count ENTRY/RECORD as success, or generalize beyond the selected episode.",yes,research_only,not_frontend_ready,no,ai_seeded,The two waves must never be collapsed into one win/loss value.
W2C-OUT057,USF-W2C-ENTRY13-2026-08-22,TE06,TE06-W2,泡濑公金诉讼,public_funds_litigation,Awase;Okinawa City,RELIEF,no_second_wave_relief,The residents lost the second wave; no continuing equivalent restriction is established.,action_x_venue,W2C2-SR008;W2C2-SR009;W2C2-SR027,S140;S141;S142;S143,See source_receipts_v1.csv; row-specific locators remain source-bound.,official_or_formal_record_research_recode,not_applicable_without_confirmed_civic_project_change,The residents lost the second wave; no continuing equivalent restriction is established.,"Do not infer causation from temporal order, count ENTRY/RECORD as success, or generalize beyond the selected episode.",no,research_only,not_frontend_ready,no,ai_seeded,The two waves must never be collapsed into one win/loss value.
W2C-OUT058,USF-W2C-ENTRY13-2026-08-22,TE06,TE06-W2,泡濑公金诉讼,public_funds_litigation,Awase;Okinawa City,PROJECT_SCOPE,not_demonstrated_in_reviewed_record,The reviewed record does not establish this project-axis change; this is not proof that no change occurred.,project_x_decision,W2C2-SR008;W2C2-SR009;W2C2-SR027,S140;S141;S142;S143,See source_receipts_v1.csv; row-specific locators remain source-bound.,official_or_formal_record_research_recode,not_applicable_without_confirmed_civic_project_change,The reviewed record does not establish this project-axis change; this is not proof that no change occurred.,"Do not infer causation from temporal order, count ENTRY/RECORD as success, or generalize beyond the selected episode.",no,research_only,not_frontend_ready,no,ai_seeded,The two waves must never be collapsed into one win/loss value.
W2C-OUT059,USF-W2C-ENTRY13-2026-08-22,TE06,TE06-W2,泡濑公金诉讼,public_funds_litigation,Awase;Okinawa City,PROJECT_LOCATION,not_demonstrated_in_reviewed_record,The reviewed record does not establish this project-axis change; this is not proof that no change occurred.,project_x_decision,W2C2-SR008;W2C2-SR009;W2C2-SR027,S140;S141;S142;S143,See source_receipts_v1.csv; row-specific locators remain source-bound.,official_or_formal_record_research_recode,not_applicable_without_confirmed_civic_project_change,The reviewed record does not establish this project-axis change; this is not proof that no change occurred.,"Do not infer causation from temporal order, count ENTRY/RECORD as success, or generalize beyond the selected episode.",no,research_only,not_frontend_ready,no,ai_seeded,The two waves must never be collapsed into one win/loss value.
W2C-OUT060,USF-W2C-ENTRY13-2026-08-22,TE06,TE06-W2,泡濑公金诉讼,public_funds_litigation,Awase;Okinawa City,PROJECT_TIMING,not_demonstrated_in_reviewed_record,The reviewed record does not establish this project-axis change; this is not proof that no change occurred.,project_x_decision,W2C2-SR008;W2C2-SR009;W2C2-SR027,S140;S141;S142;S143,See source_receipts_v1.csv; row-specific locators remain source-bound.,official_or_formal_record_research_recode,not_applicable_without_confirmed_civic_project_change,The reviewed record does not establish this project-axis change; this is not proof that no change occurred.,"Do not infer causation from temporal order, count ENTRY/RECORD as success, or generalize beyond the selected episode.",no,research_only,not_frontend_ready,no,ai_seeded,The two waves must never be collapsed into one win/loss value.
W2C-OUT061,USF-W2C-ENTRY13-2026-08-22,TE06,TE06-W2,泡濑公金诉讼,public_funds_litigation,Awase;Okinawa City,PROJECT_BUDGET,not_demonstrated_in_reviewed_record,The reviewed record does not establish this project-axis change; this is not proof that no change occurred.,project_x_decision,W2C2-SR008;W2C2-SR009;W2C2-SR027,S140;S141;S142;S143,See source_receipts_v1.csv; row-specific locators remain source-bound.,official_or_formal_record_research_recode,not_applicable_without_confirmed_civic_project_change,The reviewed record does not establish this project-axis change; this is not proof that no change occurred.,"Do not infer causation from temporal order, count ENTRY/RECORD as success, or generalize beyond the selected episode.",no,research_only,not_frontend_ready,no,ai_seeded,The two waves must never be collapsed into one win/loss value.
W2C-OUT062,USF-W2C-ENTRY13-2026-08-22,TE06,TE06-W2,泡濑公金诉讼,public_funds_litigation,Awase;Okinawa City,PROJECT_AUTHORITY,no_continuing_restriction_established,The later record does not preserve the first-wave restriction as a durable bar.,project_x_decision,W2C2-SR008;W2C2-SR009;W2C2-SR027,S140;S141;S142;S143,See source_receipts_v1.csv; row-specific locators remain source-bound.,official_or_formal_record_research_recode,not_applicable_without_confirmed_civic_project_change,The later record does not preserve the first-wave restriction as a durable bar.,"Do not infer causation from temporal order, count ENTRY/RECORD as success, or generalize beyond the selected episode.",no,research_only,not_frontend_ready,no,ai_seeded,The two waves must never be collapsed into one win/loss value.
W2C-OUT063,USF-W2C-ENTRY13-2026-08-22,TE06,TE06-W2,泡濑公金诉讼,public_funds_litigation,Awase;Okinawa City,ATTRIBUTION,not_applicable_without_confirmed_civic_project_change,Attribution is coded independently from chronology and project change; current unit status is not_applicable_without_confirmed_civic_project_change.,project_x_decision,W2C2-SR008;W2C2-SR009;W2C2-SR027,S140;S141;S142;S143,See source_receipts_v1.csv; row-specific locators remain source-bound.,official_or_formal_record_research_recode,not_applicable_without_confirmed_civic_project_change,Attribution is coded independently from chronology and project change; current unit status is not_applicable_without_confirmed_civic_project_change.,"Do not infer causation from temporal order, count ENTRY/RECORD as success, or generalize beyond the selected episode.",no,research_only,not_frontend_ready,no,ai_seeded,The two waves must never be collapsed into one win/loss value.
W2C-OUT064,USF-W2C-ENTRY13-2026-08-22,TE07,TE07,名护 1997 公投,municipal_referendum,Nago,ENTRY,yes_selection_condition,The direct request produced an ordinance and advisory referendum.,action_x_venue,W2C2-SR010;W2C2-SR011;W2C2-SR028,R9S001;R9S002;R9S003;R9S022,See source_receipts_v1.csv; row-specific locators remain source-bound.,official_or_formal_record_research_recode,indirect_contested,The direct request produced an ordinance and advisory referendum.,"Do not infer causation from temporal order, count ENTRY/RECORD as success, or generalize beyond the selected episode.",yes,research_only,not_frontend_ready,no,ai_seeded,Opposition majority did not legally bind the mayor; later local-government and intergovernmental decisions are competing causes.
W2C-OUT065,USF-W2C-ENTRY13-2026-08-22,TE07,TE07,名护 1997 公投,municipal_referendum,Nago,RECORD,yes_selection_condition,Official results and the post-vote municipal chronology are observable.,action_x_venue,W2C2-SR010;W2C2-SR011;W2C2-SR028,R9S001;R9S002;R9S003;R9S022,See source_receipts_v1.csv; row-specific locators remain source-bound.,official_or_formal_record_research_recode,indirect_contested,Official results and the post-vote municipal chronology are observable.,"Do not infer causation from temporal order, count ENTRY/RECORD as success, or generalize beyond the selected episode.",yes,research_only,not_frontend_ready,no,ai_seeded,Opposition majority did not legally bind the mayor; later local-government and intergovernmental decisions are competing causes.
W2C-OUT066,USF-W2C-ENTRY13-2026-08-22,TE07,TE07,名护 1997 公投,municipal_referendum,Nago,RELIEF,not_applicable_referendum_output,"A referendum result is coded as a formal output, not individual legal relief.",action_x_venue,W2C2-SR010;W2C2-SR011;W2C2-SR028,R9S001;R9S002;R9S003;R9S022,See source_receipts_v1.csv; row-specific locators remain source-bound.,official_or_formal_record_research_recode,indirect_contested,"A referendum result is coded as a formal output, not individual legal relief.","Do not infer causation from temporal order, count ENTRY/RECORD as success, or generalize beyond the selected episode.",no,research_only,not_frontend_ready,no,ai_seeded,Opposition majority did not legally bind the mayor; later local-government and intergovernmental decisions are competing causes.
W2C-OUT067,USF-W2C-ENTRY13-2026-08-22,TE07,TE07,名护 1997 公投,municipal_referendum,Nago,PROJECT_SCOPE,candidate_change_indirect_contested,The proposal evolved after the vote; referendum causation is not closed.,project_x_decision,W2C2-SR010;W2C2-SR011;W2C2-SR028,R9S001;R9S002;R9S003;R9S022,See source_receipts_v1.csv; row-specific locators remain source-bound.,official_or_formal_record_research_recode,indirect_contested,The proposal evolved after the vote; referendum causation is not closed.,"Do not infer causation from temporal order, count ENTRY/RECORD as success, or generalize beyond the selected episode.",no,research_only,not_frontend_ready,no,ai_seeded,Opposition majority did not legally bind the mayor; later local-government and intergovernmental decisions are competing causes.
W2C-OUT068,USF-W2C-ENTRY13-2026-08-22,TE07,TE07,名护 1997 公投,municipal_referendum,Nago,PROJECT_LOCATION,candidate_change_indirect_contested,"The official chronology records later location/design decisions, but it does not attribute them to the referendum alone.",project_x_decision,W2C2-SR010;W2C2-SR011;W2C2-SR028,R9S001;R9S002;R9S003;R9S022,See source_receipts_v1.csv; row-specific locators remain source-bound.,official_or_formal_record_research_recode,indirect_contested,"The official chronology records later location/design decisions, but it does not attribute them to the referendum alone.","Do not infer causation from temporal order, count ENTRY/RECORD as success, or generalize beyond the selected episode.",no,research_only,not_frontend_ready,no,ai_seeded,Opposition majority did not legally bind the mayor; later local-government and intergovernmental decisions are competing causes.
W2C-OUT069,USF-W2C-ENTRY13-2026-08-22,TE07,TE07,名护 1997 公投,municipal_referendum,Nago,PROJECT_TIMING,not_demonstrated_in_reviewed_record,The reviewed record does not establish this project-axis change; this is not proof that no change occurred.,project_x_decision,W2C2-SR010;W2C2-SR011;W2C2-SR028,R9S001;R9S002;R9S003;R9S022,See source_receipts_v1.csv; row-specific locators remain source-bound.,official_or_formal_record_research_recode,indirect_contested,The reviewed record does not establish this project-axis change; this is not proof that no change occurred.,"Do not infer causation from temporal order, count ENTRY/RECORD as success, or generalize beyond the selected episode.",no,research_only,not_frontend_ready,no,ai_seeded,Opposition majority did not legally bind the mayor; later local-government and intergovernmental decisions are competing causes.
W2C-OUT070,USF-W2C-ENTRY13-2026-08-22,TE07,TE07,名护 1997 公投,municipal_referendum,Nago,PROJECT_BUDGET,not_demonstrated_in_reviewed_record,The reviewed record does not establish this project-axis change; this is not proof that no change occurred.,project_x_decision,W2C2-SR010;W2C2-SR011;W2C2-SR028,R9S001;R9S002;R9S003;R9S022,See source_receipts_v1.csv; row-specific locators remain source-bound.,official_or_formal_record_research_recode,indirect_contested,The reviewed record does not establish this project-axis change; this is not proof that no change occurred.,"Do not infer causation from temporal order, count ENTRY/RECORD as success, or generalize beyond the selected episode.",no,research_only,not_frontend_ready,no,ai_seeded,Opposition majority did not legally bind the mayor; later local-government and intergovernmental decisions are competing causes.
W2C-OUT071,USF-W2C-ENTRY13-2026-08-22,TE07,TE07,名护 1997 公投,municipal_referendum,Nago,PROJECT_AUTHORITY,not_demonstrated_in_reviewed_record,The reviewed record does not establish this project-axis change; this is not proof that no change occurred.,project_x_decision,W2C2-SR010;W2C2-SR011;W2C2-SR028,R9S001;R9S002;R9S003;R9S022,See source_receipts_v1.csv; row-specific locators remain source-bound.,official_or_formal_record_research_recode,indirect_contested,The reviewed record does not establish this project-axis change; this is not proof that no change occurred.,"Do not infer causation from temporal order, count ENTRY/RECORD as success, or generalize beyond the selected episode.",no,research_only,not_frontend_ready,no,ai_seeded,Opposition majority did not legally bind the mayor; later local-government and intergovernmental decisions are competing causes.
W2C-OUT072,USF-W2C-ENTRY13-2026-08-22,TE07,TE07,名护 1997 公投,municipal_referendum,Nago,ATTRIBUTION,indirect_contested,Attribution is coded independently from chronology and project change; current unit status is indirect_contested.,project_x_decision,W2C2-SR010;W2C2-SR011;W2C2-SR028,R9S001;R9S002;R9S003;R9S022,See source_receipts_v1.csv; row-specific locators remain source-bound.,official_or_formal_record_research_recode,indirect_contested,Attribution is coded independently from chronology and project change; current unit status is indirect_contested.,"Do not infer causation from temporal order, count ENTRY/RECORD as success, or generalize beyond the selected episode.",no,research_only,not_frontend_ready,no,ai_seeded,Opposition majority did not legally bind the mayor; later local-government and intergovernmental decisions are competing causes.
W2C-OUT073,USF-W2C-ENTRY13-2026-08-22,TE08,TE08,与那国 2015 公投,municipal_referendum,Yonaguni,ENTRY,yes_selection_condition_with_local_identity_gap,The referendum was held; organization-level carrier identity remains locally unresolved.,action_x_venue,W2C2-SR012,R9S005;R9S006;R9S007;R9S032;R9S034,See source_receipts_v1.csv; row-specific locators remain source-bound.,official_or_formal_record_research_recode,not_applicable_without_confirmed_project_change,The referendum was held; organization-level carrier identity remains locally unresolved.,"Do not infer causation from temporal order, count ENTRY/RECORD as success, or generalize beyond the selected episode.",yes,research_only,not_frontend_ready,no,ai_seeded,Do not upgrade A014/A015 identity from the vote record.
W2C-OUT074,USF-W2C-ENTRY13-2026-08-22,TE08,TE08,与那国 2015 公投,municipal_referendum,Yonaguni,RECORD,yes_selection_condition_with_local_identity_gap,The town policy statement records the vote and administrative interpretation.,action_x_venue,W2C2-SR012,R9S005;R9S006;R9S007;R9S032;R9S034,See source_receipts_v1.csv; row-specific locators remain source-bound.,official_or_formal_record_research_recode,not_applicable_without_confirmed_project_change,The town policy statement records the vote and administrative interpretation.,"Do not infer causation from temporal order, count ENTRY/RECORD as success, or generalize beyond the selected episode.",yes,research_only,not_frontend_ready,no,ai_seeded,Do not upgrade A014/A015 identity from the vote record.
W2C-OUT075,USF-W2C-ENTRY13-2026-08-22,TE08,TE08,与那国 2015 公投,municipal_referendum,Yonaguni,RELIEF,not_applicable_referendum_output,The vote is a formal output rather than individual relief.,action_x_venue,W2C2-SR012,R9S005;R9S006;R9S007;R9S032;R9S034,See source_receipts_v1.csv; row-specific locators remain source-bound.,official_or_formal_record_research_recode,not_applicable_without_confirmed_project_change,The vote is a formal output rather than individual relief.,"Do not infer causation from temporal order, count ENTRY/RECORD as success, or generalize beyond the selected episode.",no,research_only,not_frontend_ready,no,ai_seeded,Do not upgrade A014/A015 identity from the vote record.
W2C-OUT076,USF-W2C-ENTRY13-2026-08-22,TE08,TE08,与那国 2015 公投,municipal_referendum,Yonaguni,PROJECT_SCOPE,not_demonstrated_in_reviewed_record,The reviewed record does not establish this project-axis change; this is not proof that no change occurred.,project_x_decision,W2C2-SR012,R9S005;R9S006;R9S007;R9S032;R9S034,See source_receipts_v1.csv; row-specific locators remain source-bound.,official_or_formal_record_research_recode,not_applicable_without_confirmed_project_change,The reviewed record does not establish this project-axis change; this is not proof that no change occurred.,"Do not infer causation from temporal order, count ENTRY/RECORD as success, or generalize beyond the selected episode.",no,research_only,not_frontend_ready,no,ai_seeded,Do not upgrade A014/A015 identity from the vote record.
W2C-OUT077,USF-W2C-ENTRY13-2026-08-22,TE08,TE08,与那国 2015 公投,municipal_referendum,Yonaguni,PROJECT_LOCATION,not_demonstrated_in_reviewed_record,The reviewed record does not establish this project-axis change; this is not proof that no change occurred.,project_x_decision,W2C2-SR012,R9S005;R9S006;R9S007;R9S032;R9S034,See source_receipts_v1.csv; row-specific locators remain source-bound.,official_or_formal_record_research_recode,not_applicable_without_confirmed_project_change,The reviewed record does not establish this project-axis change; this is not proof that no change occurred.,"Do not infer causation from temporal order, count ENTRY/RECORD as success, or generalize beyond the selected episode.",no,research_only,not_frontend_ready,no,ai_seeded,Do not upgrade A014/A015 identity from the vote record.
W2C-OUT078,USF-W2C-ENTRY13-2026-08-22,TE08,TE08,与那国 2015 公投,municipal_referendum,Yonaguni,PROJECT_TIMING,not_demonstrated_in_reviewed_record,The reviewed record does not establish this project-axis change; this is not proof that no change occurred.,project_x_decision,W2C2-SR012,R9S005;R9S006;R9S007;R9S032;R9S034,See source_receipts_v1.csv; row-specific locators remain source-bound.,official_or_formal_record_research_recode,not_applicable_without_confirmed_project_change,The reviewed record does not establish this project-axis change; this is not proof that no change occurred.,"Do not infer causation from temporal order, count ENTRY/RECORD as success, or generalize beyond the selected episode.",no,research_only,not_frontend_ready,no,ai_seeded,Do not upgrade A014/A015 identity from the vote record.
W2C-OUT079,USF-W2C-ENTRY13-2026-08-22,TE08,TE08,与那国 2015 公投,municipal_referendum,Yonaguni,PROJECT_BUDGET,not_demonstrated_in_reviewed_record,The reviewed record does not establish this project-axis change; this is not proof that no change occurred.,project_x_decision,W2C2-SR012,R9S005;R9S006;R9S007;R9S032;R9S034,See source_receipts_v1.csv; row-specific locators remain source-bound.,official_or_formal_record_research_recode,not_applicable_without_confirmed_project_change,The reviewed record does not establish this project-axis change; this is not proof that no change occurred.,"Do not infer causation from temporal order, count ENTRY/RECORD as success, or generalize beyond the selected episode.",no,research_only,not_frontend_ready,no,ai_seeded,Do not upgrade A014/A015 identity from the vote record.
W2C-OUT080,USF-W2C-ENTRY13-2026-08-22,TE08,TE08,与那国 2015 公投,municipal_referendum,Yonaguni,PROJECT_AUTHORITY,not_demonstrated_in_reviewed_record,The reviewed record does not establish this project-axis change; this is not proof that no change occurred.,project_x_decision,W2C2-SR012,R9S005;R9S006;R9S007;R9S032;R9S034,See source_receipts_v1.csv; row-specific locators remain source-bound.,official_or_formal_record_research_recode,not_applicable_without_confirmed_project_change,The reviewed record does not establish this project-axis change; this is not proof that no change occurred.,"Do not infer causation from temporal order, count ENTRY/RECORD as success, or generalize beyond the selected episode.",no,research_only,not_frontend_ready,no,ai_seeded,Do not upgrade A014/A015 identity from the vote record.
W2C-OUT081,USF-W2C-ENTRY13-2026-08-22,TE08,TE08,与那国 2015 公投,municipal_referendum,Yonaguni,ATTRIBUTION,not_applicable_without_confirmed_project_change,Attribution is coded independently from chronology and project change; current unit status is not_applicable_without_confirmed_project_change.,project_x_decision,W2C2-SR012,R9S005;R9S006;R9S007;R9S032;R9S034,See source_receipts_v1.csv; row-specific locators remain source-bound.,official_or_formal_record_research_recode,not_applicable_without_confirmed_project_change,Attribution is coded independently from chronology and project change; current unit status is not_applicable_without_confirmed_project_change.,"Do not infer causation from temporal order, count ENTRY/RECORD as success, or generalize beyond the selected episode.",no,research_only,not_frontend_ready,no,ai_seeded,Do not upgrade A014/A015 identity from the vote record.
W2C-OUT082,USF-W2C-ENTRY13-2026-08-22,TE09,TE09,2019 边野古县民投票,prefectural_referendum,Okinawa Prefecture,ENTRY,yes_selection_condition,The direct request produced an ordinance and prefecture-wide vote.,action_x_venue,W2C2-SR013;W2C2-SR014;W2C2-SR015;W2C2-SR016,R9S009;R9S010;R9S011;R9S012;R9S013,See source_receipts_v1.csv; row-specific locators remain source-bound.,official_or_formal_record_research_recode,not_applicable_without_confirmed_project_change,The direct request produced an ordinance and prefecture-wide vote.,"Do not infer causation from temporal order, count ENTRY/RECORD as success, or generalize beyond the selected episode.",yes,research_only,not_frontend_ready,no,ai_seeded,The vote did not automatically suspend construction.
W2C-OUT083,USF-W2C-ENTRY13-2026-08-22,TE09,TE09,2019 边野古县民投票,prefectural_referendum,Okinawa Prefecture,RECORD,yes_selection_condition,"Official gazettes, legislative records and chronology preserve the output and notifications.",action_x_venue,W2C2-SR013;W2C2-SR014;W2C2-SR015;W2C2-SR016,R9S009;R9S010;R9S011;R9S012;R9S013,See source_receipts_v1.csv; row-specific locators remain source-bound.,official_or_formal_record_research_recode,not_applicable_without_confirmed_project_change,"Official gazettes, legislative records and chronology preserve the output and notifications.","Do not infer causation from temporal order, count ENTRY/RECORD as success, or generalize beyond the selected episode.",yes,research_only,not_frontend_ready,no,ai_seeded,The vote did not automatically suspend construction.
W2C-OUT084,USF-W2C-ENTRY13-2026-08-22,TE09,TE09,2019 边野古县民投票,prefectural_referendum,Okinawa Prefecture,RELIEF,not_applicable_referendum_output,"The referendum and notifications are formal outputs, not a binding stop order.",action_x_venue,W2C2-SR013;W2C2-SR014;W2C2-SR015;W2C2-SR016,R9S009;R9S010;R9S011;R9S012;R9S013,See source_receipts_v1.csv; row-specific locators remain source-bound.,official_or_formal_record_research_recode,not_applicable_without_confirmed_project_change,"The referendum and notifications are formal outputs, not a binding stop order.","Do not infer causation from temporal order, count ENTRY/RECORD as success, or generalize beyond the selected episode.",no,research_only,not_frontend_ready,no,ai_seeded,The vote did not automatically suspend construction.
W2C-OUT085,USF-W2C-ENTRY13-2026-08-22,TE09,TE09,2019 边野古县民投票,prefectural_referendum,Okinawa Prefecture,PROJECT_SCOPE,not_demonstrated_in_reviewed_record,The reviewed record does not establish this project-axis change; this is not proof that no change occurred.,project_x_decision,W2C2-SR013;W2C2-SR014;W2C2-SR015;W2C2-SR016,R9S009;R9S010;R9S011;R9S012;R9S013,See source_receipts_v1.csv; row-specific locators remain source-bound.,official_or_formal_record_research_recode,not_applicable_without_confirmed_project_change,The reviewed record does not establish this project-axis change; this is not proof that no change occurred.,"Do not infer causation from temporal order, count ENTRY/RECORD as success, or generalize beyond the selected episode.",no,research_only,not_frontend_ready,no,ai_seeded,The vote did not automatically suspend construction.
W2C-OUT086,USF-W2C-ENTRY13-2026-08-22,TE09,TE09,2019 边野古县民投票,prefectural_referendum,Okinawa Prefecture,PROJECT_LOCATION,not_demonstrated_in_reviewed_record,The reviewed record does not establish this project-axis change; this is not proof that no change occurred.,project_x_decision,W2C2-SR013;W2C2-SR014;W2C2-SR015;W2C2-SR016,R9S009;R9S010;R9S011;R9S012;R9S013,See source_receipts_v1.csv; row-specific locators remain source-bound.,official_or_formal_record_research_recode,not_applicable_without_confirmed_project_change,The reviewed record does not establish this project-axis change; this is not proof that no change occurred.,"Do not infer causation from temporal order, count ENTRY/RECORD as success, or generalize beyond the selected episode.",no,research_only,not_frontend_ready,no,ai_seeded,The vote did not automatically suspend construction.
W2C-OUT087,USF-W2C-ENTRY13-2026-08-22,TE09,TE09,2019 边野古县民投票,prefectural_referendum,Okinawa Prefecture,PROJECT_TIMING,not_demonstrated_in_reviewed_record,The reviewed record does not establish this project-axis change; this is not proof that no change occurred.,project_x_decision,W2C2-SR013;W2C2-SR014;W2C2-SR015;W2C2-SR016,R9S009;R9S010;R9S011;R9S012;R9S013,See source_receipts_v1.csv; row-specific locators remain source-bound.,official_or_formal_record_research_recode,not_applicable_without_confirmed_project_change,The reviewed record does not establish this project-axis change; this is not proof that no change occurred.,"Do not infer causation from temporal order, count ENTRY/RECORD as success, or generalize beyond the selected episode.",no,research_only,not_frontend_ready,no,ai_seeded,The vote did not automatically suspend construction.
W2C-OUT088,USF-W2C-ENTRY13-2026-08-22,TE09,TE09,2019 边野古县民投票,prefectural_referendum,Okinawa Prefecture,PROJECT_BUDGET,not_demonstrated_in_reviewed_record,The reviewed record does not establish this project-axis change; this is not proof that no change occurred.,project_x_decision,W2C2-SR013;W2C2-SR014;W2C2-SR015;W2C2-SR016,R9S009;R9S010;R9S011;R9S012;R9S013,See source_receipts_v1.csv; row-specific locators remain source-bound.,official_or_formal_record_research_recode,not_applicable_without_confirmed_project_change,The reviewed record does not establish this project-axis change; this is not proof that no change occurred.,"Do not infer causation from temporal order, count ENTRY/RECORD as success, or generalize beyond the selected episode.",no,research_only,not_frontend_ready,no,ai_seeded,The vote did not automatically suspend construction.
W2C-OUT089,USF-W2C-ENTRY13-2026-08-22,TE09,TE09,2019 边野古县民投票,prefectural_referendum,Okinawa Prefecture,PROJECT_AUTHORITY,not_demonstrated_in_reviewed_record,The reviewed record does not establish this project-axis change; this is not proof that no change occurred.,project_x_decision,W2C2-SR013;W2C2-SR014;W2C2-SR015;W2C2-SR016,R9S009;R9S010;R9S011;R9S012;R9S013,See source_receipts_v1.csv; row-specific locators remain source-bound.,official_or_formal_record_research_recode,not_applicable_without_confirmed_project_change,The reviewed record does not establish this project-axis change; this is not proof that no change occurred.,"Do not infer causation from temporal order, count ENTRY/RECORD as success, or generalize beyond the selected episode.",no,research_only,not_frontend_ready,no,ai_seeded,The vote did not automatically suspend construction.
W2C-OUT090,USF-W2C-ENTRY13-2026-08-22,TE09,TE09,2019 边野古县民投票,prefectural_referendum,Okinawa Prefecture,ATTRIBUTION,not_applicable_without_confirmed_project_change,Attribution is coded independently from chronology and project change; current unit status is not_applicable_without_confirmed_project_change.,project_x_decision,W2C2-SR013;W2C2-SR014;W2C2-SR015;W2C2-SR016,R9S009;R9S010;R9S011;R9S012;R9S013,See source_receipts_v1.csv; row-specific locators remain source-bound.,official_or_formal_record_research_recode,not_applicable_without_confirmed_project_change,Attribution is coded independently from chronology and project change; current unit status is not_applicable_without_confirmed_project_change.,"Do not infer causation from temporal order, count ENTRY/RECORD as success, or generalize beyond the selected episode.",no,research_only,not_frontend_ready,no,ai_seeded,The vote did not automatically suspend construction.
W2C-OUT091,USF-W2C-ENTRY13-2026-08-22,TE10,TE10,宫古地下水行政往来,administrative_exchange,Miyako,ENTRY,candidate_pending_event_review,"An official itemized municipal response exists, but the event remains outside the human-reviewed central event layer.",action_x_venue,W2C2-SR017,S269;S270;S271,See source_receipts_v1.csv; row-specific locators remain source-bound.,candidate_event_pending,unknown_pending_event_review,"An official itemized municipal response exists, but the event remains outside the human-reviewed central event layer.","Do not infer causation from temporal order, count ENTRY/RECORD as success, or generalize beyond the selected episode.",yes,research_only,not_frontend_ready,no,ai_seeded,Do not infer acceptance of the groundwater-risk interpretation.
W2C-OUT092,USF-W2C-ENTRY13-2026-08-22,TE10,TE10,宫古地下水行政往来,administrative_exchange,Miyako,RECORD,candidate_pending_event_review,The official response is observable as a research-only candidate.,action_x_venue,W2C2-SR017,S269;S270;S271,See source_receipts_v1.csv; row-specific locators remain source-bound.,candidate_event_pending,unknown_pending_event_review,The official response is observable as a research-only candidate.,"Do not infer causation from temporal order, count ENTRY/RECORD as success, or generalize beyond the selected episode.",yes,research_only,not_frontend_ready,no,ai_seeded,Do not infer acceptance of the groundwater-risk interpretation.
W2C-OUT093,USF-W2C-ENTRY13-2026-08-22,TE10,TE10,宫古地下水行政往来,administrative_exchange,Miyako,RELIEF,not_applicable_administrative_reply,A written reply is not itself policy relief.,action_x_venue,W2C2-SR017,S269;S270;S271,See source_receipts_v1.csv; row-specific locators remain source-bound.,candidate_event_pending,unknown_pending_event_review,A written reply is not itself policy relief.,"Do not infer causation from temporal order, count ENTRY/RECORD as success, or generalize beyond the selected episode.",no,research_only,not_frontend_ready,no,ai_seeded,Do not infer acceptance of the groundwater-risk interpretation.
W2C-OUT094,USF-W2C-ENTRY13-2026-08-22,TE10,TE10,宫古地下水行政往来,administrative_exchange,Miyako,PROJECT_SCOPE,not_demonstrated_in_reviewed_record,The reviewed record does not establish this project-axis change; this is not proof that no change occurred.,project_x_decision,W2C2-SR017,S269;S270;S271,See source_receipts_v1.csv; row-specific locators remain source-bound.,candidate_event_pending,unknown_pending_event_review,The reviewed record does not establish this project-axis change; this is not proof that no change occurred.,"Do not infer causation from temporal order, count ENTRY/RECORD as success, or generalize beyond the selected episode.",no,research_only,not_frontend_ready,no,ai_seeded,Do not infer acceptance of the groundwater-risk interpretation.
W2C-OUT095,USF-W2C-ENTRY13-2026-08-22,TE10,TE10,宫古地下水行政往来,administrative_exchange,Miyako,PROJECT_LOCATION,not_demonstrated_in_reviewed_record,The reviewed record does not establish this project-axis change; this is not proof that no change occurred.,project_x_decision,W2C2-SR017,S269;S270;S271,See source_receipts_v1.csv; row-specific locators remain source-bound.,candidate_event_pending,unknown_pending_event_review,The reviewed record does not establish this project-axis change; this is not proof that no change occurred.,"Do not infer causation from temporal order, count ENTRY/RECORD as success, or generalize beyond the selected episode.",no,research_only,not_frontend_ready,no,ai_seeded,Do not infer acceptance of the groundwater-risk interpretation.
W2C-OUT096,USF-W2C-ENTRY13-2026-08-22,TE10,TE10,宫古地下水行政往来,administrative_exchange,Miyako,PROJECT_TIMING,not_demonstrated_in_reviewed_record,The reviewed record does not establish this project-axis change; this is not proof that no change occurred.,project_x_decision,W2C2-SR017,S269;S270;S271,See source_receipts_v1.csv; row-specific locators remain source-bound.,candidate_event_pending,unknown_pending_event_review,The reviewed record does not establish this project-axis change; this is not proof that no change occurred.,"Do not infer causation from temporal order, count ENTRY/RECORD as success, or generalize beyond the selected episode.",no,research_only,not_frontend_ready,no,ai_seeded,Do not infer acceptance of the groundwater-risk interpretation.
W2C-OUT097,USF-W2C-ENTRY13-2026-08-22,TE10,TE10,宫古地下水行政往来,administrative_exchange,Miyako,PROJECT_BUDGET,not_demonstrated_in_reviewed_record,The reviewed record does not establish this project-axis change; this is not proof that no change occurred.,project_x_decision,W2C2-SR017,S269;S270;S271,See source_receipts_v1.csv; row-specific locators remain source-bound.,candidate_event_pending,unknown_pending_event_review,The reviewed record does not establish this project-axis change; this is not proof that no change occurred.,"Do not infer causation from temporal order, count ENTRY/RECORD as success, or generalize beyond the selected episode.",no,research_only,not_frontend_ready,no,ai_seeded,Do not infer acceptance of the groundwater-risk interpretation.
W2C-OUT098,USF-W2C-ENTRY13-2026-08-22,TE10,TE10,宫古地下水行政往来,administrative_exchange,Miyako,PROJECT_AUTHORITY,not_demonstrated_in_reviewed_record,The reviewed record does not establish this project-axis change; this is not proof that no change occurred.,project_x_decision,W2C2-SR017,S269;S270;S271,See source_receipts_v1.csv; row-specific locators remain source-bound.,candidate_event_pending,unknown_pending_event_review,The reviewed record does not establish this project-axis change; this is not proof that no change occurred.,"Do not infer causation from temporal order, count ENTRY/RECORD as success, or generalize beyond the selected episode.",no,research_only,not_frontend_ready,no,ai_seeded,Do not infer acceptance of the groundwater-risk interpretation.
W2C-OUT099,USF-W2C-ENTRY13-2026-08-22,TE10,TE10,宫古地下水行政往来,administrative_exchange,Miyako,ATTRIBUTION,unknown_pending_event_review,Attribution is coded independently from chronology and project change; current unit status is unknown_pending_event_review.,project_x_decision,W2C2-SR017,S269;S270;S271,See source_receipts_v1.csv; row-specific locators remain source-bound.,candidate_event_pending,unknown_pending_event_review,Attribution is coded independently from chronology and project change; current unit status is unknown_pending_event_review.,"Do not infer causation from temporal order, count ENTRY/RECORD as success, or generalize beyond the selected episode.",no,research_only,not_frontend_ready,no,ai_seeded,Do not infer acceptance of the groundwater-risk interpretation.
W2C-OUT100,USF-W2C-ENTRY13-2026-08-22,TE11,TE11,宜野湾 PFAS 土壤采样→议会,resident_sampling_petition,Ginowan;Futenma,ENTRY,candidate_pending_event_review,"Official council records support a petition/opinion pathway, pending event-fact review.",action_x_venue,W2C2-SR018;W2C2-SR019,S273;S274;S275;S276,See source_receipts_v1.csv; row-specific locators remain source-bound.,candidate_event_pending,unknown_pending_event_review,"Official council records support a petition/opinion pathway, pending event-fact review.","Do not infer causation from temporal order, count ENTRY/RECORD as success, or generalize beyond the selected episode.",yes,research_only,not_frontend_ready,no,ai_seeded,Official record does not identify the pollution source or establish implementation.
W2C-OUT101,USF-W2C-ENTRY13-2026-08-22,TE11,TE11,宜野湾 PFAS 土壤采样→议会,resident_sampling_petition,Ginowan;Futenma,RECORD,candidate_pending_event_review,Committee and opinion records are observable.,action_x_venue,W2C2-SR018;W2C2-SR019,S273;S274;S275;S276,See source_receipts_v1.csv; row-specific locators remain source-bound.,candidate_event_pending,unknown_pending_event_review,Committee and opinion records are observable.,"Do not infer causation from temporal order, count ENTRY/RECORD as success, or generalize beyond the selected episode.",yes,research_only,not_frontend_ready,no,ai_seeded,Official record does not identify the pollution source or establish implementation.
W2C-OUT102,USF-W2C-ENTRY13-2026-08-22,TE11,TE11,宜野湾 PFAS 土壤采样→议会,resident_sampling_petition,Ginowan;Futenma,RELIEF,unknown,"Implementation, source attribution and health causation remain unclosed.",action_x_venue,W2C2-SR018;W2C2-SR019,S273;S274;S275;S276,See source_receipts_v1.csv; row-specific locators remain source-bound.,candidate_event_pending,unknown_pending_event_review,"Implementation, source attribution and health causation remain unclosed.","Do not infer causation from temporal order, count ENTRY/RECORD as success, or generalize beyond the selected episode.",no,research_only,not_frontend_ready,no,ai_seeded,Official record does not identify the pollution source or establish implementation.
W2C-OUT103,USF-W2C-ENTRY13-2026-08-22,TE11,TE11,宜野湾 PFAS 土壤采样→议会,resident_sampling_petition,Ginowan;Futenma,PROJECT_SCOPE,not_demonstrated_in_reviewed_record,The reviewed record does not establish this project-axis change; this is not proof that no change occurred.,project_x_decision,W2C2-SR018;W2C2-SR019,S273;S274;S275;S276,See source_receipts_v1.csv; row-specific locators remain source-bound.,candidate_event_pending,unknown_pending_event_review,The reviewed record does not establish this project-axis change; this is not proof that no change occurred.,"Do not infer causation from temporal order, count ENTRY/RECORD as success, or generalize beyond the selected episode.",no,research_only,not_frontend_ready,no,ai_seeded,Official record does not identify the pollution source or establish implementation.
W2C-OUT104,USF-W2C-ENTRY13-2026-08-22,TE11,TE11,宜野湾 PFAS 土壤采样→议会,resident_sampling_petition,Ginowan;Futenma,PROJECT_LOCATION,not_demonstrated_in_reviewed_record,The reviewed record does not establish this project-axis change; this is not proof that no change occurred.,project_x_decision,W2C2-SR018;W2C2-SR019,S273;S274;S275;S276,See source_receipts_v1.csv; row-specific locators remain source-bound.,candidate_event_pending,unknown_pending_event_review,The reviewed record does not establish this project-axis change; this is not proof that no change occurred.,"Do not infer causation from temporal order, count ENTRY/RECORD as success, or generalize beyond the selected episode.",no,research_only,not_frontend_ready,no,ai_seeded,Official record does not identify the pollution source or establish implementation.
W2C-OUT105,USF-W2C-ENTRY13-2026-08-22,TE11,TE11,宜野湾 PFAS 土壤采样→议会,resident_sampling_petition,Ginowan;Futenma,PROJECT_TIMING,not_demonstrated_in_reviewed_record,The reviewed record does not establish this project-axis change; this is not proof that no change occurred.,project_x_decision,W2C2-SR018;W2C2-SR019,S273;S274;S275;S276,See source_receipts_v1.csv; row-specific locators remain source-bound.,candidate_event_pending,unknown_pending_event_review,The reviewed record does not establish this project-axis change; this is not proof that no change occurred.,"Do not infer causation from temporal order, count ENTRY/RECORD as success, or generalize beyond the selected episode.",no,research_only,not_frontend_ready,no,ai_seeded,Official record does not identify the pollution source or establish implementation.
W2C-OUT106,USF-W2C-ENTRY13-2026-08-22,TE11,TE11,宜野湾 PFAS 土壤采样→议会,resident_sampling_petition,Ginowan;Futenma,PROJECT_BUDGET,not_demonstrated_in_reviewed_record,The reviewed record does not establish this project-axis change; this is not proof that no change occurred.,project_x_decision,W2C2-SR018;W2C2-SR019,S273;S274;S275;S276,See source_receipts_v1.csv; row-specific locators remain source-bound.,candidate_event_pending,unknown_pending_event_review,The reviewed record does not establish this project-axis change; this is not proof that no change occurred.,"Do not infer causation from temporal order, count ENTRY/RECORD as success, or generalize beyond the selected episode.",no,research_only,not_frontend_ready,no,ai_seeded,Official record does not identify the pollution source or establish implementation.
W2C-OUT107,USF-W2C-ENTRY13-2026-08-22,TE11,TE11,宜野湾 PFAS 土壤采样→议会,resident_sampling_petition,Ginowan;Futenma,PROJECT_AUTHORITY,not_demonstrated_in_reviewed_record,The reviewed record does not establish this project-axis change; this is not proof that no change occurred.,project_x_decision,W2C2-SR018;W2C2-SR019,S273;S274;S275;S276,See source_receipts_v1.csv; row-specific locators remain source-bound.,candidate_event_pending,unknown_pending_event_review,The reviewed record does not establish this project-axis change; this is not proof that no change occurred.,"Do not infer causation from temporal order, count ENTRY/RECORD as success, or generalize beyond the selected episode.",no,research_only,not_frontend_ready,no,ai_seeded,Official record does not identify the pollution source or establish implementation.
W2C-OUT108,USF-W2C-ENTRY13-2026-08-22,TE11,TE11,宜野湾 PFAS 土壤采样→议会,resident_sampling_petition,Ginowan;Futenma,ATTRIBUTION,unknown_pending_event_review,Attribution is coded independently from chronology and project change; current unit status is unknown_pending_event_review.,project_x_decision,W2C2-SR018;W2C2-SR019,S273;S274;S275;S276,See source_receipts_v1.csv; row-specific locators remain source-bound.,candidate_event_pending,unknown_pending_event_review,Attribution is coded independently from chronology and project change; current unit status is unknown_pending_event_review.,"Do not infer causation from temporal order, count ENTRY/RECORD as success, or generalize beyond the selected episode.",no,research_only,not_frontend_ready,no,ai_seeded,Official record does not identify the pollution source or establish implementation.
W2C-OUT109,USF-W2C-ENTRY13-2026-08-22,TE12,TE12,石垣港罢工,workplace_port_power,Ishigaki,ENTRY,candidate_noninstitutional_workplace_action,This is a workplace/port action rather than a classic institutional-entry episode.,action_x_venue,W2C2-SR020;W2C2-SR021;W2C2-SR025,S287;S288,See source_receipts_v1.csv; row-specific locators remain source-bound.,candidate_event_pending,no_civic_attribution_to_military_visit_change,This is a workplace/port action rather than a classic institutional-entry episode.,"Do not infer causation from temporal order, count ENTRY/RECORD as success, or generalize beyond the selected episode.",yes,research_only,not_frontend_ready,no,ai_seeded,Civilian cargo disruption is a separate outcome and must not be rewritten as cancellation of the military visit.
W2C-OUT110,USF-W2C-ENTRY13-2026-08-22,TE12,TE12,石垣港罢工,workplace_port_power,Ishigaki,RECORD,candidate_pending_event_review,Official Japanese and U.S. records confirm the strike context and completed port visit.,action_x_venue,W2C2-SR020;W2C2-SR021;W2C2-SR025,S287;S288,See source_receipts_v1.csv; row-specific locators remain source-bound.,candidate_event_pending,no_civic_attribution_to_military_visit_change,Official Japanese and U.S. records confirm the strike context and completed port visit.,"Do not infer causation from temporal order, count ENTRY/RECORD as success, or generalize beyond the selected episode.",yes,research_only,not_frontend_ready,no,ai_seeded,Civilian cargo disruption is a separate outcome and must not be rewritten as cancellation of the military visit.
W2C-OUT111,USF-W2C-ENTRY13-2026-08-22,TE12,TE12,石垣港罢工,workplace_port_power,Ishigaki,RELIEF,not_applicable_workplace_action,No individual legal relief was requested in this action.,action_x_venue,W2C2-SR020;W2C2-SR021;W2C2-SR025,S287;S288,See source_receipts_v1.csv; row-specific locators remain source-bound.,candidate_event_pending,no_civic_attribution_to_military_visit_change,No individual legal relief was requested in this action.,"Do not infer causation from temporal order, count ENTRY/RECORD as success, or generalize beyond the selected episode.",no,research_only,not_frontend_ready,no,ai_seeded,Civilian cargo disruption is a separate outcome and must not be rewritten as cancellation of the military visit.
W2C-OUT112,USF-W2C-ENTRY13-2026-08-22,TE12,TE12,石垣港罢工,workplace_port_power,Ishigaki,PROJECT_SCOPE,not_demonstrated_in_reviewed_record,The reviewed record does not establish this project-axis change; this is not proof that no change occurred.,project_x_decision,W2C2-SR020;W2C2-SR021;W2C2-SR025,S287;S288,See source_receipts_v1.csv; row-specific locators remain source-bound.,candidate_event_pending,no_civic_attribution_to_military_visit_change,The reviewed record does not establish this project-axis change; this is not proof that no change occurred.,"Do not infer causation from temporal order, count ENTRY/RECORD as success, or generalize beyond the selected episode.",no,research_only,not_frontend_ready,no,ai_seeded,Civilian cargo disruption is a separate outcome and must not be rewritten as cancellation of the military visit.
W2C-OUT113,USF-W2C-ENTRY13-2026-08-22,TE12,TE12,石垣港罢工,workplace_port_power,Ishigaki,PROJECT_LOCATION,not_attributable_to_strike,Offshore anchorage/draft constraints were documented before the strike and are not attributed to the strike.,project_x_decision,W2C2-SR020;W2C2-SR021;W2C2-SR025,S287;S288,See source_receipts_v1.csv; row-specific locators remain source-bound.,candidate_event_pending,no_civic_attribution_to_military_visit_change,Offshore anchorage/draft constraints were documented before the strike and are not attributed to the strike.,"Do not infer causation from temporal order, count ENTRY/RECORD as success, or generalize beyond the selected episode.",no,research_only,not_frontend_ready,no,ai_seeded,Civilian cargo disruption is a separate outcome and must not be rewritten as cancellation of the military visit.
W2C-OUT114,USF-W2C-ENTRY13-2026-08-22,TE12,TE12,石垣港罢工,workplace_port_power,Ishigaki,PROJECT_TIMING,no_military_visit_change_confirmed,The U.S. Navy reports the visit concluded on Mar 13 as scheduled within the strike window.,project_x_decision,W2C2-SR020;W2C2-SR021;W2C2-SR025,S287;S288,See source_receipts_v1.csv; row-specific locators remain source-bound.,candidate_event_pending,no_civic_attribution_to_military_visit_change,The U.S. Navy reports the visit concluded on Mar 13 as scheduled within the strike window.,"Do not infer causation from temporal order, count ENTRY/RECORD as success, or generalize beyond the selected episode.",no,research_only,not_frontend_ready,no,ai_seeded,Civilian cargo disruption is a separate outcome and must not be rewritten as cancellation of the military visit.
W2C-OUT115,USF-W2C-ENTRY13-2026-08-22,TE12,TE12,石垣港罢工,workplace_port_power,Ishigaki,PROJECT_BUDGET,not_demonstrated_in_reviewed_record,The reviewed record does not establish this project-axis change; this is not proof that no change occurred.,project_x_decision,W2C2-SR020;W2C2-SR021;W2C2-SR025,S287;S288,See source_receipts_v1.csv; row-specific locators remain source-bound.,candidate_event_pending,no_civic_attribution_to_military_visit_change,The reviewed record does not establish this project-axis change; this is not proof that no change occurred.,"Do not infer causation from temporal order, count ENTRY/RECORD as success, or generalize beyond the selected episode.",no,research_only,not_frontend_ready,no,ai_seeded,Civilian cargo disruption is a separate outcome and must not be rewritten as cancellation of the military visit.
W2C-OUT116,USF-W2C-ENTRY13-2026-08-22,TE12,TE12,石垣港罢工,workplace_port_power,Ishigaki,PROJECT_AUTHORITY,not_demonstrated_in_reviewed_record,The reviewed record does not establish this project-axis change; this is not proof that no change occurred.,project_x_decision,W2C2-SR020;W2C2-SR021;W2C2-SR025,S287;S288,See source_receipts_v1.csv; row-specific locators remain source-bound.,candidate_event_pending,no_civic_attribution_to_military_visit_change,The reviewed record does not establish this project-axis change; this is not proof that no change occurred.,"Do not infer causation from temporal order, count ENTRY/RECORD as success, or generalize beyond the selected episode.",no,research_only,not_frontend_ready,no,ai_seeded,Civilian cargo disruption is a separate outcome and must not be rewritten as cancellation of the military visit.
W2C-OUT117,USF-W2C-ENTRY13-2026-08-22,TE12,TE12,石垣港罢工,workplace_port_power,Ishigaki,ATTRIBUTION,no_civic_attribution_to_military_visit_change,Attribution is coded independently from chronology and project change; current unit status is no_civic_attribution_to_military_visit_change.,project_x_decision,W2C2-SR020;W2C2-SR021;W2C2-SR025,S287;S288,See source_receipts_v1.csv; row-specific locators remain source-bound.,candidate_event_pending,no_civic_attribution_to_military_visit_change,Attribution is coded independently from chronology and project change; current unit status is no_civic_attribution_to_military_visit_change.,"Do not infer causation from temporal order, count ENTRY/RECORD as success, or generalize beyond the selected episode.",no,research_only,not_frontend_ready,no,ai_seeded,Civilian cargo disruption is a separate outcome and must not be rewritten as cancellation of the military visit.
W2C-OUT118,USF-W2C-ENTRY13-2026-08-22,TE13,TE13,新妇人县本部公投动员,membership_signature_mobilization,Okinawa Prefecture,ENTRY,candidate_participation_not_independent_venue_entry,"The source documents a dated signature-mobilization action, not an independent institutional entry by A115.",action_x_venue,W2C2-SR022,S283,See source_receipts_v1.csv; row-specific locators remain source-bound.,candidate_event_pending,not_applicable_participation_only,"The source documents a dated signature-mobilization action, not an independent institutional entry by A115.","Do not infer causation from temporal order, count ENTRY/RECORD as success, or generalize beyond the selected episode.",yes,research_only,not_frontend_ready,no,ai_seeded,"Do not attribute all 92,848 signatures, the ordinance or the referendum outcome to A115."
W2C-OUT119,USF-W2C-ENTRY13-2026-08-22,TE13,TE13,新妇人县本部公投动员,membership_signature_mobilization,Okinawa Prefecture,RECORD,candidate_action_record_only,Only the participation channel is observable in this row.,action_x_venue,W2C2-SR022,S283,See source_receipts_v1.csv; row-specific locators remain source-bound.,candidate_event_pending,not_applicable_participation_only,Only the participation channel is observable in this row.,"Do not infer causation from temporal order, count ENTRY/RECORD as success, or generalize beyond the selected episode.",yes,research_only,not_frontend_ready,no,ai_seeded,"Do not attribute all 92,848 signatures, the ordinance or the referendum outcome to A115."
W2C-OUT120,USF-W2C-ENTRY13-2026-08-22,TE13,TE13,新妇人县本部公投动员,membership_signature_mobilization,Okinawa Prefecture,RELIEF,not_applicable_participation,No actor-specific relief can be assigned.,action_x_venue,W2C2-SR022,S283,See source_receipts_v1.csv; row-specific locators remain source-bound.,candidate_event_pending,not_applicable_participation_only,No actor-specific relief can be assigned.,"Do not infer causation from temporal order, count ENTRY/RECORD as success, or generalize beyond the selected episode.",no,research_only,not_frontend_ready,no,ai_seeded,"Do not attribute all 92,848 signatures, the ordinance or the referendum outcome to A115."
W2C-OUT121,USF-W2C-ENTRY13-2026-08-22,TE13,TE13,新妇人县本部公投动员,membership_signature_mobilization,Okinawa Prefecture,PROJECT_SCOPE,not_demonstrated_in_reviewed_record,The reviewed record does not establish this project-axis change; this is not proof that no change occurred.,project_x_decision,W2C2-SR022,S283,See source_receipts_v1.csv; row-specific locators remain source-bound.,candidate_event_pending,not_applicable_participation_only,The reviewed record does not establish this project-axis change; this is not proof that no change occurred.,"Do not infer causation from temporal order, count ENTRY/RECORD as success, or generalize beyond the selected episode.",no,research_only,not_frontend_ready,no,ai_seeded,"Do not attribute all 92,848 signatures, the ordinance or the referendum outcome to A115."
W2C-OUT122,USF-W2C-ENTRY13-2026-08-22,TE13,TE13,新妇人县本部公投动员,membership_signature_mobilization,Okinawa Prefecture,PROJECT_LOCATION,not_demonstrated_in_reviewed_record,The reviewed record does not establish this project-axis change; this is not proof that no change occurred.,project_x_decision,W2C2-SR022,S283,See source_receipts_v1.csv; row-specific locators remain source-bound.,candidate_event_pending,not_applicable_participation_only,The reviewed record does not establish this project-axis change; this is not proof that no change occurred.,"Do not infer causation from temporal order, count ENTRY/RECORD as success, or generalize beyond the selected episode.",no,research_only,not_frontend_ready,no,ai_seeded,"Do not attribute all 92,848 signatures, the ordinance or the referendum outcome to A115."
W2C-OUT123,USF-W2C-ENTRY13-2026-08-22,TE13,TE13,新妇人县本部公投动员,membership_signature_mobilization,Okinawa Prefecture,PROJECT_TIMING,not_demonstrated_in_reviewed_record,The reviewed record does not establish this project-axis change; this is not proof that no change occurred.,project_x_decision,W2C2-SR022,S283,See source_receipts_v1.csv; row-specific locators remain source-bound.,candidate_event_pending,not_applicable_participation_only,The reviewed record does not establish this project-axis change; this is not proof that no change occurred.,"Do not infer causation from temporal order, count ENTRY/RECORD as success, or generalize beyond the selected episode.",no,research_only,not_frontend_ready,no,ai_seeded,"Do not attribute all 92,848 signatures, the ordinance or the referendum outcome to A115."
W2C-OUT124,USF-W2C-ENTRY13-2026-08-22,TE13,TE13,新妇人县本部公投动员,membership_signature_mobilization,Okinawa Prefecture,PROJECT_BUDGET,not_demonstrated_in_reviewed_record,The reviewed record does not establish this project-axis change; this is not proof that no change occurred.,project_x_decision,W2C2-SR022,S283,See source_receipts_v1.csv; row-specific locators remain source-bound.,candidate_event_pending,not_applicable_participation_only,The reviewed record does not establish this project-axis change; this is not proof that no change occurred.,"Do not infer causation from temporal order, count ENTRY/RECORD as success, or generalize beyond the selected episode.",no,research_only,not_frontend_ready,no,ai_seeded,"Do not attribute all 92,848 signatures, the ordinance or the referendum outcome to A115."
W2C-OUT125,USF-W2C-ENTRY13-2026-08-22,TE13,TE13,新妇人县本部公投动员,membership_signature_mobilization,Okinawa Prefecture,PROJECT_AUTHORITY,not_demonstrated_in_reviewed_record,The reviewed record does not establish this project-axis change; this is not proof that no change occurred.,project_x_decision,W2C2-SR022,S283,See source_receipts_v1.csv; row-specific locators remain source-bound.,candidate_event_pending,not_applicable_participation_only,The reviewed record does not establish this project-axis change; this is not proof that no change occurred.,"Do not infer causation from temporal order, count ENTRY/RECORD as success, or generalize beyond the selected episode.",no,research_only,not_frontend_ready,no,ai_seeded,"Do not attribute all 92,848 signatures, the ordinance or the referendum outcome to A115."
W2C-OUT126,USF-W2C-ENTRY13-2026-08-22,TE13,TE13,新妇人县本部公投动员,membership_signature_mobilization,Okinawa Prefecture,ATTRIBUTION,not_applicable_participation_only,Attribution is coded independently from chronology and project change; current unit status is not_applicable_participation_only.,project_x_decision,W2C2-SR022,S283,See source_receipts_v1.csv; row-specific locators remain source-bound.,candidate_event_pending,not_applicable_participation_only,Attribution is coded independently from chronology and project change; current unit status is not_applicable_participation_only.,"Do not infer causation from temporal order, count ENTRY/RECORD as success, or generalize beyond the selected episode.",no,research_only,not_frontend_ready,no,ai_seeded,"Do not attribute all 92,848 signatures, the ordinance or the referendum outcome to A115."
