edge_id,actor_id,issue_id,issue_label,relation_basis,source_ref,evidence_level,review_status,notes,original_actor_id,human_decision,review_task_id,human_reviewer,review_date,reviewed_fields,scope_status,superseded_by_edge_id,decision_source_report,interpretation_limit,scope_kind,scope_review_status,scope_human_decision,scope_review_task_id,scope_human_reviewer,scope_review_date,scope_reviewed_fields,scope_claim_status,scope_approved_formulation,scope_boundary,scope_decision_source_report,invalidated_source_ref,claim_status,graph_eligibility,review_scope,confirmed_scope,missing_scope,case_id,package_source_keys,approved_formulation
AI001,A001,I004,dugong,OEJP/MMC dugong advocacy,S006;S007;S008,E4,ai_seeded,Core issue.,,,,,,,,,,,,,,,,,,,,,,,,,,,,,,
AI002,A001,I012,international_advocacy,Request to U.S. Marine Mammal Commission,S006;S007;S008,E4,ai_seeded,Transnational advocacy route.,,,,,,,,,,,,,,,,,,,,,,,,,,,,,,
AI003,A001,I003,Henoko,Henoko/Oura Bay focus,S006;S007;S008,E4,ai_seeded,Place issue.,,,,,,,,,,,,,,,,,,,,,,,,,,,,,,
AI004,A002,I004,dugong,Dugong protection campaign and advocacy context,S007;S057;S058;S059,E4,human_revised,HR-001 identity confirmed; do not treat as lawsuit plaintiff.,,,,,,,,,,,,,,,,,,,,,,,,,,,,,,
AI005,A002,I012,international_advocacy,IUCN and international advocacy context,S007;S058,E4,human_revised,HR-001 confirms international advocacy role via SDCC/IUCN; lawsuit link is personnel overlap not plaintiff status.,,,,,,,,,,,,,,,,,,,,,,,,,,,,,,
AI006,A003,I004,dugong,2010 WWF signatory list,S003,E3,needs_second_source,Confirm organization details.,,,,,,,,,,,,,,,,,,,,,,,,,,,,,,
AI007,A003,I005,biodiversity,2010 WWF Henoko habitat statement,S003,E3,needs_second_source,Environmental actor seed.,,,,,,,,,,,,,,,,,,,,,,,,,,,,,,
AI008,A004,I005,biodiversity,2015 NACSJ emergency statement,S004,E4,ai_seeded,National environmental NGO.,,,,,,,,,,,,,,,,,,,,,,,,,,,,,,
AI009,A004,I003,Henoko,Henoko emergency statement,S004,E4,ai_seeded,Issue/place link.,,,,,,,,,,,,,,,,,,,,,,,,,,,,,,
AI010,A005,I004,dugong,2010 WWF statement host,S003,E4,ai_seeded,Statement host.,,,,,,,,,,,,,,,,,,,,,,,,,,,,,,
AI011,A005,I005,biodiversity,2010 WWF statement host,S003,E4,ai_seeded,Environmental frame.,,,,,,,,,,,,,,,,,,,,,,,,,,,,,,
AI012,A006,I005,biodiversity,2010 WWF signatory list,S003,E4,ai_seeded,Environmental NGO.,,,,,,,,,,,,,,,,,,,,,,,,,,,,,,
AI013,A006,I001,anti_base,Henoko base construction opposition statement,S003,E4,ai_seeded,Statement-based.,,,,,,,,,,,,,,,,,,,,,,,,,,,,,,
AI014,A007,I019,peace,Peace Boat Henoko statement,S005,E4,ai_seeded,Peace movement bridge.,,,,,,,,,,,,,,,,,,,,,,,,,,,,,,
AI015,A007,I001,anti_base,Peace Boat Henoko statement,S005,E4,ai_seeded,Statement-based.,,,,,,,,,,,,,,,,,,,,,,,,,,,,,,
AI016,A007,I012,international_advocacy,ピースボート—international_advocacy 仅表示其在 2015 年 3 月 25 日作为国内外 31 个 NGO 紧急共同声明的赞同团体之一，参与边野古议题的跨组织公开倡议。,S005,E4,human_revised,Bridge actor. HR-035 Batch 2 principal-confirmed factual review (HR035-B02-AI016).,,revise,HR035-B02-AI016,project_principal_user,2026-07-20,relation_existence;actor_identity;issue_mapping;source_ref;evidence_level;interpretation_boundary,scope_revised_event_specific,,docs/human_review_return_HR035_batch02_v1.md,一次共同声明参与不生成稳定联盟、成员关系或全部时期定位，也不证明声明造成政策效果。,event_specific,human_revised,revise,HR035-B02-AI016,project_principal_user,2026-07-20,scope_kind;scope_status;scope_approved_formulation;scope_boundary,supported_bounded,ピースボート—international_advocacy 仅表示其在 2015 年 3 月 25 日作为国内外 31 个 NGO 紧急共同声明的赞同团体之一，参与边野古议题的跨组织公开倡议。,一次共同声明参与不生成稳定联盟、成员关系或全部时期定位，也不证明声明造成政策效果。,docs/human_review_return_HR035_batch02_v1.md,,supported_bounded,reviewed_actor_issue,event_specific,S005 是ピースボート官方页面，直接确认其作为赞同团体参与该次边野古紧急共同声明。,当前材料不确认长期 Okinawa project、持续对美传播或其他年份的国际倡议定位。,,,ピースボート—international_advocacy 仅表示其在 2015 年 3 月 25 日作为国内外 31 个 NGO 紧急共同声明的赞同团体之一，参与边野古议题的跨组织公开倡议。
AI017,A008,I019,peace,No-war/international-cooperation NGO network purpose,S065;S066;S067,E4,human_revised,HR-002 confirms peace/no-war as core purpose.,,,,,,,,,,,,,,,,,,,,,,,,,,,,,,
AI018,A008,I001,anti_base,Henoko referendum solidarity statement context,S064,E3,human_revised,"HR-002: anti-base relation is statement/solidarity context, not local core activity or stable alliance.",,,,,,,,,,,,,,,,,,,,,,,,,,,,,,
AI019,A009,I011,legal,Earthjustice dugong litigation explainer,S009,E4,ai_seeded,Legal route.,,,,,,,,,,,,,,,,,,,,,,,,,,,,,,
AI020,A009,I004,dugong,Earthjustice dugong litigation explainer,S009,E4,ai_seeded,Dugong protection.,,,,,,,,,,,,,,,,,,,,,,,,,,,,,,
AI021,A009,I012,international_advocacy,Earthjustice 的 international_advocacy 边只表示其作为冲绳儒艮案原告方 counsel，将边野古／儒艮争议带入美国联邦司法程序。,S009;S128,E4,human_revised,International advocacy actor. HR-035 batch 01 principal-confirmed factual freeze (HR035-B01-AI021).,,revise,HR035-B01-AI021,project_principal_user,2026-07-20,relation_existence;actor_identity;issue_mapping;source_ref;evidence_level;interpretation_boundary,scope_reviewed_institutional_or_case_role,,docs/human_review_return_HR035_batch01_v1.md,counsel 与 plaintiff 严格分开；案件代理不生成稳定联盟，不证明胜诉、停工或项目改变。,institutional_or_case_role,human_checked,accept,HR019-SCOPE-AI021,project_principal_user,2026-07-20,scope_kind;scope_status;scope_approved_formulation;scope_boundary,supported_bounded,Earthjustice 的 international_advocacy 边只表示其作为冲绳儒艮案原告方 counsel，将边野古／儒艮争议带入美国联邦司法程序。,counsel 与 plaintiff 严格分开；案件代理不生成稳定联盟，不证明胜诉、停工或项目改变。,docs/human_review_return_HR019_edge_scope_batch11_v1.md,,supported_bounded,reviewed_actor_issue,institutional_or_case_role,第九巡回法院判决列明 Earthjustice 律师代表原告上诉人；S009 记录其跨境法律倡议。,不确认 Earthjustice 是具名原告，也不确认其全部国际倡议或全部冲绳活动。,,,Earthjustice 的 international_advocacy 边只表示其作为冲绳儒艮案原告方 counsel，将边野古／儒艮争议带入美国联邦司法程序。
AI022,A010,I002,anti_military,Ishigaki anti-base civic group named in local news,S016;S017,E4,ai_seeded,Core Sakishima actor.,,,,,,,,,,,,,,,,,,,,,,,,,,,,,,
AI023,A010,I006,groundwater,Ishigaki construction halt request cites water/ecosystem concerns,S017,E4,ai_seeded,Life-safety/environment frame.,,,,,,,,,,,,,,,,,,,,,,,,,,,,,,
AI024,A010,I009,local_autonomy,Ishigaki public debate/civic mobilization,S016,E3,ai_seeded,Autonomy frame to verify.,,,,,,,scope_reviewed_organizational_positioning,,,A010—local_autonomy；按已批时间／案件／事件边界解释；共同出现不生成联盟，风险主张不升级为已证因果。,organizational_positioning,human_checked,accept,HR019-SCOPE-AI024,project_principal_user,2026-07-20,scope_kind;scope_status;scope_approved_formulation;scope_boundary,supported_bounded,多阶段持续提出住民同意、信息公开、居民说明和地方决策参与；不是 A011 的公投程序角色,A010—local_autonomy；按已批时间／案件／事件边界解释；共同出现不生成联盟，风险主张不升级为已证因果。,docs/human_review_return_HR019_edge_scope_batch15_v1.md,,,,,,,,,
AI025,A011,I010,referendum,石垣市住民投票を求める会是石垣陆自部署住民投票条例签名、直接请求及议会处理过程中的具名请求／推动组织。,S018;S019,E3,human_checked,Referendum actor. HR-035 batch 01 principal-confirmed factual freeze (HR035-B01-AI025).,,accept,HR035-B01-AI025,project_principal_user,2026-07-20,relation_existence;actor_identity;issue_mapping;source_ref;evidence_level;interpretation_boundary,scope_reviewed_institutional_or_case_role,,docs/human_review_return_HR035_batch01_v1.md,requester／campaign body 不等于诉讼 plaintiff；不推断政策因果或稳定联盟。,institutional_or_case_role,human_checked,accept,HR019-SCOPE-AI025,project_principal_user,2026-07-20,scope_kind;scope_status;scope_approved_formulation;scope_boundary,supported_bounded,石垣市住民投票を求める会是石垣陆自部署住民投票条例签名、直接请求及议会处理过程中的具名请求／推动组织。,requester／campaign body 不等于诉讼 plaintiff；不推断政策因果或稳定联盟。,docs/human_review_return_HR019_edge_scope_batch11_v1.md,,supported_bounded,reviewed_actor_issue,institutional_or_case_role,S018、S019 点名该会、代表、签名提交和住民投票条例程序。,不确认该会代表全市多数、实际投票结果、诉讼原告身份或无限期组织定位。,,,石垣市住民投票を求める会是石垣陆自部署住民投票条例签名、直接请求及议会处理过程中的具名请求／推动组织。
AI026,A011,I009,local_autonomy,Resident vote framing,S018;S019,E4,ai_seeded,Local autonomy frame.,,,,,,,,,,,,,,,,,,,,,,,,,,,,,,
AI027,A011,I002,anti_military,A011—anti_military 仅标记该会介入石垣陆自部署这一具体军事设施争议，并以住民投票直接请求推进市民表决。,S018;S019,E3,human_checked,Deployment issue. HR-035 batch 01 principal-confirmed factual freeze (HR035-B01-AI027).,,accept,HR035-B01-AI027,project_principal_user,2026-07-20,relation_existence;actor_identity;issue_mapping;source_ref;evidence_level;interpretation_boundary,scope_reviewed_institutional_or_case_role,,docs/human_review_return_HR035_batch01_v1.md,anti_military 在此是特定部署争议对象标签；与 AI025 属同一程序链，不重复计为独立行动。,institutional_or_case_role,human_checked,accept,HR019-SCOPE-AI027,project_principal_user,2026-07-20,scope_kind;scope_status;scope_approved_formulation;scope_boundary,supported_bounded,A011—anti_military 仅标记该会介入石垣陆自部署这一具体军事设施争议，并以住民投票直接请求推进市民表决。,anti_military 在此是特定部署争议对象标签；与 AI025 属同一程序链，不重复计为独立行动。,docs/human_review_return_HR019_edge_scope_batch11_v1.md,,supported_bounded,reviewed_actor_issue,institutional_or_case_role,S018、S019 明确住民投票对象为平得大俣地区陆上自卫队部署，并点名 A011 的请求／推动角色。,未证明 A011 对所有基地、自卫队或安全政策持一般性、长期反军事立场。,,,A011—anti_military 仅标记该会介入石垣陆自部署这一具体军事设施争议，并以住民投票直接请求推进市民表决。
AI028,A012,I006,groundwater,Miyako water preservation frame,S020,E3,needs_second_source,Exact organization name needs review.,,,,,,,scope_reviewed_event_specific,,,A012—groundwater；按已批时间／案件／事件边界解释；共同出现不生成联盟，风险主张不升级为已证因果。,event_specific,human_checked,accept,HR019-SCOPE-AI028,project_principal_user,2026-07-20,scope_kind;scope_status;scope_approved_formulation;scope_boundary,supported_bounded,只限 2016-06-11 集会执行委员会的水源保护框架；持续 actor 身份未闭合,A012—groundwater；按已批时间／案件／事件边界解释；共同出现不生成联盟，风险主张不升级为已证因果。,docs/human_review_return_HR019_edge_scope_batch15_v1.md,,,,,,,,,
AI029,A012,I002,anti_military,Miyako JSDF deployment opposition,S020,E3,needs_second_source,Confirm continuity.,,,,,,,scope_reviewed_event_specific,,,A012—anti_military；按已批时间／案件／事件边界解释；共同出现不生成联盟，风险主张不升级为已证因果。,event_specific,human_checked,accept,HR019-SCOPE-AI029,project_principal_user,2026-07-20,scope_kind;scope_status;scope_approved_formulation;scope_boundary,supported_bounded,只限同一 6・11 反陆自部署集会／次日抗议安排,A012—anti_military；按已批时间／案件／事件边界解释；共同出现不生成联盟，风险主张不升级为已证因果。,docs/human_review_return_HR019_edge_scope_batch15_v1.md,,,,,,,,,
AI030,A012,I007,life_safety,Water/life-safety frame,S020,E3,needs_second_source,Life safety.,,,,,,,scope_reviewed_event_specific,,,A012—life_safety；按已批时间／案件／事件边界解释；共同出现不生成联盟，风险主张不升级为已证因果。,event_specific,human_checked,accept,HR019-SCOPE-AI030,project_principal_user,2026-07-20,scope_kind;scope_status;scope_approved_formulation;scope_boundary,supported_bounded,只限同一事件把饮用水源、后代生活和部署风险并置；不新增健康因果,A012—life_safety；按已批时间／案件／事件边界解释；共同出现不生成联盟，风险主张不升级为已证因果。,docs/human_review_return_HR019_edge_scope_batch15_v1.md,,,,,,,,,
AI031,A013,I002,anti_military,Miyako anti-missile group,S021,E4,ai_seeded,Core Miyako actor.,,,,,,,,,,,,,,,,,,,,,,,,,,,,,,
AI032,A013,I006,groundwater,Miyako groundwater/water concern,S021,E3,ai_seeded,Source is party news; still actor seed.,,,,,,,scope_reviewed_organizational_positioning,,,A013—groundwater；按已批时间／案件／事件边界解释；共同出现不生成联盟，风险主张不升级为已证因果。,organizational_positioning,human_checked,accept,HR019-SCOPE-AI032,project_principal_user,2026-07-20,scope_kind;scope_status;scope_approved_formulation;scope_boundary,supported_bounded,2018–2020 多期调查、信息开示和抗议持续提出地下水／燃料设施风险,A013—groundwater；按已批时间／案件／事件边界解释；共同出现不生成联盟，风险主张不升级为已证因果。,docs/human_review_return_HR019_edge_scope_batch15_v1.md,,,,,,,,,
AI033,A013,I007,life_safety,Missile/base life-safety concern,S021,E3,ai_seeded,Needs local follow-up.,,,,,,,scope_reviewed_organizational_positioning,,,A013—life_safety；按已批时间／案件／事件边界解释；共同出现不生成联盟，风险主张不升级为已证因果。,organizational_positioning,human_checked,accept,HR019-SCOPE-AI033,project_principal_user,2026-07-20,scope_kind;scope_status;scope_approved_formulation;scope_boundary,supported_bounded,2020–2025 重复提出弹药库、运输、交通、说明和居民日常安全要求,A013—life_safety；按已批时间／案件／事件边界解释；共同出现不生成联盟，风险主张不升级为已证因果。,docs/human_review_return_HR019_edge_scope_batch15_v1.md,,,,,,,,,
AI034,A014,I002,anti_military,Yonaguni anti-deployment referendum committee lead,S069;S010;S070,E2,needs_local_retrieval,HR-003: replaces unsupported 与那国改革会議 seed; exact committee name and continuity need local confirmation.,,,,,,,scope_reviewed_event_specific,,,A014—anti_military；按已批时间／案件／事件边界解释；共同出现不生成联盟，风险主张不升级为已证因果。,event_specific,human_checked,accept,HR019-SCOPE-AI034,project_principal_user,2026-07-20,scope_kind;scope_status;scope_approved_formulation;scope_boundary,supported_bounded,只限 2015 与那国部署公投前总决起集会／投票事件链；身份和连续性仍需当地材料,A014—anti_military；按已批时间／案件／事件边界解释；共同出现不生成联盟，风险主张不升级为已证因果。,docs/human_review_return_HR019_edge_scope_batch18_v1.md,,,,,,,,,
AI035,A014,I009,local_autonomy,Yonaguni referendum/direct-request and vote-process concerns,S069;S010;S071,E2,needs_local_retrieval,HR-003: local autonomy relation retained as referendum committee lead; needs local/primary confirmation.,,,,,,,,,,,,,,,,,,,,,,,,,,,,,,
AI036,A015,I002,anti_military,Anti-deployment opinion-ad committee,S015,E2,needs_local_retrieval,HR-003: S015 confirms name but is single party-media source; needs Yaeyama local cross-check.,,,,,,,scope_reviewed_event_specific,,,A015—anti_military；按已批时间／案件／事件边界解释；共同出现不生成联盟，风险主张不升级为已证因果。,event_specific,human_checked,accept,HR019-SCOPE-AI036,project_principal_user,2026-07-20,scope_kind;scope_status;scope_approved_formulation;scope_boundary,supported_bounded,只限 2012 与那国反部署意见广告征集／刊登行动；保持 E2,A015—anti_military；按已批时间／案件／事件边界解释；共同出现不生成联盟，风险主张不升级为已证因果。,docs/human_review_return_HR019_edge_scope_batch18_v1.md,,,,,,,,,
AI037,A015,I009,local_autonomy,Public opinion/ad action and referendum solidarity,S015,E2,needs_local_retrieval,HR-003: local-autonomy relation is indirect through referendum/public-opinion action; needs local confirmation.,,,,,,,,,,,,,,,,,,,,,,,,,,,,,,
AI038,A016,I008,health_risk,Yonaguni health/life-safety concerns around deployment and exercises,,E3,needs_second_source,HR-003: organization/activity cross-supported; founding/representatives still need local retrieval.,,defer,HR019-SCOPE-AI038,project_principal_user,2026-07-20,issue_relation_support;source_ref;scope_status;interpretation_limit,deactivated_until_direct_evidence,,,A016—health_risk；按已批时间／案件／事件边界解释；共同出现不生成联盟，风险主张不升级为已证因果。,remain_unclear,human_checked,accept,HR019-SCOPE-AI038,project_principal_user,2026-07-20,scope_kind;scope_status;scope_approved_formulation;scope_boundary,candidate,当前三份 source ref 均不能支持 I008；建议从可发布层停用，等待直接健康／暴露材料,A016—health_risk；按已批时间／案件／事件边界解释；共同出现不生成联盟，风险主张不升级为已证因果。,docs/human_review_return_HR019_edge_scope_batch15_v1.md,S011;S052;S068,unsupported,excluded,relation_existence;interpretation_boundary,"Adjacent organizational, procedural or institutional context may be documented; the exact actor-issue mapping is not confirmed.",Direct evidence attributable to this exact actor unit and issue definition.,,,
AI039,A016,I002,anti_military,Yonaguni deployment and joint-exercise concerns,S052;S068,E3,human_checked,HR-003: active civic opposition to deployment/exercises confirmed by blog and local news.,,,,,,,scope_reviewed_organizational_positioning,,,A016—anti_military；按已批时间／案件／事件边界解释；共同出现不生成联盟，风险主张不升级为已证因果。,organizational_positioning,human_checked,accept,HR019-SCOPE-AI039,project_principal_user,2026-07-20,scope_kind;scope_status;scope_approved_formulation;scope_boundary,supported_bounded,2011 年以来博客及 2024 行动支持持续反部署／反演习定位,A016—anti_military；按已批时间／案件／事件边界解释；共同出现不生成联盟，风险主张不升级为已证因果。,docs/human_review_return_HR019_edge_scope_batch15_v1.md,,,,,,,,,
AI040,A017,I018,Taiwan_contingency,沖縄対話プロジェクト—Taiwan_contingency 表示其官方设立宗旨把防止“台湾有事／南西諸岛有事”和避免冲绳再次成为战场作为对话项目的核心问题框架。,S022,E4,human_checked,Recent security environment frame. HR-035 Batch 2 principal-confirmed factual review (HR035-B02-AI040).,,accept,HR035-B02-AI040,project_principal_user,2026-07-20,relation_existence;actor_identity;issue_mapping;source_ref;evidence_level;interpretation_boundary,scope_reviewed_organizational_positioning,,docs/human_review_return_HR035_batch02_v1.md,记录的是组织公开问题框架与预防性目的；风险判断不得升级为已发生事实或已证政策效果。,organizational_positioning,human_checked,accept,HR019-SCOPE-AI040,project_principal_user,2026-07-20,scope_kind;scope_status;scope_approved_formulation;scope_boundary,supported_bounded,台湾有事是其持续对话／前线化预防框架的一部分,A017 沖縄対話プロジェクト—Taiwan_contingency；按已批时间／案件／事件边界解释；共同出现不生成联盟，风险主张不升级为已证因果。,docs/human_review_return_HR019_edge_scope_batch11_v1.md,,supported_bounded,reviewed_actor_issue,organizational_positioning,S022 官方页面直接说明项目目的、发起背景、2022–2023 对话计划及台湾、冲绳前线化风险框架。,不确认项目代表全部冲绳市民，也不确认对话已改变政府政策、地区安全环境或冲突风险。,,,沖縄対話プロジェクト—Taiwan_contingency 表示其官方设立宗旨把防止“台湾有事／南西諸岛有事”和避免冲绳再次成为战场作为对话项目的核心问题框架。
AI041,A017,I017,frontline_prevention,Okinawa dialogue anti-war/frontline framing,S022,E4,ai_seeded,Recent frontline-prevention frame.,,,,,,,,,,,,,,,,,,,,,,,,,,,,,,
AI042,A017,I019,peace,沖縄対話プロジェクト—peace 表示其以跨越政治立场的市民对话、防止战争及推动和平国际社会为公开项目目的。,S022,E4,human_checked,Peace/anti-war. HR-035 Batch 2 principal-confirmed factual review (HR035-B02-AI042).,,accept,HR035-B02-AI042,project_principal_user,2026-07-20,relation_existence;actor_identity;issue_mapping;source_ref;evidence_level;interpretation_boundary,scope_reviewed_organizational_positioning,,docs/human_review_return_HR035_batch02_v1.md,项目目的与活动计划不等于效果评估；与台湾、中国、美国市民对话的计划不自动生成组织间关系边。,organizational_positioning,human_checked,accept,HR019-SCOPE-AI042,project_principal_user,2026-07-20,scope_kind;scope_status;scope_approved_formulation;scope_boundary,supported_bounded,和平／冲突预防是组织目的；不表示活动已产生和平政策效果,A017—peace；按已批时间／案件／事件边界解释；共同出现不生成联盟，风险主张不升级为已证因果。,docs/human_review_return_HR019_edge_scope_batch11_v1.md,,supported_bounded,reviewed_actor_issue,organizational_positioning,S022 官方页面明确写明战争与对话中断的关系、跨境市民对话计划及防止沖縄再成战场的项目目的。,不确认活动已产生和平政策效果、化解国家间冲突或形成稳定跨国组织联盟。,,,沖縄対話プロジェクト—peace 表示其以跨越政治立场的市民对话、防止战争及推动和平国际社会为公开项目目的。
AI043,A018,I017,frontline_prevention,No More Okinawa War public framing,S023;S024,E4,ai_seeded,Recent anti-frontline actor.,,,,,,,,,,,,,,,,,,,,,,,,,,,,,,
AI044,A018,I018,Taiwan_contingency,ノーモア沖縄戦 命どぅ宝の会—Taiwan_contingency 表示该会在 2021 年成立及 2022 年发足集会语境中，公开反对以“台湾有事”为前提使南西诸岛成为攻击据点。,S023,E4,human_revised,Current issue. HR-035 Batch 2 principal-confirmed factual review (HR035-B02-AI044).,,revise,HR035-B02-AI044,project_principal_user,2026-07-20,relation_existence;actor_identity;issue_mapping;source_ref;evidence_level;interpretation_boundary,scope_reviewed_organizational_positioning,,docs/human_review_return_HR035_batch02_v1.md,以第三方新闻直接归因的成立期组织主张为限；不把 S024 的沖縄対話プロジェクト内容转嫁给 A018，不推断政策效果或联盟。,organizational_positioning,human_checked,accept,HR019-SCOPE-AI044,project_principal_user,2026-07-20,scope_kind;scope_status;scope_approved_formulation;scope_boundary,supported_bounded,组织成立以来的持续框架；S024 错位，须改用 S023＋组织官网,A018 ノーモア沖縄戦 命どぅ宝の会—Taiwan_contingency；按已批时间／案件／事件边界解释；共同出现不生成联盟，风险主张不升级为已证因果。,docs/human_review_return_HR019_edge_scope_batch11_v1.md,S024,supported_bounded,reviewed_actor_issue,organizational_positioning,S023 点名该会并直接转述其成立目的、共同代表和反对台湾有事想定下南西诸岛攻击据点化的公开主张。,不确认 S023 所述成立期之后全部年份的持续活动，也没有组织自有官网材料闭合长期连续性。,,,ノーモア沖縄戦 命どぅ宝の会—Taiwan_contingency 表示该会在 2021 年成立及 2022 年发足集会语境中，公开反对以“台湾有事”为前提使南西诸岛成为攻击据点。
AI045,A018,I019,peace,Anti-war framing,S023,E4,ai_seeded,Peace/anti-war.,,,,,,,,,,,,,,,,,,,,,,,,,,,,,,
AI046,A019,I001,anti_base,Henoko on-site sit-in and maritime action,S049;S008,E4,human_checked,HR-004: official site supports direct action; joint statements are not stable alliance evidence.,,,,,,,,,,,,,,,,,,,,,,,,,,,,,,
AI047,A019,I003,Henoko,Henoko/Nago anti-heliport and on-site action,S049;S050;S008,E4,human_checked,HR-004: official site and structured secondary source support Henoko core role.,,,,,,,,,,,,,,,,,,,,,,,,,,,,,,
AI048,A020,I011,legal,JELF 的 legal 边按案件分列：冲绳儒艮案为具名组织原告／上诉人；泡濑公金支出诉讼仅为 supporter／正式材料承载者。,S061;S128;S142,E4,human_revised,Legal channel. HR-035 batch 01 principal-confirmed factual freeze (HR035-B01-AI048).,,revise,HR035-B01-AI048,project_principal_user,2026-07-20,relation_existence;actor_identity;issue_mapping;source_ref;evidence_level;interpretation_boundary,scope_reviewed_institutional_or_case_role,,docs/human_review_return_HR035_batch01_v1.md,逐案固定角色；原告、律师、supporter／host 严格分开；不推断稳定联盟或统一胜败。,institutional_or_case_role,human_checked,accept,HR019-SCOPE-AI048,project_principal_user,2026-07-20,scope_kind;scope_status;scope_approved_formulation;scope_boundary,supported_bounded,JELF 的 legal 边按案件分列：冲绳儒艮案为具名组织原告／上诉人；泡濑公金支出诉讼仅为 supporter／正式材料承载者。,逐案固定角色；原告、律师、supporter／host 严格分开；不推断稳定联盟或统一胜败。,docs/human_review_return_HR019_edge_scope_batch11_v1.md,,supported_bounded,reviewed_actor_issue,institutional_or_case_role,S061、S128 支持儒艮案 plaintiff／appellant；S142 及 HR-014 角色表支持泡濑 supporter／host。,不确认 JELF 在泡濑案是具名 plaintiff 或 counsel，也不把律师组织身份自动转移到其他案件。,,,JELF 的 legal 边按案件分列：冲绳儒艮案为具名组织原告／上诉人；泡濑公金支出诉讼仅为 supporter／正式材料承载者。
AI049,A020,I005,biodiversity,JELF—biodiversity 仅表示其作为 2020 年 OEJP／MMC 冲绳儒艮请求与公民社会报告的公开参与者。,S006;S007,E4,human_checked,Environmental law. HR-035 batch 01 principal-confirmed factual freeze (HR035-B01-AI049).,,accept,HR035-B01-AI049,project_principal_user,2026-07-20,relation_existence;actor_identity;issue_mapping;source_ref;evidence_level;interpretation_boundary,scope_reviewed_event_specific,,docs/human_review_return_HR035_batch01_v1.md,一次共同请求／报告参与不生成稳定联盟、成员关系、持续协调或影响效果。,event_specific,human_checked,accept,HR019-SCOPE-AI049,project_principal_user,2026-07-20,scope_kind;scope_status;scope_approved_formulation;scope_boundary,supported_bounded,JELF—biodiversity 仅表示其作为 2020 年 OEJP／MMC 冲绳儒艮请求与公民社会报告的公开参与者。,一次共同请求／报告参与不生成稳定联盟、成员关系、持续协调或影响效果。,docs/human_review_return_HR019_edge_scope_batch11_v1.md,,supported_bounded,reviewed_actor_issue,event_specific,S006 的 71 团体请求／报告名单及 S007 的事件叙述闭合 JELF 在该次生物多样性／儒艮语境中的参与。,不支持 JELF 的一般、长期 biodiversity 组织定位，也不证明其参与所有相关活动。,,,JELF—biodiversity 仅表示其作为 2020 年 OEJP／MMC 冲绳儒艮请求与公民社会报告的公开参与者。
AI050,A020,I004,dugong,JELF—dugong 包含两条分开的具名事实：冲绳儒艮案组织原告／上诉人角色，以及 2020 年 MMC 儒艮请求／报告参与。,S061;S128;S006;S007,E4,human_revised,Dugong issue. HR-035 batch 01 principal-confirmed factual freeze (HR035-B01-AI050).,,revise,HR035-B01-AI050,project_principal_user,2026-07-20,relation_existence;actor_identity;issue_mapping;source_ref;evidence_level;interpretation_boundary,scope_reviewed_institutional_or_case_role,,docs/human_review_return_HR035_batch01_v1.md,诉讼与共同请求分开记录；共同出现不等于稳定联盟，案件结果不等于工程停止。,institutional_or_case_role,human_checked,accept,HR019-SCOPE-AI050,project_principal_user,2026-07-20,scope_kind;scope_status;scope_approved_formulation;scope_boundary,supported_bounded,JELF—dugong 包含两条分开的具名事实：冲绳儒艮案组织原告／上诉人角色，以及 2020 年 MMC 儒艮请求／报告参与。,诉讼与共同请求分开记录；共同出现不等于稳定联盟，案件结果不等于工程停止。,docs/human_review_return_HR019_edge_scope_batch11_v1.md,,supported_bounded,reviewed_actor_issue,institutional_or_case_role,S061、S128 支持诉讼 plaintiff／appellant；S006、S007 支持 2020 MMC 事件参与。,不确认两次行动之间存在持续协调、同一联盟或其他年份的连续活动。,,,JELF—dugong 包含两条分开的具名事实：冲绳儒艮案组织原告／上诉人角色，以及 2020 年 MMC 儒艮请求／报告参与。
AI051,X001,I014,military_family_service,USO Okinawa service role,X001,E3,ai_seeded,Service actor; not movement stance.,,,,,,,,,,,,,,,,,,,,,,,,,,,,,,
AI052,X001,I016,base_community_welfare,USO Okinawa sponsor/service network,X001,E3,ai_seeded,Service/welfare ecology.,,,,,,,,,,,,,,,,,,,,,,,,,,,,,,
AI053,X002,I016,base_community_welfare,Donation to USO Okinawa,X002,E4,ai_seeded,Sponsor/donor actor.,,,,,,,,,,,,,,,,,,,,,,,,,,,,,,
AI054,X003,I016,base_community_welfare,Listed USO sponsor,X003,E3,ai_seeded,Amount/year needs check.,,,,,,,,,,,,,,,,,,,,,,,,,,,,,,
AI055,X004,I014,military_family_service,AWWA spouse-club umbrella network,S041;S055;S072,E4,human_checked,HR-005 confirms umbrella/member structure; not evidence of specific recipients.,,,,,,,,,,,,,,,,,,,,,,,,,,,,,,
AI056,X004,I016,base_community_welfare,AWWA grantmaking/welfare network,S041;S055;S077;S078,E3,human_checked,HR-005 confirms general welfare grantmaking; annual named recipient lists still need Form 990/records.,,,,,,,scope_reviewed_organizational_positioning,,,X004—base_community_welfare；按已批时间／案件／事件边界解释；共同出现不生成联盟，风险主张不升级为已证因果。,organizational_positioning,human_checked,accept,HR019-SCOPE-AI056,project_principal_user,2026-07-20,scope_kind;scope_status;scope_approved_formulation;scope_boundary,supported_bounded,福利／慈善申请审查与支持是持续功能；不产生政治立场或未证 recipient 边,X004—base_community_welfare；按已批时间／案件／事件边界解释；共同出现不生成联盟，风险主张不升级为已证因果。,docs/human_review_return_HR019_edge_scope_batch15_v1.md,,,,,,,,,
AI057,X005,I014,military_family_service,NOSCO spouse club / AWWA member relation,S055,E4,human_checked,HR-005 confirms NOSCO identity and AWWA membership; recipient records still need follow-up.,,,,,,,scope_reviewed_organizational_positioning,,,X005 NOSCO—military_family_service；按已批时间／案件／事件边界解释；共同出现不生成联盟，风险主张不升级为已证因果。,organizational_positioning,human_checked,accept,HR019-SCOPE-AI057,project_principal_user,2026-07-20,scope_kind;scope_status;scope_approved_formulation;scope_boundary,supported_bounded,军属配偶俱乐部的持续服务／慈善功能；AWWA membership 是组织 affiliation，不是政治立场,X005 NOSCO—military_family_service；按已批时间／案件／事件边界解释；共同出现不生成联盟，风险主张不升级为已证因果。,docs/human_review_return_HR019_edge_scope_batch12_v1.md,,,,,,,,,
AI058,X006,I014,military_family_service,KOSC spouse club and Kadena Gift Corner charity role,S075;S076,E4,human_checked,HR-005 confirms KOSC identity and tax record.,,,,,,,,,,,,,,,,,,,,,,,,,,,,,,
AI059,X007,I014,military_family_service,OESC spouse club/thrift shop and nonprofit record,S053;S054,E4,human_checked,HR-005 confirms OESC 501c3 and named USO donation.,,,,,,,,,,,,,,,,,,,,,,,,,,,,,,
AI060,X008,I014,military_family_service,Red Cross Okinawa volunteer/service role,X008,E4,ai_seeded,Service node.,,,,,,,,,,,,,,,,,,,,,,,,,,,,,,
AI061,X009,I014,military_family_service,NMCRS emergency assistance role,X009,E4,ai_seeded,Service node.,,,,,,,,,,,,,,,,,,,,,,,,,,,,,,
AI062,X010,I015,international_cooperation,MOFA NGO consultant/JICA relation,X010;X011,E4,ai_seeded,Institutional relation.,,,,,,,,,,,,,,,,,,,,,,,,,,,,,,
AI063,X010,I013,public_diplomacy,International cooperation/development education adjacent,,E3,needs_second_source,Use cautiously.,,defer,HR019-SCOPE-AI063,project_principal_user,2026-07-20,issue_relation_support;source_ref;scope_status;interpretation_limit,deactivated_until_taxonomy_revision_or_direct_evidence,,,X010—public_diplomacy；按已批时间／案件／事件边界解释；共同出现不生成联盟，风险主张不升级为已证因果。,remain_unclear,human_checked,accept,HR019-SCOPE-AI063,project_principal_user,2026-07-20,scope_kind;scope_status;scope_approved_formulation;scope_boundary,candidate,ONC 的正式角色属于国际合作／开发教育和行政协作；当前 I013 定义不宜被“相邻性”扩张，AI062 已承载准确的 I015 角色,X010—public_diplomacy；按已批时间／案件／事件边界解释；共同出现不生成联盟，风险主张不升级为已证因果。,docs/human_review_return_HR019_edge_scope_batch16_v1.md,X010;X011,unsupported,excluded,relation_existence;interpretation_boundary,"Adjacent organizational, procedural or institutional context may be documented; the exact actor-issue mapping is not confirmed.",Direct evidence attributable to this exact actor unit and issue definition.,,,
AI064,X011,I015,international_cooperation,JICA Okinawa institutional role,X011,E4,ai_seeded,Institutional node.,,,,,,,,,,,,,,,,,,,,,,,,,,,,,,
AI065,X012,I013,public_diplomacy,TOMODACHI public-private partnership,X012,E4,ai_seeded,Okinawa-specific link not yet confirmed.,,,,,,,,,,,,,,,,,,,,,,,,,,,,,,
AI066,X013,I013,public_diplomacy,Okinawa Youth Council grant opportunity,X013,E3,needs_local_retrieval,Opportunity only; recipient unknown.,,,,,,,,,,,,,,,,,,,,,,,,,,,,,,
AI067,X014,I013,public_diplomacy,NED watchlist / democracy funding context,,E2,rejected,No Okinawa recipient confirmed.,,reject,HR019-SCOPE-AI067,project_principal_user,2026-07-20,issue_relation_support;source_ref;scope_status;interpretation_limit,retired_external_watchlist_only,,,X014—public_diplomacy；按已批时间／案件／事件边界解释；共同出现不生成联盟，风险主张不升级为已证因果。,remain_unclear,human_checked,accept,HR019-SCOPE-AI067,project_principal_user,2026-07-20,scope_kind;scope_status;scope_approved_formulation;scope_boundary,candidate,issue 定义不匹配且无冲绳项目连接；从默认可发布／制图层退役，NED 只保留外部 watchlist,X014—public_diplomacy；按已批时间／案件／事件边界解释；共同出现不生成联盟，风险主张不升级为已证因果。,docs/human_review_return_HR019_edge_scope_batch18_v1.md,X014,unsupported,excluded,relation_existence;interpretation_boundary,"Adjacent organizational, procedural or institutional context may be documented; the exact actor-issue mapping is not confirmed.",Direct evidence attributable to this exact actor unit and issue definition.,,,
AI068,X015,I015,international_cooperation,Peace Winds Japan USAID method sample,X015,E4,ai_seeded,No Okinawa issue link confirmed. 项目负责人确认：HR-019只批准了默认叙事排除等 scope 处理，actor—issue claim 本身没有逐行人审决定；review_status 仍归 ai_seeded，并继续排除于默认冲绳叙事。,,revise,HR034-AI-001,project_principal_user,2026-07-20,review_status,event_specific_excluded_from_default_okinawa_narrative,,docs/human_review_return_remaining_online_145_v1.md,X015 Peace Winds Japan—international_cooperation；按已批时间／案件／事件边界解释；共同出现不生成联盟，风险主张不升级为已证因果。,event_specific,human_checked,accept,HR019-SCOPE-AI068,project_principal_user,2026-07-20,scope_kind;scope_status;scope_approved_formulation;scope_boundary,supported_bounded,当前 edge 只由 2018 年西日本／北海道 USAID 灾害救援样本支持；与先岛活动和冲绳资金无关,X015 Peace Winds Japan—international_cooperation；按已批时间／案件／事件边界解释；共同出现不生成联盟，风险主张不升级为已证因果。,docs/human_review_return_HR019_edge_scope_batch12_v1.md,,,excluded,,,,,,
AI069,A021,I005,biodiversity,2015 NACSJ emergency statement signatory,S004,E4,ai_seeded,Signatory seed.,,,,,,,,,,,,,,,,,,,,,,,,,,,,,,
AI070,A021,I001,anti_base,Statement opposes Henoko base construction,S004,E4,ai_seeded,Signatory relation; not stable alliance.,,,,,,,,,,,,,,,,,,,,,,,,,,,,,,
AI071,A022,I005,biodiversity,2015 NACSJ emergency statement signatory,S004,E4,ai_seeded,Signatory seed.,,,,,,,,,,,,,,,,,,,,,,,,,,,,,,
AI072,A022,I001,anti_base,Statement opposes Henoko base construction,S004,E4,ai_seeded,Signatory relation.,,,,,,,,,,,,,,,,,,,,,,,,,,,,,,
AI073,A023,I001,anti_base,2015 NACSJ signatory local civic group,S004,E4,ai_seeded,Needs local follow-up.,,,,,,,,,,,,,,,,,,,,,,,,,,,,,,
AI074,A023,I005,biodiversity,Name/framing links sea/Yanbaru protection,S004,E3,needs_second_source,Infer from signatory context.,,,,,,,,,,,,,,,,,,,,,,,,,,,,,,
AI075,A024,I001,anti_base,2015 NACSJ signatory,S004,E4,ai_seeded,Henoko mobilization seed.,,,,,,,,,,,,,,,,,,,,,,,,,,,,,,
AI076,A024,I003,Henoko,Name and statement context,S004,E4,ai_seeded,Place issue.,,,,,,,,,,,,,,,,,,,,,,,,,,,,,,
AI077,A025,I001,anti_base,2015 NACSJ signatory,S004,E4,ai_seeded,Anti-base executive committee.,,,,,,,,,,,,,,,,,,,,,,,,,,,,,,
AI078,A025,I003,Henoko,Name and statement context,S004,E4,ai_seeded,Place issue.,,,,,,,,,,,,,,,,,,,,,,,,,,,,,,
AI079,A026,I019,peace,2015 NACSJ signatory / peace news,S004,E3,needs_second_source,Actor type unclear.,,,,,,,,,,,,,,,,,,,,,,,,,,,,,,
AI080,A027,I005,biodiversity,2015 NACSJ signatory / public works reform frame,S004,E4,ai_seeded,Environment/public works critique.,,,,,,,,,,,,,,,,,,,,,,,,,,,,,,
AI081,A027,I001,anti_base,Statement opposes Henoko base construction,S004,E4,ai_seeded,Signatory relation.,,,,,,,,,,,,,,,,,,,,,,,,,,,,,,
AI082,A028,I012,international_advocacy,Japan-U.S. citizen network signatory,S004,E4,ai_seeded,International/cross-border actor.,,,,,,,,,,,,,,,,,,,,,,,,,,,,,,
AI083,A028,I001,anti_base,Statement opposes Henoko base construction,S004,E4,ai_seeded,Signatory relation.,,,,,,,,,,,,,,,,,,,,,,,,,,,,,,
AI084,A029,I005,biodiversity,Okinawa biodiversity citizen network signatory,S004,E4,ai_seeded,Local biodiversity network.,,,,,,,,,,,,,,,,,,,,,,,,,,,,,,
AI085,A029,I003,Henoko,Henoko/Oura Bay statement context,S004,E4,ai_seeded,Place issue.,,,,,,,,,,,,,,,,,,,,,,,,,,,,,,
AI086,A030,I005,biodiversity,2015 NACSJ environmental solidarity signatory,S004,E4,ai_seeded,Non-Okinawa environmental actor.,,,,,,,,,,,,,,,,,,,,,,,,,,,,,,
AI087,A031,I005,biodiversity,2015 NACSJ environmental solidarity signatory,S004,E4,ai_seeded,Non-Okinawa environmental actor.,,,,,,,,,,,,,,,,,,,,,,,,,,,,,,
AI088,A032,I012,international_advocacy,Peace Philosophy Centre signatory,S004,E4,ai_seeded,International advocacy node.,,,,,,,,,,,,,,,,,,,,,,,,,,,,,,
AI089,A032,I019,peace,Peace Philosophy Centre framing,S004,E3,ai_seeded,Confirm via own site if central.,,,,,,,,,,,,,,,,,,,,,,,,,,,,,,
AI090,A033,I012,international_advocacy,Friends of the Earth U.S. signatory,S004,E4,ai_seeded,U.S. NGO.,,,,,,,,,,,,,,,,,,,,,,,,,,,,,,
AI091,A033,I005,biodiversity,Environmental NGO signatory,S004,E4,ai_seeded,Signatory seed.,,,,,,,,,,,,,,,,,,,,,,,,,,,,,,
AI092,A034,I012,international_advocacy,KFEM signatory,S004,E4,ai_seeded,Overseas environmental solidarity.,,,,,,,,,,,,,,,,,,,,,,,,,,,,,,
AI093,A034,I005,biodiversity,KFEM environmental NGO,S004,E4,ai_seeded,Signatory seed.,,,,,,,,,,,,,,,,,,,,,,,,,,,,,,
AI094,A035,I012,international_advocacy,Overseas signatory,S004,E4,ai_seeded,Signatory seed.,,,,,,,,,,,,,,,,,,,,,,,,,,,,,,
AI095,A036,I012,international_advocacy,Overseas signatory,S004,E4,ai_seeded,Signatory seed.,,,,,,,,,,,,,,,,,,,,,,,,,,,,,,
AI096,A037,I012,international_advocacy,Overseas signatory,S004,E4,ai_seeded,Signatory seed.,,,,,,,,,,,,,,,,,,,,,,,,,,,,,,
AI097,A038,I012,international_advocacy,Overseas signatory,S004,E4,ai_seeded,Signatory seed.,,,,,,,,,,,,,,,,,,,,,,,,,,,,,,
AI098,A039,I011,legal,Legal rights/natural resources center signatory,S004,E4,ai_seeded,Legal/environmental NGO.,,,,,,,,,,,,,,,,,,,,,,,,,,,,,,
AI099,A039,I012,international_advocacy,Overseas signatory,S004,E4,ai_seeded,Signatory seed.,,,,,,,,,,,,,,,,,,,,,,,,,,,,,,
AI100,A040,I012,international_advocacy,2015 NACSJ overseas signatory,S004;S089;S090,E4,human_checked,HR-009 identity confirmed; 2015 co-signatory/solidarity node only not stable alliance.,,,,,,,,,,,,,,,,,,,,,,,,,,,,,,
AI101,A041,I012,international_advocacy,Overseas signatory,S004,E4,ai_seeded,Signatory seed.,,,,,,,,,,,,,,,,,,,,,,,,,,,,,,
AI102,A042,I012,international_advocacy,Pacific Environment signatory,S004,E4,ai_seeded,U.S./Pacific NGO.,,,,,,,,,,,,,,,,,,,,,,,,,,,,,,
AI103,A042,I005,biodiversity,Environmental NGO signatory,S004,E4,ai_seeded,Signatory seed.,,,,,,,,,,,,,,,,,,,,,,,,,,,,,,
AI104,A043,I012,international_advocacy,Overseas signatory,S004,E4,ai_seeded,Signatory seed.,,,,,,,,,,,,,,,,,,,,,,,,,,,,,,
AI105,A044,I012,international_advocacy,Overseas signatory,S004,E4,ai_seeded,Signatory seed.,,,,,,,,,,,,,,,,,,,,,,,,,,,,,,
AI106,A045,I011,legal,Center for Biological Diversity 的 legal 边严格表示其在冲绳儒艮案中的具名组织原告／上诉人角色。,S128;S129,E4,human_revised,Legal/environmental NGO. HR-035 batch 01 principal-confirmed factual freeze (HR035-B01-AI106).,,revise,HR035-B01-AI106,project_principal_user,2026-07-20,relation_existence;actor_identity;issue_mapping;source_ref;evidence_level;interpretation_boundary,scope_reviewed_institutional_or_case_role,,docs/human_review_return_HR035_batch01_v1.md,具名原告／上诉人不等于 counsel；2017 年发回和 2020 年终局不得概括为停工或项目改变。,institutional_or_case_role,human_checked,accept,HR019-SCOPE-AI106,project_principal_user,2026-07-20,scope_kind;scope_status;scope_approved_formulation;scope_boundary,supported_bounded,Center for Biological Diversity 的 legal 边严格表示其在冲绳儒艮案中的具名组织原告／上诉人角色。,具名原告／上诉人不等于 counsel；2017 年发回和 2020 年终局不得概括为停工或项目改变。,docs/human_review_return_HR019_edge_scope_batch12_v1.md,,supported_bounded,reviewed_actor_issue,institutional_or_case_role,S128、S129 第九巡回法院判决 caption 均列 CBD 为 Plaintiffs-Appellants。,S004 共同声明不支持该法律角色；不确认 CBD 在其他冲绳案件中的角色。,,,Center for Biological Diversity 的 legal 边严格表示其在冲绳儒艮案中的具名组织原告／上诉人角色。
AI107,A045,I005,biodiversity,Center for Biological Diversity signatory,S004,E4,ai_seeded,Biodiversity actor.,,,,,,,,,,,,,,,,,,,,,,,,,,,,,,
AI108,A045,I012,international_advocacy,U.S. environmental NGO signatory,S004,E4,ai_seeded,International actor.,,,,,,,,,,,,,,,,,,,,,,,,,,,,,,
AI109,A046,I012,international_advocacy,2015 NACSJ overseas signatory,S004;S091;S092,E4,human_checked,HR-009 identity confirmed; 2015 co-signatory/solidarity node only not stable alliance.,,,,,,,,,,,,,,,,,,,,,,,,,,,,,,
AI110,A046,I005,biodiversity,Environmental NGO signatory,S004;S091;S092,E4,human_checked,HR-009 identity confirmed as Pro Natura / FoE Switzerland; signatory evidence only.,,,,,,,,,,,,,,,,,,,,,,,,,,,,,,
AI111,A047,I001,anti_base,Core anti-base coordination body,S031,E4,ai_seeded,Central coordination role in Okinawa peace/anti-base movements.,,,,,,,,,,,,,,,,,,,,,,,,,,,,,,
AI112,A047,I019,peace,Peace movement coordination,S031,E4,ai_seeded,Peace movement center.,,,,,,,,,,,,,,,,,,,,,,,,,,,,,,
AI113,A047,I002,anti_military,Anti-military deployment coordination,S031,E4,ai_seeded,Broad anti-military frame.,,,,,,,,,,,,,,,,,,,,,,,,,,,,,,
AI114,A047,I003,Henoko,Henoko opposition coordination,S031,E3,ai_seeded,Verify direct Henoko coordination role.,,,,,,,,,,,,,,,,,,,,,,,,,,,,,,
AI115,A048,I001,anti_base,Symbolic landowner resistance to military land leases,S038,E4,ai_seeded,Core anti-base frame.,,,,,,,,,,,,,,,,,,,,,,,,,,,,,,
AI116,A048,I011,legal,Land lease legal resistance,,E4,needs_second_source,Legal channel.,,defer,HR019-SCOPE-AI116,project_principal_user,2026-07-20,issue_relation_support;source_ref;scope_status;interpretation_limit,deactivated_pending_actor_unit_repair,,,A048 沖縄一坪反戦地主会—legal；按已批时间／案件／事件边界解释；共同出现不生成联盟，风险主张不升级为已证因果。,remain_unclear,human_checked,accept,HR019-SCOPE-AI116,project_principal_user,2026-07-20,scope_kind;scope_status;scope_approved_formulation;scope_boundary,candidate,土地拒租／收用法律机制可信，但 S038 属关东 block；组织单位未修复前不能归给 A048 本体,A048 沖縄一坪反戦地主会—legal；按已批时间／案件／事件边界解释；共同出现不生成联盟，风险主张不升级为已证因果。,docs/human_review_return_HR019_edge_scope_batch12_v1.md,S038,candidate,research_lead,relation_existence;interpretation_boundary,"Adjacent organizational, procedural or institutional context may be documented; the exact actor-issue mapping is not confirmed.",Direct evidence attributable to this exact actor unit and issue definition.,,,
AI117,A048,I019,peace,Anti-war landowner movement,S038,E4,ai_seeded,Peace frame.,,,,,,,,,,,,,,,,,,,,,,,,,,,,,,
AI118,A048,I009,local_autonomy,Land rights and local autonomy,,E3,needs_second_source,Autonomy frame.,,defer,HR019-SCOPE-AI118,project_principal_user,2026-07-20,issue_relation_support;source_ref;scope_status;interpretation_limit,deactivated_pending_actor_unit_repair,,,A048—local_autonomy；按已批时间／案件／事件边界解释；共同出现不生成联盟，风险主张不升级为已证因果。,remain_unclear,human_checked,accept,HR019-SCOPE-AI118,project_principal_user,2026-07-20,scope_kind;scope_status;scope_approved_formulation;scope_boundary,candidate,S038 属 A063 关东 block，不能移作 A048 直接证据；等待具名 A048 的自治／土地权材料,A048—local_autonomy；按已批时间／案件／事件边界解释；共同出现不生成联盟，风险主张不升级为已证因果。,docs/human_review_return_HR019_edge_scope_batch16_v1.md,S038,candidate,research_lead,relation_existence;interpretation_boundary,"Adjacent organizational, procedural or institutional context may be documented; the exact actor-issue mapping is not confirmed.",Direct evidence attributable to this exact actor unit and issue definition.,,,
AI119,A049,I007,life_safety,基地・軍隊を許さない行動する女たちの会—life_safety 仅表示其从女性人权、军事性暴力与身体／日常生活安全角度提出基地和军队问题。,S039,E3,human_revised,Gender/safety frame. HR-035 Batch 2 principal-confirmed factual review (HR035-B02-AI119).,,revise,HR035-B02-AI119,project_principal_user,2026-07-20,relation_existence;actor_identity;issue_mapping;source_ref;evidence_level;interpretation_boundary,scope_reviewed_organizational_positioning,,docs/human_review_return_HR035_batch02_v1.md,life_safety 在此限于女性人权、身体安全与军事性暴力语境；材料不证明个案因果、犯罪趋势或政策效果。,organizational_positioning,human_checked,accept,HR019-SCOPE-AI119,project_principal_user,2026-07-20,scope_kind;scope_status;scope_approved_formulation;scope_boundary,supported_bounded,女性人权、军事性暴力与日常安全是持续组织框架，不是一般化“治安”标签,A049 行动する女たちの会—life_safety；按已批时间／案件／事件边界解释；共同出现不生成联盟，风险主张不升级为已证因果。,docs/human_review_return_HR019_edge_scope_batch12_v1.md,,supported_bounded,reviewed_actor_issue,organizational_positioning,S039 的学术个案研究把该会的成立、性暴力问题与安全保障的性别化批判直接连接。,不支持一般化“治安”标签，不确认所有时期、所有行动或全部成员对每项生活安全议题立场一致。,,,基地・軍隊を許さない行動する女たちの会—life_safety 仅表示其从女性人权、军事性暴力与身体／日常生活安全角度提出基地和军队问题。
AI120,A049,I001,anti_base,Women's anti-base movement,S039,E4,ai_seeded,Anti-base frame.,,,,,,,,,,,,,,,,,,,,,,,,,,,,,,
AI121,A049,I002,anti_military,基地・軍隊を許さない行動する女たちの会—anti_military 表示该会把反对基地、军队及其结构性／性别化暴力作为可观察的组织定位。,S039,E3,human_revised,Anti-military frame. HR-035 Batch 2 principal-confirmed factual review (HR035-B02-AI121).,,revise,HR035-B02-AI121,project_principal_user,2026-07-20,relation_existence;actor_identity;issue_mapping;source_ref;evidence_level;interpretation_boundary,scope_reviewed_organizational_positioning,,docs/human_review_return_HR035_batch02_v1.md,组织名称与学术分析支持有界定位，但不能把一项组织定位扩为全部成员意见、稳定联盟或行动效果。,organizational_positioning,human_checked,accept,HR019-SCOPE-AI121,project_principal_user,2026-07-20,scope_kind;scope_status;scope_approved_formulation;scope_boundary,supported_bounded,反对军事结构性暴力是持续定位；不代表每次行动或所有成员观点完全相同,A049—anti_military；按已批时间／案件／事件边界解释；共同出现不生成联盟，风险主张不升级为已证因果。,docs/human_review_return_HR019_edge_scope_batch12_v1.md,,supported_bounded,reviewed_actor_issue,organizational_positioning,S039 的题名、成立史与个案分析直接围绕该会对基地、军队和军事性暴力的反对。,不确认每次行动、所有成员或全部时期对所有军事政策持完全相同立场。,,,基地・軍隊を許さない行動する女たちの会—anti_military 表示该会把反对基地、军队及其结构性／性别化暴力作为可观察的组织定位。
AI122,A050,I011,legal,Bar association legal statements on base issues,S037,E4,ai_seeded,Professional legal frame.,,,,,,,,,,,,,,,,,,,,,,,,,,,,,,
AI123,A050,I009,local_autonomy,Bar association statements on prefectural autonomy,S037,E4,ai_seeded,Autonomy frame.,,,,,,,,,,,,,,,,,,,,,,,,,,,,,,
AI124,A050,I001,anti_base,President statements opposing Henoko construction,S037,E4,ai_seeded,Formal professional statement.,,,,,,,,,,,,,,,,,,,,,,,,,,,,,,
AI125,A051,I010,referendum,2019 prefectural referendum initiative,S025,E4,ai_seeded,Core referendum actor.,,,,,,,,,,,,,,,,,,,,,,,,,,,,,,
AI126,A051,I003,Henoko,「辺野古」県民投票の会—Henoko 仅表示该会在 2018–2019 年推动以边野古填海／基地建设为问题对象的县民投票。,S185;S025,E4,human_revised,Henoko frame. HR-035 batch 01 principal-confirmed factual freeze (HR035-B01-AI126).,,revise,HR035-B01-AI126,project_principal_user,2026-07-20,relation_existence;actor_identity;issue_mapping;source_ref;evidence_level;interpretation_boundary,scope_reviewed_institutional_or_case_role,,docs/human_review_return_HR035_batch01_v1.md,仅限 2018–2019 程序期；投票结果不证明组织造成结果，解散后行动不得归给 A051。,institutional_or_case_role,human_checked,accept,HR019-SCOPE-AI126,project_principal_user,2026-07-20,scope_kind;scope_status;scope_approved_formulation;scope_boundary,supported_bounded,「辺野古」県民投票の会—Henoko 仅表示该会在 2018–2019 年推动以边野古填海／基地建设为问题对象的县民投票。,仅限 2018–2019 程序期；投票结果不证明组织造成结果，解散后行动不得归给 A051。,docs/human_review_return_HR019_edge_scope_batch12_v1.md,,supported_bounded,reviewed_actor_issue,institutional_or_case_role,S185 点名该会代表、副代表和请求代表身份并明确条例题目；S025 确认投票问题与结果；LC001 记录 2019-03-26 解散。,不确认解散后的组织连续性、后续个人行动归属或所有签名者的组织成员身份。,,,「辺野古」県民投票の会—Henoko 仅表示该会在 2018–2019 年推动以边野古填海／基地建设为问题对象的县民投票。
AI127,A051,I009,local_autonomy,A051—local_autonomy 仅表示该会通过条例制定直接请求与县民投票程序表达对边野古问题的地方直接民主／自治诉求。,S185;S025,E4,human_revised,Autonomy frame. HR-035 batch 01 principal-confirmed factual freeze (HR035-B01-AI127).,,revise,HR035-B01-AI127,project_principal_user,2026-07-20,relation_existence;actor_identity;issue_mapping;source_ref;evidence_level;interpretation_boundary,scope_reviewed_institutional_or_case_role,,docs/human_review_return_HR035_batch01_v1.md,仅限 2018–2019 直接请求／投票程序；不从程序参与推断政策因果、联盟或解散后连续性。,institutional_or_case_role,human_checked,accept,HR019-SCOPE-AI127,project_principal_user,2026-07-20,scope_kind;scope_status;scope_approved_formulation;scope_boundary,supported_bounded,A051—local_autonomy 仅表示该会通过条例制定直接请求与县民投票程序表达对边野古问题的地方直接民主／自治诉求。,仅限 2018–2019 直接请求／投票程序；不从程序参与推断政策因果、联盟或解散后连续性。,docs/human_review_return_HR019_edge_scope_batch12_v1.md,,supported_bounded,reviewed_actor_issue,institutional_or_case_role,S185 闭合 A051 与条例制定请求代表／县议会听证角色，S025 闭合正式投票；LC001 记录解散。,不支持 A051 对所有地方自治议题的长期定位，也不证明其代表全体冲绳居民。,,,A051—local_autonomy 仅表示该会通过条例制定直接请求与县民投票程序表达对边野古问题的地方直接民主／自治诉求。
AI128,A052,I011,legal,Kadena noise litigation,S026,E4,ai_seeded,Court litigation.,,,,,,,,,,,,,,,,,,,,,,,,,,,,,,
AI129,A052,I007,life_safety,嘉手納基地爆音差止訴訟原告団—life_safety 表示嘉手纳噪音诉讼中睡眠、健康风险、人格权与日常生活损害主张。,S026,E3,human_checked,Life safety frame. HR-035 batch 01 principal-confirmed factual freeze (HR035-B01-AI129).,,accept,HR035-B01-AI129,project_principal_user,2026-07-20,relation_existence;actor_identity;issue_mapping;source_ref;evidence_level;interpretation_boundary,scope_reviewed_institutional_or_case_role,,docs/human_review_return_HR035_batch01_v1.md,限定各轮诉讼；部分损害／风险认定和赔偿不得写成运行禁令或全面健康因果。,institutional_or_case_role,human_checked,accept,HR019-SCOPE-AI129,project_principal_user,2026-07-20,scope_kind;scope_status;scope_approved_formulation;scope_boundary,supported_bounded,嘉手納基地爆音差止訴訟原告団—life_safety 表示嘉手纳噪音诉讼中睡眠、健康风险、人格权与日常生活损害主张。,限定各轮诉讼；部分损害／风险认定和赔偿不得写成运行禁令或全面健康因果。,docs/human_review_return_HR019_edge_scope_batch12_v1.md,,supported_bounded,reviewed_actor_issue,institutional_or_case_role,S026 报道第三次诉讼的居民原告、噪音损害、睡眠妨害、部分健康风险认定及损害赔偿。,不证明各轮原告成员相同，也不证明飞行停止、噪音消除或全部健康因果。,,,嘉手納基地爆音差止訴訟原告団—life_safety 表示嘉手纳噪音诉讼中睡眠、健康风险、人格权与日常生活损害主张。
AI130,A052,I001,anti_base,Base noise burden legal action,S026,E4,ai_seeded,Anti-base through legal channel.,,,,,,,,,,,,,,,,,,,,,,,,,,,,,,
AI131,A053,I011,legal,Futenma noise litigation,S027,E4,ai_seeded,Court litigation.,,,,,,,,,,,,,,,,,,,,,,,,,,,,,,
AI132,A053,I007,life_safety,普天間基地爆音訴訟団—life_safety 表示普天间噪音诉讼中人格权、夜间早晨噪音和居民日常生活损害主张。,S027,E3,human_checked,Life safety frame. HR-035 batch 01 principal-confirmed factual freeze (HR035-B01-AI132).,,accept,HR035-B01-AI132,project_principal_user,2026-07-20,relation_existence;actor_identity;issue_mapping;source_ref;evidence_level;interpretation_boundary,scope_reviewed_institutional_or_case_role,,docs/human_review_return_HR035_batch01_v1.md,限定各轮诉讼；部分赔偿不等于禁令、运行停止或全部诉求获支持。,institutional_or_case_role,human_checked,accept,HR019-SCOPE-AI132,project_principal_user,2026-07-20,scope_kind;scope_status;scope_approved_formulation;scope_boundary,supported_bounded,普天間基地爆音訴訟団—life_safety 表示普天间噪音诉讼中人格权、夜间早晨噪音和居民日常生活损害主张。,限定各轮诉讼；部分赔偿不等于禁令、运行停止或全部诉求获支持。,docs/human_review_return_HR019_edge_scope_batch12_v1.md,,supported_bounded,reviewed_actor_issue,institutional_or_case_role,S027 报道第二次诉讼的周边居民原告、人格权侵害主张、损害赔偿与差止请求被驳回。,不证明各轮原告成员相同，也不证明飞行停止、噪音消除或其他轮次全部事实。,,,普天間基地爆音訴訟団—life_safety 表示普天间噪音诉讼中人格权、夜间早晨噪音和居民日常生活损害主张。
AI133,A053,I001,anti_base,Base noise burden legal action,S027,E4,ai_seeded,Anti-base through legal channel.,,,,,,,,,,,,,,,,,,,,,,,,,,,,,,
AI134,A054,I007,life_safety,Human rights and safety concerns,,E3,needs_second_source,Verify current activities.,,defer,HR019-SCOPE-AI134,project_principal_user,2026-07-20,issue_relation_support;source_ref;scope_status;interpretation_limit,deactivated_until_direct_evidence,,,A054—life_safety；按已批时间／案件／事件边界解释；共同出现不生成联盟，风险主张不升级为已证因果。,remain_unclear,human_checked,accept,HR019-SCOPE-AI134,project_principal_user,2026-07-20,scope_kind;scope_status;scope_approved_formulation;scope_boundary,candidate,一般人权与反战材料不等于 I007；建议从可发布层停用,A054—life_safety；按已批时间／案件／事件边界解释；共同出现不生成联盟，风险主张不升级为已证因果。,docs/human_review_return_HR019_edge_scope_batch16_v1.md,S033,unsupported,excluded,relation_existence;interpretation_boundary,"Adjacent organizational, procedural or institutional context may be documented; the exact actor-issue mapping is not confirmed.",Direct evidence attributable to this exact actor unit and issue definition.,,,
AI135,A055,I005,biodiversity,Tidal flat ecosystem protection,S030,E3,ai_seeded,Environmental frame.,,,,,,,scope_reviewed_organizational_positioning,,,A055—biodiversity；按已批时间／案件／事件边界解释；共同出现不生成联盟，风险主张不升级为已证因果。,organizational_positioning,human_checked,accept,HR019-SCOPE-AI135,project_principal_user,2026-07-20,scope_kind;scope_status;scope_approved_formulation;scope_boundary,supported_bounded,2001–2024 持续的潮间带调查、导览、保护和拉姆萨尔倡议,A055—biodiversity；按已批时间／案件／事件边界解释；共同出现不生成联盟，风险主张不升级为已证因果。,docs/human_review_return_HR019_edge_scope_batch16_v1.md,,,,,,,,,
AI136,A055,I011,legal,Environmental litigation against reclamation,S030,E3,ai_seeded,Legal frame.,,,,,,,,,,,,,,,,,,,,,,,,,,,,,,
AI137,A056,I005,biodiversity,Environmental network activities,S033,E3,needs_second_source,Verify organizational structure.,,,,,,,,,,,,,,,,,,,,,,,,,,,,,,
AI138,A056,I001,anti_base,Environmental perspective on base issues,S033,E3,needs_second_source,Verify direct connection.,,,,,,,scope_reviewed_organizational_positioning,,,A056—anti_base；按已批时间／案件／事件边界解释；共同出现不生成联盟，风险主张不升级为已证因果。,organizational_positioning,human_checked,accept,HR019-SCOPE-AI138,project_principal_user,2026-07-20,scope_kind;scope_status;scope_approved_formulation;scope_boundary,supported_bounded,长期从环境评估、污染、生物多样性等角度批评具体基地建设／军事设施,A056—anti_base；按已批时间／案件／事件边界解释；共同出现不生成联盟，风险主张不升级为已证因果。,docs/human_review_return_HR019_edge_scope_batch16_v1.md,,,,,,,,,
AI139,A057,I001,anti_base,National newspaper opinion ads on Okinawa base issues,S034,E3,ai_seeded,Public opinion mobilization.,,,,,,,,,,,,,,,,,,,,,,,,,,,,,,
AI140,A057,I019,peace,Peace framing in opinion campaigns,S034,E3,ai_seeded,Peace frame.,,,,,,,,,,,,,,,,,,,,,,,,,,,,,,
AI141,A058,I001,anti_base,Labor/civic umbrella anti-base coordination,S031,E3,needs_second_source,Verify structure.,,,,,,,,,,,,,,,,,,,,,,,,,,,,,,
AI142,A058,I019,peace,Peace/labor movement coordination,S031,E3,needs_second_source,Verify structure.,,,,,,,,,,,,,,,,,,,,,,,,,,,,,,
AI143,A059,I001,anti_base,All-island anti-Henoko base coordination,S029,E3,ai_seeded,Municipal-level network.,,,,,,,scope_reviewed_organizational_positioning,,,A059—anti_base；按已批时间／案件／事件边界解释；共同出现不生成联盟，风险主张不升级为已证因果。,organizational_positioning,human_checked,accept,HR019-SCOPE-AI143,project_principal_user,2026-07-20,scope_kind;scope_status;scope_approved_formulation;scope_boundary,supported_bounded,《建白书》与边野古新基地反对是全县组织的持续主轴,A059—anti_base；按已批时间／案件／事件边界解释；共同出现不生成联盟，风险主张不升级为已证因果。,docs/human_review_return_HR019_edge_scope_batch16_v1.md,,,,,,,,,
AI144,A059,I003,Henoko,Henoko opposition coordination,S029,E3,ai_seeded,Henoko focus.,,,,,,,,,,,,,,,,,,,,,,,,,,,,,,
AI145,A059,I009,local_autonomy,Municipal/grassroots autonomy expression,S029,E3,ai_seeded,Local autonomy frame.,,,,,,,scope_reviewed_organizational_positioning,,,A059—local_autonomy；按已批时间／案件／事件边界解释；共同出现不生成联盟，风险主张不升级为已证因果。,organizational_positioning,human_checked,accept,HR019-SCOPE-AI145,project_principal_user,2026-07-20,scope_kind;scope_status;scope_approved_formulation;scope_boundary,supported_bounded,限于地方尊严、自决权及“冲绳事务由冲绳决定”的组织框架,A059—local_autonomy；按已批时间／案件／事件边界解释；共同出现不生成联盟，风险主张不升级为已证因果。,docs/human_review_return_HR019_edge_scope_batch16_v1.md,,,,,,,,,
AI146,A060,I001,anti_base,Takae helipad opposition,S028,E3,ai_seeded,Anti-base/anti-helipad.,,,,,,,scope_reviewed_organizational_positioning,,,A060—anti_base；按已批时间／案件／事件边界解释；共同出现不生成联盟，风险主张不升级为已证因果。,organizational_positioning,human_checked,accept,HR019-SCOPE-AI146,project_principal_user,2026-07-20,scope_kind;scope_status;scope_approved_formulation;scope_boundary,supported_bounded,2007–2016 可见期内持续反对高江直升机坪建设,A060—anti_base；按已批时间／案件／事件边界解释；共同出现不生成联盟，风险主张不升级为已证因果。,docs/human_review_return_HR019_edge_scope_batch16_v1.md,,,,,,,,,
AI147,A060,I005,biodiversity,Yanbaru forest protection concerns,S028,E3,ai_seeded,Environmental frame.,,,,,,,scope_reviewed_organizational_positioning,,,A060—biodiversity；按已批时间／案件／事件边界解释；共同出现不生成联盟，风险主张不升级为已证因果。,organizational_positioning,human_checked,accept,HR019-SCOPE-AI147,project_principal_user,2026-07-20,scope_kind;scope_status;scope_approved_formulation;scope_boundary,supported_bounded,具名请求直接涉及やんばる动植物、生态调查和生物多样性保护,A060—biodiversity；按已批时间／案件／事件边界解释；共同出现不生成联盟，风险主张不升级为已证因果。,docs/human_review_return_HR019_edge_scope_batch16_v1.md,,,,,,,,,
AI148,A061,I005,biodiversity,Bird conservation and Henoko habitat statements,S003;S004,E4,ai_seeded,National bird conservation NGO.,,,,,,,,,,,,,,,,,,,,,,,,,,,,,,
AI149,A062,I005,biodiversity,Wetland conservation and Henoko/Oura Bay statements,S003,E4,ai_seeded,Wetland network.,,,,,,,,,,,,,,,,,,,,,,,,,,,,,,
AI150,A063,I001,anti_base,Kanto-region anti-war landowner solidarity with Okinawa,S038,E3,ai_seeded,Mainland solidarity.,,,,,,,scope_reviewed_organizational_positioning,,,A063—anti_base；按已批时间／案件／事件边界解释；共同出现不生成联盟，风险主张不升级为已证因果。,organizational_positioning,human_checked,accept,HR019-SCOPE-AI150,project_principal_user,2026-07-20,scope_kind;scope_status;scope_approved_formulation;scope_boundary,supported_bounded,关东／首都圈层面的长期反基地与冲绳声援；不是冲绳本地组织,A063—anti_base；按已批时间／案件／事件边界解释；共同出现不生成联盟，风险主张不升级为已证因果。,docs/human_review_return_HR019_edge_scope_batch16_v1.md,,,,,,,,,
AI151,A063,I019,peace,Peace movement mainland branch,S038,E3,ai_seeded,Peace solidarity.,,,,,,,,,,,,,,,,,,,,,,,,,,,,,,
AI152,A064,I001,anti_base,International network against foreign military bases,S033,E3,needs_second_source,Verify Okinawa connection.,,,,,,,scope_reviewed_organizational_positioning,,,A064—anti_base；按已批时间／案件／事件边界解释；共同出现不生成联盟，风险主张不升级为已证因果。,organizational_positioning,human_checked,accept,HR019-SCOPE-AI152,project_principal_user,2026-07-20,scope_kind;scope_status;scope_approved_formulation;scope_boundary,supported_bounded,2007 年形成时的明确反外国军事基地宗旨；不写成当前仍活跃,A064—anti_base；按已批时间／案件／事件边界解释；共同出现不生成联盟，风险主张不升级为已证因果。,docs/human_review_return_HR019_edge_scope_batch17_v1.md,,,,,,,,,
AI153,A064,I012,international_advocacy,International anti-base advocacy,S033,E3,needs_second_source,Verify participation.,,,,,,,scope_reviewed_organizational_positioning,,,A064—international_advocacy；按已批时间／案件／事件边界解释；共同出现不生成联盟，风险主张不升级为已证因果。,organizational_positioning,human_checked,accept,HR019-SCOPE-AI153,project_principal_user,2026-07-20,scope_kind;scope_status;scope_approved_formulation;scope_boundary,supported_bounded,2007 年跨国会议、网络和全球行动计划；冲绳是倡议对象／参与来源，不是已证正式分支,A064—international_advocacy；按已批时间／案件／事件边界解释；共同出现不生成联盟，风险主张不升级为已证因果。,docs/human_review_return_HR019_edge_scope_batch17_v1.md,,,,,,,,,
AI154,A065,I002,anti_military,Southwest Islands anti-militarization network,S036,E3,needs_second_source,Verify membership.,,,,,,,scope_reviewed_organizational_positioning,,,A065—anti_military；按已批时间／案件／事件边界解释；共同出现不生成联盟，风险主张不升级为已证因果。,organizational_positioning,human_checked,accept,HR019-SCOPE-AI154,project_principal_user,2026-07-20,scope_kind;scope_status;scope_approved_formulation;scope_boundary,supported_bounded,限于 2016–2018 可证的琉球弧／先岛反军事化网络定位,A065—anti_military；按已批时间／案件／事件边界解释；共同出现不生成联盟，风险主张不升级为已证因果。,docs/human_review_return_HR019_edge_scope_batch17_v1.md,,,,,,,,,
AI155,A065,I017,frontline_prevention,Anti-frontline framing for Sakishima,S036,E3,needs_second_source,Verify continuity.,,,,,,,,,,,,,,,,,,,,,,,,,,,,,,
AI156,A065,I018,Taiwan_contingency,Security environment concerns,S036,E3,needs_second_source,Verify framing.,,,,,,,,,,,,,,,,,,,,,,,,,,,,,,
AI157,A066,I011,legal,暂不批准 ND—legal 事实边；S032 首页只确认政策倡议／外交智库身份，未直接闭合行政法、地方自治法或具体制度论证。,S032,E4,needs_second_source,Policy/legal advocacy. HR-035 Batch 2 principal-confirmed factual review (HR035-B02-AI157).,,defer,HR035-B02-AI157,project_principal_user,2026-07-20,relation_existence;actor_identity;issue_mapping;source_ref;evidence_level;interpretation_boundary,scope_reviewed_organizational_positioning,,docs/human_review_return_HR035_batch02_v1.md,政策研究或基地议题栏目不等于 legal 议题边；不得从组织类型、作者职业或页面链接标题推断法律角色。,organizational_positioning,human_checked,accept,HR019-SCOPE-AI157,project_principal_user,2026-07-20,scope_kind;scope_status;scope_approved_formulation;scope_boundary,supported_bounded,持续政策研究中的行政法、地方自治法和制度论证；删除目前证据不足的笼统“国际法”表述,A066 ND—legal；按已批时间／案件／事件边界解释；共同出现不生成联盟，风险主张不升级为已证因果。,docs/human_review_return_HR019_edge_scope_batch13_v1.md,,candidate,,organizational_positioning,S032 官方首页确认 ND 从事信息传播、政策提言和包含沖縄／米军基地主题的政策研究。,缺少可定位的 ND 自有报告或政策文本，直接显示行政法、地方自治法等法律论证。,,,暂不批准 ND—legal 事实边；S032 首页只确认政策倡议／外交智库身份，未直接闭合行政法、地方自治法或具体制度论证。
AI158,A066,I009,local_autonomy,暂不批准 ND—local_autonomy 事实边；S032 首页显示沖縄与地域外交政策研究，但没有直接闭合国—地方权限或地方自治主张。,S032,E4,needs_second_source,Autonomy frame. HR-035 Batch 2 principal-confirmed factual review (HR035-B02-AI158).,,defer,HR035-B02-AI158,project_principal_user,2026-07-20,relation_existence;actor_identity;issue_mapping;source_ref;evidence_level;interpretation_boundary,scope_reviewed_organizational_positioning,,docs/human_review_return_HR035_batch02_v1.md,“地域外交”“沖縄政策替代”与 local_autonomy 不是同义词；不得把政策研究自动写成代表沖縄整体的自治立场。,organizational_positioning,human_checked,accept,HR019-SCOPE-AI158,project_principal_user,2026-07-20,scope_kind;scope_status;scope_approved_formulation;scope_boundary,supported_bounded,持续讨论国—地方权限、地域外交和冲绳政策替代方案；不代表冲绳整体,A066 ND—local_autonomy；按已批时间／案件／事件边界解释；共同出现不生成联盟，风险主张不升级为已证因果。,docs/human_review_return_HR019_edge_scope_batch13_v1.md,,candidate,,organizational_positioning,S032 官方首页确认 ND 的政策倡议、外交智库身份与沖縄／基地政策主题。,缺少可定位的 ND 自有政策文本，明确讨论国—地方权限、地方自治或冲绳地方政府权限。,,,暂不批准 ND—local_autonomy 事实边；S032 首页显示沖縄与地域外交政策研究，但没有直接闭合国—地方权限或地方自治主张。
AI159,A066,I001,anti_base,新外交イニシアティブ（ND）—anti_base 仅表示其官方站点持续承载沖縄／米军基地政策研究，并公开提出“不建设边野古新基地”的具体政策替代主张。,S032,E4,human_revised,Think tank role. HR-035 Batch 2 principal-confirmed factual review (HR035-B02-AI159).,,revise,HR035-B02-AI159,project_principal_user,2026-07-20,relation_existence;actor_identity;issue_mapping;source_ref;evidence_level;interpretation_boundary,scope_reviewed_organizational_positioning,,docs/human_review_return_HR035_batch02_v1.md,anti_base 仅按边野古新基地等具体政策主张解释；政策提言不等于工程停止、政府采纳或代表沖縄社会共识。,organizational_positioning,human_checked,accept,HR019-SCOPE-AI159,project_principal_user,2026-07-20,scope_kind;scope_status;scope_approved_formulation;scope_boundary,supported_bounded,由持续边野古／基地政策替代研究支持；须按具体政策主张表述,A066 ND—anti_base；按已批时间／案件／事件边界解释；共同出现不生成联盟，风险主张不升级为已证因果。,docs/human_review_return_HR019_edge_scope_batch13_v1.md,,supported_bounded,reviewed_actor_issue,organizational_positioning,S032 官方首页把米军基地列为研究领域，并展示“辺野古問題をどう解決するか―新基地をつくらせないための提言”等组织政策输出。,不确认 ND 反对全部基地、全部安全合作或所有时期的每项基地政策。,,,新外交イニシアティブ（ND）—anti_base 仅表示其官方站点持续承载沖縄／米军基地政策研究，并公开提出“不建设边野古新基地”的具体政策替代主张。
AI160,A067,I001,anti_base,National council against Henoko landfill soil import,S040,E3,ai_seeded,Cross-prefecture coordination.,,,,,,,scope_reviewed_organizational_positioning,,,A067—anti_base；按已批时间／案件／事件边界解释；共同出现不生成联盟，风险主张不升级为已证因果。,organizational_positioning,human_checked,accept,HR019-SCOPE-AI160,project_principal_user,2026-07-20,scope_kind;scope_status;scope_approved_formulation;scope_boundary,supported_bounded,2015 年以来持续反对边野古填海土砂搬出及新基地建设,A067—anti_base；按已批时间／案件／事件边界解释；共同出现不生成联盟，风险主张不升级为已证因果。,docs/human_review_return_HR019_edge_scope_batch17_v1.md,,,,,,,,,
AI161,A067,I003,Henoko,Henoko-specific soil import opposition,S040,E3,ai_seeded,Henoko focus.,,,,,,,,,,,,,,,,,,,,,,,,,,,,,,
AI162,A067,I005,biodiversity,Environmental concern about soil import sources,S040,E3,ai_seeded,Environmental frame.,,,,,,,scope_reviewed_organizational_positioning,,,A067—biodiversity；按已批时间／案件／事件边界解释；共同出现不生成联盟，风险主张不升级为已证因果。,organizational_positioning,human_checked,accept,HR019-SCOPE-AI162,project_principal_user,2026-07-20,scope_kind;scope_status;scope_approved_formulation;scope_boundary,supported_bounded,持续处理外来种、搬出地自然环境与边野古海域生物多样性风险,A067—biodiversity；按已批时间／案件／事件边界解释；共同出现不生成联盟，风险主张不升级为已证因果。,docs/human_review_return_HR019_edge_scope_batch17_v1.md,,,,,,,,,
AI163,A068,I010,referendum,1997 Nago city referendum initiative,S042,E3,ai_seeded,Historical referendum actor.,,,,,,,,,,,,,,,,,,,,,,,,,,,,,,
AI164,A068,I001,anti_base,A068—anti_base 仅表示「ヘリポート基地建設の是非を問う名護市民投票推進協議会」在 1997 年海上直升机基地争议中组织条例直接请求、签名和市民投票推动，并处于反对基地建设的事件语境。,S192;S042,E3,human_revised,Anti-base frame. HR-035 batch 01 principal-confirmed factual freeze (HR035-B01-AI164).,,revise,HR035-B01-AI164,project_principal_user,2026-07-20,relation_existence;actor_identity;issue_mapping;source_ref;evidence_level;interpretation_boundary,scope_reviewed_institutional_or_case_role,,docs/human_review_return_HR035_batch01_v1.md,活动期限定 1997 年；公投结果不等于组织造成结果，后继组织的后续行动不回填给 A068。,institutional_or_case_role,human_checked,accept,HR019-SCOPE-AI164,project_principal_user,2026-07-20,scope_kind;scope_status;scope_approved_formulation;scope_boundary,supported_bounded,A068—anti_base 仅表示「ヘリポート基地建設の是非を問う名護市民投票推進協議会」在 1997 年海上直升机基地争议中组织条例直接请求、签名和市民投票推动，并处于反对基地建设的事件语境。,活动期限定 1997 年；公投结果不等于组织造成结果，后继组织的后续行动不回填给 A068。,docs/human_review_return_HR019_edge_scope_batch17_v1.md,,supported_bounded,reviewed_actor_issue,institutional_or_case_role,S192 闭合事件期组织名、代表、证明、签名、直接请求、条例和投票程序；S042 闭合公投与反对票多数。,官方材料不足以把 A068 写成 1997 年后持续组织；A068→A019 的发展性改组／后继关系仍须单列谱系事实，不直接合并。,,,A068—anti_base 仅表示「ヘリポート基地建設の是非を問う名護市民投票推進協議会」在 1997 年海上直升机基地争议中组织条例直接请求、签名和市民投票推动，并处于反对基地建设的事件语境。
AI165,A068,I003,Henoko,Henoko/Nago base referendum,S042,E3,ai_seeded,Henoko/Nago focus.,,,,,,,,,,,,,,,,,,,,,,,,,,,,,,
AI166,A069,I004,dugong,Dugong EIA monitoring,S047,E3,needs_second_source,Verify organizational structure.,,,,,,,scope_reviewed_organizational_positioning,,,A069—dugong；按已批时间／案件／事件边界解释；共同出现不生成联盟，风险主张不升级为已证因果。,organizational_positioning,human_checked,accept,HR019-SCOPE-AI166,project_principal_user,2026-07-20,scope_kind;scope_status;scope_approved_formulation;scope_boundary,supported_bounded,2003–2012 项目型 EIA 监督中的核心物种／调查定位,A069—dugong；按已批时间／案件／事件边界解释；共同出现不生成联盟，风险主张不升级为已证因果。,docs/human_review_return_HR019_edge_scope_batch17_v1.md,,,,,,,,,
AI167,A069,I005,biodiversity,Environmental assessment monitoring,S047,E3,needs_second_source,Verify current status.,,,,,,,scope_reviewed_organizational_positioning,,,A069—biodiversity；按已批时间／案件／事件边界解释；共同出现不生成联盟，风险主张不升级为已证因果。,organizational_positioning,human_checked,accept,HR019-SCOPE-AI167,project_principal_user,2026-07-20,scope_kind;scope_status;scope_approved_formulation;scope_boundary,supported_bounded,同期环境评估、藻场及沿岸生态监督；不外推 2013 年后连续性,A069—biodiversity；按已批时间／案件／事件边界解释；共同出现不生成联盟，风险主张不升级为已证因果。,docs/human_review_return_HR019_edge_scope_batch17_v1.md,,,,,,,,,
AI168,A069,I003,Henoko,Henoko/Oura Bay EIA focus,S047,E3,needs_second_source,Henoko focus.,,,,,,,,,,,,,,,,,,,,,,,,,,,,,,
AI169,A070,I019,peace,Veterans peace advocacy in Okinawa,S048,E3,needs_second_source,Verify chapter status.,,,,,,,scope_reviewed_organizational_positioning,,,A070—peace；按已批时间／案件／事件边界解释；共同出现不生成联盟，风险主张不升级为已证因果。,organizational_positioning,human_checked,accept,HR019-SCOPE-AI169,project_principal_user,2026-07-20,scope_kind;scope_status;scope_approved_formulation;scope_boundary,supported_bounded,Ryukyu/Okinawa chapter 的退伍军人和平行动定位,A070—peace；按已批时间／案件／事件边界解释；共同出现不生成联盟，风险主张不升级为已证因果。,docs/human_review_return_HR019_edge_scope_batch17_v1.md,,,,,,,,,
AI170,A070,I001,anti_base,Veterans anti-base advocacy,S048,E3,needs_second_source,Verify participation.,,,,,,,scope_reviewed_organizational_positioning,,,A070—anti_base；按已批时间／案件／事件边界解释；共同出现不生成联盟，风险主张不升级为已证因果。,organizational_positioning,human_checked,accept,HR019-SCOPE-AI170,project_principal_user,2026-07-20,scope_kind;scope_status;scope_approved_formulation;scope_boundary,supported_bounded,分会自身材料支持冲绳反基地立场；不转移美国母体全部行动,A070—anti_base；按已批时间／案件／事件边界解释；共同出现不生成联盟，风险主张不升级为已证因果。,docs/human_review_return_HR019_edge_scope_batch17_v1.md,,,,,,,,,
AI171,A070,I012,international_advocacy,U.S. veterans international peace advocacy,S048,E3,needs_second_source,Verify activities.,,,,,,,scope_reviewed_organizational_positioning,,,A070—international_advocacy；按已批时间／案件／事件边界解释；共同出现不生成联盟，风险主张不升级为已证因果。,organizational_positioning,human_checked,accept,HR019-SCOPE-AI171,project_principal_user,2026-07-20,scope_kind;scope_status;scope_approved_formulation;scope_boundary,supported_bounded,VFP Ryukyu/Okinawa chapter 持续把冲绳诉求带入跨国退伍军人和平渠道；不转移美国母体全部活动,A070—international_advocacy；按已批时间／案件／事件边界解释；共同出现不生成联盟，风险主张不升级为已证因果。,docs/human_review_return_HR019_edge_scope_batch18_v1.md,,,,,,,,,
AI172,A071,I019,peace,Civic peace liaison activities,,E3,needs_second_source,Verify structure. S031 removed because it belongs to A047; direct A071 sources await source-ID integration.,,,,,,,scope_reviewed_organizational_positioning,,,A071—peace；按已批时间／案件／事件边界解释；共同出现不生成联盟，风险主张不升级为已证因果。,organizational_positioning,human_checked,accept,HR019-SCOPE-AI172,project_principal_user,2026-07-20,scope_kind;scope_status;scope_approved_formulation;scope_boundary,supported_bounded,正式组织目的和跨期和平／基地行动支持持续定位；先合并 A072、替换错误 S031,A071—peace；按已批时间／案件／事件边界解释；共同出现不生成联盟，风险主张不升级为已证因果。,docs/human_review_return_HR019_edge_scope_batch18_v1.md,,,,,,,,,
AI173,A071,I001,anti_base,Anti-base civic coordination,,E3,needs_second_source,Verify if distinct from A047. S031 removed because it belongs to A047; direct A071 sources await source-ID integration.,,,,,,,,,,,,,,,,,,,,,,,,,,,,,,
AI174,A071,I001,anti_base,Base removal civic network,,E3,rejected,Verify if distinct from A071.,A072,reject,HR-025,project_principal_user,2026-07-19,actor_identity;duplicate_crosswalk,retired_duplicate,AI173,docs/human_review_return_HR025_batch05_v1.md,Retired only because A072 is a duplicate actor key; use the retained A071 edge after its separate HR-019 scope decision.,,,,,,,,,,,,,,,,,,,,
AI175,A071,I019,peace,World peace framing,,E3,rejected,Verify structure.,A072,reject,HR-025,project_principal_user,2026-07-19,actor_identity;duplicate_crosswalk,retired_duplicate,AI172,docs/human_review_return_HR025_batch05_v1.md,Retired only because A072 is a duplicate actor key; use the retained A071 edge after its separate HR-019 scope decision.,,,,,,,,,,,,,,,,,,,,
AI176,A074,I009,local_autonomy,Prefectural government base affairs,,E4,needs_second_source,Government context node.,,defer,HR019-SCOPE-AI176,project_principal_user,2026-07-20,issue_relation_support;source_ref;scope_status;interpretation_limit,deactivated_pending_direct_department_evidence,,,A074 沖縄県知事公室基地対策課—local_autonomy；按已批时间／案件／事件边界解释；共同出现不生成联盟，风险主张不升级为已证因果。,remain_unclear,human_checked,accept,HR019-SCOPE-AI176,project_principal_user,2026-07-20,scope_kind;scope_status;scope_approved_formulation;scope_boundary,candidate,现有资料只证明基地行政职责；地方自治论证及边野古程序还可能属于另设部门,A074 沖縄県知事公室基地対策課—local_autonomy；按已批时间／案件／事件边界解释；共同出现不生成联盟，风险主张不升级为已证因果。,docs/human_review_return_HR019_edge_scope_batch13_v1.md,S043,candidate,research_lead,relation_existence;interpretation_boundary,"Adjacent organizational, procedural or institutional context may be documented; the exact actor-issue mapping is not confirmed.",Direct evidence attributable to this exact actor unit and issue definition.,,,
AI177,A074,I001,anti_base,Administrative base burden management,S043,E4,ai_seeded,Government role.,,,,,,,,,,,,,,,,,,,,,,,,,,,,,,
AI178,A075,I001,anti_base,不建立 A075—anti_base 事实边；沖縄防衛局应在工程实施者、行政程序 actor 或争议对象层编码。,S047,E4,rejected,Government context node. HR-035 batch 01 principal-confirmed factual freeze (HR035-B01-AI178).,,reject,HR035-B01-AI178,project_principal_user,2026-07-20,relation_existence;actor_identity;issue_mapping;source_ref;evidence_level;interpretation_boundary,excluded_claim_rejected,,docs/human_review_return_HR035_batch01_v1.md,争议对象、工程实施者或行政端点不等于反对该工程；可迁入程序／target 层，但不得进入无 polarity／role 的立场网络。,institutional_or_case_role,human_checked,accept,HR019-SCOPE-AI178,project_principal_user,2026-07-20,scope_kind;scope_status;scope_approved_formulation;scope_boundary,unsupported,,A075 沖縄防衛局—anti_base；按已批时间／案件／事件边界解释；共同出现不生成联盟，风险主张不升级为已证因果。,docs/human_review_return_HR019_edge_scope_batch13_v1.md,,unsupported,excluded,excluded_wrong_polarity,S047 只确认沖縄防衛局承载普天间替代设施建设环境影响评价等实施／行政角色。,没有证据表明沖縄防衛局持反基地立场。,,,不建立 A075—anti_base 事实边；沖縄防衛局应在工程实施者、行政程序 actor 或争议对象层编码。
AI179,X016,I014,military_family_service,MOSCO spouse club and AWWA member role,S079;S080;S055,E4,human_checked,HR-005 supplemental: MOSCO identity and tax record confirmed.,,,,,,,scope_reviewed_organizational_positioning,,,X016 MOSCO—military_family_service；按已批时间／案件／事件边界解释；共同出现不生成联盟，风险主张不升级为已证因果。,organizational_positioning,human_checked,accept,HR019-SCOPE-AI179,project_principal_user,2026-07-20,scope_kind;scope_status;scope_approved_formulation;scope_boundary,supported_bounded,军属配偶俱乐部的持续服务／慈善功能；AWWA membership 不生成政治或资金推断,X016 MOSCO—military_family_service；按已批时间／案件／事件边界解释；共同出现不生成联盟，风险主张不升级为已证因果。,docs/human_review_return_HR019_edge_scope_batch13_v1.md,,,,,,,,,
AI180,X017,I014,military_family_service,Army Community Group / AWWA member and gift shop lead,S041;S072;S081,E3,needs_second_source,HR-005 supplemental: identity supported by AWWA/community sources; no independent website/EIN found.,,,,,,,,,,,,,,,,,,,,,,,,,,,,,,
AI181,A102,I011,legal,National pollution-litigation legal coordination includes airport/base-noise practice,S121,E4,human_checked,HR-010 batch 5: issue tag and source basis human-confirmed; does not imply stable inter-organizational alliance.,,,,,,,,,,,,,,,,,,,,,,,,,,,,,,
AI182,A102,I020,environment,National pollution-litigation legal coordination includes airport/base-noise practice,S121,E4,human_checked,HR-010 batch 5: issue tag and source basis human-confirmed; does not imply stable inter-organizational alliance.,,,,,,,,,,,,,,,,,,,,,,,,,,,,,,
AI183,A102,I021,noise,National pollution-litigation legal coordination includes airport/base-noise practice,S121,E4,human_checked,HR-010 batch 5: issue tag and source basis human-confirmed; does not imply stable inter-organizational alliance.,,,,,,,,,,,,,,,,,,,,,,,,,,,,,,
AI184,A102,I007,life_safety,National pollution-litigation legal coordination includes airport/base-noise practice,S121,E4,human_checked,HR-010 batch 5: issue tag and source basis human-confirmed; does not imply stable inter-organizational alliance.,,,,,,,,,,,,,,,,,,,,,,,,,,,,,,
AI185,A103,I021,noise,National base-noise plaintiff-group coordination and mutual support,S122;S123,E4,human_checked,HR-010 batch 5: issue tag and source basis human-confirmed; does not imply stable inter-organizational alliance.,,,,,,,,,,,,,,,,,,,,,,,,,,,,,,
AI186,A103,I007,life_safety,National base-noise plaintiff-group coordination and mutual support,S122;S123,E4,human_checked,HR-010 batch 5: issue tag and source basis human-confirmed; does not imply stable inter-organizational alliance.,,,,,,,,,,,,,,,,,,,,,,,,,,,,,,
AI187,A103,I011,legal,National base-noise plaintiff-group coordination and mutual support,S122;S123,E4,human_checked,HR-010 batch 5: issue tag and source basis human-confirmed; does not imply stable inter-organizational alliance.,,,,,,,,,,,,,,,,,,,,,,,,,,,,,,
AI188,A103,I001,anti_base,National base-noise plaintiff-group coordination and mutual support,S122;S123,E4,human_checked,HR-010 batch 5: issue tag and source basis human-confirmed; does not imply stable inter-organizational alliance.,,,,,,,,,,,,,,,,,,,,,,,,,,,,,,
AI189,A104,I021,noise,Futenma noise-litigation counsel role,S124,E4,human_checked,HR-010 batch 5: issue tag and source basis human-confirmed; does not imply stable inter-organizational alliance.,,,,,,,,,,,,,,,,,,,,,,,,,,,,,,
AI190,A104,I007,life_safety,Futenma noise-litigation counsel role,S124,E4,human_checked,HR-010 batch 5: issue tag and source basis human-confirmed; does not imply stable inter-organizational alliance.,,,,,,,,,,,,,,,,,,,,,,,,,,,,,,
AI191,A104,I011,legal,Futenma noise-litigation counsel role,S124,E4,human_checked,HR-010 batch 5: issue tag and source basis human-confirmed; does not imply stable inter-organizational alliance.,,,,,,,,,,,,,,,,,,,,,,,,,,,,,,
AI192,A104,I001,anti_base,Futenma noise-litigation counsel role,S124,E4,human_checked,HR-010 batch 5: issue tag and source basis human-confirmed; does not imply stable inter-organizational alliance.,,,,,,,,,,,,,,,,,,,,,,,,,,,,,,
AI193,A105,I022,women,National YWCA women/human-rights/peace mission and 2020 Henoko statement,S125,E4,human_checked,HR-010 batch 5: issue tag and source basis human-confirmed; does not imply stable inter-organizational alliance.,,,,,,,,,,,,,,,,,,,,,,,,,,,,,,
AI194,A105,I023,human_rights,National YWCA women/human-rights/peace mission and 2020 Henoko statement,S125,E4,human_checked,HR-010 batch 5: issue tag and source basis human-confirmed; does not imply stable inter-organizational alliance.,,,,,,,,,,,,,,,,,,,,,,,,,,,,,,
AI195,A105,I019,peace,National YWCA women/human-rights/peace mission and 2020 Henoko statement,S125,E4,human_checked,HR-010 batch 5: issue tag and source basis human-confirmed; does not imply stable inter-organizational alliance.,,,,,,,,,,,,,,,,,,,,,,,,,,,,,,
AI196,A105,I003,Henoko,National YWCA women/human-rights/peace mission and 2020 Henoko statement,S125,E4,human_checked,HR-010 batch 5: issue tag and source basis human-confirmed; does not imply stable inter-organizational alliance.,,,,,,,,,,,,,,,,,,,,,,,,,,,,,,
AI197,A106,I003,Henoko,Metropolitan-area public action opposing Henoko soil reclamation,S126;S127,E4,human_checked,HR-010 batch 5: issue tag and source basis human-confirmed; does not imply stable inter-organizational alliance.,,,,,,,,,,,,,,,,,,,,,,,,,,,,,,
AI198,A106,I020,environment,Metropolitan-area public action opposing Henoko soil reclamation,S126;S127,E4,human_checked,HR-010 batch 5: issue tag and source basis human-confirmed; does not imply stable inter-organizational alliance.,,,,,,,,,,,,,,,,,,,,,,,,,,,,,,
AI199,A106,I001,anti_base,Metropolitan-area public action opposing Henoko soil reclamation,S126;S127,E4,human_checked,HR-010 batch 5: issue tag and source basis human-confirmed; does not imply stable inter-organizational alliance.,,,,,,,,,,,,,,,,,,,,,,,,,,,,,,
AI200,A106,I024,solidarity,Metropolitan-area public action opposing Henoko soil reclamation,S126;S127,E4,human_checked,HR-010 batch 5: issue tag and source basis human-confirmed; does not imply stable inter-organizational alliance.,,,,,,,,,,,,,,,,,,,,,,,,,,,,,,
AI201,A107,I022,women,Okinawa YWCA regional identity and women-focused mission,S144;S295,E3,human_checked,HR-011 main-thread finalization; S295 is YWCA-authored rather than independent reporting and the issue relation does not imply a stable inter-organizational alliance.,,,,,,,,,,,,,,,,,,,,,,,,,,,,,,
AI202,A107,I023,human_rights,Okinawa YWCA human-rights mission and activities,S144;S295,E3,human_checked,HR-011 main-thread finalization; S295 is YWCA-authored rather than independent reporting and the issue relation does not imply a stable inter-organizational alliance.,,,,,,,,,,,,,,,,,,,,,,,,,,,,,,
AI203,A107,I019,peace,Okinawa YWCA peace mission and activities,S144;S295,E3,human_checked,HR-011 main-thread finalization; S295 is YWCA-authored rather than independent reporting and the issue relation does not imply a stable inter-organizational alliance.,,,,,,,,,,,,,,,,,,,,,,,,,,,,,,
AI204,A108,I017,frontline_prevention,Network purpose explicitly centers preventing Okinawa becoming a battlefield,S146;S147;S148,E4,human_checked,HR-011 main-thread finalization; issue relation is source-bounded and does not imply a stable inter-organizational alliance.,,,,,,,,,,,,,,,,,,,,,,,,,,,,,,
AI205,A108,I018,Taiwan_contingency,Public framing connects Okinawa frontline risk to regional contingency planning,S146;S147;S148,E4,human_checked,HR-011 main-thread finalization; issue relation is source-bounded and does not imply a stable inter-organizational alliance.,,,,,,,,,,,,,,,,,,,,,,,,,,,,,,
AI206,A108,I019,peace,Prefectural anti-war and peace mobilization,S146;S147;S148,E4,human_checked,HR-011 main-thread finalization; issue relation is source-bounded and does not imply a stable inter-organizational alliance.,,,,,,,scope_reviewed_organizational_positioning,,,A108 沖縄を再び戦場にさせない県民の会—peace；按已批时间／案件／事件边界解释；共同出现不生成联盟，风险主张不升级为已证因果。,organizational_positioning,human_checked,accept,HR019-SCOPE-AI206,project_principal_user,2026-07-20,scope_kind;scope_status;scope_approved_formulation;scope_boundary,supported_bounded,自 2023 年成立以来的和平／前线化预防核心目的,A108 沖縄を再び戦場にさせない県民の会—peace；按已批时间／案件／事件边界解释；共同出现不生成联盟，风险主张不升级为已证因果。,docs/human_review_return_HR019_edge_scope_batch13_v1.md,,,,,,,,,
AI207,A109,I021,noise,Fourth Kadena base-noise injunction litigation counsel role,S149;S150;S151;S152,E4,human_checked,HR-011 main-thread finalization; issue relation is source-bounded and does not imply a stable inter-organizational alliance.,,,,,,,,,,,,,,,,,,,,,,,,,,,,,,
AI208,A109,I007,life_safety,Fourth Kadena litigation addresses residents' daily noise harm,S149;S150;S151;S152,E4,human_checked,HR-011 main-thread finalization; issue relation is source-bounded and does not imply a stable inter-organizational alliance.,,,,,,,,,,,,,,,,,,,,,,,,,,,,,,
AI209,A109,I011,legal,Case-specific legal representation in fourth Kadena litigation,S149;S150;S151;S152,E4,human_checked,HR-011 main-thread finalization; issue relation is source-bounded and does not imply a stable inter-organizational alliance.,,,,,,,,,,,,,,,,,,,,,,,,,,,,,,
AI210,A109,I001,anti_base,Flight-injunction claim concerning Kadena base-noise burden,S149;S150;S151;S152,E4,human_checked,HR-011 main-thread finalization; issue relation is source-bounded and does not imply a stable inter-organizational alliance.,,,,,,,,,,,,,,,,,,,,,,,,,,,,,,
AI211,A110,I003,Henoko,Sustained Osaka public actions opposing Henoko base construction,S153;S154,E3,human_checked,HR-011 main-thread finalization; issue relation is source-bounded and does not imply a stable inter-organizational alliance.,,,,,,,,,,,,,,,,,,,,,,,,,,,,,,
AI212,A110,I001,anti_base,Sustained Osaka public actions opposing Henoko base construction,S153;S154,E3,human_checked,HR-011 main-thread finalization; issue relation is source-bounded and does not imply a stable inter-organizational alliance.,,,,,,,,,,,,,,,,,,,,,,,,,,,,,,
AI213,A110,I024,solidarity,Mainland public solidarity actions concerning Henoko,S153;S154,E3,human_checked,HR-011 main-thread finalization; issue relation is source-bounded and does not imply a stable inter-organizational alliance.,,,,,,,scope_reviewed_organizational_positioning,,,A110—solidarity；按已批时间／案件／事件边界解释；共同出现不生成联盟，风险主张不升级为已证因果。,organizational_positioning,human_checked,accept,HR019-SCOPE-AI213,project_principal_user,2026-07-20,scope_kind;scope_status;scope_approved_formulation;scope_boundary,supported_bounded,2004–2026 可见的长期大阪／关西边野古声援功能；不生成稳定联盟,A110—solidarity；按已批时间／案件／事件边界解释；共同出现不生成联盟，风险主张不升级为已证因果。,docs/human_review_return_HR019_edge_scope_batch18_v1.md,,,,,,,,,
AI214,A052,I021,noise,Cross-round Kadena base-noise plaintiff-group role,S026;S149;S151;S155,E4,human_checked,HR-011/HR-012 user-reviewed issue coding. Issue association does not imply a stable inter-organizational alliance or funding relation.,,,,,,,,,,,,,,,,,,,,,,,,,,,,,,
AI215,A053,I021,noise,Cross-round Futenma base-noise plaintiff-group role,S027;S135;S156,E4,human_checked,HR-011/HR-012 user-reviewed issue coding. Issue association does not imply a stable inter-organizational alliance or funding relation.,,,,,,,,,,,,,,,,,,,,,,,,,,,,,,
AI216,A107,I001,anti_base,Direct Henoko new-base opposition photo-exhibit activity,S144;S295,E3,human_checked,HR-011 main-thread finalization; S295 is YWCA-authored rather than independent reporting and the issue relation does not imply a stable inter-organizational alliance.,,,,,,,,,,,,,,,,,,,,,,,,,,,,,,
AI217,A108,I025,anti_war,Prefecture-wide anti-war network formed to prevent Okinawa becoming a battlefield,S146;S147;S148,E4,human_checked,HR-011 main-thread finalization; issue relation is source-bounded and does not imply a stable inter-organizational alliance.,,,,,,,scope_reviewed_organizational_positioning,,,A108—anti_war；按已批时间／案件／事件边界解释；共同出现不生成联盟，风险主张不升级为已证因果。,organizational_positioning,human_checked,accept,HR019-SCOPE-AI217,project_principal_user,2026-07-20,scope_kind;scope_status;scope_approved_formulation;scope_boundary,supported_bounded,组织名称、目的和持续活动直接支持；与 peace 属同一框架,A108—anti_war；按已批时间／案件／事件边界解释；共同出现不生成联盟，风险主张不升级为已证因果。,docs/human_review_return_HR019_edge_scope_batch13_v1.md,,,,,,,,,
AI218,A110,I026,mobilization,Long-running fixed Osaka/Kansai action repertoire,S153;S154,E3,human_checked,HR-011 main-thread finalization; issue relation is source-bounded and does not imply a stable inter-organizational alliance.,,,,,,,,,,,,,,,,,,,,,,,,,,,,,,
AI219,A111,I022,women,Prefectural women's-network identity and women-focused public action,S200;S201,E4,human_checked,HR-013 human-approved actor-issue observation; dated mobilization does not imply a stable inter-organizational alliance.,,,,,,,,,,,,,,,,,,,,,,,,,,,,,,
AI220,A111,I019,peace,"Long-running women-led peace mobilization, including dated 1995 and 2024 actions",S201,E4,human_checked,HR-013 human-approved actor-issue observation; dated mobilization does not imply a stable inter-organizational alliance.,,,,,,,,,,,,,,,,,,,,,,,,,,,,,,
AI221,A111,I001,anti_base,Dated base-removal and U.S.-military accountability mobilization,S200;S201,E4,human_checked,HR-013 human-approved actor-issue observation; dated mobilization does not imply a stable inter-organizational alliance.,,,,,,,scope_reviewed_event_specific,,,A111 沖縄県女性団体連絡協議会—anti_base；按已批时间／案件／事件边界解释；共同出现不生成联盟，风险主张不升级为已证因果。,event_specific,human_checked,accept,HR019-SCOPE-AI221,project_principal_user,2026-07-20,scope_kind;scope_status;scope_approved_formulation;scope_boundary,supported_bounded,只按 1995 等具日且明确提出基地撤去的行动使用；2024 人权动员本身不自动证明反基地立场,A111 沖縄県女性団体連絡協議会—anti_base；按已批时间／案件／事件边界解释；共同出现不生成联盟，风险主张不升级为已证因果。,docs/human_review_return_HR019_edge_scope_batch13_v1.md,,,,,,,,,
AI222,A111,I023,human_rights,2024 mobilization framed U.S.-military sexual violence as a rights and accountability issue,S200;S201,E4,human_checked,HR-013 human-approved actor-issue observation; dated mobilization does not imply a stable inter-organizational alliance.,,,,,,,scope_reviewed_organizational_positioning,,,A111—human_rights；按已批时间／案件／事件边界解释；共同出现不生成联盟，风险主张不升级为已证因果。,organizational_positioning,human_checked,accept,HR019-SCOPE-AI222,project_principal_user,2026-07-20,scope_kind;scope_status;scope_approved_formulation;scope_boundary,supported_bounded,1995–2024 多期重复的人权、尊严和美军性暴力问责功能；不表示逐年连续,A111—human_rights；按已批时间／案件／事件边界解释；共同出现不生成联盟，风险主张不升级为已证因果。,docs/human_review_return_HR019_edge_scope_batch13_v1.md,,,,,,,,,
AI223,A112,I006,groundwater,宮古島地下水研究会—groundwater 表示该会持续从事宫古岛地下水研究、监测、水源保护区域与条例／行政倡议。,S269;S270;S271,E4,human_checked,HR-027 accepted the registry issue_tags field; this edge-level formulation remains a candidate and is not publication-approved. Apply the actor notes' no-causality/no-alliance boundary. HR-035 Batch 2 principal-confirmed factual review (HR035-B02-AI223).,,accept,HR035-B02-AI223,project_principal_user,2026-07-20,relation_existence;actor_identity;issue_mapping;source_ref;evidence_level;interpretation_boundary,scope_reviewed_organizational_positioning,,docs/human_review_return_HR035_batch02_v1.md,记录的是组织研究／倡议功能和风险主张；行政往返不等于正式合作、共同立场或已证污染事实。,organizational_positioning,human_checked,accept,HR019-SCOPE-AI223,project_principal_user,2026-07-20,scope_kind;scope_status;scope_approved_formulation;scope_boundary,supported_bounded,组织名称、设立目的、研究、监测、条例倡议和持续事业计划直接支持,A112—groundwater；按已批时间／案件／事件边界解释；共同出现不生成联盟，风险主张不升级为已证因果。,docs/human_review_return_HR019_edge_scope_batch14_v1.md,,supported_bounded,reviewed_actor_issue,organizational_positioning,S269、S270 为研究会公开材料，S271 为宫古岛市对研究会见解的正式回答，共同闭合研究、风险表达和行政倡议。,不确认研究会提出的所有污染风险已经发生，也不确认污染源、健康因果或政府采纳全部提案。,,,宮古島地下水研究会—groundwater 表示该会持续从事宫古岛地下水研究、监测、水源保护区域与条例／行政倡议。
AI224,A112,I008,health_risk,Public risk framing around substances that could affect drinking-water sources,S269;S270,E4,ai_seeded,HR-027 accepted the registry issue_tags field; this edge-level formulation remains a candidate and is not publication-approved. Apply the actor notes' no-causality/no-alliance boundary.,,,,,,,,,,,,,,,,,,,,,,,,,,,,,,
AI225,A112,I007,life_safety,宮古島地下水研究会—life_safety 表示其把地下水作为饮用水源与“命之水”进行保护，并将水源安全纳入组织倡议。,S270;S271,E4,human_checked,HR-027 accepted the registry issue_tags field; this edge-level formulation remains a candidate and is not publication-approved. Apply the actor notes' no-causality/no-alliance boundary. HR-035 Batch 2 principal-confirmed factual review (HR035-B02-AI225).,,accept,HR035-B02-AI225,project_principal_user,2026-07-20,relation_existence;actor_identity;issue_mapping;source_ref;evidence_level;interpretation_boundary,scope_reviewed_organizational_positioning,,docs/human_review_return_HR035_batch02_v1.md,life_safety 仅指饮用水源与生活安全框架；风险表达不升级为已证健康损害或污染源认定。,organizational_positioning,human_checked,accept,HR019-SCOPE-AI225,project_principal_user,2026-07-20,scope_kind;scope_status;scope_approved_formulation;scope_boundary,supported_bounded,持续把地下水作为饮用水源和“命之水”保护；不证明健康损害,A112—life_safety；按已批时间／案件／事件边界解释；共同出现不生成联盟，风险主张不升级为已证因果。,docs/human_review_return_HR019_edge_scope_batch14_v1.md,,supported_bounded,reviewed_actor_issue,organizational_positioning,S270 的水道水源保护提案与 S271 的市政府正式回应直接显示饮用水源保护和行政沟通。,不确认已发生具体健康损害、疾病因果或研究会风险判断已获行政机关实体认可。,,,宮古島地下水研究会—life_safety 表示其把地下水作为饮用水源与“命之水”进行保护，并将水源安全纳入组织倡议。
AI226,A112,I020,environment,宮古島地下水研究会—environment 表示其持续开展地下水保全、井泉／水源调查、污染预防及与珊瑚礁生态相连的环境倡议。,S158;S204;S270,E4,human_checked,HR-027 accepted the registry issue_tags field; this edge-level formulation remains a candidate and is not publication-approved. Apply the actor notes' no-causality/no-alliance boundary. HR-035 Batch 2 principal-confirmed factual review (HR035-B02-AI226).,,accept,HR035-B02-AI226,project_principal_user,2026-07-20,relation_existence;actor_identity;issue_mapping;source_ref;evidence_level;interpretation_boundary,scope_reviewed_organizational_positioning,,docs/human_review_return_HR035_batch02_v1.md,组织研究与预防性倡议不等于污染事实、损害程度或政策效果；不得生成与行政机关的联盟关系。,organizational_positioning,human_checked,accept,HR019-SCOPE-AI226,project_principal_user,2026-07-20,scope_kind;scope_status;scope_approved_formulation;scope_boundary,supported_bounded,地下水保全、井泉调查、污染预防及珊瑚礁关切属于持续环境功能,A112—environment；按已批时间／案件／事件边界解释；共同出现不生成联盟，风险主张不升级为已证因果。,docs/human_review_return_HR019_edge_scope_batch14_v1.md,,supported_bounded,reviewed_actor_issue,organizational_positioning,S158 的团体概要、S204 的持续活动索引和 S270 的水源保护提案共同支持环境研究／倡议功能。,不确认所有污染主张、生态影响或设施排水因果已经由独立监测或行政机关证实。,,,宮古島地下水研究会—environment 表示其持续开展地下水保全、井泉／水源调查、污染预防及与珊瑚礁生态相连的环境倡议。
AI227,A113,I006,groundwater,PFAS sampling and groundwater investigation requests in Ginowan/Futenma,S273;S274;S276;S277,E4,ai_seeded,HR-027 accepted the registry issue_tags field; this edge-level formulation remains a candidate and is not publication-approved. Apply the actor notes' no-causality/no-alliance boundary.,,,,,,,,,,,,,,,,,,,,,,,,,,,,,,
AI228,A113,I008,health_risk,Requests for exposure/health investigation and bounded PFAS risk communication,S273;S276,E4,ai_seeded,HR-027 accepted the registry issue_tags field; this edge-level formulation remains a candidate and is not publication-approved. Apply the actor notes' no-causality/no-alliance boundary.,,,,,,,,,,,,,,,,,,,,,,,,,,,,,,
AI229,A113,I007,life_safety,Resident-led sampling and requests concerning school/community safety,S274;S275;S278,E4,ai_seeded,HR-027 accepted the registry issue_tags field; this edge-level formulation remains a candidate and is not publication-approved. Apply the actor notes' no-causality/no-alliance boundary.,,,,,,,,,,,,,,,,,,,,,,,,,,,,,,
AI230,A113,I020,environment,PFAS contamination monitoring and administrative requests,S273;S274;S277,E4,ai_seeded,HR-027 accepted the registry issue_tags field; this edge-level formulation remains a candidate and is not publication-approved. Apply the actor notes' no-causality/no-alliance boundary.,,,,,,,,,,,,,,,,,,,,,,,,,,,,,,
AI231,A113,I011,legal,宜野湾ちゅら水会—legal 当前可冻结到 2022 年 PFAS 血液检查请愿、委员会参考人陈述及相关市议会程序。,S273;S274,E4,human_revised,HR-027 accepted the registry issue_tags field; this edge-level formulation remains a candidate and is not publication-approved. Apply the actor notes' no-causality/no-alliance boundary. HR-035 batch 01 principal-confirmed factual freeze (HR035-B01-AI231).,,revise,HR035-B01-AI231,project_principal_user,2026-07-20,relation_existence;actor_identity;issue_mapping;source_ref;evidence_level;interpretation_boundary,scope_reviewed_institutional_or_case_role,,docs/human_review_return_HR035_batch01_v1.md,只表示 petition／formal-procedure user，不是一般法律组织；不推断 PFAS 因果、污染源、实体胜败或程序效果。,institutional_or_case_role,human_checked,accept,HR019-SCOPE-AI231,project_principal_user,2026-07-20,scope_kind;scope_status;scope_approved_formulation;scope_boundary,supported_bounded,宜野湾ちゅら水会—legal 当前可冻结到 2022 年 PFAS 血液检查请愿、委员会参考人陈述及相关市议会程序。,只表示 petition／formal-procedure user，不是一般法律组织；不推断 PFAS 因果、污染源、实体胜败或程序效果。,docs/human_review_return_HR019_edge_scope_batch14_v1.md,,supported_bounded,reviewed_actor_issue,institutional_or_case_role,S273 点名该会参考人并记录请愿内容；S274 官方意见书点名该会采样及市议会制度输出。,现有 S273/S274 不支持 2025–2026 公害调停申请、审查及程序性驳回；该阶段须另行登记、归档来源后再冻结。,,,宜野湾ちゅら水会—legal 当前可冻结到 2022 年 PFAS 血液检查请愿、委员会参考人陈述及相关市议会程序。
AI232,A114,I001,anti_base,全日本港湾労働組合沖縄地方本部—anti_base 表示该地方本部在 2015 年抗议集会中明确反对边野古新基地，并在 2025 年地方分支报告中记录基地议题现场学习与和平行进参与。,S286;S289,E3,human_revised,HR-027 accepted the registry issue_tags field; this edge-level formulation remains a candidate and is not publication-approved. Apply the actor notes' no-causality/no-alliance boundary. HR-035 Batch 2 principal-confirmed factual review (HR035-B02-AI232).,,revise,HR035-B02-AI232,project_principal_user,2026-07-20,relation_existence;actor_identity;issue_mapping;source_ref;evidence_level;interpretation_boundary,scope_reviewed_organizational_positioning,,docs/human_review_return_HR035_batch02_v1.md,只归属沖縄地方本部／其具名分支的两个有日期行动；劳组地方行动不转嫁全国本部，共同行进不生成联盟。,organizational_positioning,human_checked,accept,HR019-SCOPE-AI232,project_principal_user,2026-07-20,scope_kind;scope_status;scope_approved_formulation;scope_boundary,supported_bounded,2015–2026分支级行动反复连接边野古、基地负担和“基地ない沖縄”,A114—anti_base；按已批时间／案件／事件边界解释；共同出现不生成联盟，风险主张不升级为已证因果。,docs/human_review_return_HR019_edge_scope_batch14_v1.md,,supported_bounded,reviewed_actor_issue,organizational_positioning,S286 直接点名沖縄地方本部并记录反对边野古新基地；S289 是地方分支 2025 年和平行进与基地问题学习报告。,不支持原表所称 2015–2026 连续行动，也不确认其反对沖縄所有基地或全国本部实施相同行动。,,,全日本港湾労働組合沖縄地方本部—anti_base 表示该地方本部在 2015 年抗议集会中明确反对边野古新基地，并在 2025 年地方分支报告中记录基地议题现场学习与和平行进参与。
AI233,A114,I002,anti_military,全日本港湾労働組合沖縄地方本部—anti_military 仅表示其在 2024 年反对美国海军军舰使用石垣／那霸民用港，并以罢工等方式介入该次港湾军事利用争议。,S287;S288,E4,human_revised,HR-027 accepted the registry issue_tags field; this edge-level formulation remains a candidate and is not publication-approved. Apply the actor notes' no-causality/no-alliance boundary. HR-035 Batch 2 principal-confirmed factual review (HR035-B02-AI233).,,revise,HR035-B02-AI233,project_principal_user,2026-07-20,relation_existence;actor_identity;issue_mapping;source_ref;evidence_level;interpretation_boundary,scope_revised_event_specific,,docs/human_review_return_HR035_batch02_v1.md,严格限定 2024 年民用港军事利用／军舰寄港事件；不裁定罢工合法性、效果或更广泛政治立场。,event_specific,human_revised,revise,HR035-B02-AI233,project_principal_user,2026-07-20,scope_kind;scope_status;scope_approved_formulation;scope_boundary,supported_bounded,全日本港湾労働組合沖縄地方本部—anti_military 仅表示其在 2024 年反对美国海军军舰使用石垣／那霸民用港，并以罢工等方式介入该次港湾军事利用争议。,严格限定 2024 年民用港军事利用／军舰寄港事件；不裁定罢工合法性、效果或更广泛政治立场。,docs/human_review_return_HR035_batch02_v1.md,,supported_bounded,reviewed_actor_issue,event_specific,S287 官方决议记录地方本部对军舰寄港及民用港军事利用的反对和罢工方针；S288 国会记录确认 2024 年石垣罢工及官方转述理由。,不确认该地方本部对所有军队、全部日美演习或所有时期持一般性 anti_military 定位。,,,全日本港湾労働組合沖縄地方本部—anti_military 仅表示其在 2024 年反对美国海军军舰使用石垣／那霸民用港，并以罢工等方式介入该次港湾军事利用争议。
AI234,A114,I019,peace,全日本港湾労働組合沖縄地方本部—peace 表示其在 2015 年反安保法案／新基地抗议及 2025 年 5·15 和平行进中有具名参与。,S286;S289,E3,human_revised,HR-027 accepted the registry issue_tags field; this edge-level formulation remains a candidate and is not publication-approved. Apply the actor notes' no-causality/no-alliance boundary. HR-035 Batch 2 principal-confirmed factual review (HR035-B02-AI234).,,revise,HR035-B02-AI234,project_principal_user,2026-07-20,relation_existence;actor_identity;issue_mapping;source_ref;evidence_level;interpretation_boundary,scope_reviewed_organizational_positioning,,docs/human_review_return_HR035_batch02_v1.md,以两个具日期的地方本部／分支行动为限；活动参与不证明政策效果、联盟或全国本部同等行动。,organizational_positioning,human_checked,accept,HR019-SCOPE-AI234,project_principal_user,2026-07-20,scope_kind;scope_status;scope_approved_formulation;scope_boundary,supported_bounded,2015行动及2024–2026连续和平行进支持持续和平活动,A114—peace；按已批时间／案件／事件边界解释；共同出现不生成联盟，风险主张不升级为已证因果。,docs/human_review_return_HR019_edge_scope_batch14_v1.md,,supported_bounded,reviewed_actor_issue,organizational_positioning,S286 闭合 2015 年地方本部抗议行动，S289 闭合 2025 年地方分支和平行进参与与基地问题学习。,不支持“2024–2026 连续和平行进”，也不确认其在两个有证年份之外的持续频率或全部分支活动。,,,全日本港湾労働組合沖縄地方本部—peace 表示其在 2015 年反安保法案／新基地抗议及 2025 年 5·15 和平行进中有具名参与。
AI235,A114,I007,life_safety,Union's stated port-worker occupational-safety framing,S287;S288,E4,ai_seeded,HR-027 accepted the registry issue_tags field; this edge-level formulation remains a candidate and is not publication-approved. Apply the actor notes' no-causality/no-alliance boundary.,,,,,,,,,,,,,,,,,,,,,,,,,,,,,,
AI236,A114,I026,mobilization,全日本港湾労働組合沖縄地方本部—mobilization 表示现有材料记录其在 2015、2024、2025 年分别采用抗议集会、港湾罢工和和平行进等行动方式。,S286;S288;S289,E4,human_revised,HR-027 accepted the registry issue_tags field; this edge-level formulation remains a candidate and is not publication-approved. Apply the actor notes' no-causality/no-alliance boundary. HR-035 Batch 2 principal-confirmed factual review (HR035-B02-AI236).,,revise,HR035-B02-AI236,project_principal_user,2026-07-20,relation_existence;actor_identity;issue_mapping;source_ref;evidence_level;interpretation_boundary,scope_reviewed_organizational_positioning,,docs/human_review_return_HR035_batch02_v1.md,这里只编码可观察的重复行动 repertoire；不同事件不得合并为稳定联盟、统一运动组织或因果链。,organizational_positioning,human_checked,accept,HR019-SCOPE-AI236,project_principal_user,2026-07-20,scope_kind;scope_status;scope_approved_formulation;scope_boundary,supported_bounded,集会、罢工、港湾抗议和年度行进构成重复组织 repertoire,A114—mobilization；按已批时间／案件／事件边界解释；共同出现不生成联盟，风险主张不升级为已证因果。,docs/human_review_return_HR019_edge_scope_batch14_v1.md,,supported_bounded,reviewed_actor_issue,organizational_positioning,S286、S288、S289 分别闭合抗议集会、石垣港罢工及 5·15 和平行进等有日期行动。,不确认完整行动清单、年度连续性、动员规模准确性、组织能力强弱或行动效果。,,,全日本港湾労働組合沖縄地方本部—mobilization 表示现有材料记录其在 2015、2024、2025 年分别采用抗议集会、港湾罢工和和平行进等行动方式。
AI237,A115,I022,women,新日本婦人の会沖縄県本部—women 表示其作为全国女性会员组织的新日本婦人の会之沖縄县本部，以女性会员和县本部—支部—班结构开展地方活动。,S280;S282;S283,E4,human_checked,HR-027 accepted the registry issue_tags field; this edge-level formulation remains a candidate and is not publication-approved. Apply the actor notes' no-causality/no-alliance boundary. HR-035 Batch 2 principal-confirmed factual review (HR035-B02-AI237).,,accept,HR035-B02-AI237,project_principal_user,2026-07-20,relation_existence;actor_identity;issue_mapping;source_ref;evidence_level;interpretation_boundary,scope_reviewed_organizational_positioning,,docs/human_review_return_HR035_batch02_v1.md,母体组织结构可支持地方本部身份，不支持分支间行动转嫁、党派隶属或全部成员意见一致。,organizational_positioning,human_checked,accept,HR019-SCOPE-AI237,project_principal_user,2026-07-20,scope_kind;scope_status;scope_approved_formulation;scope_boundary,supported_bounded,女性会员组织及县本部—支部—班结构的核心组织属性,A115—women；按已批时间／案件／事件边界解释；共同出现不生成联盟，风险主张不升级为已证因果。,docs/human_review_return_HR019_edge_scope_batch14_v1.md,,supported_bounded,reviewed_actor_issue,organizational_positioning,S280 官方组织介绍确认女性组织及都道府县本部结构；S282、S283 独立点名沖縄県本部的地方行动。,不确认全部沖縄女性由该会代表，也不把中央本部每项声明或其他县本部行动转移给 A115。,,,新日本婦人の会沖縄県本部—women 表示其作为全国女性会员组织的新日本婦人の会之沖縄县本部，以女性会员和县本部—支部—班结构开展地方活动。
AI238,A115,I023,human_rights,Dated requests concerning U.S.-military sexual violence,S281;S282,E4,ai_seeded,HR-027 accepted the registry issue_tags field; this edge-level formulation remains a candidate and is not publication-approved. Apply the actor notes' no-causality/no-alliance boundary.,,,,,,,,,,,,,,,,,,,,,,,,,,,,,,
AI239,A115,I019,peace,Local requests and public action framed through peace and women's rights,S281;S282,E4,ai_seeded,HR-027 accepted the registry issue_tags field; this edge-level formulation remains a candidate and is not publication-approved. Apply the actor notes' no-causality/no-alliance boundary.,,,,,,,,,,,,,,,,,,,,,,,,,,,,,,
AI240,A115,I001,anti_base,新日本婦人の会沖縄県本部—anti_base 表示其在 2014 年由县本部会员开展反对边野古新基地行动，并在 2018 年由沖縄県本部启动边野古县民投票条例签名动员。,S254;S281;S283,E4,human_checked,HR-027 accepted the registry issue_tags field; this edge-level formulation remains a candidate and is not publication-approved. Apply the actor notes' no-causality/no-alliance boundary. HR-035 Batch 2 principal-confirmed factual review (HR035-B02-AI240).,,accept,HR035-B02-AI240,project_principal_user,2026-07-20,relation_existence;actor_identity;issue_mapping;source_ref;evidence_level;interpretation_boundary,scope_reviewed_organizational_positioning,,docs/human_review_return_HR035_batch02_v1.md,仅使用明确归因地方本部的材料；共同动员不生成党派隶属、稳定联盟、选举因果或政策效果。,organizational_positioning,human_checked,accept,HR019-SCOPE-AI240,project_principal_user,2026-07-20,scope_kind;scope_status;scope_approved_formulation;scope_boundary,supported_bounded,县本部多期具名行动支持；不得由全国中央声明或共同署名单独承担,A115—anti_base；按已批时间／案件／事件边界解释；共同出现不生成联盟，风险主张不升级为已证因果。,docs/human_review_return_HR019_edge_scope_batch14_v1.md,,supported_bounded,reviewed_actor_issue,organizational_positioning,S254 中央本部官方谈话明确归因沖縄県本部会员的反新基地行动；S283 精确点名沖縄県本部的边野古县民投票签名行动。,不确认全国本部的全部反基地行动属于 A115，也不支持 2014、2018 以外所有时期或所有基地的一般立场。,,,新日本婦人の会沖縄県本部—anti_base 表示其在 2014 年由县本部会员开展反对边野古新基地行动，并在 2018 年由沖縄県本部启动边野古县民投票条例签名动员。
AI241,A115,I010,referendum,新日本婦人の会沖縄県本部—referendum 仅表示冲绳县本部在 2018 年启动边野古县民投票条例签名动员。,S283,E3,human_checked,HR-027 accepted the registry issue_tags field; this edge-level formulation remains a candidate and is not publication-approved. Apply the actor notes' no-causality/no-alliance boundary. HR-035 batch 01 principal-confirmed factual freeze (HR035-B01-AI241).,,accept,HR035-B01-AI241,project_principal_user,2026-07-20,relation_existence;actor_identity;issue_mapping;source_ref;evidence_level;interpretation_boundary,scope_reviewed_institutional_or_case_role,,docs/human_review_return_HR035_batch01_v1.md,分支行动不转移给全国组织；共同动员不生成党派隶属、稳定联盟或政策效果。,institutional_or_case_role,human_checked,accept,HR019-SCOPE-AI241,project_principal_user,2026-07-20,scope_kind;scope_status;scope_approved_formulation;scope_boundary,supported_bounded,新日本婦人の会沖縄県本部—referendum 仅表示冲绳县本部在 2018 年启动边野古县民投票条例签名动员。,分支行动不转移给全国组织；共同动员不生成党派隶属、稳定联盟或政策效果。,docs/human_review_return_HR019_edge_scope_batch15_v1.md,,supported_bounded,reviewed_actor_issue,institutional_or_case_role,S283 精确点名沖縄県本部、行动日期、边野古县民投票条例对象及签名动员。,不确认全国本部实施该行动，也不支持 2018–2019 以外的持续县民投票角色。,,,新日本婦人の会沖縄県本部—referendum 仅表示冲绳县本部在 2018 年启动边野古县民投票条例签名动员。
AI242,A076,I004,dugong,A076→I004 dugong；仅指其作为具名原告参加冲绳儒艮／栖息地案件,S093;S060,E4,human_checked,HR-024 case-specific actor-issue mapping. 统一 scope=case、case_id=R8C01、review_status=human_checked；不补组织持续性，不生成联盟、胜诉或工程效果。 Package-local source keys not centralized: EA-S003.,,accept,HR024-002,project_principal_user,2026-07-19,actor_id;issue_id;relation_basis;source_ref;scope_kind;case_id;interpretation_limit,active_case_specific,,docs/human_review_return_HR024_HR025_batch03_v1.md,统一 scope=case、case_id=R8C01、review_status=human_checked；不补组织持续性，不生成联盟、胜诉或工程效果。,case,human_checked,accept,HR024-002,project_principal_user,2026-07-19,scope_kind;case_id;scope_boundary,supported_bounded,A076→I004 dugong；仅指其作为具名原告参加冲绳儒艮／栖息地案件,统一 scope=case、case_id=R8C01、review_status=human_checked；不补组织持续性，不生成联盟、胜诉或工程效果。,docs/human_review_return_HR024_HR025_batch03_v1.md,,supported_bounded,case_role,relation_existence;case_role;interpretation_boundary,Actor-issue connection within R8C01 Okinawa Dugong litigation.,Organization continuity and any activity outside R8C01 are not established by this edge.,R8C01,EA-S002;EA-S001;EA-S003,A076→I004 dugong；仅指其作为具名原告参加冲绳儒艮／栖息地案件
AI243,A076,I011,legal,A076→I011 legal；仅指通过美国 NHPA／APA 司法程序进入法律路径；不外推其他案件,S093;S060,E4,human_checked,HR-024 case-specific actor-issue mapping. 统一 scope=case、case_id=R8C01、review_status=human_checked；不补组织持续性，不生成联盟、胜诉或工程效果。,,accept,HR024-003,project_principal_user,2026-07-19,actor_id;issue_id;relation_basis;source_ref;scope_kind;case_id;interpretation_limit,active_case_specific,,docs/human_review_return_HR024_HR025_batch03_v1.md,统一 scope=case、case_id=R8C01、review_status=human_checked；不补组织持续性，不生成联盟、胜诉或工程效果。,case,human_checked,accept,HR024-003,project_principal_user,2026-07-19,scope_kind;case_id;scope_boundary,supported_bounded,A076→I011 legal；仅指通过美国 NHPA／APA 司法程序进入法律路径；不外推其他案件,统一 scope=case、case_id=R8C01、review_status=human_checked；不补组织持续性，不生成联盟、胜诉或工程效果。,docs/human_review_return_HR024_HR025_batch03_v1.md,,supported_bounded,case_role,relation_existence;case_role;interpretation_boundary,Actor-issue connection within R8C01 Okinawa Dugong litigation.,Organization continuity and any activity outside R8C01 are not established by this edge.,R8C01,EA-S002;EA-S001,A076→I011 legal；仅指通过美国 NHPA／APA 司法程序进入法律路径；不外推其他案件
AI244,A076,I003,Henoko,A076→I003 Henoko；仅指该案件以边野古沿岸迁移计划为对象；不证明 A076 在所有时期都有独立边野古现场行动,S060;S093,E4,human_checked,HR-024 case-specific actor-issue mapping. 统一 scope=case、case_id=R8C01、review_status=human_checked；不补组织持续性，不生成联盟、胜诉或工程效果。,,accept,HR024-004,project_principal_user,2026-07-19,actor_id;issue_id;relation_basis;source_ref;scope_kind;case_id;interpretation_limit,active_case_specific,,docs/human_review_return_HR024_HR025_batch03_v1.md,统一 scope=case、case_id=R8C01、review_status=human_checked；不补组织持续性，不生成联盟、胜诉或工程效果。,case,human_checked,accept,HR024-004,project_principal_user,2026-07-19,scope_kind;case_id;scope_boundary,supported_bounded,A076→I003 Henoko；仅指该案件以边野古沿岸迁移计划为对象；不证明 A076 在所有时期都有独立边野古现场行动,统一 scope=case、case_id=R8C01、review_status=human_checked；不补组织持续性，不生成联盟、胜诉或工程效果。,docs/human_review_return_HR024_HR025_batch03_v1.md,,supported_bounded,case_role,relation_existence;case_role;interpretation_boundary,Actor-issue connection within R8C01 Okinawa Dugong litigation.,Organization continuity and any activity outside R8C01 are not established by this edge.,R8C01,EA-S001;EA-S002,A076→I003 Henoko；仅指该案件以边野古沿岸迁移计划为对象；不证明 A076 在所有时期都有独立边野古现场行动
AI245,A086,I004,dugong,A086→I004 dugong；只确认同案具名原告与冲绳儒艮议题连接,S229;S060,E4,human_checked,HR-024 case-specific actor-issue mapping. 统一 scope=case、case_id=R8C01、review_status=human_checked；不补组织持续性，不生成联盟、胜诉或工程效果。,,accept,HR024-005,project_principal_user,2026-07-19,actor_id;issue_id;relation_basis;source_ref;scope_kind;case_id;interpretation_limit,active_case_specific,,docs/human_review_return_HR024_HR025_batch03_v1.md,统一 scope=case、case_id=R8C01、review_status=human_checked；不补组织持续性，不生成联盟、胜诉或工程效果。,case,human_checked,accept,HR024-005,project_principal_user,2026-07-19,scope_kind;case_id;scope_boundary,supported_bounded,A086→I004 dugong；只确认同案具名原告与冲绳儒艮议题连接,统一 scope=case、case_id=R8C01、review_status=human_checked；不补组织持续性，不生成联盟、胜诉或工程效果。,docs/human_review_return_HR024_HR025_batch03_v1.md,,supported_bounded,case_role,relation_existence;case_role;interpretation_boundary,Actor-issue connection within R8C01 Okinawa Dugong litigation.,Organization continuity and any activity outside R8C01 are not established by this edge.,R8C01,EA-S006;EA-S005,A086→I004 dugong；只确认同案具名原告与冲绳儒艮议题连接
AI246,A086,I011,legal,A086→I011 legal；只确认 NHPA／APA 案件程序；不外推其他冲绳诉讼,S229;S060,E4,human_checked,HR-024 case-specific actor-issue mapping. 统一 scope=case、case_id=R8C01、review_status=human_checked；不补组织持续性，不生成联盟、胜诉或工程效果。,,accept,HR024-006,project_principal_user,2026-07-19,actor_id;issue_id;relation_basis;source_ref;scope_kind;case_id;interpretation_limit,active_case_specific,,docs/human_review_return_HR024_HR025_batch03_v1.md,统一 scope=case、case_id=R8C01、review_status=human_checked；不补组织持续性，不生成联盟、胜诉或工程效果。,case,human_checked,accept,HR024-006,project_principal_user,2026-07-19,scope_kind;case_id;scope_boundary,supported_bounded,A086→I011 legal；只确认 NHPA／APA 案件程序；不外推其他冲绳诉讼,统一 scope=case、case_id=R8C01、review_status=human_checked；不补组织持续性，不生成联盟、胜诉或工程效果。,docs/human_review_return_HR024_HR025_batch03_v1.md,,supported_bounded,case_role,relation_existence;case_role;interpretation_boundary,Actor-issue connection within R8C01 Okinawa Dugong litigation.,Organization continuity and any activity outside R8C01 are not established by this edge.,R8C01,EA-S006;EA-S005,A086→I011 legal；只确认 NHPA／APA 案件程序；不外推其他冲绳诉讼
AI247,A086,I012,international_advocacy,A086→I012 international_advocacy；把“跨太平洋法律倡议路径的一环”改成可观察事实：“美国海洋保护组织以具名原告身份参加涉及冲绳儒艮的美国联邦诉讼”；共同诉讼不等于稳定联盟,S060;S229,E4,human_checked,HR-024 case-specific actor-issue mapping. 统一 scope=case、case_id=R8C01、review_status=human_checked；不补组织持续性，不生成联盟、胜诉或工程效果。,,revise,HR024-007,project_principal_user,2026-07-19,actor_id;issue_id;relation_basis;source_ref;scope_kind;case_id;interpretation_limit,active_case_specific,,docs/human_review_return_HR024_HR025_batch03_v1.md,统一 scope=case、case_id=R8C01、review_status=human_checked；不补组织持续性，不生成联盟、胜诉或工程效果。,case,human_checked,revise,HR024-007,project_principal_user,2026-07-19,scope_kind;case_id;scope_boundary,supported_bounded,A086→I012 international_advocacy；把“跨太平洋法律倡议路径的一环”改成可观察事实：“美国海洋保护组织以具名原告身份参加涉及冲绳儒艮的美国联邦诉讼”；共同诉讼不等于稳定联盟,统一 scope=case、case_id=R8C01、review_status=human_checked；不补组织持续性，不生成联盟、胜诉或工程效果。,docs/human_review_return_HR024_HR025_batch03_v1.md,,supported_bounded,case_role,relation_existence;case_role;interpretation_boundary,Actor-issue connection within R8C01 Okinawa Dugong litigation.,Organization continuity and any activity outside R8C01 are not established by this edge.,R8C01,EA-S005;EA-S006,A086→I012 international_advocacy；把“跨太平洋法律倡议路径的一环”改成可观察事实：“美国海洋保护组织以具名原告身份参加涉及冲绳儒艮的美国联邦诉讼”；共同诉讼不等于稳定联盟
AI248,A086,I005,biodiversity,A086→I005 biodiversity；写成“案件材料把珊瑚礁、海草床与濒危儒艮栖息地作为案件背景”；不写成 A086 在冲绳另有持续、全面的 biodiversity program,S060;S228,E4,human_checked,HR-024 case-specific actor-issue mapping. 统一 scope=case、case_id=R8C01、review_status=human_checked；不补组织持续性，不生成联盟、胜诉或工程效果。,,revise,HR024-008,project_principal_user,2026-07-19,actor_id;issue_id;relation_basis;source_ref;scope_kind;case_id;interpretation_limit,active_case_specific,,docs/human_review_return_HR024_HR025_batch03_v1.md,统一 scope=case、case_id=R8C01、review_status=human_checked；不补组织持续性，不生成联盟、胜诉或工程效果。,case,human_checked,revise,HR024-008,project_principal_user,2026-07-19,scope_kind;case_id;scope_boundary,supported_bounded,A086→I005 biodiversity；写成“案件材料把珊瑚礁、海草床与濒危儒艮栖息地作为案件背景”；不写成 A086 在冲绳另有持续、全面的 biodiversity program,统一 scope=case、case_id=R8C01、review_status=human_checked；不补组织持续性，不生成联盟、胜诉或工程效果。,docs/human_review_return_HR024_HR025_batch03_v1.md,,supported_bounded,case_role,relation_existence;case_role;interpretation_boundary,Actor-issue connection within R8C01 Okinawa Dugong litigation.,Organization continuity and any activity outside R8C01 are not established by this edge.,R8C01,EA-S005;EA-S004,A086→I005 biodiversity；写成“案件材料把珊瑚礁、海草床与濒危儒艮栖息地作为案件背景”；不写成 A086 在冲绳另有持续、全面的 biodiversity program
AI249,A087,I019,peace,法人定款和自有说明以世界恒久和平的创造为明确目的。,S103;S230,E4,human_checked,HR-010 batch 6 principal-confirmed actor--issue edge. Package-local keys: EA-S007;EA-S008.,,accept,HR010-B6-001,project_principal_user,2026-07-20,actor_id;issue_id;relation_basis;source_ref;evidence_level;scope_kind;interpretation_limit,scope_reviewed_organizational_positioning,,docs/human_review_return_remaining_online_145_v1.md,法定目的不等于所有计划均已实施。,organizational_positioning,human_checked,accept,HR010-B6-001,project_principal_user,2026-07-20,scope_kind;scope_status;scope_approved_formulation;scope_boundary,supported_bounded,法人定款和自有说明以世界恒久和平的创造为明确目的。,法定目的不等于所有计划均已实施。,docs/human_review_return_remaining_online_145_v1.md,,supported_bounded,reviewed_actor_issue,relation_existence;scope;interpretation_boundary,法人定款和自有说明以世界恒久和平的创造为明确目的。,法定目的不等于所有计划均已实施。,,EA-S007;EA-S008,法人定款和自有说明以世界恒久和平的创造为明确目的。
AI250,A087,I025,anti_war,法人目的明确包含废除战争与核武器。,S103;S230,E4,human_checked,HR-010 batch 6 principal-confirmed actor--issue edge. Package-local keys: EA-S007;EA-S008.,,accept,HR010-B6-002,project_principal_user,2026-07-20,actor_id;issue_id;relation_basis;source_ref;evidence_level;scope_kind;interpretation_limit,scope_reviewed_organizational_positioning,,docs/human_review_return_remaining_online_145_v1.md,属于组织定位，不推断具体反基地行动。,organizational_positioning,human_checked,accept,HR010-B6-002,project_principal_user,2026-07-20,scope_kind;scope_status;scope_approved_formulation;scope_boundary,supported_bounded,法人目的明确包含废除战争与核武器。,属于组织定位，不推断具体反基地行动。,docs/human_review_return_remaining_online_145_v1.md,,supported_bounded,reviewed_actor_issue,relation_existence;scope;interpretation_boundary,法人目的明确包含废除战争与核武器。,属于组织定位，不推断具体反基地行动。,,EA-S007;EA-S008,法人目的明确包含废除战争与核武器。
AI251,A087,I015,international_cooperation,法人定款把国际合作与国际相互理解列为活动目的，并计划向世界提出网络纪念项目。,S103;S230,E4,human_checked,HR-010 batch 6 principal-confirmed actor--issue edge. Package-local keys: EA-S007;EA-S008.,,accept,HR010-B6-003,project_principal_user,2026-07-20,actor_id;issue_id;relation_basis;source_ref;evidence_level;scope_kind;interpretation_limit,scope_reviewed_organizational_positioning,,docs/human_review_return_remaining_online_145_v1.md,国际意向不等于已形成国际合作关系。,organizational_positioning,human_checked,accept,HR010-B6-003,project_principal_user,2026-07-20,scope_kind;scope_status;scope_approved_formulation;scope_boundary,supported_bounded,法人定款把国际合作与国际相互理解列为活动目的，并计划向世界提出网络纪念项目。,国际意向不等于已形成国际合作关系。,docs/human_review_return_remaining_online_145_v1.md,,supported_bounded,reviewed_actor_issue,relation_existence;scope;interpretation_boundary,法人定款把国际合作与国际相互理解列为活动目的，并计划向世界提出网络纪念项目。,国际意向不等于已形成国际合作关系。,,EA-S007;EA-S008,法人定款把国际合作与国际相互理解列为活动目的，并计划向世界提出网络纪念项目。
AI252,A088,I019,peace,JICA官方组织介绍将OPAC界定为以和平为轴、开展和平学习与人才培养的机构。,S231;S232,E4,human_checked,HR-010 batch 6 principal-confirmed actor--issue edge. Package-local keys: EA-S010;EA-S011.,,accept,HR010-B6-004,project_principal_user,2026-07-20,actor_id;issue_id;relation_basis;source_ref;evidence_level;scope_kind;interpretation_limit,scope_reviewed_organizational_positioning,,docs/human_review_return_remaining_online_145_v1.md,机构兼具安全保障研究功能，不应自动编码为反基地。,organizational_positioning,human_checked,accept,HR010-B6-004,project_principal_user,2026-07-20,scope_kind;scope_status;scope_approved_formulation;scope_boundary,supported_bounded,JICA官方组织介绍将OPAC界定为以和平为轴、开展和平学习与人才培养的机构。,机构兼具安全保障研究功能，不应自动编码为反基地。,docs/human_review_return_remaining_online_145_v1.md,,supported_bounded,reviewed_actor_issue,relation_existence;scope;interpretation_boundary,JICA官方组织介绍将OPAC界定为以和平为轴、开展和平学习与人才培养的机构。,机构兼具安全保障研究功能，不应自动编码为反基地。,,EA-S010;EA-S011,JICA官方组织介绍将OPAC界定为以和平为轴、开展和平学习与人才培养的机构。
AI253,A088,I015,international_cooperation,OPAC持续开展国际和平合作，并作为指定团体参与柬埔寨和平博物馆人才培养项目。,S232;S231,E4,human_checked,HR-010 batch 6 principal-confirmed actor--issue edge. Package-local keys: EA-S011;EA-S010.,,accept,HR010-B6-005,project_principal_user,2026-07-20,actor_id;issue_id;relation_basis;source_ref;evidence_level;scope_kind;interpretation_limit,scope_reviewed_institutional_or_case_role,,docs/human_review_return_remaining_online_145_v1.md,项目角色不等于资金金额或运动关系。,institutional_or_case_role,human_checked,accept,HR010-B6-005,project_principal_user,2026-07-20,scope_kind;scope_status;scope_approved_formulation;scope_boundary,supported_bounded,OPAC持续开展国际和平合作，并作为指定团体参与柬埔寨和平博物馆人才培养项目。,项目角色不等于资金金额或运动关系。,docs/human_review_return_remaining_online_145_v1.md,,supported_bounded,reviewed_actor_issue,relation_existence;scope;interpretation_boundary,OPAC持续开展国际和平合作，并作为指定团体参与柬埔寨和平博物馆人才培养项目。,项目角色不等于资金金额或运动关系。,,EA-S011;EA-S010,OPAC持续开展国际和平合作，并作为指定团体参与柬埔寨和平博物馆人才培养项目。
AI254,A089,I019,peace,沖教組把和平与民主教育作为持续组织目标。,S105,E4,human_checked,HR-010 batch 6 principal-confirmed actor--issue edge. Package-local keys: EA-S012.,,accept,HR010-B6-006,project_principal_user,2026-07-20,actor_id;issue_id;relation_basis;source_ref;evidence_level;scope_kind;interpretation_limit,scope_reviewed_organizational_positioning,,docs/human_review_return_remaining_online_145_v1.md,教育工会的和平定位不等于每个分会采取相同具体行动。,organizational_positioning,human_checked,accept,HR010-B6-006,project_principal_user,2026-07-20,scope_kind;scope_status;scope_approved_formulation;scope_boundary,supported_bounded,沖教組把和平与民主教育作为持续组织目标。,教育工会的和平定位不等于每个分会采取相同具体行动。,docs/human_review_return_remaining_online_145_v1.md,,supported_bounded,reviewed_actor_issue,relation_existence;scope;interpretation_boundary,沖教組把和平与民主教育作为持续组织目标。,教育工会的和平定位不等于每个分会采取相同具体行动。,,EA-S012,沖教組把和平与民主教育作为持续组织目标。
AI255,A089,I025,anti_war,沖教組以“不再把学生送上战场”为基本理念。,S105,E4,human_checked,HR-010 batch 6 principal-confirmed actor--issue edge. Package-local keys: EA-S012.,,accept,HR010-B6-007,project_principal_user,2026-07-20,actor_id;issue_id;relation_basis;source_ref;evidence_level;scope_kind;interpretation_limit,scope_reviewed_organizational_positioning,,docs/human_review_return_remaining_online_145_v1.md,属于反战教育定位，不自动等于反对每一项军事政策。,organizational_positioning,human_checked,accept,HR010-B6-007,project_principal_user,2026-07-20,scope_kind;scope_status;scope_approved_formulation;scope_boundary,supported_bounded,沖教組以“不再把学生送上战场”为基本理念。,属于反战教育定位，不自动等于反对每一项军事政策。,docs/human_review_return_remaining_online_145_v1.md,,supported_bounded,reviewed_actor_issue,relation_existence;scope;interpretation_boundary,沖教組以“不再把学生送上战场”为基本理念。,属于反战教育定位，不自动等于反对每一项军事政策。,,EA-S012,沖教組以“不再把学生送上战场”为基本理念。
AI256,A090,I019,peace,高教組官网把和平、人权与环境学习列为活动，并持续参加5·15和平行进。,S106,E4,human_checked,HR-010 batch 6 principal-confirmed actor--issue edge. Package-local keys: EA-S014.,,accept,HR010-B6-008,project_principal_user,2026-07-20,actor_id;issue_id;relation_basis;source_ref;evidence_level;scope_kind;interpretation_limit,scope_reviewed_organizational_positioning,,docs/human_review_return_remaining_online_145_v1.md,共同参加行进不构成稳定联盟。,organizational_positioning,human_checked,accept,HR010-B6-008,project_principal_user,2026-07-20,scope_kind;scope_status;scope_approved_formulation;scope_boundary,supported_bounded,高教組官网把和平、人权与环境学习列为活动，并持续参加5·15和平行进。,共同参加行进不构成稳定联盟。,docs/human_review_return_remaining_online_145_v1.md,,supported_bounded,reviewed_actor_issue,relation_existence;scope;interpretation_boundary,高教組官网把和平、人权与环境学习列为活动，并持续参加5·15和平行进。,共同参加行进不构成稳定联盟。,,EA-S014,高教組官网把和平、人权与环境学习列为活动，并持续参加5·15和平行进。
AI257,A090,I001,anti_base,高教組官网将5·15和平行进表述为追求‘没有基地的和平冲绳’的年度活动。,S106,E4,human_checked,HR-010 batch 6 principal-confirmed actor--issue edge. Package-local keys: EA-S014.,,accept,HR010-B6-009,project_principal_user,2026-07-20,actor_id;issue_id;relation_basis;source_ref;evidence_level;scope_kind;interpretation_limit,scope_reviewed_event_specific,,docs/human_review_return_remaining_online_145_v1.md,活动层连接，不外推为全部工会工作的单一定位。,event_specific,human_checked,accept,HR010-B6-009,project_principal_user,2026-07-20,scope_kind;scope_status;scope_approved_formulation;scope_boundary,supported_bounded,高教組官网将5·15和平行进表述为追求‘没有基地的和平冲绳’的年度活动。,活动层连接，不外推为全部工会工作的单一定位。,docs/human_review_return_remaining_online_145_v1.md,,supported_bounded,reviewed_actor_issue,relation_existence;scope;interpretation_boundary,高教組官网将5·15和平行进表述为追求‘没有基地的和平冲绳’的年度活动。,活动层连接，不外推为全部工会工作的单一定位。,,EA-S014,高教組官网将5·15和平行进表述为追求‘没有基地的和平冲绳’的年度活动。
AI258,A091,I023,human_rights,连合沖縄在针对驻日美军人员性暴力的正式抗议中明确要求保障县民人权。,S108,E4,human_checked,HR-010 batch 6 principal-confirmed actor--issue edge. Package-local keys: EA-S016.,,accept,HR010-B6-010,project_principal_user,2026-07-20,actor_id;issue_id;relation_basis;source_ref;evidence_level;scope_kind;interpretation_limit,scope_reviewed_event_specific,,docs/human_review_return_remaining_online_145_v1.md,事件特定；不把受害者信息或全部基地议题泛化。,event_specific,human_checked,accept,HR010-B6-010,project_principal_user,2026-07-20,scope_kind;scope_status;scope_approved_formulation;scope_boundary,supported_bounded,连合沖縄在针对驻日美军人员性暴力的正式抗议中明确要求保障县民人权。,事件特定；不把受害者信息或全部基地议题泛化。,docs/human_review_return_remaining_online_145_v1.md,,supported_bounded,reviewed_actor_issue,relation_existence;scope;interpretation_boundary,连合沖縄在针对驻日美军人员性暴力的正式抗议中明确要求保障县民人权。,事件特定；不把受害者信息或全部基地议题泛化。,,EA-S016,连合沖縄在针对驻日美军人员性暴力的正式抗议中明确要求保障县民人权。
AI259,A091,I007,life_safety,同一抗议要求让县民安心生活，并把反复发生的事件事故表述为生活安全问题。,S108;S234,E4,human_checked,HR-010 batch 6 principal-confirmed actor--issue edge. Package-local keys: EA-S016;EA-S017.,,accept,HR010-B6-011,project_principal_user,2026-07-20,actor_id;issue_id;relation_basis;source_ref;evidence_level;scope_kind;interpretation_limit,scope_reviewed_event_specific,,docs/human_review_return_remaining_online_145_v1.md,组织的公开诉求不等于对事件因果作司法认定。,event_specific,human_checked,accept,HR010-B6-011,project_principal_user,2026-07-20,scope_kind;scope_status;scope_approved_formulation;scope_boundary,supported_bounded,同一抗议要求让县民安心生活，并把反复发生的事件事故表述为生活安全问题。,组织的公开诉求不等于对事件因果作司法认定。,docs/human_review_return_remaining_online_145_v1.md,,supported_bounded,reviewed_actor_issue,relation_existence;scope;interpretation_boundary,同一抗议要求让县民安心生活，并把反复发生的事件事故表述为生活安全问题。,组织的公开诉求不等于对事件因果作司法认定。,,EA-S016;EA-S017,同一抗议要求让县民安心生活，并把反复发生的事件事故表述为生活安全问题。
AI260,A091,I001,anti_base,连合沖縄会长公开提出推动米军基地整理缩小和地位协定修改。,S235;S234,E4,human_checked,HR-010 batch 6 principal-confirmed actor--issue edge. Package-local keys: EA-S018;EA-S017.,,accept,HR010-B6-012,project_principal_user,2026-07-20,actor_id;issue_id;relation_basis;source_ref;evidence_level;scope_kind;interpretation_limit,scope_reviewed_organizational_positioning,,docs/human_review_return_remaining_online_145_v1.md,按2025年领导层公开方向编码，不写成跨期恒定立场。,organizational_positioning,human_checked,accept,HR010-B6-012,project_principal_user,2026-07-20,scope_kind;scope_status;scope_approved_formulation;scope_boundary,supported_bounded,连合沖縄会长公开提出推动米军基地整理缩小和地位协定修改。,按2025年领导层公开方向编码，不写成跨期恒定立场。,docs/human_review_return_remaining_online_145_v1.md,,supported_bounded,reviewed_actor_issue,relation_existence;scope;interpretation_boundary,连合沖縄会长公开提出推动米军基地整理缩小和地位协定修改。,按2025年领导层公开方向编码，不写成跨期恒定立场。,,EA-S018;EA-S017,连合沖縄会长公开提出推动米军基地整理缩小和地位协定修改。
AI261,A091,I003,Henoko,连合沖縄会长在2025年公开提出阻止边野古新基地建设。,S235;S234,E4,human_checked,HR-010 batch 6 principal-confirmed actor--issue edge. Package-local keys: EA-S018;EA-S017.,,accept,HR010-B6-013,project_principal_user,2026-07-20,actor_id;issue_id;relation_basis;source_ref;evidence_level;scope_kind;interpretation_limit,scope_reviewed_organizational_positioning,,docs/human_review_return_remaining_online_145_v1.md,领导层声明需保持年份，不推断成员组织逐一同意。,organizational_positioning,human_checked,accept,HR010-B6-013,project_principal_user,2026-07-20,scope_kind;scope_status;scope_approved_formulation;scope_boundary,supported_bounded,连合沖縄会长在2025年公开提出阻止边野古新基地建设。,领导层声明需保持年份，不推断成员组织逐一同意。,docs/human_review_return_remaining_online_145_v1.md,,supported_bounded,reviewed_actor_issue,relation_existence;scope;interpretation_boundary,连合沖縄会长在2025年公开提出阻止边野古新基地建设。,领导层声明需保持年份，不推断成员组织逐一同意。,,EA-S018;EA-S017,连合沖縄会长在2025年公开提出阻止边野古新基地建设。
AI262,A091,I019,peace,连合沖縄持续主办/参与‘平和行动in沖縄’并开展和平教育路线。,S234,E4,human_checked,HR-010 batch 6 principal-confirmed actor--issue edge. Package-local keys: EA-S017.,,accept,HR010-B6-014,project_principal_user,2026-07-20,actor_id;issue_id;relation_basis;source_ref;evidence_level;scope_kind;interpretation_limit,scope_reviewed_organizational_positioning,,docs/human_review_return_remaining_online_145_v1.md,项目参与不建立与每个参加团体的联盟边。,organizational_positioning,human_checked,accept,HR010-B6-014,project_principal_user,2026-07-20,scope_kind;scope_status;scope_approved_formulation;scope_boundary,supported_bounded,连合沖縄持续主办/参与‘平和行动in沖縄’并开展和平教育路线。,项目参与不建立与每个参加团体的联盟边。,docs/human_review_return_remaining_online_145_v1.md,,supported_bounded,reviewed_actor_issue,relation_existence;scope;interpretation_boundary,连合沖縄持续主办/参与‘平和行动in沖縄’并开展和平教育路线。,项目参与不建立与每个参加团体的联盟边。,,EA-S017,连合沖縄持续主办/参与‘平和行动in沖縄’并开展和平教育路线。
AI263,A092,I001,anti_base,沖縄県労連的组织原则明确提出撤除基地。,S109,E4,human_checked,HR-010 batch 6 principal-confirmed actor--issue edge. Package-local keys: EA-S019.,,accept,HR010-B6-015,project_principal_user,2026-07-20,actor_id;issue_id;relation_basis;source_ref;evidence_level;scope_kind;interpretation_limit,scope_reviewed_organizational_positioning,,docs/human_review_return_remaining_online_145_v1.md,章程定位不等于具体地点行动。,organizational_positioning,human_checked,accept,HR010-B6-015,project_principal_user,2026-07-20,scope_kind;scope_status;scope_approved_formulation;scope_boundary,supported_bounded,沖縄県労連的组织原则明确提出撤除基地。,章程定位不等于具体地点行动。,docs/human_review_return_remaining_online_145_v1.md,,supported_bounded,reviewed_actor_issue,relation_existence;scope;interpretation_boundary,沖縄県労連的组织原则明确提出撤除基地。,章程定位不等于具体地点行动。,,EA-S019,沖縄県労連的组织原则明确提出撤除基地。
AI264,A092,I019,peace,沖縄県労連的组织原则明确提出维护和平与民主。,S109,E4,human_checked,HR-010 batch 6 principal-confirmed actor--issue edge. Package-local keys: EA-S019.,,accept,HR010-B6-016,project_principal_user,2026-07-20,actor_id;issue_id;relation_basis;source_ref;evidence_level;scope_kind;interpretation_limit,scope_reviewed_organizational_positioning,,docs/human_review_return_remaining_online_145_v1.md,仅为组织定位。,organizational_positioning,human_checked,accept,HR010-B6-016,project_principal_user,2026-07-20,scope_kind;scope_status;scope_approved_formulation;scope_boundary,supported_bounded,沖縄県労連的组织原则明确提出维护和平与民主。,仅为组织定位。,docs/human_review_return_remaining_online_145_v1.md,,supported_bounded,reviewed_actor_issue,relation_existence;scope;interpretation_boundary,沖縄県労連的组织原则明确提出维护和平与民主。,仅为组织定位。,,EA-S019,沖縄県労連的组织原则明确提出维护和平与民主。
AI265,A092,I025,anti_war,沖縄県労連明确反对军国主义复活并主张核武器废除。,S109,E4,human_checked,HR-010 batch 6 principal-confirmed actor--issue edge. Package-local keys: EA-S019.,,accept,HR010-B6-017,project_principal_user,2026-07-20,actor_id;issue_id;relation_basis;source_ref;evidence_level;scope_kind;interpretation_limit,scope_reviewed_organizational_positioning,,docs/human_review_return_remaining_online_145_v1.md,不自动等同于所有反部署组织的立场。,organizational_positioning,human_checked,accept,HR010-B6-017,project_principal_user,2026-07-20,scope_kind;scope_status;scope_approved_formulation;scope_boundary,supported_bounded,沖縄県労連明确反对军国主义复活并主张核武器废除。,不自动等同于所有反部署组织的立场。,docs/human_review_return_remaining_online_145_v1.md,,supported_bounded,reviewed_actor_issue,relation_existence;scope;interpretation_boundary,沖縄県労連明确反对军国主义复活并主张核武器废除。,不自动等同于所有反部署组织的立场。,,EA-S019,沖縄県労連明确反对军国主义复活并主张核武器废除。
AI266,A093,I003,Henoko,自治労沖縄県本部官网连续记录边野古新基地断念请愿与阻止建设集会。,S110,E4,human_checked,HR-010 batch 6 principal-confirmed actor--issue edge. Package-local keys: EA-S021.,,accept,HR010-B6-018,project_principal_user,2026-07-20,actor_id;issue_id;relation_basis;source_ref;evidence_level;scope_kind;interpretation_limit,scope_reviewed_organizational_positioning,,docs/human_review_return_remaining_online_145_v1.md,部分详细内容在会员区；正式采用前应复核具体条目定位。,organizational_positioning,human_checked,accept,HR010-B6-018,project_principal_user,2026-07-20,scope_kind;scope_status;scope_approved_formulation;scope_boundary,supported_bounded,自治労沖縄県本部官网连续记录边野古新基地断念请愿与阻止建设集会。,部分详细内容在会员区；正式采用前应复核具体条目定位。,docs/human_review_return_remaining_online_145_v1.md,,supported_bounded,reviewed_actor_issue,relation_existence;scope;interpretation_boundary,自治労沖縄県本部官网连续记录边野古新基地断念请愿与阻止建设集会。,部分详细内容在会员区；正式采用前应复核具体条目定位。,,EA-S021,自治労沖縄県本部官网连续记录边野古新基地断念请愿与阻止建设集会。
AI267,A093,I019,peace,自治労沖縄県本部持续记录5·15和平行进与青年女性冲绳和平之旅。,S110,E4,human_checked,HR-010 batch 6 principal-confirmed actor--issue edge. Package-local keys: EA-S021.,,accept,HR010-B6-020,project_principal_user,2026-07-20,actor_id;issue_id;relation_basis;source_ref;evidence_level;scope_kind;interpretation_limit,scope_reviewed_organizational_positioning,,docs/human_review_return_remaining_online_145_v1.md,参与记录不等于稳定跨组织联盟。,organizational_positioning,human_checked,accept,HR010-B6-020,project_principal_user,2026-07-20,scope_kind;scope_status;scope_approved_formulation;scope_boundary,supported_bounded,自治労沖縄県本部持续记录5·15和平行进与青年女性冲绳和平之旅。,参与记录不等于稳定跨组织联盟。,docs/human_review_return_remaining_online_145_v1.md,,supported_bounded,reviewed_actor_issue,relation_existence;scope;interpretation_boundary,自治労沖縄県本部持续记录5·15和平行进与青年女性冲绳和平之旅。,参与记录不等于稳定跨组织联盟。,,EA-S021,自治労沖縄県本部持续记录5·15和平行进与青年女性冲绳和平之旅。
AI268,A095,I002,anti_military,A095以反对宫古岛自卫队/导弹部队部署为成立目的并正式提交陈情。,S112;S237,E4,human_checked,HR-010 batch 6 principal-confirmed actor--issue edge. Package-local keys: EA-S025;EA-S024.,,accept,HR010-B6-025,project_principal_user,2026-07-20,actor_id;issue_id;relation_basis;source_ref;evidence_level;scope_kind;interpretation_limit,scope_reviewed_organizational_positioning,,docs/human_review_return_remaining_online_145_v1.md,陈情存在不证明其所有事实主张。,organizational_positioning,human_checked,accept,HR010-B6-025,project_principal_user,2026-07-20,scope_kind;scope_status;scope_approved_formulation;scope_boundary,supported_bounded,A095以反对宫古岛自卫队/导弹部队部署为成立目的并正式提交陈情。,陈情存在不证明其所有事实主张。,docs/human_review_return_remaining_online_145_v1.md,,supported_bounded,reviewed_actor_issue,relation_existence;scope;interpretation_boundary,A095以反对宫古岛自卫队/导弹部队部署为成立目的并正式提交陈情。,陈情存在不证明其所有事实主张。,,EA-S025;EA-S024,A095以反对宫古岛自卫队/导弹部队部署为成立目的并正式提交陈情。
AI269,A095,I007,life_safety,成立会上共同代表把部署与岛民和平生活、成为攻击目标的风险相连。,S237,E2,human_checked,HR-010 batch 6 principal-confirmed actor--issue edge. Package-local keys: EA-S024.,,accept,HR010-B6-026,project_principal_user,2026-07-20,actor_id;issue_id;relation_basis;source_ref;evidence_level;scope_kind;interpretation_limit,scope_reviewed_event_specific,,docs/human_review_return_remaining_online_145_v1.md,风险判断必须归属于组织/发言人，不作为已发生事实。,event_specific,human_checked,accept,HR010-B6-026,project_principal_user,2026-07-20,scope_kind;scope_status;scope_approved_formulation;scope_boundary,supported_bounded,成立会上共同代表把部署与岛民和平生活、成为攻击目标的风险相连。,风险判断必须归属于组织/发言人，不作为已发生事实。,docs/human_review_return_remaining_online_145_v1.md,,supported_bounded,reviewed_actor_issue,relation_existence;scope;interpretation_boundary,成立会上共同代表把部署与岛民和平生活、成为攻击目标的风险相连。,风险判断必须归属于组织/发言人，不作为已发生事实。,,EA-S024,成立会上共同代表把部署与岛民和平生活、成为攻击目标的风险相连。
AI270,A095,I006,groundwater,成立会上共同代表指出拟建基地地点涉及重要水源。,S237,E2,human_checked,HR-010 batch 6 principal-confirmed actor--issue edge. Package-local keys: EA-S024.,,accept,HR010-B6-027,project_principal_user,2026-07-20,actor_id;issue_id;relation_basis;source_ref;evidence_level;scope_kind;interpretation_limit,scope_reviewed_event_specific,,docs/human_review_return_remaining_online_145_v1.md,这是组织公开提出的水源担忧；未由该报道独立验证环境影响。,event_specific,human_checked,accept,HR010-B6-027,project_principal_user,2026-07-20,scope_kind;scope_status;scope_approved_formulation;scope_boundary,supported_bounded,成立会上共同代表指出拟建基地地点涉及重要水源。,这是组织公开提出的水源担忧；未由该报道独立验证环境影响。,docs/human_review_return_remaining_online_145_v1.md,,supported_bounded,reviewed_actor_issue,relation_existence;scope;interpretation_boundary,成立会上共同代表指出拟建基地地点涉及重要水源。,这是组织公开提出的水源担忧；未由该报道独立验证环境影响。,,EA-S024,成立会上共同代表指出拟建基地地点涉及重要水源。
AI271,A095,I026,mobilization,"A095与另一团体提交16,439人反部署署名并宣布继续动员。",S238,E2,human_checked,HR-010 batch 6 principal-confirmed actor--issue edge. Package-local keys: EA-S026.,,accept,HR010-B6-028,project_principal_user,2026-07-20,actor_id;issue_id;relation_basis;source_ref;evidence_level;scope_kind;interpretation_limit,scope_reviewed_event_specific,,docs/human_review_return_remaining_online_145_v1.md,署名数量不是成员规模；共同提交不等于稳定联盟。,event_specific,human_checked,accept,HR010-B6-028,project_principal_user,2026-07-20,scope_kind;scope_status;scope_approved_formulation;scope_boundary,supported_bounded,"A095与另一团体提交16,439人反部署署名并宣布继续动员。",署名数量不是成员规模；共同提交不等于稳定联盟。,docs/human_review_return_remaining_online_145_v1.md,,supported_bounded,reviewed_actor_issue,relation_existence;scope;interpretation_boundary,"A095与另一团体提交16,439人反部署署名并宣布继续动员。",署名数量不是成员规模；共同提交不等于稳定联盟。,,EA-S026,"A095与另一团体提交16,439人反部署署名并宣布继续动员。"
AI272,A096,I002,anti_military,A096以具名请愿者身份正式反对宫古/下地岛自卫队部署。,S239;S112;S240,E4,human_checked,HR-010 batch 6 principal-confirmed actor--issue edge. Package-local keys: EA-S027;EA-S025;EA-S028.,,accept,HR010-B6-029,project_principal_user,2026-07-20,actor_id;issue_id;relation_basis;source_ref;evidence_level;scope_kind;interpretation_limit,scope_reviewed_institutional_or_case_role,,docs/human_review_return_remaining_online_145_v1.md,正式请愿角色不证明全部长期议题标签。,institutional_or_case_role,human_checked,accept,HR010-B6-029,project_principal_user,2026-07-20,scope_kind;scope_status;scope_approved_formulation;scope_boundary,supported_bounded,A096以具名请愿者身份正式反对宫古/下地岛自卫队部署。,正式请愿角色不证明全部长期议题标签。,docs/human_review_return_remaining_online_145_v1.md,,supported_bounded,reviewed_actor_issue,relation_existence;scope;interpretation_boundary,A096以具名请愿者身份正式反对宫古/下地岛自卫队部署。,正式请愿角色不证明全部长期议题标签。,,EA-S027;EA-S025;EA-S028,A096以具名请愿者身份正式反对宫古/下地岛自卫队部署。
AI273,A096,I019,peace,A096主办集会并以和平运动框架形成反部署共识。,S240,E2,human_checked,HR-010 batch 6 principal-confirmed actor--issue edge. Package-local keys: EA-S028.,,accept,HR010-B6-030,project_principal_user,2026-07-20,actor_id;issue_id;relation_basis;source_ref;evidence_level;scope_kind;interpretation_limit,scope_reviewed_event_specific,,docs/human_review_return_remaining_online_145_v1.md,地方新闻事件记录；参加者共识不是稳定联盟。,event_specific,human_checked,accept,HR010-B6-030,project_principal_user,2026-07-20,scope_kind;scope_status;scope_approved_formulation;scope_boundary,supported_bounded,A096主办集会并以和平运动框架形成反部署共识。,地方新闻事件记录；参加者共识不是稳定联盟。,docs/human_review_return_remaining_online_145_v1.md,,supported_bounded,reviewed_actor_issue,relation_existence;scope;interpretation_boundary,A096主办集会并以和平运动框架形成反部署共识。,地方新闻事件记录；参加者共识不是稳定联盟。,,EA-S028,A096主办集会并以和平运动框架形成反部署共识。
AI274,A097,I020,environment,宮古島環境クラブ持续从事自然与环境保全、恢复和环境教育。,S114,E4,human_checked,HR-010 batch 6 principal-confirmed actor--issue edge. Package-local keys: EA-S029.,,accept,HR010-B6-031,project_principal_user,2026-07-20,actor_id;issue_id;relation_basis;source_ref;evidence_level;scope_kind;interpretation_limit,scope_reviewed_organizational_positioning,,docs/human_review_return_remaining_online_145_v1.md,一般环境定位，不推断军事部署立场。,organizational_positioning,human_checked,accept,HR010-B6-031,project_principal_user,2026-07-20,scope_kind;scope_status;scope_approved_formulation;scope_boundary,supported_bounded,宮古島環境クラブ持续从事自然与环境保全、恢复和环境教育。,一般环境定位，不推断军事部署立场。,docs/human_review_return_remaining_online_145_v1.md,,supported_bounded,reviewed_actor_issue,relation_existence;scope;interpretation_boundary,宮古島環境クラブ持续从事自然与环境保全、恢复和环境教育。,一般环境定位，不推断军事部署立场。,,EA-S029,宮古島環境クラブ持续从事自然与环境保全、恢复和环境教育。
AI275,A097,I006,groundwater,宮古島環境クラブ官网明确列出地下水保全活动。,S241,E4,human_checked,HR-010 batch 6 principal-confirmed actor--issue edge. Package-local keys: EA-S030.,,accept,HR010-B6-032,project_principal_user,2026-07-20,actor_id;issue_id;relation_basis;source_ref;evidence_level;scope_kind;interpretation_limit,scope_reviewed_organizational_positioning,,docs/human_review_return_remaining_online_145_v1.md,只证明地下水保全，不自动连接自卫队设施。,organizational_positioning,human_checked,accept,HR010-B6-032,project_principal_user,2026-07-20,scope_kind;scope_status;scope_approved_formulation;scope_boundary,supported_bounded,宮古島環境クラブ官网明确列出地下水保全活动。,只证明地下水保全，不自动连接自卫队设施。,docs/human_review_return_remaining_online_145_v1.md,,supported_bounded,reviewed_actor_issue,relation_existence;scope;interpretation_boundary,宮古島環境クラブ官网明确列出地下水保全活动。,只证明地下水保全，不自动连接自卫队设施。,,EA-S030,宮古島環境クラブ官网明确列出地下水保全活动。
AI276,A097,I005,biodiversity,宮古島環境クラブ持续保护水边自然并开展物种/生态教育。,S114,E4,human_checked,HR-010 batch 6 principal-confirmed actor--issue edge. Package-local keys: EA-S029.,,accept,HR010-B6-033,project_principal_user,2026-07-20,actor_id;issue_id;relation_basis;source_ref;evidence_level;scope_kind;interpretation_limit,scope_reviewed_organizational_positioning,,docs/human_review_return_remaining_online_145_v1.md,按一般生物多样性定位编码。,organizational_positioning,human_checked,accept,HR010-B6-033,project_principal_user,2026-07-20,scope_kind;scope_status;scope_approved_formulation;scope_boundary,supported_bounded,宮古島環境クラブ持续保护水边自然并开展物种/生态教育。,按一般生物多样性定位编码。,docs/human_review_return_remaining_online_145_v1.md,,supported_bounded,reviewed_actor_issue,relation_existence;scope;interpretation_boundary,宮古島環境クラブ持续保护水边自然并开展物种/生态教育。,按一般生物多样性定位编码。,,EA-S029,宮古島環境クラブ持续保护水边自然并开展物种/生态教育。
AI277,A098,I020,environment,宮古島海の環境ネットワーク以海岸清扫、海洋调查和环境教育保护海洋环境。,S115,E4,human_checked,HR-010 batch 6 principal-confirmed actor--issue edge. Package-local keys: EA-S031.,,accept,HR010-B6-034,project_principal_user,2026-07-20,actor_id;issue_id;relation_basis;source_ref;evidence_level;scope_kind;interpretation_limit,scope_reviewed_organizational_positioning,,docs/human_review_return_remaining_online_145_v1.md,不推断反基地立场。,organizational_positioning,human_checked,accept,HR010-B6-034,project_principal_user,2026-07-20,scope_kind;scope_status;scope_approved_formulation;scope_boundary,supported_bounded,宮古島海の環境ネットワーク以海岸清扫、海洋调查和环境教育保护海洋环境。,不推断反基地立场。,docs/human_review_return_remaining_online_145_v1.md,,supported_bounded,reviewed_actor_issue,relation_existence;scope;interpretation_boundary,宮古島海の環境ネットワーク以海岸清扫、海洋调查和环境教育保护海洋环境。,不推断反基地立场。,,EA-S031,宮古島海の環境ネットワーク以海岸清扫、海洋调查和环境教育保护海洋环境。
AI278,A098,I005,biodiversity,该NPO的法定目的明确包括维护宫古海域自然环境与生物生态系统。,S242,E4,human_checked,HR-010 batch 6 principal-confirmed actor--issue edge. Package-local keys: EA-S032.,,accept,HR010-B6-035,project_principal_user,2026-07-20,actor_id;issue_id;relation_basis;source_ref;evidence_level;scope_kind;interpretation_limit,scope_reviewed_organizational_positioning,,docs/human_review_return_remaining_online_145_v1.md,一般生物多样性定位。,organizational_positioning,human_checked,accept,HR010-B6-035,project_principal_user,2026-07-20,scope_kind;scope_status;scope_approved_formulation;scope_boundary,supported_bounded,该NPO的法定目的明确包括维护宫古海域自然环境与生物生态系统。,一般生物多样性定位。,docs/human_review_return_remaining_online_145_v1.md,,supported_bounded,reviewed_actor_issue,relation_existence;scope;interpretation_boundary,该NPO的法定目的明确包括维护宫古海域自然环境与生物生态系统。,一般生物多样性定位。,,EA-S032,该NPO的法定目的明确包括维护宫古海域自然环境与生物生态系统。
AI279,A099,I006,groundwater,A099因北谷净水场水源与自来水PFAS污染担忧而成立，并要求安全饮水。,S116,E4,human_checked,HR-010 batch 6 principal-confirmed actor--issue edge. Package-local keys: EA-S033.,,accept,HR010-B6-036,project_principal_user,2026-07-20,actor_id;issue_id;relation_basis;source_ref;evidence_level;scope_kind;interpretation_limit,scope_reviewed_organizational_positioning,,docs/human_review_return_remaining_online_145_v1.md,污染来源与健康影响均保持为组织主张；edge不认证因果。,organizational_positioning,human_checked,accept,HR010-B6-036,project_principal_user,2026-07-20,scope_kind;scope_status;scope_approved_formulation;scope_boundary,supported_bounded,A099因北谷净水场水源与自来水PFAS污染担忧而成立，并要求安全饮水。,污染来源与健康影响均保持为组织主张；edge不认证因果。,docs/human_review_return_remaining_online_145_v1.md,,supported_bounded,reviewed_actor_issue,relation_existence;scope;interpretation_boundary,A099因北谷净水场水源与自来水PFAS污染担忧而成立，并要求安全饮水。,污染来源与健康影响均保持为组织主张；edge不认证因果。,,EA-S033,A099因北谷净水场水源与自来水PFAS污染担忧而成立，并要求安全饮水。
AI280,A099,I008,health_risk,A099围绕PFAS潜在健康影响开展血液检测与公共健康调查倡议。,S243;S116,E4,human_checked,HR-010 batch 6 principal-confirmed actor--issue edge. Package-local keys: EA-S034;EA-S033.,,accept,HR010-B6-037,project_principal_user,2026-07-20,actor_id;issue_id;relation_basis;source_ref;evidence_level;scope_kind;interpretation_limit,scope_reviewed_organizational_positioning,,docs/human_review_return_remaining_online_145_v1.md,证明组织行动，不作为医学因果结论。,organizational_positioning,human_checked,accept,HR010-B6-037,project_principal_user,2026-07-20,scope_kind;scope_status;scope_approved_formulation;scope_boundary,supported_bounded,A099围绕PFAS潜在健康影响开展血液检测与公共健康调查倡议。,证明组织行动，不作为医学因果结论。,docs/human_review_return_remaining_online_145_v1.md,,supported_bounded,reviewed_actor_issue,relation_existence;scope;interpretation_boundary,A099围绕PFAS潜在健康影响开展血液检测与公共健康调查倡议。,证明组织行动，不作为医学因果结论。,,EA-S034;EA-S033,A099围绕PFAS潜在健康影响开展血液检测与公共健康调查倡议。
AI281,A099,I007,life_safety,A099以保障市民生命与可安心饮用的水为持续公开目标。,S116,E4,human_checked,HR-010 batch 6 principal-confirmed actor--issue edge. Package-local keys: EA-S033.,,accept,HR010-B6-038,project_principal_user,2026-07-20,actor_id;issue_id;relation_basis;source_ref;evidence_level;scope_kind;interpretation_limit,scope_reviewed_organizational_positioning,,docs/human_review_return_remaining_online_145_v1.md,生活安全框架不等于已证明个体健康损害。,organizational_positioning,human_checked,accept,HR010-B6-038,project_principal_user,2026-07-20,scope_kind;scope_status;scope_approved_formulation;scope_boundary,supported_bounded,A099以保障市民生命与可安心饮用的水为持续公开目标。,生活安全框架不等于已证明个体健康损害。,docs/human_review_return_remaining_online_145_v1.md,,supported_bounded,reviewed_actor_issue,relation_existence;scope;interpretation_boundary,A099以保障市民生命与可安心饮用的水为持续公开目标。,生活安全框架不等于已证明个体健康损害。,,EA-S033,A099以保障市民生命与可安心饮用的水为持续公开目标。
AI282,A099,I020,environment,A099把PFAS界定为持续存在的环境污染问题并开展调查/倡议。,S116;S243,E4,human_checked,HR-010 batch 6 principal-confirmed actor--issue edge. Package-local keys: EA-S033;EA-S034.,,accept,HR010-B6-039,project_principal_user,2026-07-20,actor_id;issue_id;relation_basis;source_ref;evidence_level;scope_kind;interpretation_limit,scope_reviewed_organizational_positioning,,docs/human_review_return_remaining_online_145_v1.md,组织表述需与政府科学评估分开。,organizational_positioning,human_checked,accept,HR010-B6-039,project_principal_user,2026-07-20,scope_kind;scope_status;scope_approved_formulation;scope_boundary,supported_bounded,A099把PFAS界定为持续存在的环境污染问题并开展调查/倡议。,组织表述需与政府科学评估分开。,docs/human_review_return_remaining_online_145_v1.md,,supported_bounded,reviewed_actor_issue,relation_existence;scope;interpretation_boundary,A099把PFAS界定为持续存在的环境污染问题并开展调查/倡议。,组织表述需与政府科学评估分开。,,EA-S033;EA-S034,A099把PFAS界定为持续存在的环境污染问题并开展调查/倡议。
AI283,A100,I002,anti_military,A100为反对胜连分屯地导弹部队部署而成立并持续请求撤回。,S118;S119;S244,E4,human_checked,HR-010 batch 6 principal-confirmed actor--issue edge. Package-local keys: EA-S035;EA-S036;EA-S037.,,accept,HR010-B6-040,project_principal_user,2026-07-20,actor_id;issue_id;relation_basis;source_ref;evidence_level;scope_kind;interpretation_limit,scope_reviewed_organizational_positioning,,docs/human_review_return_remaining_online_145_v1.md,官方会议录确认组织与议题；具体风险判断另行归属。,organizational_positioning,human_checked,accept,HR010-B6-040,project_principal_user,2026-07-20,scope_kind;scope_status;scope_approved_formulation;scope_boundary,supported_bounded,A100为反对胜连分屯地导弹部队部署而成立并持续请求撤回。,官方会议录确认组织与议题；具体风险判断另行归属。,docs/human_review_return_remaining_online_145_v1.md,,supported_bounded,reviewed_actor_issue,relation_existence;scope;interpretation_boundary,A100为反对胜连分屯地导弹部队部署而成立并持续请求撤回。,官方会议录确认组织与议题；具体风险判断另行归属。,,EA-S035;EA-S036;EA-S037,A100为反对胜连分屯地导弹部队部署而成立并持续请求撤回。
AI284,A100,I007,life_safety,A100公开将导弹部署与居民生命、安全及学校周边风险相连。,S119;S244,E2,human_checked,HR-010 batch 6 principal-confirmed actor--issue edge. Package-local keys: EA-S036;EA-S037.,,accept,HR010-B6-041,project_principal_user,2026-07-20,actor_id;issue_id;relation_basis;source_ref;evidence_level;scope_kind;interpretation_limit,scope_reviewed_event_specific,,docs/human_review_return_remaining_online_145_v1.md,风险陈述属于组织/报道中的发言，不作预测事实。,event_specific,human_checked,accept,HR010-B6-041,project_principal_user,2026-07-20,scope_kind;scope_status;scope_approved_formulation;scope_boundary,supported_bounded,A100公开将导弹部署与居民生命、安全及学校周边风险相连。,风险陈述属于组织/报道中的发言，不作预测事实。,docs/human_review_return_remaining_online_145_v1.md,,supported_bounded,reviewed_actor_issue,relation_existence;scope;interpretation_boundary,A100公开将导弹部署与居民生命、安全及学校周边风险相连。,风险陈述属于组织/报道中的发言，不作预测事实。,,EA-S036;EA-S037,A100公开将导弹部署与居民生命、安全及学校周边风险相连。
AI285,A100,I017,frontline_prevention,A100在成立与后续行动中提出不让岛屿成为战场、避免基地成为攻击目标。,S119;S244,E2,human_checked,HR-010 batch 6 principal-confirmed actor--issue edge. Package-local keys: EA-S036;EA-S037.,,accept,HR010-B6-042,project_principal_user,2026-07-20,actor_id;issue_id;relation_basis;source_ref;evidence_level;scope_kind;interpretation_limit,scope_reviewed_organizational_positioning,,docs/human_review_return_remaining_online_145_v1.md,前线化判断是组织框架，不是已发生事实。,organizational_positioning,human_checked,accept,HR010-B6-042,project_principal_user,2026-07-20,scope_kind;scope_status;scope_approved_formulation;scope_boundary,supported_bounded,A100在成立与后续行动中提出不让岛屿成为战场、避免基地成为攻击目标。,前线化判断是组织框架，不是已发生事实。,docs/human_review_return_remaining_online_145_v1.md,,supported_bounded,reviewed_actor_issue,relation_existence;scope;interpretation_boundary,A100在成立与后续行动中提出不让岛屿成为战场、避免基地成为攻击目标。,前线化判断是组织框架，不是已发生事实。,,EA-S036;EA-S037,A100在成立与后续行动中提出不让岛屿成为战场、避免基地成为攻击目标。
AI286,A100,I018,Taiwan_contingency,A100把‘台湾有事’情境下的目标化风险作为反部署说明的一部分。,S119,E2,human_checked,HR-010 batch 6 principal-confirmed actor--issue edge. Package-local keys: EA-S036.,,accept,HR010-B6-043,project_principal_user,2026-07-20,actor_id;issue_id;relation_basis;source_ref;evidence_level;scope_kind;interpretation_limit,scope_reviewed_event_specific,,docs/human_review_return_remaining_online_145_v1.md,仅记录公开议题框架，不对情境概率作判断。,event_specific,human_checked,accept,HR010-B6-043,project_principal_user,2026-07-20,scope_kind;scope_status;scope_approved_formulation;scope_boundary,supported_bounded,A100把‘台湾有事’情境下的目标化风险作为反部署说明的一部分。,仅记录公开议题框架，不对情境概率作判断。,docs/human_review_return_remaining_online_145_v1.md,,supported_bounded,reviewed_actor_issue,relation_existence;scope;interpretation_boundary,A100把‘台湾有事’情境下的目标化风险作为反部署说明的一部分。,仅记录公开议题框架，不对情境概率作判断。,,EA-S036,A100把‘台湾有事’情境下的目标化风险作为反部署说明的一部分。
AI287,A100,I026,mobilization,"A100开展照片展、约10,500人署名、要请与搬入抗议等持续动员。",S244;S119,E2,human_checked,HR-010 batch 6 principal-confirmed actor--issue edge. Package-local keys: EA-S037;EA-S036.,,accept,HR010-B6-044,project_principal_user,2026-07-20,actor_id;issue_id;relation_basis;source_ref;evidence_level;scope_kind;interpretation_limit,scope_reviewed_organizational_positioning,,docs/human_review_return_remaining_online_145_v1.md,署名与行动不建立与其他团体的稳定联盟。,organizational_positioning,human_checked,accept,HR010-B6-044,project_principal_user,2026-07-20,scope_kind;scope_status;scope_approved_formulation;scope_boundary,supported_bounded,"A100开展照片展、约10,500人署名、要请与搬入抗议等持续动员。",署名与行动不建立与其他团体的稳定联盟。,docs/human_review_return_remaining_online_145_v1.md,,supported_bounded,reviewed_actor_issue,relation_existence;scope;interpretation_boundary,"A100开展照片展、约10,500人署名、要请与搬入抗议等持续动员。",署名与行动不建立与其他团体的稳定联盟。,,EA-S037;EA-S036,"A100开展照片展、约10,500人署名、要请与搬入抗议等持续动员。"
AI288,A101,I002,anti_military,A101的趣意书以反对琉球弧自卫队基地、导弹与弹药部署为核心议题。,S245,E4,human_checked,HR-010 batch 6 principal-confirmed actor--issue edge. Package-local keys: EA-S038.,,accept,HR010-B6-045,project_principal_user,2026-07-20,actor_id;issue_id;relation_basis;source_ref;evidence_level;scope_kind;interpretation_limit,scope_reviewed_organizational_positioning,,docs/human_review_return_remaining_online_145_v1.md,组织自身框架，不等于军事政策事实的独立判定。,organizational_positioning,human_checked,accept,HR010-B6-045,project_principal_user,2026-07-20,scope_kind;scope_status;scope_approved_formulation;scope_boundary,supported_bounded,A101的趣意书以反对琉球弧自卫队基地、导弹与弹药部署为核心议题。,组织自身框架，不等于军事政策事实的独立判定。,docs/human_review_return_remaining_online_145_v1.md,,supported_bounded,reviewed_actor_issue,relation_existence;scope;interpretation_boundary,A101的趣意书以反对琉球弧自卫队基地、导弹与弹药部署为核心议题。,组织自身框架，不等于军事政策事实的独立判定。,,EA-S038,A101的趣意书以反对琉球弧自卫队基地、导弹与弹药部署为核心议题。
AI289,A101,I017,frontline_prevention,A101把冲绳/琉球弧被置于最前线和再度战场化的风险作为持续框架。,S245,E4,human_checked,HR-010 batch 6 principal-confirmed actor--issue edge. Package-local keys: EA-S038.,,accept,HR010-B6-046,project_principal_user,2026-07-20,actor_id;issue_id;relation_basis;source_ref;evidence_level;scope_kind;interpretation_limit,scope_reviewed_organizational_positioning,,docs/human_review_return_remaining_online_145_v1.md,前线化为分析/倡议框架，不写成已发生结果。,organizational_positioning,human_checked,accept,HR010-B6-046,project_principal_user,2026-07-20,scope_kind;scope_status;scope_approved_formulation;scope_boundary,supported_bounded,A101把冲绳/琉球弧被置于最前线和再度战场化的风险作为持续框架。,前线化为分析/倡议框架，不写成已发生结果。,docs/human_review_return_remaining_online_145_v1.md,,supported_bounded,reviewed_actor_issue,relation_existence;scope;interpretation_boundary,A101把冲绳/琉球弧被置于最前线和再度战场化的风险作为持续框架。,前线化为分析/倡议框架，不写成已发生结果。,,EA-S038,A101把冲绳/琉球弧被置于最前线和再度战场化的风险作为持续框架。
AI290,A101,I018,Taiwan_contingency,A101明确围绕台湾有事叙事、岛屿部署与居民风险开展系列讲座。,S245,E4,human_checked,HR-010 batch 6 principal-confirmed actor--issue edge. Package-local keys: EA-S038.,,accept,HR010-B6-047,project_principal_user,2026-07-20,actor_id;issue_id;relation_basis;source_ref;evidence_level;scope_kind;interpretation_limit,scope_reviewed_organizational_positioning,,docs/human_review_return_remaining_online_145_v1.md,不判断台湾有事发生概率。,organizational_positioning,human_checked,accept,HR010-B6-047,project_principal_user,2026-07-20,scope_kind;scope_status;scope_approved_formulation;scope_boundary,supported_bounded,A101明确围绕台湾有事叙事、岛屿部署与居民风险开展系列讲座。,不判断台湾有事发生概率。,docs/human_review_return_remaining_online_145_v1.md,,supported_bounded,reviewed_actor_issue,relation_existence;scope;interpretation_boundary,A101明确围绕台湾有事叙事、岛屿部署与居民风险开展系列讲座。,不判断台湾有事发生概率。,,EA-S038,A101明确围绕台湾有事叙事、岛屿部署与居民风险开展系列讲座。
AI291,A101,I025,anti_war,A101以反对军事化和战争、避免重演冲绳战为组织目标。,S245,E4,human_checked,HR-010 batch 6 principal-confirmed actor--issue edge. Package-local keys: EA-S038.,,accept,HR010-B6-048,project_principal_user,2026-07-20,actor_id;issue_id;relation_basis;source_ref;evidence_level;scope_kind;interpretation_limit,scope_reviewed_organizational_positioning,,docs/human_review_return_remaining_online_145_v1.md,反战定位不等于与所有反战团体结盟。,organizational_positioning,human_checked,accept,HR010-B6-048,project_principal_user,2026-07-20,scope_kind;scope_status;scope_approved_formulation;scope_boundary,supported_bounded,A101以反对军事化和战争、避免重演冲绳战为组织目标。,反战定位不等于与所有反战团体结盟。,docs/human_review_return_remaining_online_145_v1.md,,supported_bounded,reviewed_actor_issue,relation_existence;scope;interpretation_boundary,A101以反对军事化和战争、避免重演冲绳战为组织目标。,反战定位不等于与所有反战团体结盟。,,EA-S038,A101以反对军事化和战争、避免重演冲绳战为组织目标。
AI292,A101,I023,human_rights,A101把表达/报道自由与保障人权列为连续讲座的核心论点。,S245,E4,human_checked,HR-010 batch 6 principal-confirmed actor--issue edge. Package-local keys: EA-S038.,,accept,HR010-B6-049,project_principal_user,2026-07-20,actor_id;issue_id;relation_basis;source_ref;evidence_level;scope_kind;interpretation_limit,scope_reviewed_organizational_positioning,,docs/human_review_return_remaining_online_145_v1.md,属于组织公开定位。,organizational_positioning,human_checked,accept,HR010-B6-049,project_principal_user,2026-07-20,scope_kind;scope_status;scope_approved_formulation;scope_boundary,supported_bounded,A101把表达/报道自由与保障人权列为连续讲座的核心论点。,属于组织公开定位。,docs/human_review_return_remaining_online_145_v1.md,,supported_bounded,reviewed_actor_issue,relation_existence;scope;interpretation_boundary,A101把表达/报道自由与保障人权列为连续讲座的核心论点。,属于组织公开定位。,,EA-S038,A101把表达/报道自由与保障人权列为连续讲座的核心论点。
AI293,A101,I012,international_advocacy,A101明确以向日本本土与海外媒体、组织和市民传播琉球弧市民声音为目的。,S245;S246,E4,human_checked,HR-010 batch 6 principal-confirmed actor--issue edge. Package-local keys: EA-S038;EA-S039.,,accept,HR010-B6-050,project_principal_user,2026-07-20,actor_id;issue_id;relation_basis;source_ref;evidence_level;scope_kind;interpretation_limit,scope_reviewed_organizational_positioning,,docs/human_review_return_remaining_online_145_v1.md,传播意图与线上输出不等于已建立稳定国际组织关系。,organizational_positioning,human_checked,accept,HR010-B6-050,project_principal_user,2026-07-20,scope_kind;scope_status;scope_approved_formulation;scope_boundary,supported_bounded,A101明确以向日本本土与海外媒体、组织和市民传播琉球弧市民声音为目的。,传播意图与线上输出不等于已建立稳定国际组织关系。,docs/human_review_return_remaining_online_145_v1.md,,supported_bounded,reviewed_actor_issue,relation_existence;scope;interpretation_boundary,A101明确以向日本本土与海外媒体、组织和市民传播琉球弧市民声音为目的。,传播意图与线上输出不等于已建立稳定国际组织关系。,,EA-S038;EA-S039,A101明确以向日本本土与海外媒体、组织和市民传播琉球弧市民声音为目的。
AI294,A101,I020,environment,A101主办环境影响评价讲座并向县知事提交保护浦添海域的具体提言。,S247;S246,E4,human_checked,HR-010 batch 6 principal-confirmed actor--issue edge. Package-local keys: EA-S040;EA-S039.,,accept,HR010-B6-051,project_principal_user,2026-07-20,actor_id;issue_id;relation_basis;source_ref;evidence_level;scope_kind;interpretation_limit,scope_reviewed_event_specific,,docs/human_review_return_remaining_online_145_v1.md,事件特定环境/程序倡议，不推断一般反开发立场。,event_specific,human_checked,accept,HR010-B6-051,project_principal_user,2026-07-20,scope_kind;scope_status;scope_approved_formulation;scope_boundary,supported_bounded,A101主办环境影响评价讲座并向县知事提交保护浦添海域的具体提言。,事件特定环境/程序倡议，不推断一般反开发立场。,docs/human_review_return_remaining_online_145_v1.md,,supported_bounded,reviewed_actor_issue,relation_existence;scope;interpretation_boundary,A101主办环境影响评价讲座并向县知事提交保护浦添海域的具体提言。,事件特定环境/程序倡议，不推断一般反开发立场。,,EA-S040;EA-S039,A101主办环境影响评价讲座并向县知事提交保护浦添海域的具体提言。
