edge_id,actor_id,actor_name,actor_class,analysis_family_v1,origin_type,issue_id,issue_label,issue_group,relation_basis_original,temporal_scope_v1,temporal_scope_rule,source_ref,evidence_level,review_status,review_layer,analysis_inclusion,analysis_exclusion_reason,conclusion_eligibility,notes,interpretation_limit
AI001,A001,Okinawa Environmental Justice Project,international_advocacy_actor,跨国 NGO／国际倡议,mixed_or_network,I004,dugong,environment,OEJP/MMC dugong advocacy,organizational_positioning,mission/purpose/sustained-role marker,S006;S007;S008,E4,ai_seeded,candidate,active,,candidate_or_clue,Core issue.,actor--issue evidence only; does not establish stable inter-organizational alliance
AI002,A001,Okinawa Environmental Justice Project,international_advocacy_actor,跨国 NGO／国际倡议,mixed_or_network,I012,international_advocacy,transnational,Request to U.S. Marine Mammal Commission,event_specific,explicit statement/signatory/request/action marker,S006;S007;S008,E4,ai_seeded,candidate,active,,candidate_or_clue,Transnational advocacy route.,actor--issue evidence only; does not establish stable inter-organizational alliance
AI003,A001,Okinawa Environmental Justice Project,international_advocacy_actor,跨国 NGO／国际倡议,mixed_or_network,I003,Henoko,place_issue,Henoko/Oura Bay focus,organizational_positioning,mission/purpose/sustained-role marker,S006;S007;S008,E4,ai_seeded,candidate,active,,candidate_or_clue,Place issue.,actor--issue evidence only; does not establish stable inter-organizational alliance
AI004,A002,ジュゴン保護キャンペーンセンター（Save the Dugong Campaign Center）,international_advocacy_actor,跨国 NGO／国际倡议,japan_domestic,I004,dugong,environment,Dugong protection campaign and advocacy context,institutional_or_case_role,legal/service/program/support role marker,S007;S057;S058;S059,E4,human_revised,human_reviewed,active,,human_reviewed_E3_E4,HR-001 identity confirmed; do not treat as lawsuit plaintiff.,actor--issue evidence only; does not establish stable inter-organizational alliance
AI005,A002,ジュゴン保護キャンペーンセンター（Save the Dugong Campaign Center）,international_advocacy_actor,跨国 NGO／国际倡议,japan_domestic,I012,international_advocacy,transnational,IUCN and international advocacy context,institutional_or_case_role,legal/service/program/support role marker,S007;S058,E4,human_revised,human_reviewed,active,,human_reviewed_E3_E4,HR-001 confirms international advocacy role via SDCC/IUCN; lawsuit link is personnel overlap not plaintiff status.,actor--issue evidence only; does not establish stable inter-organizational alliance
AI006,A003,ジュゴンネットワーク沖縄,local_civic_actor,冲绳本地公民行动,okinawa_local,I004,dugong,environment,2010 WWF signatory list,event_specific,explicit statement/signatory/request/action marker,S003,E3,needs_second_source,candidate,active,,candidate_or_clue,Confirm organization details.,actor--issue evidence only; does not establish stable inter-organizational alliance
AI007,A003,ジュゴンネットワーク沖縄,local_civic_actor,冲绳本地公民行动,okinawa_local,I005,biodiversity,environment,2010 WWF Henoko habitat statement,event_specific,explicit statement/signatory/request/action marker,S003,E3,needs_second_source,candidate,active,,candidate_or_clue,Environmental actor seed.,actor--issue evidence only; does not establish stable inter-organizational alliance
AI008,A004,日本自然保護協会,domestic_japan_ngo,日本国内 NGO／声援,japan_domestic,I005,biodiversity,environment,2015 NACSJ emergency statement,event_specific,explicit statement/signatory/request/action marker,S004,E4,ai_seeded,candidate,active,,candidate_or_clue,National environmental NGO.,actor--issue evidence only; does not establish stable inter-organizational alliance
AI009,A004,日本自然保護協会,domestic_japan_ngo,日本国内 NGO／声援,japan_domestic,I003,Henoko,place_issue,Henoko emergency statement,event_specific,explicit statement/signatory/request/action marker,S004,E4,ai_seeded,candidate,active,,candidate_or_clue,Issue/place link.,actor--issue evidence only; does not establish stable inter-organizational alliance
AI010,A005,WWFジャパン,domestic_japan_ngo,日本国内 NGO／声援,japan_domestic,I004,dugong,environment,2010 WWF statement host,event_specific,explicit statement/signatory/request/action marker,S003,E4,ai_seeded,candidate,active,,candidate_or_clue,Statement host.,actor--issue evidence only; does not establish stable inter-organizational alliance
AI011,A005,WWFジャパン,domestic_japan_ngo,日本国内 NGO／声援,japan_domestic,I005,biodiversity,environment,2010 WWF statement host,event_specific,explicit statement/signatory/request/action marker,S003,E4,ai_seeded,candidate,active,,candidate_or_clue,Environmental frame.,actor--issue evidence only; does not establish stable inter-organizational alliance
AI012,A006,グリーンピース・ジャパン,domestic_japan_ngo,日本国内 NGO／声援,japan_domestic,I005,biodiversity,environment,2010 WWF signatory list,event_specific,explicit statement/signatory/request/action marker,S003,E4,ai_seeded,candidate,active,,candidate_or_clue,Environmental NGO.,actor--issue evidence only; does not establish stable inter-organizational alliance
AI013,A006,グリーンピース・ジャパン,domestic_japan_ngo,日本国内 NGO／声援,japan_domestic,I001,anti_base,base_politics,Henoko base construction opposition statement,event_specific,explicit statement/signatory/request/action marker,S003,E4,ai_seeded,candidate,active,,candidate_or_clue,Statement-based.,actor--issue evidence only; does not establish stable inter-organizational alliance
AI014,A007,ピースボート,domestic_japan_ngo,日本国内 NGO／声援,japan_domestic,I019,peace,peace_human_rights,Peace Boat Henoko statement,event_specific,explicit statement/signatory/request/action marker,S005,E4,ai_seeded,candidate,active,,candidate_or_clue,Peace movement bridge.,actor--issue evidence only; does not establish stable inter-organizational alliance
AI015,A007,ピースボート,domestic_japan_ngo,日本国内 NGO／声援,japan_domestic,I001,anti_base,base_politics,Peace Boat Henoko statement,event_specific,explicit statement/signatory/request/action marker,S005,E4,ai_seeded,candidate,active,,candidate_or_clue,Statement-based.,actor--issue evidence only; does not establish stable inter-organizational alliance
AI016,A007,ピースボート,domestic_japan_ngo,日本国内 NGO／声援,japan_domestic,I012,international_advocacy,transnational,ピースボート—international_advocacy 仅表示其在 2015 年 3 月 25 日作为国内外 31 个 NGO 紧急共同声明的赞同团体之一，参与边野古议题的跨组织公开倡议。,event_specific,human-reviewed scope_kind from central actor-issue edge,S005,E4,human_revised,human_reviewed,active,,human_reviewed_E3_E4,Bridge actor. HR-035 Batch 2 principal-confirmed factual review (HR035-B02-AI016).,actor--issue evidence only; does not establish stable inter-organizational alliance
AI017,A008,NGO非戦ネット,citizen_network,冲绳本地公民行动,japan_domestic,I019,peace,peace_human_rights,No-war/international-cooperation NGO network purpose,organizational_positioning,mission/purpose/sustained-role marker,S065;S066;S067,E4,human_revised,human_reviewed,active,,human_reviewed_E3_E4,HR-002 confirms peace/no-war as core purpose.,actor--issue evidence only; does not establish stable inter-organizational alliance
AI018,A008,NGO非戦ネット,citizen_network,冲绳本地公民行动,japan_domestic,I001,anti_base,base_politics,Henoko referendum solidarity statement context,event_specific,explicit statement/signatory/request/action marker,S064,E3,human_revised,human_reviewed,active,,human_reviewed_E3_E4,"HR-002: anti-base relation is statement/solidarity context, not local core activity or stable alliance.",actor--issue evidence only; does not establish stable inter-organizational alliance
AI019,A009,Earthjustice,international_advocacy_actor,跨国 NGO／国际倡议,us_origin,I011,legal,legal_policy,Earthjustice dugong litigation explainer,institutional_or_case_role,legal/service/program/support role marker,S009,E4,ai_seeded,candidate,active,,candidate_or_clue,Legal route.,actor--issue evidence only; does not establish stable inter-organizational alliance
AI020,A009,Earthjustice,international_advocacy_actor,跨国 NGO／国际倡议,us_origin,I004,dugong,environment,Earthjustice dugong litigation explainer,institutional_or_case_role,legal/service/program/support role marker,S009,E4,ai_seeded,candidate,active,,candidate_or_clue,Dugong protection.,actor--issue evidence only; does not establish stable inter-organizational alliance
AI021,A009,Earthjustice,international_advocacy_actor,跨国 NGO／国际倡议,us_origin,I012,international_advocacy,transnational,Earthjustice 的 international_advocacy 边只表示其作为冲绳儒艮案原告方 counsel，将边野古／儒艮争议带入美国联邦司法程序。,institutional_or_case_role,human-reviewed scope_kind from central actor-issue edge,S009;S128,E4,human_revised,human_reviewed,active,,human_reviewed_E3_E4,International advocacy actor. HR-035 batch 01 principal-confirmed factual freeze (HR035-B01-AI021).,actor--issue evidence only; does not establish stable inter-organizational alliance
AI022,A010,石垣島に軍事基地をつくらせない市民連絡会,citizen_network,冲绳本地公民行动,okinawa_local,I002,anti_military,security_politics,Ishigaki anti-base civic group named in local news,organizational_positioning,mission/purpose/sustained-role marker,S016;S017,E4,ai_seeded,candidate,active,,candidate_or_clue,Core Sakishima actor.,actor--issue evidence only; does not establish stable inter-organizational alliance
AI023,A010,石垣島に軍事基地をつくらせない市民連絡会,citizen_network,冲绳本地公民行动,okinawa_local,I006,groundwater,life_safety,Ishigaki construction halt request cites water/ecosystem concerns,event_specific,explicit statement/signatory/request/action marker,S017,E4,ai_seeded,candidate,active,,candidate_or_clue,Life-safety/environment frame.,actor--issue evidence only; does not establish stable inter-organizational alliance
AI024,A010,石垣島に軍事基地をつくらせない市民連絡会,citizen_network,冲绳本地公民行动,okinawa_local,I009,local_autonomy,governance,Ishigaki public debate/civic mobilization,organizational_positioning,human-reviewed scope_kind from central actor-issue edge,S016,E3,ai_seeded,candidate,active,,candidate_or_clue,Autonomy frame to verify.,actor--issue evidence only; does not establish stable inter-organizational alliance
AI025,A011,石垣市住民投票を求める会,citizen_group,冲绳本地公民行动,okinawa_local,I010,referendum,governance,石垣市住民投票を求める会是石垣陆自部署住民投票条例签名、直接请求及议会处理过程中的具名请求／推动组织。,institutional_or_case_role,human-reviewed scope_kind from central actor-issue edge,S018;S019,E3,human_checked,human_reviewed,active,,human_reviewed_E3_E4,Referendum actor. HR-035 batch 01 principal-confirmed factual freeze (HR035-B01-AI025).,actor--issue evidence only; does not establish stable inter-organizational alliance
AI026,A011,石垣市住民投票を求める会,citizen_group,冲绳本地公民行动,okinawa_local,I009,local_autonomy,governance,Resident vote framing,organizational_positioning,mission/purpose/sustained-role marker,S018;S019,E4,ai_seeded,candidate,active,,candidate_or_clue,Local autonomy frame.,actor--issue evidence only; does not establish stable inter-organizational alliance
AI027,A011,石垣市住民投票を求める会,citizen_group,冲绳本地公民行动,okinawa_local,I002,anti_military,security_politics,A011—anti_military 仅标记该会介入石垣陆自部署这一具体军事设施争议，并以住民投票直接请求推进市民表决。,institutional_or_case_role,human-reviewed scope_kind from central actor-issue edge,S018;S019,E3,human_checked,human_reviewed,active,,human_reviewed_E3_E4,Deployment issue. HR-035 batch 01 principal-confirmed factual freeze (HR035-B01-AI027).,actor--issue evidence only; does not establish stable inter-organizational alliance
AI028,A012,宮古島いのちの水を守ろう！,citizen_group,冲绳本地公民行动,okinawa_local,I006,groundwater,life_safety,Miyako water preservation frame,event_specific,human-reviewed scope_kind from central actor-issue edge,S020,E3,needs_second_source,candidate,active,,candidate_or_clue,Exact organization name needs review.,actor--issue evidence only; does not establish stable inter-organizational alliance
AI029,A012,宮古島いのちの水を守ろう！,citizen_group,冲绳本地公民行动,okinawa_local,I002,anti_military,security_politics,Miyako JSDF deployment opposition,event_specific,human-reviewed scope_kind from central actor-issue edge,S020,E3,needs_second_source,candidate,active,,candidate_or_clue,Confirm continuity.,actor--issue evidence only; does not establish stable inter-organizational alliance
AI030,A012,宮古島いのちの水を守ろう！,citizen_group,冲绳本地公民行动,okinawa_local,I007,life_safety,life_safety,Water/life-safety frame,event_specific,human-reviewed scope_kind from central actor-issue edge,S020,E3,needs_second_source,candidate,active,,candidate_or_clue,Life safety.,actor--issue evidence only; does not establish stable inter-organizational alliance
AI031,A013,ミサイル基地いらない宮古島住民連絡会,citizen_network,冲绳本地公民行动,okinawa_local,I002,anti_military,security_politics,Miyako anti-missile group,organizational_positioning,mission/purpose/sustained-role marker,S021,E4,ai_seeded,candidate,active,,candidate_or_clue,Core Miyako actor.,actor--issue evidence only; does not establish stable inter-organizational alliance
AI032,A013,ミサイル基地いらない宮古島住民連絡会,citizen_network,冲绳本地公民行动,okinawa_local,I006,groundwater,life_safety,Miyako groundwater/water concern,organizational_positioning,human-reviewed scope_kind from central actor-issue edge,S021,E3,ai_seeded,candidate,active,,candidate_or_clue,Source is party news; still actor seed.,actor--issue evidence only; does not establish stable inter-organizational alliance
AI033,A013,ミサイル基地いらない宮古島住民連絡会,citizen_network,冲绳本地公民行动,okinawa_local,I007,life_safety,life_safety,Missile/base life-safety concern,organizational_positioning,human-reviewed scope_kind from central actor-issue edge,S021,E3,ai_seeded,candidate,active,,candidate_or_clue,Needs local follow-up.,actor--issue evidence only; does not establish stable inter-organizational alliance
AI034,A014,住民投票を成功させるための実行委員会,executive_committee,冲绳本地公民行动,okinawa_local,I002,anti_military,security_politics,Yonaguni anti-deployment referendum committee lead,event_specific,human-reviewed scope_kind from central actor-issue edge,S069;S010;S070,E2,needs_local_retrieval,candidate,active,,candidate_or_clue,HR-003: replaces unsupported 与那国改革会議 seed; exact committee name and continuity need local confirmation.,actor--issue evidence only; does not establish stable inter-organizational alliance
AI035,A014,住民投票を成功させるための実行委員会,executive_committee,冲绳本地公民行动,okinawa_local,I009,local_autonomy,governance,Yonaguni referendum/direct-request and vote-process concerns,event_specific,explicit statement/signatory/request/action marker,S069;S010;S071,E2,needs_local_retrieval,candidate,active,,candidate_or_clue,HR-003: local autonomy relation retained as referendum committee lead; needs local/primary confirmation.,actor--issue evidence only; does not establish stable inter-organizational alliance
AI036,A015,与那国自衛隊配備反対意見広告実行委員会,executive_committee,冲绳本地公民行动,okinawa_local,I002,anti_military,security_politics,Anti-deployment opinion-ad committee,event_specific,human-reviewed scope_kind from central actor-issue edge,S015,E2,needs_local_retrieval,candidate,active,,candidate_or_clue,HR-003: S015 confirms name but is single party-media source; needs Yaeyama local cross-check.,actor--issue evidence only; does not establish stable inter-organizational alliance
AI037,A015,与那国自衛隊配備反対意見広告実行委員会,executive_committee,冲绳本地公民行动,okinawa_local,I009,local_autonomy,governance,Public opinion/ad action and referendum solidarity,event_specific,explicit statement/signatory/request/action marker,S015,E2,needs_local_retrieval,candidate,active,,candidate_or_clue,HR-003: local-autonomy relation is indirect through referendum/public-opinion action; needs local confirmation.,actor--issue evidence only; does not establish stable inter-organizational alliance
AI038,A016,与那国島の明るい未来を願うイソバの会,citizen_group,冲绳本地公民行动,okinawa_local,I008,health_risk,life_safety,Yonaguni health/life-safety concerns around deployment and exercises,mixed_or_unclear,human-reviewed scope_kind from central actor-issue edge,,E3,needs_second_source,excluded_history,excluded_history,edge_claim_status_unsupported,excluded_historical_record,HR-003: organization/activity cross-supported; founding/representatives still need local retrieval.,actor--issue evidence only; does not establish stable inter-organizational alliance
AI039,A016,与那国島の明るい未来を願うイソバの会,citizen_group,冲绳本地公民行动,okinawa_local,I002,anti_military,security_politics,Yonaguni deployment and joint-exercise concerns,organizational_positioning,human-reviewed scope_kind from central actor-issue edge,S052;S068,E3,human_checked,human_reviewed,active,,human_reviewed_E3_E4,HR-003: active civic opposition to deployment/exercises confirmed by blog and local news.,actor--issue evidence only; does not establish stable inter-organizational alliance
AI040,A017,沖縄対話プロジェクト,citizen_network,冲绳本地公民行动,okinawa_local,I018,Taiwan_contingency,security_politics,沖縄対話プロジェクト—Taiwan_contingency 表示其官方设立宗旨把防止“台湾有事／南西諸岛有事”和避免冲绳再次成为战场作为对话项目的核心问题框架。,organizational_positioning,human-reviewed scope_kind from central actor-issue edge,S022,E4,human_checked,human_reviewed,active,,human_reviewed_E3_E4,Recent security environment frame. HR-035 Batch 2 principal-confirmed factual review (HR035-B02-AI040).,actor--issue evidence only; does not establish stable inter-organizational alliance
AI041,A017,沖縄対話プロジェクト,citizen_network,冲绳本地公民行动,okinawa_local,I017,frontline_prevention,security_politics,Okinawa dialogue anti-war/frontline framing,organizational_positioning,mission/purpose/sustained-role marker,S022,E4,ai_seeded,candidate,active,,candidate_or_clue,Recent frontline-prevention frame.,actor--issue evidence only; does not establish stable inter-organizational alliance
AI042,A017,沖縄対話プロジェクト,citizen_network,冲绳本地公民行动,okinawa_local,I019,peace,peace_human_rights,沖縄対話プロジェクト—peace 表示其以跨越政治立场的市民对话、防止战争及推动和平国际社会为公开项目目的。,organizational_positioning,human-reviewed scope_kind from central actor-issue edge,S022,E4,human_checked,human_reviewed,active,,human_reviewed_E3_E4,Peace/anti-war. HR-035 Batch 2 principal-confirmed factual review (HR035-B02-AI042).,actor--issue evidence only; does not establish stable inter-organizational alliance
AI043,A018,ノーモア沖縄戦 命どぅ宝の会,citizen_group,冲绳本地公民行动,okinawa_local,I017,frontline_prevention,security_politics,No More Okinawa War public framing,organizational_positioning,mission/purpose/sustained-role marker,S023;S024,E4,ai_seeded,candidate,active,,candidate_or_clue,Recent anti-frontline actor.,actor--issue evidence only; does not establish stable inter-organizational alliance
AI044,A018,ノーモア沖縄戦 命どぅ宝の会,citizen_group,冲绳本地公民行动,okinawa_local,I018,Taiwan_contingency,security_politics,ノーモア沖縄戦 命どぅ宝の会—Taiwan_contingency 表示该会在 2021 年成立及 2022 年发足集会语境中，公开反对以“台湾有事”为前提使南西诸岛成为攻击据点。,organizational_positioning,human-reviewed scope_kind from central actor-issue edge,S023,E4,human_revised,human_reviewed,active,,human_reviewed_E3_E4,Current issue. HR-035 Batch 2 principal-confirmed factual review (HR035-B02-AI044).,actor--issue evidence only; does not establish stable inter-organizational alliance
AI045,A018,ノーモア沖縄戦 命どぅ宝の会,citizen_group,冲绳本地公民行动,okinawa_local,I019,peace,peace_human_rights,Anti-war framing,organizational_positioning,mission/purpose/sustained-role marker,S023,E4,ai_seeded,candidate,active,,candidate_or_clue,Peace/anti-war.,actor--issue evidence only; does not establish stable inter-organizational alliance
AI046,A019,ヘリ基地反対協議会（海上ヘリ基地建設反対・平和と名護市政民主化を求める協議会）,citizen_network,冲绳本地公民行动,okinawa_local,I001,anti_base,base_politics,Henoko on-site sit-in and maritime action,event_specific,explicit statement/signatory/request/action marker,S049;S008,E4,human_checked,human_reviewed,active,,human_reviewed_E3_E4,HR-004: official site supports direct action; joint statements are not stable alliance evidence.,actor--issue evidence only; does not establish stable inter-organizational alliance
AI047,A019,ヘリ基地反対協議会（海上ヘリ基地建設反対・平和と名護市政民主化を求める協議会）,citizen_network,冲绳本地公民行动,okinawa_local,I003,Henoko,place_issue,Henoko/Nago anti-heliport and on-site action,organizational_positioning,mission/purpose/sustained-role marker,S049;S050;S008,E4,human_checked,human_reviewed,active,,human_reviewed_E3_E4,HR-004: official site and structured secondary source support Henoko core role.,actor--issue evidence only; does not establish stable inter-organizational alliance
AI048,A020,日本環境法律家連盟（JELF）,lawyers_network,法律／制度程序,japan_domestic,I011,legal,legal_policy,JELF 的 legal 边按案件分列：冲绳儒艮案为具名组织原告／上诉人；泡濑公金支出诉讼仅为 supporter／正式材料承载者。,institutional_or_case_role,human-reviewed scope_kind from central actor-issue edge,S061;S128;S142,E4,human_revised,human_reviewed,active,,human_reviewed_E3_E4,Legal channel. HR-035 batch 01 principal-confirmed factual freeze (HR035-B01-AI048).,actor--issue evidence only; does not establish stable inter-organizational alliance
AI049,A020,日本環境法律家連盟（JELF）,lawyers_network,法律／制度程序,japan_domestic,I005,biodiversity,environment,JELF—biodiversity 仅表示其作为 2020 年 OEJP／MMC 冲绳儒艮请求与公民社会报告的公开参与者。,event_specific,human-reviewed scope_kind from central actor-issue edge,S006;S007,E4,human_checked,human_reviewed,active,,human_reviewed_E3_E4,Environmental law. HR-035 batch 01 principal-confirmed factual freeze (HR035-B01-AI049).,actor--issue evidence only; does not establish stable inter-organizational alliance
AI050,A020,日本環境法律家連盟（JELF）,lawyers_network,法律／制度程序,japan_domestic,I004,dugong,environment,JELF—dugong 包含两条分开的具名事实：冲绳儒艮案组织原告／上诉人角色，以及 2020 年 MMC 儒艮请求／报告参与。,institutional_or_case_role,human-reviewed scope_kind from central actor-issue edge,S061;S128;S006;S007,E4,human_revised,human_reviewed,active,,human_reviewed_E3_E4,Dugong issue. HR-035 batch 01 principal-confirmed factual freeze (HR035-B01-AI050).,actor--issue evidence only; does not establish stable inter-organizational alliance
AI051,X001,USO Okinawa,base_community_service_actor,基地社区服务／慈善,us_origin,I014,military_family_service,base_community,USO Okinawa service role,institutional_or_case_role,legal/service/program/support role marker,X001,E3,ai_seeded,candidate,active,,candidate_or_clue,Service actor; not movement stance.,actor--issue evidence only; does not establish stable inter-organizational alliance
AI052,X001,USO Okinawa,base_community_service_actor,基地社区服务／慈善,us_origin,I016,base_community_welfare,base_community,USO Okinawa sponsor/service network,institutional_or_case_role,legal/service/program/support role marker,X001,E3,ai_seeded,candidate,active,,candidate_or_clue,Service/welfare ecology.,actor--issue evidence only; does not establish stable inter-organizational alliance
AI053,X002,Phoenix Corporation / Phoenix Park Hotel,local_business_sponsor,资助／赞助／公共机构,corporate,I016,base_community_welfare,base_community,Donation to USO Okinawa,institutional_or_case_role,legal/service/program/support role marker,X002,E4,ai_seeded,candidate,active,,candidate_or_clue,Sponsor/donor actor.,actor--issue evidence only; does not establish stable inter-organizational alliance
AI054,X003,American Engineering Corporation AEC,corporate_sponsor,资助／赞助／公共机构,corporate,I016,base_community_welfare,base_community,Listed USO sponsor,institutional_or_case_role,legal/service/program/support role marker,X003,E3,ai_seeded,candidate,active,,candidate_or_clue,Amount/year needs check.,actor--issue evidence only; does not establish stable inter-organizational alliance
AI055,X004,American Welfare & Works Association (AWWA / 米国福祉事業協会),base_spouse_charity_network,基地社区服务／慈善,us_origin,I014,military_family_service,base_community,AWWA spouse-club umbrella network,organizational_positioning,mission/purpose/sustained-role marker,S041;S055;S072,E4,human_checked,human_reviewed,active,,human_reviewed_E3_E4,HR-005 confirms umbrella/member structure; not evidence of specific recipients.,actor--issue evidence only; does not establish stable inter-organizational alliance
AI056,X004,American Welfare & Works Association (AWWA / 米国福祉事業協会),base_spouse_charity_network,基地社区服务／慈善,us_origin,I016,base_community_welfare,base_community,AWWA grantmaking/welfare network,organizational_positioning,human-reviewed scope_kind from central actor-issue edge,S041;S055;S077;S078,E3,human_checked,human_reviewed,active,,human_reviewed_E3_E4,HR-005 confirms general welfare grantmaking; annual named recipient lists still need Form 990/records.,actor--issue evidence only; does not establish stable inter-organizational alliance
AI057,X005,Naval Officers' Spouses' Club of Okinawa NOSCO,base_spouse_club,基地社区服务／慈善,us_origin,I014,military_family_service,base_community,NOSCO spouse club / AWWA member relation,organizational_positioning,human-reviewed scope_kind from central actor-issue edge,S055,E4,human_checked,human_reviewed,active,,human_reviewed_E3_E4,HR-005 confirms NOSCO identity and AWWA membership; recipient records still need follow-up.,actor--issue evidence only; does not establish stable inter-organizational alliance
AI058,X006,Kadena Officers' Spouses' Club KOSC,base_spouse_club,基地社区服务／慈善,us_origin,I014,military_family_service,base_community,KOSC spouse club and Kadena Gift Corner charity role,institutional_or_case_role,legal/service/program/support role marker,S075;S076,E4,human_checked,human_reviewed,active,,human_reviewed_E3_E4,HR-005 confirms KOSC identity and tax record.,actor--issue evidence only; does not establish stable inter-organizational alliance
AI059,X007,Okinawa Enlisted Spouses' Club (OESC),base_spouse_club,基地社区服务／慈善,us_origin,I014,military_family_service,base_community,OESC spouse club/thrift shop and nonprofit record,institutional_or_case_role,legal/service/program/support role marker,S053;S054,E4,human_checked,human_reviewed,active,,human_reviewed_E3_E4,HR-005 confirms OESC 501c3 and named USO donation.,actor--issue evidence only; does not establish stable inter-organizational alliance
AI060,X008,American Red Cross Okinawa,base_community_service_actor,基地社区服务／慈善,us_origin,I014,military_family_service,base_community,Red Cross Okinawa volunteer/service role,institutional_or_case_role,legal/service/program/support role marker,X008,E4,ai_seeded,candidate,active,,candidate_or_clue,Service node.,actor--issue evidence only; does not establish stable inter-organizational alliance
AI061,X009,Navy-Marine Corps Relief Society Okinawa,base_community_service_actor,基地社区服务／慈善,us_origin,I014,military_family_service,base_community,NMCRS emergency assistance role,event_specific,explicit statement/signatory/request/action marker,X009,E4,ai_seeded,candidate,active,,candidate_or_clue,Service node.,actor--issue evidence only; does not establish stable inter-organizational alliance
AI062,X010,沖縄NGOセンター,local_international_cooperation_ngo,国际合作／公共外交,okinawa_local,I015,international_cooperation,external_network,MOFA NGO consultant/JICA relation,institutional_or_case_role,legal/service/program/support role marker,X010;X011,E4,ai_seeded,candidate,active,,candidate_or_clue,Institutional relation.,actor--issue evidence only; does not establish stable inter-organizational alliance
AI063,X010,沖縄NGOセンター,local_international_cooperation_ngo,国际合作／公共外交,okinawa_local,I013,public_diplomacy,external_network,International cooperation/development education adjacent,mixed_or_unclear,human-reviewed scope_kind from central actor-issue edge,,E3,needs_second_source,excluded_history,excluded_history,edge_claim_status_unsupported,excluded_historical_record,Use cautiously.,actor--issue evidence only; does not establish stable inter-organizational alliance
AI064,X011,JICA沖縄,public_institution_partner,资助／赞助／公共机构,public_institution,I015,international_cooperation,external_network,JICA Okinawa institutional role,institutional_or_case_role,legal/service/program/support role marker,X011,E4,ai_seeded,candidate,active,,candidate_or_clue,Institutional node.,actor--issue evidence only; does not establish stable inter-organizational alliance
AI065,X012,TOMODACHI Initiative,public_diplomacy_or_exchange_actor,国际合作／公共外交,mixed_or_network,I013,public_diplomacy,external_network,TOMODACHI public-private partnership,institutional_or_case_role,legal/service/program/support role marker,X012,E4,ai_seeded,candidate,active,,candidate_or_clue,Okinawa-specific link not yet confirmed.,actor--issue evidence only; does not establish stable inter-organizational alliance
AI066,X013,U.S. Consulate General Naha Okinawa Youth Council Program,public_diplomacy_grant_program,国际合作／公共外交,us_origin,I013,public_diplomacy,external_network,Okinawa Youth Council grant opportunity,institutional_or_case_role,legal/service/program/support role marker,X013,E3,needs_local_retrieval,candidate,active,,candidate_or_clue,Opportunity only; recipient unknown.,actor--issue evidence only; does not establish stable inter-organizational alliance
AI067,X014,NED National Endowment for Democracy,funder_or_intermediary,资助／赞助／公共机构,us_origin,I013,public_diplomacy,external_network,NED watchlist / democracy funding context,mixed_or_unclear,human-reviewed scope_kind from central actor-issue edge,,E2,rejected,excluded_history,excluded_history,edge_review_status_rejected,excluded_historical_record,No Okinawa recipient confirmed.,actor--issue evidence only; does not establish stable inter-organizational alliance
AI068,X015,Peace Winds Japan,international_ngo,跨国 NGO／国际倡议,japan_domestic,I015,international_cooperation,external_network,Peace Winds Japan USAID method sample,event_specific,human-reviewed scope_kind from central actor-issue edge,X015,E4,ai_seeded,excluded_history,excluded_history,edge_graph_eligibility_excluded,excluded_historical_record,No Okinawa issue link confirmed. 项目负责人确认：HR-019只批准了默认叙事排除等 scope 处理，actor—issue claim 本身没有逐行人审决定；review_status 仍归 ai_seeded，并继续排除于默认冲绳叙事。,actor--issue evidence only; does not establish stable inter-organizational alliance
AI069,A021,国際環境NGO FoE Japan,domestic_japan_ngo,日本国内 NGO／声援,japan_domestic,I005,biodiversity,environment,2015 NACSJ emergency statement signatory,event_specific,explicit statement/signatory/request/action marker,S004,E4,ai_seeded,candidate,active,,candidate_or_clue,Signatory seed.,actor--issue evidence only; does not establish stable inter-organizational alliance
AI070,A021,国際環境NGO FoE Japan,domestic_japan_ngo,日本国内 NGO／声援,japan_domestic,I001,anti_base,base_politics,Statement opposes Henoko base construction,event_specific,explicit statement/signatory/request/action marker,S004,E4,ai_seeded,candidate,active,,candidate_or_clue,Signatory relation; not stable alliance.,actor--issue evidence only; does not establish stable inter-organizational alliance
AI071,A022,NPO法人 ラムサール・ネットワーク日本,domestic_japan_ngo,日本国内 NGO／声援,japan_domestic,I005,biodiversity,environment,2015 NACSJ emergency statement signatory,event_specific,explicit statement/signatory/request/action marker,S004,E4,ai_seeded,candidate,active,,candidate_or_clue,Signatory seed.,actor--issue evidence only; does not establish stable inter-organizational alliance
AI072,A022,NPO法人 ラムサール・ネットワーク日本,domestic_japan_ngo,日本国内 NGO／声援,japan_domestic,I001,anti_base,base_politics,Statement opposes Henoko base construction,event_specific,explicit statement/signatory/request/action marker,S004,E4,ai_seeded,candidate,active,,candidate_or_clue,Signatory relation.,actor--issue evidence only; does not establish stable inter-organizational alliance
AI073,A023,美ら海にもやんばるにも基地はいらない市民の会,local_civic_actor,冲绳本地公民行动,japan_domestic,I001,anti_base,base_politics,2015 NACSJ signatory local civic group,event_specific,explicit statement/signatory/request/action marker,S004,E4,ai_seeded,candidate,active,,candidate_or_clue,Needs local follow-up.,actor--issue evidence only; does not establish stable inter-organizational alliance
AI074,A023,美ら海にもやんばるにも基地はいらない市民の会,local_civic_actor,冲绳本地公民行动,japan_domestic,I005,biodiversity,environment,Name/framing links sea/Yanbaru protection,event_specific,explicit statement/signatory/request/action marker,S004,E3,needs_second_source,candidate,active,,candidate_or_clue,Infer from signatory context.,actor--issue evidence only; does not establish stable inter-organizational alliance
AI075,A024,辺野古リレー,citizen_network,冲绳本地公民行动,okinawa_local,I001,anti_base,base_politics,2015 NACSJ signatory,event_specific,explicit statement/signatory/request/action marker,S004,E4,ai_seeded,candidate,active,,candidate_or_clue,Henoko mobilization seed.,actor--issue evidence only; does not establish stable inter-organizational alliance
AI076,A024,辺野古リレー,citizen_network,冲绳本地公民行动,okinawa_local,I003,Henoko,place_issue,Name and statement context,event_specific,explicit statement/signatory/request/action marker,S004,E4,ai_seeded,candidate,active,,candidate_or_clue,Place issue.,actor--issue evidence only; does not establish stable inter-organizational alliance
AI077,A025,辺野古への基地建設を許さない実行委員会,executive_committee,冲绳本地公民行动,okinawa_local,I001,anti_base,base_politics,2015 NACSJ signatory,event_specific,explicit statement/signatory/request/action marker,S004,E4,ai_seeded,candidate,active,,candidate_or_clue,Anti-base executive committee.,actor--issue evidence only; does not establish stable inter-organizational alliance
AI078,A025,辺野古への基地建設を許さない実行委員会,executive_committee,冲绳本地公民行动,okinawa_local,I003,Henoko,place_issue,Name and statement context,event_specific,explicit statement/signatory/request/action marker,S004,E4,ai_seeded,candidate,active,,candidate_or_clue,Place issue.,actor--issue evidence only; does not establish stable inter-organizational alliance
AI079,A026,ピース・ニュース,citizen_group,冲绳本地公民行动,japan_domestic,I019,peace,peace_human_rights,2015 NACSJ signatory / peace news,event_specific,explicit statement/signatory/request/action marker,S004,E3,needs_second_source,candidate,active,,candidate_or_clue,Actor type unclear.,actor--issue evidence only; does not establish stable inter-organizational alliance
AI080,A027,公共事業改革市民会議,citizen_network,冲绳本地公民行动,japan_domestic,I005,biodiversity,environment,2015 NACSJ signatory / public works reform frame,event_specific,explicit statement/signatory/request/action marker,S004,E4,ai_seeded,candidate,active,,candidate_or_clue,Environment/public works critique.,actor--issue evidence only; does not establish stable inter-organizational alliance
AI081,A027,公共事業改革市民会議,citizen_network,冲绳本地公民行动,japan_domestic,I001,anti_base,base_politics,Statement opposes Henoko base construction,event_specific,explicit statement/signatory/request/action marker,S004,E4,ai_seeded,candidate,active,,candidate_or_clue,Signatory relation.,actor--issue evidence only; does not establish stable inter-organizational alliance
AI082,A028,沖縄のための日米市民ネットワーク（JUCON）,international_advocacy_actor,跨国 NGO／国际倡议,mixed_or_network,I012,international_advocacy,transnational,Japan-U.S. citizen network signatory,event_specific,explicit statement/signatory/request/action marker,S004,E4,ai_seeded,candidate,active,,candidate_or_clue,International/cross-border actor.,actor--issue evidence only; does not establish stable inter-organizational alliance
AI083,A028,沖縄のための日米市民ネットワーク（JUCON）,international_advocacy_actor,跨国 NGO／国际倡议,mixed_or_network,I001,anti_base,base_politics,Statement opposes Henoko base construction,event_specific,explicit statement/signatory/request/action marker,S004,E4,ai_seeded,candidate,active,,candidate_or_clue,Signatory relation.,actor--issue evidence only; does not establish stable inter-organizational alliance
AI084,A029,沖縄・生物多様性市民ネットワーク,citizen_network,冲绳本地公民行动,okinawa_local,I005,biodiversity,environment,Okinawa biodiversity citizen network signatory,event_specific,explicit statement/signatory/request/action marker,S004,E4,ai_seeded,candidate,active,,candidate_or_clue,Local biodiversity network.,actor--issue evidence only; does not establish stable inter-organizational alliance
AI085,A029,沖縄・生物多様性市民ネットワーク,citizen_network,冲绳本地公民行动,okinawa_local,I003,Henoko,place_issue,Henoko/Oura Bay statement context,event_specific,explicit statement/signatory/request/action marker,S004,E4,ai_seeded,candidate,active,,candidate_or_clue,Place issue.,actor--issue evidence only; does not establish stable inter-organizational alliance
AI086,A030,市川三番瀬を守る会,domestic_japan_ngo,日本国内 NGO／声援,japan_domestic,I005,biodiversity,environment,2015 NACSJ environmental solidarity signatory,event_specific,explicit statement/signatory/request/action marker,S004,E4,ai_seeded,candidate,active,,candidate_or_clue,Non-Okinawa environmental actor.,actor--issue evidence only; does not establish stable inter-organizational alliance
AI087,A031,三番瀬のラムサール条約登録を実現する会,domestic_japan_ngo,日本国内 NGO／声援,japan_domestic,I005,biodiversity,environment,2015 NACSJ environmental solidarity signatory,event_specific,explicit statement/signatory/request/action marker,S004,E4,ai_seeded,candidate,active,,candidate_or_clue,Non-Okinawa environmental actor.,actor--issue evidence only; does not establish stable inter-organizational alliance
AI088,A032,Peace Philosophy Centre,international_advocacy_actor,跨国 NGO／国际倡议,international,I012,international_advocacy,transnational,Peace Philosophy Centre signatory,event_specific,explicit statement/signatory/request/action marker,S004,E4,ai_seeded,candidate,active,,candidate_or_clue,International advocacy node.,actor--issue evidence only; does not establish stable inter-organizational alliance
AI089,A032,Peace Philosophy Centre,international_advocacy_actor,跨国 NGO／国际倡议,international,I019,peace,peace_human_rights,Peace Philosophy Centre framing,organizational_positioning,mission/purpose/sustained-role marker,S004,E3,ai_seeded,candidate,active,,candidate_or_clue,Confirm via own site if central.,actor--issue evidence only; does not establish stable inter-organizational alliance
AI090,A033,Friends of the Earth U.S.,international_ngo,跨国 NGO／国际倡议,us_origin,I012,international_advocacy,transnational,Friends of the Earth U.S. signatory,event_specific,explicit statement/signatory/request/action marker,S004,E4,ai_seeded,candidate,active,,candidate_or_clue,U.S. NGO.,actor--issue evidence only; does not establish stable inter-organizational alliance
AI091,A033,Friends of the Earth U.S.,international_ngo,跨国 NGO／国际倡议,us_origin,I005,biodiversity,environment,Environmental NGO signatory,event_specific,explicit statement/signatory/request/action marker,S004,E4,ai_seeded,candidate,active,,candidate_or_clue,Signatory seed.,actor--issue evidence only; does not establish stable inter-organizational alliance
AI092,A034,Korea Federation for Environmental Movements (KFEM),international_ngo,跨国 NGO／国际倡议,international,I012,international_advocacy,transnational,KFEM signatory,event_specific,explicit statement/signatory/request/action marker,S004,E4,ai_seeded,candidate,active,,candidate_or_clue,Overseas environmental solidarity.,actor--issue evidence only; does not establish stable inter-organizational alliance
AI093,A034,Korea Federation for Environmental Movements (KFEM),international_ngo,跨国 NGO／国际倡议,international,I005,biodiversity,environment,KFEM environmental NGO,event_specific,explicit statement/signatory/request/action marker,S004,E4,ai_seeded,candidate,active,,candidate_or_clue,Signatory seed.,actor--issue evidence only; does not establish stable inter-organizational alliance
AI094,A035,Russian Social Ecological Union,international_ngo,跨国 NGO／国际倡议,international,I012,international_advocacy,transnational,Overseas signatory,event_specific,explicit statement/signatory/request/action marker,S004,E4,ai_seeded,candidate,active,,candidate_or_clue,Signatory seed.,actor--issue evidence only; does not establish stable inter-organizational alliance
AI095,A036,Friends of the Siberian Forests,international_ngo,跨国 NGO／国际倡议,international,I012,international_advocacy,transnational,Overseas signatory,event_specific,explicit statement/signatory/request/action marker,S004,E4,ai_seeded,candidate,active,,candidate_or_clue,Signatory seed.,actor--issue evidence only; does not establish stable inter-organizational alliance
AI096,A037,Centre for Environmental Justice,international_ngo,跨国 NGO／国际倡议,international,I012,international_advocacy,transnational,Overseas signatory,event_specific,explicit statement/signatory/request/action marker,S004,E4,ai_seeded,candidate,active,,candidate_or_clue,Signatory seed.,actor--issue evidence only; does not establish stable inter-organizational alliance
AI097,A038,Sahabat Alam Malaysia,international_ngo,跨国 NGO／国际倡议,international,I012,international_advocacy,transnational,Overseas signatory,event_specific,explicit statement/signatory/request/action marker,S004,E4,ai_seeded,candidate,active,,candidate_or_clue,Signatory seed.,actor--issue evidence only; does not establish stable inter-organizational alliance
AI098,A039,The Legal Rights and Natural Resources Center-Kasama sa Kalikasan,international_ngo,跨国 NGO／国际倡议,international,I011,legal,legal_policy,Legal rights/natural resources center signatory,event_specific,explicit statement/signatory/request/action marker,S004,E4,ai_seeded,candidate,active,,candidate_or_clue,Legal/environmental NGO.,actor--issue evidence only; does not establish stable inter-organizational alliance
AI099,A039,The Legal Rights and Natural Resources Center-Kasama sa Kalikasan,international_ngo,跨国 NGO／国际倡议,international,I012,international_advocacy,transnational,Overseas signatory,event_specific,explicit statement/signatory/request/action marker,S004,E4,ai_seeded,candidate,active,,candidate_or_clue,Signatory seed.,actor--issue evidence only; does not establish stable inter-organizational alliance
AI100,A040,Forum for Protection of Public Interest (Pro Public),international_ngo,跨国 NGO／国际倡议,international,I012,international_advocacy,transnational,2015 NACSJ overseas signatory,event_specific,explicit statement/signatory/request/action marker,S004;S089;S090,E4,human_checked,human_reviewed,active,,human_reviewed_E3_E4,HR-009 identity confirmed; 2015 co-signatory/solidarity node only not stable alliance.,actor--issue evidence only; does not establish stable inter-organizational alliance
AI101,A041,Friends of the Earth Brisbane,international_ngo,跨国 NGO／国际倡议,international,I012,international_advocacy,transnational,Overseas signatory,event_specific,explicit statement/signatory/request/action marker,S004,E4,ai_seeded,candidate,active,,candidate_or_clue,Signatory seed.,actor--issue evidence only; does not establish stable inter-organizational alliance
AI102,A042,Pacific Environment,international_ngo,跨国 NGO／国际倡议,us_origin,I012,international_advocacy,transnational,Pacific Environment signatory,event_specific,explicit statement/signatory/request/action marker,S004,E4,ai_seeded,candidate,active,,candidate_or_clue,U.S./Pacific NGO.,actor--issue evidence only; does not establish stable inter-organizational alliance
AI103,A042,Pacific Environment,international_ngo,跨国 NGO／国际倡议,us_origin,I005,biodiversity,environment,Environmental NGO signatory,event_specific,explicit statement/signatory/request/action marker,S004,E4,ai_seeded,candidate,active,,candidate_or_clue,Signatory seed.,actor--issue evidence only; does not establish stable inter-organizational alliance
AI104,A043,PENGON-FoE Palestine,international_ngo,跨国 NGO／国际倡议,international,I012,international_advocacy,transnational,Overseas signatory,event_specific,explicit statement/signatory/request/action marker,S004,E4,ai_seeded,candidate,active,,candidate_or_clue,Signatory seed.,actor--issue evidence only; does not establish stable inter-organizational alliance
AI105,A044,Naturvernforbundet / Norwegian Society for the Conservation of Nature,international_ngo,跨国 NGO／国际倡议,international,I012,international_advocacy,transnational,Overseas signatory,event_specific,explicit statement/signatory/request/action marker,S004,E4,ai_seeded,candidate,active,,candidate_or_clue,Signatory seed.,actor--issue evidence only; does not establish stable inter-organizational alliance
AI106,A045,Center for Biological Diversity,international_ngo,跨国 NGO／国际倡议,us_origin,I011,legal,legal_policy,Center for Biological Diversity 的 legal 边严格表示其在冲绳儒艮案中的具名组织原告／上诉人角色。,institutional_or_case_role,human-reviewed scope_kind from central actor-issue edge,S128;S129,E4,human_revised,human_reviewed,active,,human_reviewed_E3_E4,Legal/environmental NGO. HR-035 batch 01 principal-confirmed factual freeze (HR035-B01-AI106).,actor--issue evidence only; does not establish stable inter-organizational alliance
AI107,A045,Center for Biological Diversity,international_ngo,跨国 NGO／国际倡议,us_origin,I005,biodiversity,environment,Center for Biological Diversity signatory,event_specific,explicit statement/signatory/request/action marker,S004,E4,ai_seeded,candidate,active,,candidate_or_clue,Biodiversity actor.,actor--issue evidence only; does not establish stable inter-organizational alliance
AI108,A045,Center for Biological Diversity,international_ngo,跨国 NGO／国际倡议,us_origin,I012,international_advocacy,transnational,U.S. environmental NGO signatory,event_specific,explicit statement/signatory/request/action marker,S004,E4,ai_seeded,candidate,active,,candidate_or_clue,International actor.,actor--issue evidence only; does not establish stable inter-organizational alliance
AI109,A046,Pro Natura,international_ngo,跨国 NGO／国际倡议,international,I012,international_advocacy,transnational,2015 NACSJ overseas signatory,event_specific,explicit statement/signatory/request/action marker,S004;S091;S092,E4,human_checked,human_reviewed,active,,human_reviewed_E3_E4,HR-009 identity confirmed; 2015 co-signatory/solidarity node only not stable alliance.,actor--issue evidence only; does not establish stable inter-organizational alliance
AI110,A046,Pro Natura,international_ngo,跨国 NGO／国际倡议,international,I005,biodiversity,environment,Environmental NGO signatory,event_specific,explicit statement/signatory/request/action marker,S004;S091;S092,E4,human_checked,human_reviewed,active,,human_reviewed_E3_E4,HR-009 identity confirmed as Pro Natura / FoE Switzerland; signatory evidence only.,actor--issue evidence only; does not establish stable inter-organizational alliance
AI111,A047,沖縄平和運動センター,citizen_network,冲绳本地公民行动,okinawa_local,I001,anti_base,base_politics,Core anti-base coordination body,organizational_positioning,mission/purpose/sustained-role marker,S031,E4,ai_seeded,candidate,active,,candidate_or_clue,Central coordination role in Okinawa peace/anti-base movements.,actor--issue evidence only; does not establish stable inter-organizational alliance
AI112,A047,沖縄平和運動センター,citizen_network,冲绳本地公民行动,okinawa_local,I019,peace,peace_human_rights,Peace movement coordination,organizational_positioning,mission/purpose/sustained-role marker,S031,E4,ai_seeded,candidate,active,,candidate_or_clue,Peace movement center.,actor--issue evidence only; does not establish stable inter-organizational alliance
AI113,A047,沖縄平和運動センター,citizen_network,冲绳本地公民行动,okinawa_local,I002,anti_military,security_politics,Anti-military deployment coordination,organizational_positioning,mission/purpose/sustained-role marker,S031,E4,ai_seeded,candidate,active,,candidate_or_clue,Broad anti-military frame.,actor--issue evidence only; does not establish stable inter-organizational alliance
AI114,A047,沖縄平和運動センター,citizen_network,冲绳本地公民行动,okinawa_local,I003,Henoko,place_issue,Henoko opposition coordination,organizational_positioning,mission/purpose/sustained-role marker,S031,E3,ai_seeded,candidate,active,,candidate_or_clue,Verify direct Henoko coordination role.,actor--issue evidence only; does not establish stable inter-organizational alliance
AI115,A048,沖縄一坪反戦地主会,citizen_group,冲绳本地公民行动,okinawa_local,I001,anti_base,base_politics,Symbolic landowner resistance to military land leases,organizational_positioning,mission/purpose/sustained-role marker,S038,E4,ai_seeded,candidate,active,,candidate_or_clue,Core anti-base frame.,actor--issue evidence only; does not establish stable inter-organizational alliance
AI116,A048,沖縄一坪反戦地主会,citizen_group,冲绳本地公民行动,okinawa_local,I011,legal,legal_policy,Land lease legal resistance,mixed_or_unclear,human-reviewed scope_kind from central actor-issue edge,,E4,needs_second_source,excluded_history,excluded_history,edge_scope_status_deactivated_pending_actor_unit_repair,excluded_historical_record,Legal channel.,actor--issue evidence only; does not establish stable inter-organizational alliance
AI117,A048,沖縄一坪反戦地主会,citizen_group,冲绳本地公民行动,okinawa_local,I019,peace,peace_human_rights,Anti-war landowner movement,organizational_positioning,mission/purpose/sustained-role marker,S038,E4,ai_seeded,candidate,active,,candidate_or_clue,Peace frame.,actor--issue evidence only; does not establish stable inter-organizational alliance
AI118,A048,沖縄一坪反戦地主会,citizen_group,冲绳本地公民行动,okinawa_local,I009,local_autonomy,governance,Land rights and local autonomy,mixed_or_unclear,human-reviewed scope_kind from central actor-issue edge,,E3,needs_second_source,excluded_history,excluded_history,edge_scope_status_deactivated_pending_actor_unit_repair,excluded_historical_record,Autonomy frame.,actor--issue evidence only; does not establish stable inter-organizational alliance
AI119,A049,基地・軍隊を許さない行動する女たちの会,citizen_group,冲绳本地公民行动,okinawa_local,I007,life_safety,life_safety,基地・軍隊を許さない行動する女たちの会—life_safety 仅表示其从女性人权、军事性暴力与身体／日常生活安全角度提出基地和军队问题。,organizational_positioning,human-reviewed scope_kind from central actor-issue edge,S039,E3,human_revised,human_reviewed,active,,human_reviewed_E3_E4,Gender/safety frame. HR-035 Batch 2 principal-confirmed factual review (HR035-B02-AI119).,actor--issue evidence only; does not establish stable inter-organizational alliance
AI120,A049,基地・軍隊を許さない行動する女たちの会,citizen_group,冲绳本地公民行动,okinawa_local,I001,anti_base,base_politics,Women's anti-base movement,organizational_positioning,mission/purpose/sustained-role marker,S039,E4,ai_seeded,candidate,active,,candidate_or_clue,Anti-base frame.,actor--issue evidence only; does not establish stable inter-organizational alliance
AI121,A049,基地・軍隊を許さない行動する女たちの会,citizen_group,冲绳本地公民行动,okinawa_local,I002,anti_military,security_politics,基地・軍隊を許さない行動する女たちの会—anti_military 表示该会把反对基地、军队及其结构性／性别化暴力作为可观察的组织定位。,organizational_positioning,human-reviewed scope_kind from central actor-issue edge,S039,E3,human_revised,human_reviewed,active,,human_reviewed_E3_E4,Anti-military frame. HR-035 Batch 2 principal-confirmed factual review (HR035-B02-AI121).,actor--issue evidence only; does not establish stable inter-organizational alliance
AI122,A050,沖縄弁護士会,lawyers_network,法律／制度程序,okinawa_local,I011,legal,legal_policy,Bar association legal statements on base issues,event_specific,explicit statement/signatory/request/action marker,S037,E4,ai_seeded,candidate,active,,candidate_or_clue,Professional legal frame.,actor--issue evidence only; does not establish stable inter-organizational alliance
AI123,A050,沖縄弁護士会,lawyers_network,法律／制度程序,okinawa_local,I009,local_autonomy,governance,Bar association statements on prefectural autonomy,event_specific,explicit statement/signatory/request/action marker,S037,E4,ai_seeded,candidate,active,,candidate_or_clue,Autonomy frame.,actor--issue evidence only; does not establish stable inter-organizational alliance
AI124,A050,沖縄弁護士会,lawyers_network,法律／制度程序,okinawa_local,I001,anti_base,base_politics,President statements opposing Henoko construction,event_specific,explicit statement/signatory/request/action marker,S037,E4,ai_seeded,candidate,active,,candidate_or_clue,Formal professional statement.,actor--issue evidence only; does not establish stable inter-organizational alliance
AI125,A051,「辺野古」県民投票の会,citizen_group,冲绳本地公民行动,okinawa_local,I010,referendum,governance,2019 prefectural referendum initiative,event_specific,explicit statement/signatory/request/action marker,S025,E4,ai_seeded,candidate,active,,candidate_or_clue,Core referendum actor.,actor--issue evidence only; does not establish stable inter-organizational alliance
AI126,A051,「辺野古」県民投票の会,citizen_group,冲绳本地公民行动,okinawa_local,I003,Henoko,place_issue,「辺野古」県民投票の会—Henoko 仅表示该会在 2018–2019 年推动以边野古填海／基地建设为问题对象的县民投票。,institutional_or_case_role,human-reviewed scope_kind from central actor-issue edge,S185;S025,E4,human_revised,human_reviewed,active,,human_reviewed_E3_E4,Henoko frame. HR-035 batch 01 principal-confirmed factual freeze (HR035-B01-AI126).,actor--issue evidence only; does not establish stable inter-organizational alliance
AI127,A051,「辺野古」県民投票の会,citizen_group,冲绳本地公民行动,okinawa_local,I009,local_autonomy,governance,A051—local_autonomy 仅表示该会通过条例制定直接请求与县民投票程序表达对边野古问题的地方直接民主／自治诉求。,institutional_or_case_role,human-reviewed scope_kind from central actor-issue edge,S185;S025,E4,human_revised,human_reviewed,active,,human_reviewed_E3_E4,Autonomy frame. HR-035 batch 01 principal-confirmed factual freeze (HR035-B01-AI127).,actor--issue evidence only; does not establish stable inter-organizational alliance
AI128,A052,嘉手納基地爆音差止訴訟原告団,citizen_group,冲绳本地公民行动,okinawa_local,I011,legal,legal_policy,Kadena noise litigation,institutional_or_case_role,legal/service/program/support role marker,S026,E4,ai_seeded,candidate,active,,candidate_or_clue,Court litigation.,actor--issue evidence only; does not establish stable inter-organizational alliance
AI129,A052,嘉手納基地爆音差止訴訟原告団,citizen_group,冲绳本地公民行动,okinawa_local,I007,life_safety,life_safety,嘉手納基地爆音差止訴訟原告団—life_safety 表示嘉手纳噪音诉讼中睡眠、健康风险、人格权与日常生活损害主张。,institutional_or_case_role,human-reviewed scope_kind from central actor-issue edge,S026,E3,human_checked,human_reviewed,active,,human_reviewed_E3_E4,Life safety frame. HR-035 batch 01 principal-confirmed factual freeze (HR035-B01-AI129).,actor--issue evidence only; does not establish stable inter-organizational alliance
AI130,A052,嘉手納基地爆音差止訴訟原告団,citizen_group,冲绳本地公民行动,okinawa_local,I001,anti_base,base_politics,Base noise burden legal action,institutional_or_case_role,legal/service/program/support role marker,S026,E4,ai_seeded,candidate,active,,candidate_or_clue,Anti-base through legal channel.,actor--issue evidence only; does not establish stable inter-organizational alliance
AI131,A053,普天間基地爆音訴訟団,citizen_group,冲绳本地公民行动,okinawa_local,I011,legal,legal_policy,Futenma noise litigation,institutional_or_case_role,legal/service/program/support role marker,S027,E4,ai_seeded,candidate,active,,candidate_or_clue,Court litigation.,actor--issue evidence only; does not establish stable inter-organizational alliance
AI132,A053,普天間基地爆音訴訟団,citizen_group,冲绳本地公民行动,okinawa_local,I007,life_safety,life_safety,普天間基地爆音訴訟団—life_safety 表示普天间噪音诉讼中人格权、夜间早晨噪音和居民日常生活损害主张。,institutional_or_case_role,human-reviewed scope_kind from central actor-issue edge,S027,E3,human_checked,human_reviewed,active,,human_reviewed_E3_E4,Life safety frame. HR-035 batch 01 principal-confirmed factual freeze (HR035-B01-AI132).,actor--issue evidence only; does not establish stable inter-organizational alliance
AI133,A053,普天間基地爆音訴訟団,citizen_group,冲绳本地公民行动,okinawa_local,I001,anti_base,base_politics,Base noise burden legal action,institutional_or_case_role,legal/service/program/support role marker,S027,E4,ai_seeded,candidate,active,,candidate_or_clue,Anti-base through legal channel.,actor--issue evidence only; does not establish stable inter-organizational alliance
AI134,A054,沖縄人権協会,local_civic_actor,冲绳本地公民行动,okinawa_local,I007,life_safety,life_safety,Human rights and safety concerns,mixed_or_unclear,human-reviewed scope_kind from central actor-issue edge,,E3,needs_second_source,excluded_history,excluded_history,edge_claim_status_unsupported,excluded_historical_record,Verify current activities.,actor--issue evidence only; does not establish stable inter-organizational alliance
AI135,A055,泡瀬干潟を守る連絡会,citizen_network,冲绳本地公民行动,okinawa_local,I005,biodiversity,environment,Tidal flat ecosystem protection,organizational_positioning,human-reviewed scope_kind from central actor-issue edge,S030,E3,ai_seeded,candidate,active,,candidate_or_clue,Environmental frame.,actor--issue evidence only; does not establish stable inter-organizational alliance
AI136,A055,泡瀬干潟を守る連絡会,citizen_network,冲绳本地公民行动,okinawa_local,I011,legal,legal_policy,Environmental litigation against reclamation,institutional_or_case_role,legal/service/program/support role marker,S030,E3,ai_seeded,candidate,active,,candidate_or_clue,Legal frame.,actor--issue evidence only; does not establish stable inter-organizational alliance
AI137,A056,沖縄環境ネットワーク,citizen_network,冲绳本地公民行动,okinawa_local,I005,biodiversity,environment,Environmental network activities,organizational_positioning,mission/purpose/sustained-role marker,S033,E3,needs_second_source,candidate,active,,candidate_or_clue,Verify organizational structure.,actor--issue evidence only; does not establish stable inter-organizational alliance
AI138,A056,沖縄環境ネットワーク,citizen_network,冲绳本地公民行动,okinawa_local,I001,anti_base,base_politics,Environmental perspective on base issues,organizational_positioning,human-reviewed scope_kind from central actor-issue edge,S033,E3,needs_second_source,candidate,active,,candidate_or_clue,Verify direct connection.,actor--issue evidence only; does not establish stable inter-organizational alliance
AI139,A057,沖縄意見広告運動,citizen_network,冲绳本地公民行动,japan_domestic,I001,anti_base,base_politics,National newspaper opinion ads on Okinawa base issues,event_specific,explicit statement/signatory/request/action marker,S034,E3,ai_seeded,candidate,active,,candidate_or_clue,Public opinion mobilization.,actor--issue evidence only; does not establish stable inter-organizational alliance
AI140,A057,沖縄意見広告運動,citizen_network,冲绳本地公民行动,japan_domestic,I019,peace,peace_human_rights,Peace framing in opinion campaigns,organizational_positioning,mission/purpose/sustained-role marker,S034,E3,ai_seeded,candidate,active,,candidate_or_clue,Peace frame.,actor--issue evidence only; does not establish stable inter-organizational alliance
AI141,A058,安保廃棄・くらしと民主主義を守る沖縄県統一行動連絡会議,citizen_network,冲绳本地公民行动,okinawa_local,I001,anti_base,base_politics,Labor/civic umbrella anti-base coordination,organizational_positioning,mission/purpose/sustained-role marker,S031,E3,needs_second_source,candidate,active,,candidate_or_clue,Verify structure.,actor--issue evidence only; does not establish stable inter-organizational alliance
AI142,A058,安保廃棄・くらしと民主主義を守る沖縄県統一行動連絡会議,citizen_network,冲绳本地公民行动,okinawa_local,I019,peace,peace_human_rights,Peace/labor movement coordination,organizational_positioning,mission/purpose/sustained-role marker,S031,E3,needs_second_source,candidate,active,,candidate_or_clue,Verify structure.,actor--issue evidence only; does not establish stable inter-organizational alliance
AI143,A059,沖縄「建白書」を実現し未来を拓く島ぐるみ会議,citizen_network,冲绳本地公民行动,okinawa_local,I001,anti_base,base_politics,All-island anti-Henoko base coordination,organizational_positioning,human-reviewed scope_kind from central actor-issue edge,S029,E3,ai_seeded,candidate,active,,candidate_or_clue,Municipal-level network.,actor--issue evidence only; does not establish stable inter-organizational alliance
AI144,A059,沖縄「建白書」を実現し未来を拓く島ぐるみ会議,citizen_network,冲绳本地公民行动,okinawa_local,I003,Henoko,place_issue,Henoko opposition coordination,organizational_positioning,mission/purpose/sustained-role marker,S029,E3,ai_seeded,candidate,active,,candidate_or_clue,Henoko focus.,actor--issue evidence only; does not establish stable inter-organizational alliance
AI145,A059,沖縄「建白書」を実現し未来を拓く島ぐるみ会議,citizen_network,冲绳本地公民行动,okinawa_local,I009,local_autonomy,governance,Municipal/grassroots autonomy expression,organizational_positioning,human-reviewed scope_kind from central actor-issue edge,S029,E3,ai_seeded,candidate,active,,candidate_or_clue,Local autonomy frame.,actor--issue evidence only; does not establish stable inter-organizational alliance
AI146,A060,高江のヘリパッドいらない住民の会,citizen_group,冲绳本地公民行动,okinawa_local,I001,anti_base,base_politics,Takae helipad opposition,organizational_positioning,human-reviewed scope_kind from central actor-issue edge,S028,E3,ai_seeded,candidate,active,,candidate_or_clue,Anti-base/anti-helipad.,actor--issue evidence only; does not establish stable inter-organizational alliance
AI147,A060,高江のヘリパッドいらない住民の会,citizen_group,冲绳本地公民行动,okinawa_local,I005,biodiversity,environment,Yanbaru forest protection concerns,organizational_positioning,human-reviewed scope_kind from central actor-issue edge,S028,E3,ai_seeded,candidate,active,,candidate_or_clue,Environmental frame.,actor--issue evidence only; does not establish stable inter-organizational alliance
AI148,A061,日本野鳥の会,domestic_japan_ngo,日本国内 NGO／声援,japan_domestic,I005,biodiversity,environment,Bird conservation and Henoko habitat statements,event_specific,explicit statement/signatory/request/action marker,S003;S004,E4,ai_seeded,candidate,active,,candidate_or_clue,National bird conservation NGO.,actor--issue evidence only; does not establish stable inter-organizational alliance
AI149,A062,日本湿地ネットワーク（JAWAN）,domestic_japan_ngo,日本国内 NGO／声援,japan_domestic,I005,biodiversity,environment,Wetland conservation and Henoko/Oura Bay statements,event_specific,explicit statement/signatory/request/action marker,S003,E4,ai_seeded,candidate,active,,candidate_or_clue,Wetland network.,actor--issue evidence only; does not establish stable inter-organizational alliance
AI150,A063,一坪反戦地主会関東ブロック,citizen_group,冲绳本地公民行动,japan_domestic,I001,anti_base,base_politics,Kanto-region anti-war landowner solidarity with Okinawa,organizational_positioning,human-reviewed scope_kind from central actor-issue edge,S038,E3,ai_seeded,candidate,active,,candidate_or_clue,Mainland solidarity.,actor--issue evidence only; does not establish stable inter-organizational alliance
AI151,A063,一坪反戦地主会関東ブロック,citizen_group,冲绳本地公民行动,japan_domestic,I019,peace,peace_human_rights,Peace movement mainland branch,organizational_positioning,mission/purpose/sustained-role marker,S038,E3,ai_seeded,candidate,active,,candidate_or_clue,Peace solidarity.,actor--issue evidence only; does not establish stable inter-organizational alliance
AI152,A064,外国軍事基地撤去国際ネットワーク（No Bases Network）,international_advocacy_actor,跨国 NGO／国际倡议,international,I001,anti_base,base_politics,International network against foreign military bases,organizational_positioning,human-reviewed scope_kind from central actor-issue edge,S033,E3,needs_second_source,candidate,active,,candidate_or_clue,Verify Okinawa connection.,actor--issue evidence only; does not establish stable inter-organizational alliance
AI153,A064,外国軍事基地撤去国際ネットワーク（No Bases Network）,international_advocacy_actor,跨国 NGO／国际倡议,international,I012,international_advocacy,transnational,International anti-base advocacy,organizational_positioning,human-reviewed scope_kind from central actor-issue edge,S033,E3,needs_second_source,candidate,active,,candidate_or_clue,Verify participation.,actor--issue evidence only; does not establish stable inter-organizational alliance
AI154,A065,南西諸島ピースネット,citizen_network,冲绳本地公民行动,okinawa_local,I002,anti_military,security_politics,Southwest Islands anti-militarization network,organizational_positioning,human-reviewed scope_kind from central actor-issue edge,S036,E3,needs_second_source,candidate,active,,candidate_or_clue,Verify membership.,actor--issue evidence only; does not establish stable inter-organizational alliance
AI155,A065,南西諸島ピースネット,citizen_network,冲绳本地公民行动,okinawa_local,I017,frontline_prevention,security_politics,Anti-frontline framing for Sakishima,organizational_positioning,mission/purpose/sustained-role marker,S036,E3,needs_second_source,candidate,active,,candidate_or_clue,Verify continuity.,actor--issue evidence only; does not establish stable inter-organizational alliance
AI156,A065,南西諸島ピースネット,citizen_network,冲绳本地公民行动,okinawa_local,I018,Taiwan_contingency,security_politics,Security environment concerns,organizational_positioning,mission/purpose/sustained-role marker,S036,E3,needs_second_source,candidate,active,,candidate_or_clue,Verify framing.,actor--issue evidence only; does not establish stable inter-organizational alliance
AI157,A066,新外交イニシアティブ（ND）,domestic_japan_ngo,日本国内 NGO／声援,japan_domestic,I011,legal,legal_policy,暂不批准 ND—legal 事实边；S032 首页只确认政策倡议／外交智库身份，未直接闭合行政法、地方自治法或具体制度论证。,organizational_positioning,human-reviewed scope_kind from central actor-issue edge,S032,E4,needs_second_source,candidate,active,,candidate_or_clue,Policy/legal advocacy. HR-035 Batch 2 principal-confirmed factual review (HR035-B02-AI157).,actor--issue evidence only; does not establish stable inter-organizational alliance
AI158,A066,新外交イニシアティブ（ND）,domestic_japan_ngo,日本国内 NGO／声援,japan_domestic,I009,local_autonomy,governance,暂不批准 ND—local_autonomy 事实边；S032 首页显示沖縄与地域外交政策研究，但没有直接闭合国—地方权限或地方自治主张。,organizational_positioning,human-reviewed scope_kind from central actor-issue edge,S032,E4,needs_second_source,candidate,active,,candidate_or_clue,Autonomy frame. HR-035 Batch 2 principal-confirmed factual review (HR035-B02-AI158).,actor--issue evidence only; does not establish stable inter-organizational alliance
AI159,A066,新外交イニシアティブ（ND）,domestic_japan_ngo,日本国内 NGO／声援,japan_domestic,I001,anti_base,base_politics,新外交イニシアティブ（ND）—anti_base 仅表示其官方站点持续承载沖縄／米军基地政策研究，并公开提出“不建设边野古新基地”的具体政策替代主张。,organizational_positioning,human-reviewed scope_kind from central actor-issue edge,S032,E4,human_revised,human_reviewed,active,,human_reviewed_E3_E4,Think tank role. HR-035 Batch 2 principal-confirmed factual review (HR035-B02-AI159).,actor--issue evidence only; does not establish stable inter-organizational alliance
AI160,A067,辺野古土砂搬出反対全国連絡協議会,citizen_network,冲绳本地公民行动,japan_domestic,I001,anti_base,base_politics,National council against Henoko landfill soil import,organizational_positioning,human-reviewed scope_kind from central actor-issue edge,S040,E3,ai_seeded,candidate,active,,candidate_or_clue,Cross-prefecture coordination.,actor--issue evidence only; does not establish stable inter-organizational alliance
AI161,A067,辺野古土砂搬出反対全国連絡協議会,citizen_network,冲绳本地公民行动,japan_domestic,I003,Henoko,place_issue,Henoko-specific soil import opposition,organizational_positioning,mission/purpose/sustained-role marker,S040,E3,ai_seeded,candidate,active,,candidate_or_clue,Henoko focus.,actor--issue evidence only; does not establish stable inter-organizational alliance
AI162,A067,辺野古土砂搬出反対全国連絡協議会,citizen_network,冲绳本地公民行动,japan_domestic,I005,biodiversity,environment,Environmental concern about soil import sources,organizational_positioning,human-reviewed scope_kind from central actor-issue edge,S040,E3,ai_seeded,candidate,active,,candidate_or_clue,Environmental frame.,actor--issue evidence only; does not establish stable inter-organizational alliance
AI163,A068,ヘリポート基地建設の是非を問う名護市民投票推進協議会,citizen_group,冲绳本地公民行动,okinawa_local,I010,referendum,governance,1997 Nago city referendum initiative,event_specific,explicit statement/signatory/request/action marker,S042,E3,ai_seeded,candidate,active,,candidate_or_clue,Historical referendum actor.,actor--issue evidence only; does not establish stable inter-organizational alliance
AI164,A068,ヘリポート基地建設の是非を問う名護市民投票推進協議会,citizen_group,冲绳本地公民行动,okinawa_local,I001,anti_base,base_politics,A068—anti_base 仅表示「ヘリポート基地建設の是非を問う名護市民投票推進協議会」在 1997 年海上直升机基地争议中组织条例直接请求、签名和市民投票推动，并处于反对基地建设的事件语境。,institutional_or_case_role,human-reviewed scope_kind from central actor-issue edge,S192;S042,E3,human_revised,human_reviewed,active,,human_reviewed_E3_E4,Anti-base frame. HR-035 batch 01 principal-confirmed factual freeze (HR035-B01-AI164).,actor--issue evidence only; does not establish stable inter-organizational alliance
AI165,A068,ヘリポート基地建設の是非を問う名護市民投票推進協議会,citizen_group,冲绳本地公民行动,okinawa_local,I003,Henoko,place_issue,Henoko/Nago base referendum,organizational_positioning,mission/purpose/sustained-role marker,S042,E3,ai_seeded,candidate,active,,candidate_or_clue,Henoko/Nago focus.,actor--issue evidence only; does not establish stable inter-organizational alliance
AI166,A069,沖縄ジュゴン環境アセスメント監視団,citizen_group,冲绳本地公民行动,okinawa_local,I004,dugong,environment,Dugong EIA monitoring,organizational_positioning,human-reviewed scope_kind from central actor-issue edge,S047,E3,needs_second_source,candidate,active,,candidate_or_clue,Verify organizational structure.,actor--issue evidence only; does not establish stable inter-organizational alliance
AI167,A069,沖縄ジュゴン環境アセスメント監視団,citizen_group,冲绳本地公民行动,okinawa_local,I005,biodiversity,environment,Environmental assessment monitoring,organizational_positioning,human-reviewed scope_kind from central actor-issue edge,S047,E3,needs_second_source,candidate,active,,candidate_or_clue,Verify current status.,actor--issue evidence only; does not establish stable inter-organizational alliance
AI168,A069,沖縄ジュゴン環境アセスメント監視団,citizen_group,冲绳本地公民行动,okinawa_local,I003,Henoko,place_issue,Henoko/Oura Bay EIA focus,organizational_positioning,mission/purpose/sustained-role marker,S047,E3,needs_second_source,candidate,active,,candidate_or_clue,Henoko focus.,actor--issue evidence only; does not establish stable inter-organizational alliance
AI169,A070,Veterans For Peace Ryukyu/Okinawa Chapter Kokusai (VFP-ROCK),international_advocacy_actor,跨国 NGO／国际倡议,us_origin,I019,peace,peace_human_rights,Veterans peace advocacy in Okinawa,organizational_positioning,human-reviewed scope_kind from central actor-issue edge,S048,E3,needs_second_source,candidate,active,,candidate_or_clue,Verify chapter status.,actor--issue evidence only; does not establish stable inter-organizational alliance
AI170,A070,Veterans For Peace Ryukyu/Okinawa Chapter Kokusai (VFP-ROCK),international_advocacy_actor,跨国 NGO／国际倡议,us_origin,I001,anti_base,base_politics,Veterans anti-base advocacy,organizational_positioning,human-reviewed scope_kind from central actor-issue edge,S048,E3,needs_second_source,candidate,active,,candidate_or_clue,Verify participation.,actor--issue evidence only; does not establish stable inter-organizational alliance
AI171,A070,Veterans For Peace Ryukyu/Okinawa Chapter Kokusai (VFP-ROCK),international_advocacy_actor,跨国 NGO／国际倡议,us_origin,I012,international_advocacy,transnational,U.S. veterans international peace advocacy,organizational_positioning,human-reviewed scope_kind from central actor-issue edge,S048,E3,needs_second_source,candidate,active,,candidate_or_clue,Verify activities.,actor--issue evidence only; does not establish stable inter-organizational alliance
AI172,A071,沖縄から基地をなくし世界の平和を求める市民連絡会,citizen_network,冲绳本地公民行动,okinawa_local,I019,peace,peace_human_rights,Civic peace liaison activities,organizational_positioning,human-reviewed scope_kind from central actor-issue edge,,E3,needs_second_source,candidate,active,,candidate_or_clue,Verify structure. S031 removed because it belongs to A047; direct A071 sources await source-ID integration.,actor--issue evidence only; does not establish stable inter-organizational alliance
AI173,A071,沖縄から基地をなくし世界の平和を求める市民連絡会,citizen_network,冲绳本地公民行动,okinawa_local,I001,anti_base,base_politics,Anti-base civic coordination,organizational_positioning,mission/purpose/sustained-role marker,,E3,needs_second_source,candidate,active,,candidate_or_clue,Verify if distinct from A047. S031 removed because it belongs to A047; direct A071 sources await source-ID integration.,actor--issue evidence only; does not establish stable inter-organizational alliance
AI174,A071,沖縄から基地をなくし世界の平和を求める市民連絡会,citizen_network,冲绳本地公民行动,okinawa_local,I001,anti_base,base_politics,Base removal civic network,organizational_positioning,mission/purpose/sustained-role marker,,E3,rejected,excluded_history,excluded_history,edge_review_status_rejected,excluded_historical_record,Verify if distinct from A071.,actor--issue evidence only; does not establish stable inter-organizational alliance
AI175,A071,沖縄から基地をなくし世界の平和を求める市民連絡会,citizen_network,冲绳本地公民行动,okinawa_local,I019,peace,peace_human_rights,World peace framing,organizational_positioning,mission/purpose/sustained-role marker,,E3,rejected,excluded_history,excluded_history,edge_review_status_rejected,excluded_historical_record,Verify structure.,actor--issue evidence only; does not establish stable inter-organizational alliance
AI176,A074,沖縄県知事公室基地対策課,public_institution_partner,资助／赞助／公共机构,public_institution,I009,local_autonomy,governance,Prefectural government base affairs,mixed_or_unclear,human-reviewed scope_kind from central actor-issue edge,,E4,needs_second_source,excluded_history,excluded_history,edge_scope_status_deactivated_pending_direct_department_evidence,excluded_historical_record,Government context node.,actor--issue evidence only; does not establish stable inter-organizational alliance
AI177,A074,沖縄県知事公室基地対策課,public_institution_partner,资助／赞助／公共机构,public_institution,I001,anti_base,base_politics,Administrative base burden management,institutional_or_case_role,legal/service/program/support role marker,S043,E4,ai_seeded,candidate,active,,candidate_or_clue,Government role.,actor--issue evidence only; does not establish stable inter-organizational alliance
AI178,A075,沖縄防衛局,public_institution_partner,资助／赞助／公共机构,public_institution,I001,anti_base,base_politics,不建立 A075—anti_base 事实边；沖縄防衛局应在工程实施者、行政程序 actor 或争议对象层编码。,institutional_or_case_role,human-reviewed scope_kind from central actor-issue edge,S047,E4,rejected,excluded_history,excluded_history,edge_review_status_rejected,excluded_historical_record,Government context node. HR-035 batch 01 principal-confirmed factual freeze (HR035-B01-AI178).,actor--issue evidence only; does not establish stable inter-organizational alliance
AI179,X016,Marine Officers' Spouses' Club Okinawa (MOSCO / MOSC),base_spouse_club,基地社区服务／慈善,us_origin,I014,military_family_service,base_community,MOSCO spouse club and AWWA member role,organizational_positioning,human-reviewed scope_kind from central actor-issue edge,S079;S080;S055,E4,human_checked,human_reviewed,active,,human_reviewed_E3_E4,HR-005 supplemental: MOSCO identity and tax record confirmed.,actor--issue evidence only; does not establish stable inter-organizational alliance
AI180,X017,Army Community Group of Okinawa (ACGO),base_spouse_club,基地社区服务／慈善,us_origin,I014,military_family_service,base_community,Army Community Group / AWWA member and gift shop lead,institutional_or_case_role,legal/service/program/support role marker,S041;S072;S081,E3,needs_second_source,candidate,active,,candidate_or_clue,HR-005 supplemental: identity supported by AWWA/community sources; no independent website/EIN found.,actor--issue evidence only; does not establish stable inter-organizational alliance
AI181,A102,全国公害弁護団連絡会議,lawyers_network,法律／制度程序,japan_domestic,I011,legal,legal_policy,National pollution-litigation legal coordination includes airport/base-noise practice,institutional_or_case_role,legal/service/program/support role marker,S121,E4,human_checked,human_reviewed,active,,human_reviewed_E3_E4,HR-010 batch 5: issue tag and source basis human-confirmed; does not imply stable inter-organizational alliance.,actor--issue evidence only; does not establish stable inter-organizational alliance
AI182,A102,全国公害弁護団連絡会議,lawyers_network,法律／制度程序,japan_domestic,I020,environment,environment,National pollution-litigation legal coordination includes airport/base-noise practice,institutional_or_case_role,legal/service/program/support role marker,S121,E4,human_checked,human_reviewed,active,,human_reviewed_E3_E4,HR-010 batch 5: issue tag and source basis human-confirmed; does not imply stable inter-organizational alliance.,actor--issue evidence only; does not establish stable inter-organizational alliance
AI183,A102,全国公害弁護団連絡会議,lawyers_network,法律／制度程序,japan_domestic,I021,noise,life_safety,National pollution-litigation legal coordination includes airport/base-noise practice,institutional_or_case_role,legal/service/program/support role marker,S121,E4,human_checked,human_reviewed,active,,human_reviewed_E3_E4,HR-010 batch 5: issue tag and source basis human-confirmed; does not imply stable inter-organizational alliance.,actor--issue evidence only; does not establish stable inter-organizational alliance
AI184,A102,全国公害弁護団連絡会議,lawyers_network,法律／制度程序,japan_domestic,I007,life_safety,life_safety,National pollution-litigation legal coordination includes airport/base-noise practice,institutional_or_case_role,legal/service/program/support role marker,S121,E4,human_checked,human_reviewed,active,,human_reviewed_E3_E4,HR-010 batch 5: issue tag and source basis human-confirmed; does not imply stable inter-organizational alliance.,actor--issue evidence only; does not establish stable inter-organizational alliance
AI185,A103,全国基地爆音訴訟原告団連絡会議,citizen_network,冲绳本地公民行动,japan_domestic,I021,noise,life_safety,National base-noise plaintiff-group coordination and mutual support,institutional_or_case_role,legal/service/program/support role marker,S122;S123,E4,human_checked,human_reviewed,active,,human_reviewed_E3_E4,HR-010 batch 5: issue tag and source basis human-confirmed; does not imply stable inter-organizational alliance.,actor--issue evidence only; does not establish stable inter-organizational alliance
AI186,A103,全国基地爆音訴訟原告団連絡会議,citizen_network,冲绳本地公民行动,japan_domestic,I007,life_safety,life_safety,National base-noise plaintiff-group coordination and mutual support,institutional_or_case_role,legal/service/program/support role marker,S122;S123,E4,human_checked,human_reviewed,active,,human_reviewed_E3_E4,HR-010 batch 5: issue tag and source basis human-confirmed; does not imply stable inter-organizational alliance.,actor--issue evidence only; does not establish stable inter-organizational alliance
AI187,A103,全国基地爆音訴訟原告団連絡会議,citizen_network,冲绳本地公民行动,japan_domestic,I011,legal,legal_policy,National base-noise plaintiff-group coordination and mutual support,institutional_or_case_role,legal/service/program/support role marker,S122;S123,E4,human_checked,human_reviewed,active,,human_reviewed_E3_E4,HR-010 batch 5: issue tag and source basis human-confirmed; does not imply stable inter-organizational alliance.,actor--issue evidence only; does not establish stable inter-organizational alliance
AI188,A103,全国基地爆音訴訟原告団連絡会議,citizen_network,冲绳本地公民行动,japan_domestic,I001,anti_base,base_politics,National base-noise plaintiff-group coordination and mutual support,institutional_or_case_role,legal/service/program/support role marker,S122;S123,E4,human_checked,human_reviewed,active,,human_reviewed_E3_E4,HR-010 batch 5: issue tag and source basis human-confirmed; does not imply stable inter-organizational alliance.,actor--issue evidence only; does not establish stable inter-organizational alliance
AI189,A104,普天間基地爆音訴訟弁護団,lawyers_network,法律／制度程序,okinawa_local,I021,noise,life_safety,Futenma noise-litigation counsel role,institutional_or_case_role,legal/service/program/support role marker,S124,E4,human_checked,human_reviewed,active,,human_reviewed_E3_E4,HR-010 batch 5: issue tag and source basis human-confirmed; does not imply stable inter-organizational alliance.,actor--issue evidence only; does not establish stable inter-organizational alliance
AI190,A104,普天間基地爆音訴訟弁護団,lawyers_network,法律／制度程序,okinawa_local,I007,life_safety,life_safety,Futenma noise-litigation counsel role,institutional_or_case_role,legal/service/program/support role marker,S124,E4,human_checked,human_reviewed,active,,human_reviewed_E3_E4,HR-010 batch 5: issue tag and source basis human-confirmed; does not imply stable inter-organizational alliance.,actor--issue evidence only; does not establish stable inter-organizational alliance
AI191,A104,普天間基地爆音訴訟弁護団,lawyers_network,法律／制度程序,okinawa_local,I011,legal,legal_policy,Futenma noise-litigation counsel role,institutional_or_case_role,legal/service/program/support role marker,S124,E4,human_checked,human_reviewed,active,,human_reviewed_E3_E4,HR-010 batch 5: issue tag and source basis human-confirmed; does not imply stable inter-organizational alliance.,actor--issue evidence only; does not establish stable inter-organizational alliance
AI192,A104,普天間基地爆音訴訟弁護団,lawyers_network,法律／制度程序,okinawa_local,I001,anti_base,base_politics,Futenma noise-litigation counsel role,institutional_or_case_role,legal/service/program/support role marker,S124,E4,human_checked,human_reviewed,active,,human_reviewed_E3_E4,HR-010 batch 5: issue tag and source basis human-confirmed; does not imply stable inter-organizational alliance.,actor--issue evidence only; does not establish stable inter-organizational alliance
AI193,A105,日本YWCA,womens_organization,女性／人权／社区,japan_domestic,I022,women,peace_human_rights,National YWCA women/human-rights/peace mission and 2020 Henoko statement,organizational_positioning,mission marker applies directly to this issue label,S125,E4,human_checked,human_reviewed,active,,human_reviewed_E3_E4,HR-010 batch 5: issue tag and source basis human-confirmed; does not imply stable inter-organizational alliance.,actor--issue evidence only; does not establish stable inter-organizational alliance
AI194,A105,日本YWCA,womens_organization,女性／人权／社区,japan_domestic,I023,human_rights,peace_human_rights,National YWCA women/human-rights/peace mission and 2020 Henoko statement,organizational_positioning,mission marker applies directly to this issue label,S125,E4,human_checked,human_reviewed,active,,human_reviewed_E3_E4,HR-010 batch 5: issue tag and source basis human-confirmed; does not imply stable inter-organizational alliance.,actor--issue evidence only; does not establish stable inter-organizational alliance
AI195,A105,日本YWCA,womens_organization,女性／人权／社区,japan_domestic,I019,peace,peace_human_rights,National YWCA women/human-rights/peace mission and 2020 Henoko statement,organizational_positioning,mission marker applies directly to this issue label,S125,E4,human_checked,human_reviewed,active,,human_reviewed_E3_E4,HR-010 batch 5: issue tag and source basis human-confirmed; does not imply stable inter-organizational alliance.,actor--issue evidence only; does not establish stable inter-organizational alliance
AI196,A105,日本YWCA,womens_organization,女性／人权／社区,japan_domestic,I003,Henoko,place_issue,National YWCA women/human-rights/peace mission and 2020 Henoko statement,event_specific,explicit statement/signatory/request/action marker,S125,E4,human_checked,human_reviewed,active,,human_reviewed_E3_E4,HR-010 batch 5: issue tag and source basis human-confirmed; does not imply stable inter-organizational alliance.,actor--issue evidence only; does not establish stable inter-organizational alliance
AI197,A106,辺野古の海を土砂で埋めるな！首都圏連絡会,citizen_network,冲绳本地公民行动,japan_domestic,I003,Henoko,place_issue,Metropolitan-area public action opposing Henoko soil reclamation,event_specific,explicit statement/signatory/request/action marker,S126;S127,E4,human_checked,human_reviewed,active,,human_reviewed_E3_E4,HR-010 batch 5: issue tag and source basis human-confirmed; does not imply stable inter-organizational alliance.,actor--issue evidence only; does not establish stable inter-organizational alliance
AI198,A106,辺野古の海を土砂で埋めるな！首都圏連絡会,citizen_network,冲绳本地公民行动,japan_domestic,I020,environment,environment,Metropolitan-area public action opposing Henoko soil reclamation,event_specific,explicit statement/signatory/request/action marker,S126;S127,E4,human_checked,human_reviewed,active,,human_reviewed_E3_E4,HR-010 batch 5: issue tag and source basis human-confirmed; does not imply stable inter-organizational alliance.,actor--issue evidence only; does not establish stable inter-organizational alliance
AI199,A106,辺野古の海を土砂で埋めるな！首都圏連絡会,citizen_network,冲绳本地公民行动,japan_domestic,I001,anti_base,base_politics,Metropolitan-area public action opposing Henoko soil reclamation,event_specific,explicit statement/signatory/request/action marker,S126;S127,E4,human_checked,human_reviewed,active,,human_reviewed_E3_E4,HR-010 batch 5: issue tag and source basis human-confirmed; does not imply stable inter-organizational alliance.,actor--issue evidence only; does not establish stable inter-organizational alliance
AI200,A106,辺野古の海を土砂で埋めるな！首都圏連絡会,citizen_network,冲绳本地公民行动,japan_domestic,I024,solidarity,collective_action,Metropolitan-area public action opposing Henoko soil reclamation,event_specific,explicit statement/signatory/request/action marker,S126;S127,E4,human_checked,human_reviewed,active,,human_reviewed_E3_E4,HR-010 batch 5: issue tag and source basis human-confirmed; does not imply stable inter-organizational alliance.,actor--issue evidence only; does not establish stable inter-organizational alliance
AI201,A107,沖縄YWCA,womens_organization,女性／人权／社区,okinawa_local,I022,women,peace_human_rights,Okinawa YWCA regional identity and women-focused mission,organizational_positioning,mission marker applies directly to this issue label,S144;S295,E3,human_checked,human_reviewed,active,,human_reviewed_E3_E4,HR-011 main-thread finalization; S295 is YWCA-authored rather than independent reporting and the issue relation does not imply a stable inter-organizational alliance.,actor--issue evidence only; does not establish stable inter-organizational alliance
AI202,A107,沖縄YWCA,womens_organization,女性／人权／社区,okinawa_local,I023,human_rights,peace_human_rights,Okinawa YWCA human-rights mission and activities,organizational_positioning,mission marker applies directly to this issue label,S144;S295,E3,human_checked,human_reviewed,active,,human_reviewed_E3_E4,HR-011 main-thread finalization; S295 is YWCA-authored rather than independent reporting and the issue relation does not imply a stable inter-organizational alliance.,actor--issue evidence only; does not establish stable inter-organizational alliance
AI203,A107,沖縄YWCA,womens_organization,女性／人权／社区,okinawa_local,I019,peace,peace_human_rights,Okinawa YWCA peace mission and activities,organizational_positioning,mission marker applies directly to this issue label,S144;S295,E3,human_checked,human_reviewed,active,,human_reviewed_E3_E4,HR-011 main-thread finalization; S295 is YWCA-authored rather than independent reporting and the issue relation does not imply a stable inter-organizational alliance.,actor--issue evidence only; does not establish stable inter-organizational alliance
AI204,A108,沖縄を再び戦場にさせない県民の会,citizen_network,冲绳本地公民行动,okinawa_local,I017,frontline_prevention,security_politics,Network purpose explicitly centers preventing Okinawa becoming a battlefield,organizational_positioning,mission/purpose/sustained-role marker,S146;S147;S148,E4,human_checked,human_reviewed,active,,human_reviewed_E3_E4,HR-011 main-thread finalization; issue relation is source-bounded and does not imply a stable inter-organizational alliance.,actor--issue evidence only; does not establish stable inter-organizational alliance
AI205,A108,沖縄を再び戦場にさせない県民の会,citizen_network,冲绳本地公民行动,okinawa_local,I018,Taiwan_contingency,security_politics,Public framing connects Okinawa frontline risk to regional contingency planning,organizational_positioning,mission/purpose/sustained-role marker,S146;S147;S148,E4,human_checked,human_reviewed,active,,human_reviewed_E3_E4,HR-011 main-thread finalization; issue relation is source-bounded and does not imply a stable inter-organizational alliance.,actor--issue evidence only; does not establish stable inter-organizational alliance
AI206,A108,沖縄を再び戦場にさせない県民の会,citizen_network,冲绳本地公民行动,okinawa_local,I019,peace,peace_human_rights,Prefectural anti-war and peace mobilization,organizational_positioning,human-reviewed scope_kind from central actor-issue edge,S146;S147;S148,E4,human_checked,human_reviewed,active,,human_reviewed_E3_E4,HR-011 main-thread finalization; issue relation is source-bounded and does not imply a stable inter-organizational alliance.,actor--issue evidence only; does not establish stable inter-organizational alliance
AI207,A109,第4次嘉手納基地爆音差止訴訟弁護団,lawyers_network,法律／制度程序,okinawa_local,I021,noise,life_safety,Fourth Kadena base-noise injunction litigation counsel role,institutional_or_case_role,legal/service/program/support role marker,S149;S150;S151;S152,E4,human_checked,human_reviewed,active,,human_reviewed_E3_E4,HR-011 main-thread finalization; issue relation is source-bounded and does not imply a stable inter-organizational alliance.,actor--issue evidence only; does not establish stable inter-organizational alliance
AI208,A109,第4次嘉手納基地爆音差止訴訟弁護団,lawyers_network,法律／制度程序,okinawa_local,I007,life_safety,life_safety,Fourth Kadena litigation addresses residents' daily noise harm,institutional_or_case_role,legal/service/program/support role marker,S149;S150;S151;S152,E4,human_checked,human_reviewed,active,,human_reviewed_E3_E4,HR-011 main-thread finalization; issue relation is source-bounded and does not imply a stable inter-organizational alliance.,actor--issue evidence only; does not establish stable inter-organizational alliance
AI209,A109,第4次嘉手納基地爆音差止訴訟弁護団,lawyers_network,法律／制度程序,okinawa_local,I011,legal,legal_policy,Case-specific legal representation in fourth Kadena litigation,institutional_or_case_role,legal/service/program/support role marker,S149;S150;S151;S152,E4,human_checked,human_reviewed,active,,human_reviewed_E3_E4,HR-011 main-thread finalization; issue relation is source-bounded and does not imply a stable inter-organizational alliance.,actor--issue evidence only; does not establish stable inter-organizational alliance
AI210,A109,第4次嘉手納基地爆音差止訴訟弁護団,lawyers_network,法律／制度程序,okinawa_local,I001,anti_base,base_politics,Flight-injunction claim concerning Kadena base-noise burden,institutional_or_case_role,legal/service/program/support role marker,S149;S150;S151;S152,E4,human_checked,human_reviewed,active,,human_reviewed_E3_E4,HR-011 main-thread finalization; issue relation is source-bounded and does not imply a stable inter-organizational alliance.,actor--issue evidence only; does not establish stable inter-organizational alliance
AI211,A110,辺野古に基地を絶対つくらせない大阪行動,citizen_group,冲绳本地公民行动,japan_domestic,I003,Henoko,place_issue,Sustained Osaka public actions opposing Henoko base construction,event_specific,explicit statement/signatory/request/action marker,S153;S154,E3,human_checked,human_reviewed,active,,human_reviewed_E3_E4,HR-011 main-thread finalization; issue relation is source-bounded and does not imply a stable inter-organizational alliance.,actor--issue evidence only; does not establish stable inter-organizational alliance
AI212,A110,辺野古に基地を絶対つくらせない大阪行動,citizen_group,冲绳本地公民行动,japan_domestic,I001,anti_base,base_politics,Sustained Osaka public actions opposing Henoko base construction,event_specific,explicit statement/signatory/request/action marker,S153;S154,E3,human_checked,human_reviewed,active,,human_reviewed_E3_E4,HR-011 main-thread finalization; issue relation is source-bounded and does not imply a stable inter-organizational alliance.,actor--issue evidence only; does not establish stable inter-organizational alliance
AI213,A110,辺野古に基地を絶対つくらせない大阪行動,citizen_group,冲绳本地公民行动,japan_domestic,I024,solidarity,collective_action,Mainland public solidarity actions concerning Henoko,organizational_positioning,human-reviewed scope_kind from central actor-issue edge,S153;S154,E3,human_checked,human_reviewed,active,,human_reviewed_E3_E4,HR-011 main-thread finalization; issue relation is source-bounded and does not imply a stable inter-organizational alliance.,actor--issue evidence only; does not establish stable inter-organizational alliance
AI214,A052,嘉手納基地爆音差止訴訟原告団,citizen_group,冲绳本地公民行动,okinawa_local,I021,noise,life_safety,Cross-round Kadena base-noise plaintiff-group role,institutional_or_case_role,legal/service/program/support role marker,S026;S149;S151;S155,E4,human_checked,human_reviewed,active,,human_reviewed_E3_E4,HR-011/HR-012 user-reviewed issue coding. Issue association does not imply a stable inter-organizational alliance or funding relation.,actor--issue evidence only; does not establish stable inter-organizational alliance
AI215,A053,普天間基地爆音訴訟団,citizen_group,冲绳本地公民行动,okinawa_local,I021,noise,life_safety,Cross-round Futenma base-noise plaintiff-group role,institutional_or_case_role,legal/service/program/support role marker,S027;S135;S156,E4,human_checked,human_reviewed,active,,human_reviewed_E3_E4,HR-011/HR-012 user-reviewed issue coding. Issue association does not imply a stable inter-organizational alliance or funding relation.,actor--issue evidence only; does not establish stable inter-organizational alliance
AI216,A107,沖縄YWCA,womens_organization,女性／人权／社区,okinawa_local,I001,anti_base,base_politics,Direct Henoko new-base opposition photo-exhibit activity,event_specific,explicit statement/signatory/request/action marker,S144;S295,E3,human_checked,human_reviewed,active,,human_reviewed_E3_E4,HR-011 main-thread finalization; S295 is YWCA-authored rather than independent reporting and the issue relation does not imply a stable inter-organizational alliance.,actor--issue evidence only; does not establish stable inter-organizational alliance
AI217,A108,沖縄を再び戦場にさせない県民の会,citizen_network,冲绳本地公民行动,okinawa_local,I025,anti_war,peace_human_rights,Prefecture-wide anti-war network formed to prevent Okinawa becoming a battlefield,organizational_positioning,human-reviewed scope_kind from central actor-issue edge,S146;S147;S148,E4,human_checked,human_reviewed,active,,human_reviewed_E3_E4,HR-011 main-thread finalization; issue relation is source-bounded and does not imply a stable inter-organizational alliance.,actor--issue evidence only; does not establish stable inter-organizational alliance
AI218,A110,辺野古に基地を絶対つくらせない大阪行動,citizen_group,冲绳本地公民行动,japan_domestic,I026,mobilization,collective_action,Long-running fixed Osaka/Kansai action repertoire,organizational_positioning,mission/purpose/sustained-role marker,S153;S154,E3,human_checked,human_reviewed,active,,human_reviewed_E3_E4,HR-011 main-thread finalization; issue relation is source-bounded and does not imply a stable inter-organizational alliance.,actor--issue evidence only; does not establish stable inter-organizational alliance
AI219,A111,沖縄県女性団体連絡協議会,womens_organization,女性／人权／社区,okinawa_local,I022,women,peace_human_rights,Prefectural women's-network identity and women-focused public action,event_specific,explicit statement/signatory/request/action marker,S200;S201,E4,human_checked,human_reviewed,active,,human_reviewed_E3_E4,HR-013 human-approved actor-issue observation; dated mobilization does not imply a stable inter-organizational alliance.,actor--issue evidence only; does not establish stable inter-organizational alliance
AI220,A111,沖縄県女性団体連絡協議会,womens_organization,女性／人权／社区,okinawa_local,I019,peace,peace_human_rights,"Long-running women-led peace mobilization, including dated 1995 and 2024 actions",organizational_positioning,mission/purpose/sustained-role marker,S201,E4,human_checked,human_reviewed,active,,human_reviewed_E3_E4,HR-013 human-approved actor-issue observation; dated mobilization does not imply a stable inter-organizational alliance.,actor--issue evidence only; does not establish stable inter-organizational alliance
AI221,A111,沖縄県女性団体連絡協議会,womens_organization,女性／人权／社区,okinawa_local,I001,anti_base,base_politics,Dated base-removal and U.S.-military accountability mobilization,event_specific,human-reviewed scope_kind from central actor-issue edge,S200;S201,E4,human_checked,human_reviewed,active,,human_reviewed_E3_E4,HR-013 human-approved actor-issue observation; dated mobilization does not imply a stable inter-organizational alliance.,actor--issue evidence only; does not establish stable inter-organizational alliance
AI222,A111,沖縄県女性団体連絡協議会,womens_organization,女性／人权／社区,okinawa_local,I023,human_rights,peace_human_rights,2024 mobilization framed U.S.-military sexual violence as a rights and accountability issue,organizational_positioning,human-reviewed scope_kind from central actor-issue edge,S200;S201,E4,human_checked,human_reviewed,active,,human_reviewed_E3_E4,HR-013 human-approved actor-issue observation; dated mobilization does not imply a stable inter-organizational alliance.,actor--issue evidence only; does not establish stable inter-organizational alliance
AI223,A112,宮古島地下水研究会,citizen_group,冲绳本地公民行动,okinawa_local,I006,groundwater,life_safety,宮古島地下水研究会—groundwater 表示该会持续从事宫古岛地下水研究、监测、水源保护区域与条例／行政倡议。,organizational_positioning,human-reviewed scope_kind from central actor-issue edge,S269;S270;S271,E4,human_checked,human_reviewed,active,,human_reviewed_E3_E4,HR-027 accepted the registry issue_tags field; this edge-level formulation remains a candidate and is not publication-approved. Apply the actor notes' no-causality/no-alliance boundary. HR-035 Batch 2 principal-confirmed factual review (HR035-B02-AI223).,actor--issue evidence only; does not establish stable inter-organizational alliance
AI224,A112,宮古島地下水研究会,citizen_group,冲绳本地公民行动,okinawa_local,I008,health_risk,life_safety,Public risk framing around substances that could affect drinking-water sources,organizational_positioning,mission/purpose/sustained-role marker,S269;S270,E4,ai_seeded,candidate,active,,candidate_or_clue,HR-027 accepted the registry issue_tags field; this edge-level formulation remains a candidate and is not publication-approved. Apply the actor notes' no-causality/no-alliance boundary.,actor--issue evidence only; does not establish stable inter-organizational alliance
AI225,A112,宮古島地下水研究会,citizen_group,冲绳本地公民行动,okinawa_local,I007,life_safety,life_safety,宮古島地下水研究会—life_safety 表示其把地下水作为饮用水源与“命之水”进行保护，并将水源安全纳入组织倡议。,organizational_positioning,human-reviewed scope_kind from central actor-issue edge,S270;S271,E4,human_checked,human_reviewed,active,,human_reviewed_E3_E4,HR-027 accepted the registry issue_tags field; this edge-level formulation remains a candidate and is not publication-approved. Apply the actor notes' no-causality/no-alliance boundary. HR-035 Batch 2 principal-confirmed factual review (HR035-B02-AI225).,actor--issue evidence only; does not establish stable inter-organizational alliance
AI226,A112,宮古島地下水研究会,citizen_group,冲绳本地公民行动,okinawa_local,I020,environment,environment,宮古島地下水研究会—environment 表示其持续开展地下水保全、井泉／水源调查、污染预防及与珊瑚礁生态相连的环境倡议。,organizational_positioning,human-reviewed scope_kind from central actor-issue edge,S158;S204;S270,E4,human_checked,human_reviewed,active,,human_reviewed_E3_E4,HR-027 accepted the registry issue_tags field; this edge-level formulation remains a candidate and is not publication-approved. Apply the actor notes' no-causality/no-alliance boundary. HR-035 Batch 2 principal-confirmed factual review (HR035-B02-AI226).,actor--issue evidence only; does not establish stable inter-organizational alliance
AI227,A113,宜野湾ちゅら水会,citizen_group,冲绳本地公民行动,okinawa_local,I006,groundwater,life_safety,PFAS sampling and groundwater investigation requests in Ginowan/Futenma,event_specific,explicit statement/signatory/request/action marker,S273;S274;S276;S277,E4,ai_seeded,candidate,active,,candidate_or_clue,HR-027 accepted the registry issue_tags field; this edge-level formulation remains a candidate and is not publication-approved. Apply the actor notes' no-causality/no-alliance boundary.,actor--issue evidence only; does not establish stable inter-organizational alliance
AI228,A113,宜野湾ちゅら水会,citizen_group,冲绳本地公民行动,okinawa_local,I008,health_risk,life_safety,Requests for exposure/health investigation and bounded PFAS risk communication,event_specific,explicit statement/signatory/request/action marker,S273;S276,E4,ai_seeded,candidate,active,,candidate_or_clue,HR-027 accepted the registry issue_tags field; this edge-level formulation remains a candidate and is not publication-approved. Apply the actor notes' no-causality/no-alliance boundary.,actor--issue evidence only; does not establish stable inter-organizational alliance
AI229,A113,宜野湾ちゅら水会,citizen_group,冲绳本地公民行动,okinawa_local,I007,life_safety,life_safety,Resident-led sampling and requests concerning school/community safety,event_specific,explicit statement/signatory/request/action marker,S274;S275;S278,E4,ai_seeded,candidate,active,,candidate_or_clue,HR-027 accepted the registry issue_tags field; this edge-level formulation remains a candidate and is not publication-approved. Apply the actor notes' no-causality/no-alliance boundary.,actor--issue evidence only; does not establish stable inter-organizational alliance
AI230,A113,宜野湾ちゅら水会,citizen_group,冲绳本地公民行动,okinawa_local,I020,environment,environment,PFAS contamination monitoring and administrative requests,event_specific,explicit statement/signatory/request/action marker,S273;S274;S277,E4,ai_seeded,candidate,active,,candidate_or_clue,HR-027 accepted the registry issue_tags field; this edge-level formulation remains a candidate and is not publication-approved. Apply the actor notes' no-causality/no-alliance boundary.,actor--issue evidence only; does not establish stable inter-organizational alliance
AI231,A113,宜野湾ちゅら水会,citizen_group,冲绳本地公民行动,okinawa_local,I011,legal,legal_policy,宜野湾ちゅら水会—legal 当前可冻结到 2022 年 PFAS 血液检查请愿、委员会参考人陈述及相关市议会程序。,institutional_or_case_role,human-reviewed scope_kind from central actor-issue edge,S273;S274,E4,human_revised,human_reviewed,active,,human_reviewed_E3_E4,HR-027 accepted the registry issue_tags field; this edge-level formulation remains a candidate and is not publication-approved. Apply the actor notes' no-causality/no-alliance boundary. HR-035 batch 01 principal-confirmed factual freeze (HR035-B01-AI231).,actor--issue evidence only; does not establish stable inter-organizational alliance
AI232,A114,全日本港湾労働組合沖縄地方本部,labor_union,劳工／教育组织,okinawa_local,I001,anti_base,base_politics,全日本港湾労働組合沖縄地方本部—anti_base 表示该地方本部在 2015 年抗议集会中明确反对边野古新基地，并在 2025 年地方分支报告中记录基地议题现场学习与和平行进参与。,organizational_positioning,human-reviewed scope_kind from central actor-issue edge,S286;S289,E3,human_revised,human_reviewed,active,,human_reviewed_E3_E4,HR-027 accepted the registry issue_tags field; this edge-level formulation remains a candidate and is not publication-approved. Apply the actor notes' no-causality/no-alliance boundary. HR-035 Batch 2 principal-confirmed factual review (HR035-B02-AI232).,actor--issue evidence only; does not establish stable inter-organizational alliance
AI233,A114,全日本港湾労働組合沖縄地方本部,labor_union,劳工／教育组织,okinawa_local,I002,anti_military,security_politics,全日本港湾労働組合沖縄地方本部—anti_military 仅表示其在 2024 年反对美国海军军舰使用石垣／那霸民用港，并以罢工等方式介入该次港湾军事利用争议。,event_specific,human-reviewed scope_kind from central actor-issue edge,S287;S288,E4,human_revised,human_reviewed,active,,human_reviewed_E3_E4,HR-027 accepted the registry issue_tags field; this edge-level formulation remains a candidate and is not publication-approved. Apply the actor notes' no-causality/no-alliance boundary. HR-035 Batch 2 principal-confirmed factual review (HR035-B02-AI233).,actor--issue evidence only; does not establish stable inter-organizational alliance
AI234,A114,全日本港湾労働組合沖縄地方本部,labor_union,劳工／教育组织,okinawa_local,I019,peace,peace_human_rights,全日本港湾労働組合沖縄地方本部—peace 表示其在 2015 年反安保法案／新基地抗议及 2025 年 5·15 和平行进中有具名参与。,organizational_positioning,human-reviewed scope_kind from central actor-issue edge,S286;S289,E3,human_revised,human_reviewed,active,,human_reviewed_E3_E4,HR-027 accepted the registry issue_tags field; this edge-level formulation remains a candidate and is not publication-approved. Apply the actor notes' no-causality/no-alliance boundary. HR-035 Batch 2 principal-confirmed factual review (HR035-B02-AI234).,actor--issue evidence only; does not establish stable inter-organizational alliance
AI235,A114,全日本港湾労働組合沖縄地方本部,labor_union,劳工／教育组织,okinawa_local,I007,life_safety,life_safety,Union's stated port-worker occupational-safety framing,organizational_positioning,mission/purpose/sustained-role marker,S287;S288,E4,ai_seeded,candidate,active,,candidate_or_clue,HR-027 accepted the registry issue_tags field; this edge-level formulation remains a candidate and is not publication-approved. Apply the actor notes' no-causality/no-alliance boundary.,actor--issue evidence only; does not establish stable inter-organizational alliance
AI236,A114,全日本港湾労働組合沖縄地方本部,labor_union,劳工／教育组织,okinawa_local,I026,mobilization,collective_action,全日本港湾労働組合沖縄地方本部—mobilization 表示现有材料记录其在 2015、2024、2025 年分别采用抗议集会、港湾罢工和和平行进等行动方式。,organizational_positioning,human-reviewed scope_kind from central actor-issue edge,S286;S288;S289,E4,human_revised,human_reviewed,active,,human_reviewed_E3_E4,HR-027 accepted the registry issue_tags field; this edge-level formulation remains a candidate and is not publication-approved. Apply the actor notes' no-causality/no-alliance boundary. HR-035 Batch 2 principal-confirmed factual review (HR035-B02-AI236).,actor--issue evidence only; does not establish stable inter-organizational alliance
AI237,A115,新日本婦人の会沖縄県本部,womens_organization,女性／人权／社区,okinawa_local,I022,women,peace_human_rights,新日本婦人の会沖縄県本部—women 表示其作为全国女性会员组织的新日本婦人の会之沖縄县本部，以女性会员和县本部—支部—班结构开展地方活动。,organizational_positioning,human-reviewed scope_kind from central actor-issue edge,S280;S282;S283,E4,human_checked,human_reviewed,active,,human_reviewed_E3_E4,HR-027 accepted the registry issue_tags field; this edge-level formulation remains a candidate and is not publication-approved. Apply the actor notes' no-causality/no-alliance boundary. HR-035 Batch 2 principal-confirmed factual review (HR035-B02-AI237).,actor--issue evidence only; does not establish stable inter-organizational alliance
AI238,A115,新日本婦人の会沖縄県本部,womens_organization,女性／人权／社区,okinawa_local,I023,human_rights,peace_human_rights,Dated requests concerning U.S.-military sexual violence,event_specific,explicit statement/signatory/request/action marker,S281;S282,E4,ai_seeded,candidate,active,,candidate_or_clue,HR-027 accepted the registry issue_tags field; this edge-level formulation remains a candidate and is not publication-approved. Apply the actor notes' no-causality/no-alliance boundary.,actor--issue evidence only; does not establish stable inter-organizational alliance
AI239,A115,新日本婦人の会沖縄県本部,womens_organization,女性／人权／社区,okinawa_local,I019,peace,peace_human_rights,Local requests and public action framed through peace and women's rights,event_specific,explicit statement/signatory/request/action marker,S281;S282,E4,ai_seeded,candidate,active,,candidate_or_clue,HR-027 accepted the registry issue_tags field; this edge-level formulation remains a candidate and is not publication-approved. Apply the actor notes' no-causality/no-alliance boundary.,actor--issue evidence only; does not establish stable inter-organizational alliance
AI240,A115,新日本婦人の会沖縄県本部,womens_organization,女性／人权／社区,okinawa_local,I001,anti_base,base_politics,新日本婦人の会沖縄県本部—anti_base 表示其在 2014 年由县本部会员开展反对边野古新基地行动，并在 2018 年由沖縄県本部启动边野古县民投票条例签名动员。,organizational_positioning,human-reviewed scope_kind from central actor-issue edge,S254;S281;S283,E4,human_checked,human_reviewed,active,,human_reviewed_E3_E4,HR-027 accepted the registry issue_tags field; this edge-level formulation remains a candidate and is not publication-approved. Apply the actor notes' no-causality/no-alliance boundary. HR-035 Batch 2 principal-confirmed factual review (HR035-B02-AI240).,actor--issue evidence only; does not establish stable inter-organizational alliance
AI241,A115,新日本婦人の会沖縄県本部,womens_organization,女性／人权／社区,okinawa_local,I010,referendum,governance,新日本婦人の会沖縄県本部—referendum 仅表示冲绳县本部在 2018 年启动边野古县民投票条例签名动员。,institutional_or_case_role,human-reviewed scope_kind from central actor-issue edge,S283,E3,human_checked,human_reviewed,active,,human_reviewed_E3_E4,HR-027 accepted the registry issue_tags field; this edge-level formulation remains a candidate and is not publication-approved. Apply the actor notes' no-causality/no-alliance boundary. HR-035 batch 01 principal-confirmed factual freeze (HR035-B01-AI241).,actor--issue evidence only; does not establish stable inter-organizational alliance
AI242,A076,ジュゴン保護基金委員会（Save the Dugong Foundation）,local_civic_actor,冲绳本地公民行动,okinawa_local,I004,dugong,environment,A076→I004 dugong；仅指其作为具名原告参加冲绳儒艮／栖息地案件,institutional_or_case_role,human-reviewed scope_kind from central actor-issue edge,S093;S060,E4,human_checked,human_reviewed,active,,human_reviewed_E3_E4,HR-024 case-specific actor-issue mapping. 统一 scope=case、case_id=R8C01、review_status=human_checked；不补组织持续性，不生成联盟、胜诉或工程效果。 Package-local source keys not centralized: EA-S003.,actor--issue evidence only; does not establish stable inter-organizational alliance
AI243,A076,ジュゴン保護基金委員会（Save the Dugong Foundation）,local_civic_actor,冲绳本地公民行动,okinawa_local,I011,legal,legal_policy,A076→I011 legal；仅指通过美国 NHPA／APA 司法程序进入法律路径；不外推其他案件,institutional_or_case_role,human-reviewed scope_kind from central actor-issue edge,S093;S060,E4,human_checked,human_reviewed,active,,human_reviewed_E3_E4,HR-024 case-specific actor-issue mapping. 统一 scope=case、case_id=R8C01、review_status=human_checked；不补组织持续性，不生成联盟、胜诉或工程效果。,actor--issue evidence only; does not establish stable inter-organizational alliance
AI244,A076,ジュゴン保護基金委員会（Save the Dugong Foundation）,local_civic_actor,冲绳本地公民行动,okinawa_local,I003,Henoko,place_issue,A076→I003 Henoko；仅指该案件以边野古沿岸迁移计划为对象；不证明 A076 在所有时期都有独立边野古现场行动,institutional_or_case_role,human-reviewed scope_kind from central actor-issue edge,S060;S093,E4,human_checked,human_reviewed,active,,human_reviewed_E3_E4,HR-024 case-specific actor-issue mapping. 统一 scope=case、case_id=R8C01、review_status=human_checked；不补组织持续性，不生成联盟、胜诉或工程效果。,actor--issue evidence only; does not establish stable inter-organizational alliance
AI245,A086,Turtle Island Restoration Network,international_ngo,跨国 NGO／国际倡议,us_origin,I004,dugong,environment,A086→I004 dugong；只确认同案具名原告与冲绳儒艮议题连接,institutional_or_case_role,human-reviewed scope_kind from central actor-issue edge,S229;S060,E4,human_checked,human_reviewed,active,,human_reviewed_E3_E4,HR-024 case-specific actor-issue mapping. 统一 scope=case、case_id=R8C01、review_status=human_checked；不补组织持续性，不生成联盟、胜诉或工程效果。,actor--issue evidence only; does not establish stable inter-organizational alliance
AI246,A086,Turtle Island Restoration Network,international_ngo,跨国 NGO／国际倡议,us_origin,I011,legal,legal_policy,A086→I011 legal；只确认 NHPA／APA 案件程序；不外推其他冲绳诉讼,institutional_or_case_role,human-reviewed scope_kind from central actor-issue edge,S229;S060,E4,human_checked,human_reviewed,active,,human_reviewed_E3_E4,HR-024 case-specific actor-issue mapping. 统一 scope=case、case_id=R8C01、review_status=human_checked；不补组织持续性，不生成联盟、胜诉或工程效果。,actor--issue evidence only; does not establish stable inter-organizational alliance
AI247,A086,Turtle Island Restoration Network,international_ngo,跨国 NGO／国际倡议,us_origin,I012,international_advocacy,transnational,A086→I012 international_advocacy；把“跨太平洋法律倡议路径的一环”改成可观察事实：“美国海洋保护组织以具名原告身份参加涉及冲绳儒艮的美国联邦诉讼”；共同诉讼不等于稳定联盟,institutional_or_case_role,human-reviewed scope_kind from central actor-issue edge,S060;S229,E4,human_checked,human_reviewed,active,,human_reviewed_E3_E4,HR-024 case-specific actor-issue mapping. 统一 scope=case、case_id=R8C01、review_status=human_checked；不补组织持续性，不生成联盟、胜诉或工程效果。,actor--issue evidence only; does not establish stable inter-organizational alliance
AI248,A086,Turtle Island Restoration Network,international_ngo,跨国 NGO／国际倡议,us_origin,I005,biodiversity,environment,A086→I005 biodiversity；写成“案件材料把珊瑚礁、海草床与濒危儒艮栖息地作为案件背景”；不写成 A086 在冲绳另有持续、全面的 biodiversity program,institutional_or_case_role,human-reviewed scope_kind from central actor-issue edge,S060;S228,E4,human_checked,human_reviewed,active,,human_reviewed_E3_E4,HR-024 case-specific actor-issue mapping. 统一 scope=case、case_id=R8C01、review_status=human_checked；不补组织持续性，不生成联盟、胜诉或工程效果。,actor--issue evidence only; does not establish stable inter-organizational alliance
AI249,A087,NPO法人世界版「平和の礎」を提案する会,local_npo,冲绳本地公民行动,okinawa_local,I019,peace,peace_human_rights,法人定款和自有说明以世界恒久和平的创造为明确目的。,organizational_positioning,human-reviewed scope_kind from central actor-issue edge,S103;S230,E4,human_checked,human_reviewed,active,,human_reviewed_E3_E4,HR-010 batch 6 principal-confirmed actor--issue edge. Package-local keys: EA-S007;EA-S008.,actor--issue evidence only; does not establish stable inter-organizational alliance
AI250,A087,NPO法人世界版「平和の礎」を提案する会,local_npo,冲绳本地公民行动,okinawa_local,I025,anti_war,peace_human_rights,法人目的明确包含废除战争与核武器。,organizational_positioning,human-reviewed scope_kind from central actor-issue edge,S103;S230,E4,human_checked,human_reviewed,active,,human_reviewed_E3_E4,HR-010 batch 6 principal-confirmed actor--issue edge. Package-local keys: EA-S007;EA-S008.,actor--issue evidence only; does not establish stable inter-organizational alliance
AI251,A087,NPO法人世界版「平和の礎」を提案する会,local_npo,冲绳本地公民行动,okinawa_local,I015,international_cooperation,external_network,法人定款把国际合作与国际相互理解列为活动目的，并计划向世界提出网络纪念项目。,organizational_positioning,human-reviewed scope_kind from central actor-issue edge,S103;S230,E4,human_checked,human_reviewed,active,,human_reviewed_E3_E4,HR-010 batch 6 principal-confirmed actor--issue edge. Package-local keys: EA-S007;EA-S008.,actor--issue evidence only; does not establish stable inter-organizational alliance
AI252,A088,特定非営利活動法人沖縄平和協力センター,local_npo,冲绳本地公民行动,okinawa_local,I019,peace,peace_human_rights,JICA官方组织介绍将OPAC界定为以和平为轴、开展和平学习与人才培养的机构。,organizational_positioning,human-reviewed scope_kind from central actor-issue edge,S231;S232,E4,human_checked,human_reviewed,active,,human_reviewed_E3_E4,HR-010 batch 6 principal-confirmed actor--issue edge. Package-local keys: EA-S010;EA-S011.,actor--issue evidence only; does not establish stable inter-organizational alliance
AI253,A088,特定非営利活動法人沖縄平和協力センター,local_npo,冲绳本地公民行动,okinawa_local,I015,international_cooperation,external_network,OPAC持续开展国际和平合作，并作为指定团体参与柬埔寨和平博物馆人才培养项目。,institutional_or_case_role,human-reviewed scope_kind from central actor-issue edge,S232;S231,E4,human_checked,human_reviewed,active,,human_reviewed_E3_E4,HR-010 batch 6 principal-confirmed actor--issue edge. Package-local keys: EA-S011;EA-S010.,actor--issue evidence only; does not establish stable inter-organizational alliance
AI254,A089,沖縄県教職員組合,labor_union,劳工／教育组织,okinawa_local,I019,peace,peace_human_rights,沖教組把和平与民主教育作为持续组织目标。,organizational_positioning,human-reviewed scope_kind from central actor-issue edge,S105,E4,human_checked,human_reviewed,active,,human_reviewed_E3_E4,HR-010 batch 6 principal-confirmed actor--issue edge. Package-local keys: EA-S012.,actor--issue evidence only; does not establish stable inter-organizational alliance
AI255,A089,沖縄県教職員組合,labor_union,劳工／教育组织,okinawa_local,I025,anti_war,peace_human_rights,沖教組以“不再把学生送上战场”为基本理念。,organizational_positioning,human-reviewed scope_kind from central actor-issue edge,S105,E4,human_checked,human_reviewed,active,,human_reviewed_E3_E4,HR-010 batch 6 principal-confirmed actor--issue edge. Package-local keys: EA-S012.,actor--issue evidence only; does not establish stable inter-organizational alliance
AI256,A090,沖縄県高等学校障害児学校教職員組合,labor_union,劳工／教育组织,okinawa_local,I019,peace,peace_human_rights,高教組官网把和平、人权与环境学习列为活动，并持续参加5·15和平行进。,organizational_positioning,human-reviewed scope_kind from central actor-issue edge,S106,E4,human_checked,human_reviewed,active,,human_reviewed_E3_E4,HR-010 batch 6 principal-confirmed actor--issue edge. Package-local keys: EA-S014.,actor--issue evidence only; does not establish stable inter-organizational alliance
AI257,A090,沖縄県高等学校障害児学校教職員組合,labor_union,劳工／教育组织,okinawa_local,I001,anti_base,base_politics,高教組官网将5·15和平行进表述为追求‘没有基地的和平冲绳’的年度活动。,event_specific,human-reviewed scope_kind from central actor-issue edge,S106,E4,human_checked,human_reviewed,active,,human_reviewed_E3_E4,HR-010 batch 6 principal-confirmed actor--issue edge. Package-local keys: EA-S014.,actor--issue evidence only; does not establish stable inter-organizational alliance
AI258,A091,日本労働組合総連合会沖縄県連合会（連合沖縄）,labor_union,劳工／教育组织,okinawa_local,I023,human_rights,peace_human_rights,连合沖縄在针对驻日美军人员性暴力的正式抗议中明确要求保障县民人权。,event_specific,human-reviewed scope_kind from central actor-issue edge,S108,E4,human_checked,human_reviewed,active,,human_reviewed_E3_E4,HR-010 batch 6 principal-confirmed actor--issue edge. Package-local keys: EA-S016.,actor--issue evidence only; does not establish stable inter-organizational alliance
AI259,A091,日本労働組合総連合会沖縄県連合会（連合沖縄）,labor_union,劳工／教育组织,okinawa_local,I007,life_safety,life_safety,同一抗议要求让县民安心生活，并把反复发生的事件事故表述为生活安全问题。,event_specific,human-reviewed scope_kind from central actor-issue edge,S108;S234,E4,human_checked,human_reviewed,active,,human_reviewed_E3_E4,HR-010 batch 6 principal-confirmed actor--issue edge. Package-local keys: EA-S016;EA-S017.,actor--issue evidence only; does not establish stable inter-organizational alliance
AI260,A091,日本労働組合総連合会沖縄県連合会（連合沖縄）,labor_union,劳工／教育组织,okinawa_local,I001,anti_base,base_politics,连合沖縄会长公开提出推动米军基地整理缩小和地位协定修改。,organizational_positioning,human-reviewed scope_kind from central actor-issue edge,S235;S234,E4,human_checked,human_reviewed,active,,human_reviewed_E3_E4,HR-010 batch 6 principal-confirmed actor--issue edge. Package-local keys: EA-S018;EA-S017.,actor--issue evidence only; does not establish stable inter-organizational alliance
AI261,A091,日本労働組合総連合会沖縄県連合会（連合沖縄）,labor_union,劳工／教育组织,okinawa_local,I003,Henoko,place_issue,连合沖縄会长在2025年公开提出阻止边野古新基地建设。,organizational_positioning,human-reviewed scope_kind from central actor-issue edge,S235;S234,E4,human_checked,human_reviewed,active,,human_reviewed_E3_E4,HR-010 batch 6 principal-confirmed actor--issue edge. Package-local keys: EA-S018;EA-S017.,actor--issue evidence only; does not establish stable inter-organizational alliance
AI262,A091,日本労働組合総連合会沖縄県連合会（連合沖縄）,labor_union,劳工／教育组织,okinawa_local,I019,peace,peace_human_rights,连合沖縄持续主办/参与‘平和行动in沖縄’并开展和平教育路线。,organizational_positioning,human-reviewed scope_kind from central actor-issue edge,S234,E4,human_checked,human_reviewed,active,,human_reviewed_E3_E4,HR-010 batch 6 principal-confirmed actor--issue edge. Package-local keys: EA-S017.,actor--issue evidence only; does not establish stable inter-organizational alliance
AI263,A092,沖縄県労働組合総連合,labor_union,劳工／教育组织,okinawa_local,I001,anti_base,base_politics,沖縄県労連的组织原则明确提出撤除基地。,organizational_positioning,human-reviewed scope_kind from central actor-issue edge,S109,E4,human_checked,human_reviewed,active,,human_reviewed_E3_E4,HR-010 batch 6 principal-confirmed actor--issue edge. Package-local keys: EA-S019.,actor--issue evidence only; does not establish stable inter-organizational alliance
AI264,A092,沖縄県労働組合総連合,labor_union,劳工／教育组织,okinawa_local,I019,peace,peace_human_rights,沖縄県労連的组织原则明确提出维护和平与民主。,organizational_positioning,human-reviewed scope_kind from central actor-issue edge,S109,E4,human_checked,human_reviewed,active,,human_reviewed_E3_E4,HR-010 batch 6 principal-confirmed actor--issue edge. Package-local keys: EA-S019.,actor--issue evidence only; does not establish stable inter-organizational alliance
AI265,A092,沖縄県労働組合総連合,labor_union,劳工／教育组织,okinawa_local,I025,anti_war,peace_human_rights,沖縄県労連明确反对军国主义复活并主张核武器废除。,organizational_positioning,human-reviewed scope_kind from central actor-issue edge,S109,E4,human_checked,human_reviewed,active,,human_reviewed_E3_E4,HR-010 batch 6 principal-confirmed actor--issue edge. Package-local keys: EA-S019.,actor--issue evidence only; does not establish stable inter-organizational alliance
AI266,A093,全日本自治団体労働組合沖縄県本部,labor_union,劳工／教育组织,okinawa_local,I003,Henoko,place_issue,自治労沖縄県本部官网连续记录边野古新基地断念请愿与阻止建设集会。,organizational_positioning,human-reviewed scope_kind from central actor-issue edge,S110,E4,human_checked,human_reviewed,active,,human_reviewed_E3_E4,HR-010 batch 6 principal-confirmed actor--issue edge. Package-local keys: EA-S021.,actor--issue evidence only; does not establish stable inter-organizational alliance
AI267,A093,全日本自治団体労働組合沖縄県本部,labor_union,劳工／教育组织,okinawa_local,I019,peace,peace_human_rights,自治労沖縄県本部持续记录5·15和平行进与青年女性冲绳和平之旅。,organizational_positioning,human-reviewed scope_kind from central actor-issue edge,S110,E4,human_checked,human_reviewed,active,,human_reviewed_E3_E4,HR-010 batch 6 principal-confirmed actor--issue edge. Package-local keys: EA-S021.,actor--issue evidence only; does not establish stable inter-organizational alliance
AI268,A095,止めよう「自衛隊配備」宮古郡民の会,citizen_group,冲绳本地公民行动,okinawa_local,I002,anti_military,security_politics,A095以反对宫古岛自卫队/导弹部队部署为成立目的并正式提交陈情。,organizational_positioning,human-reviewed scope_kind from central actor-issue edge,S112;S237,E4,human_checked,human_reviewed,active,,human_reviewed_E3_E4,HR-010 batch 6 principal-confirmed actor--issue edge. Package-local keys: EA-S025;EA-S024.,actor--issue evidence only; does not establish stable inter-organizational alliance
AI269,A095,止めよう「自衛隊配備」宮古郡民の会,citizen_group,冲绳本地公民行动,okinawa_local,I007,life_safety,life_safety,成立会上共同代表把部署与岛民和平生活、成为攻击目标的风险相连。,event_specific,human-reviewed scope_kind from central actor-issue edge,S237,E2,human_checked,human_reviewed,active,,candidate_or_clue,HR-010 batch 6 principal-confirmed actor--issue edge. Package-local keys: EA-S024.,actor--issue evidence only; does not establish stable inter-organizational alliance
AI270,A095,止めよう「自衛隊配備」宮古郡民の会,citizen_group,冲绳本地公民行动,okinawa_local,I006,groundwater,life_safety,成立会上共同代表指出拟建基地地点涉及重要水源。,event_specific,human-reviewed scope_kind from central actor-issue edge,S237,E2,human_checked,human_reviewed,active,,candidate_or_clue,HR-010 batch 6 principal-confirmed actor--issue edge. Package-local keys: EA-S024.,actor--issue evidence only; does not establish stable inter-organizational alliance
AI271,A095,止めよう「自衛隊配備」宮古郡民の会,citizen_group,冲绳本地公民行动,okinawa_local,I026,mobilization,collective_action,"A095与另一团体提交16,439人反部署署名并宣布继续动员。",event_specific,human-reviewed scope_kind from central actor-issue edge,S238,E2,human_checked,human_reviewed,active,,candidate_or_clue,HR-010 batch 6 principal-confirmed actor--issue edge. Package-local keys: EA-S026.,actor--issue evidence only; does not establish stable inter-organizational alliance
AI272,A096,宮古平和運動連絡協議会,citizen_network,冲绳本地公民行动,okinawa_local,I002,anti_military,security_politics,A096以具名请愿者身份正式反对宫古/下地岛自卫队部署。,institutional_or_case_role,human-reviewed scope_kind from central actor-issue edge,S239;S112;S240,E4,human_checked,human_reviewed,active,,human_reviewed_E3_E4,HR-010 batch 6 principal-confirmed actor--issue edge. Package-local keys: EA-S027;EA-S025;EA-S028.,actor--issue evidence only; does not establish stable inter-organizational alliance
AI273,A096,宮古平和運動連絡協議会,citizen_network,冲绳本地公民行动,okinawa_local,I019,peace,peace_human_rights,A096主办集会并以和平运动框架形成反部署共识。,event_specific,human-reviewed scope_kind from central actor-issue edge,S240,E2,human_checked,human_reviewed,active,,candidate_or_clue,HR-010 batch 6 principal-confirmed actor--issue edge. Package-local keys: EA-S028.,actor--issue evidence only; does not establish stable inter-organizational alliance
AI274,A097,宮古島環境クラブ,local_civic_actor,冲绳本地公民行动,okinawa_local,I020,environment,environment,宮古島環境クラブ持续从事自然与环境保全、恢复和环境教育。,organizational_positioning,human-reviewed scope_kind from central actor-issue edge,S114,E4,human_checked,human_reviewed,active,,human_reviewed_E3_E4,HR-010 batch 6 principal-confirmed actor--issue edge. Package-local keys: EA-S029.,actor--issue evidence only; does not establish stable inter-organizational alliance
AI275,A097,宮古島環境クラブ,local_civic_actor,冲绳本地公民行动,okinawa_local,I006,groundwater,life_safety,宮古島環境クラブ官网明确列出地下水保全活动。,organizational_positioning,human-reviewed scope_kind from central actor-issue edge,S241,E4,human_checked,human_reviewed,active,,human_reviewed_E3_E4,HR-010 batch 6 principal-confirmed actor--issue edge. Package-local keys: EA-S030.,actor--issue evidence only; does not establish stable inter-organizational alliance
AI276,A097,宮古島環境クラブ,local_civic_actor,冲绳本地公民行动,okinawa_local,I005,biodiversity,environment,宮古島環境クラブ持续保护水边自然并开展物种/生态教育。,organizational_positioning,human-reviewed scope_kind from central actor-issue edge,S114,E4,human_checked,human_reviewed,active,,human_reviewed_E3_E4,HR-010 batch 6 principal-confirmed actor--issue edge. Package-local keys: EA-S029.,actor--issue evidence only; does not establish stable inter-organizational alliance
AI277,A098,特定非営利活動法人宮古島海の環境ネットワーク,local_npo,冲绳本地公民行动,okinawa_local,I020,environment,environment,宮古島海の環境ネットワーク以海岸清扫、海洋调查和环境教育保护海洋环境。,organizational_positioning,human-reviewed scope_kind from central actor-issue edge,S115,E4,human_checked,human_reviewed,active,,human_reviewed_E3_E4,HR-010 batch 6 principal-confirmed actor--issue edge. Package-local keys: EA-S031.,actor--issue evidence only; does not establish stable inter-organizational alliance
AI278,A098,特定非営利活動法人宮古島海の環境ネットワーク,local_npo,冲绳本地公民行动,okinawa_local,I005,biodiversity,environment,该NPO的法定目的明确包括维护宫古海域自然环境与生物生态系统。,organizational_positioning,human-reviewed scope_kind from central actor-issue edge,S242,E4,human_checked,human_reviewed,active,,human_reviewed_E3_E4,HR-010 batch 6 principal-confirmed actor--issue edge. Package-local keys: EA-S032.,actor--issue evidence only; does not establish stable inter-organizational alliance
AI279,A099,有機フッ素化合物（PFAS）汚染から市民の生命を守る連絡会,citizen_network,冲绳本地公民行动,okinawa_local,I006,groundwater,life_safety,A099因北谷净水场水源与自来水PFAS污染担忧而成立，并要求安全饮水。,organizational_positioning,human-reviewed scope_kind from central actor-issue edge,S116,E4,human_checked,human_reviewed,active,,human_reviewed_E3_E4,HR-010 batch 6 principal-confirmed actor--issue edge. Package-local keys: EA-S033.,actor--issue evidence only; does not establish stable inter-organizational alliance
AI280,A099,有機フッ素化合物（PFAS）汚染から市民の生命を守る連絡会,citizen_network,冲绳本地公民行动,okinawa_local,I008,health_risk,life_safety,A099围绕PFAS潜在健康影响开展血液检测与公共健康调查倡议。,organizational_positioning,human-reviewed scope_kind from central actor-issue edge,S243;S116,E4,human_checked,human_reviewed,active,,human_reviewed_E3_E4,HR-010 batch 6 principal-confirmed actor--issue edge. Package-local keys: EA-S034;EA-S033.,actor--issue evidence only; does not establish stable inter-organizational alliance
AI281,A099,有機フッ素化合物（PFAS）汚染から市民の生命を守る連絡会,citizen_network,冲绳本地公民行动,okinawa_local,I007,life_safety,life_safety,A099以保障市民生命与可安心饮用的水为持续公开目标。,organizational_positioning,human-reviewed scope_kind from central actor-issue edge,S116,E4,human_checked,human_reviewed,active,,human_reviewed_E3_E4,HR-010 batch 6 principal-confirmed actor--issue edge. Package-local keys: EA-S033.,actor--issue evidence only; does not establish stable inter-organizational alliance
AI282,A099,有機フッ素化合物（PFAS）汚染から市民の生命を守る連絡会,citizen_network,冲绳本地公民行动,okinawa_local,I020,environment,environment,A099把PFAS界定为持续存在的环境污染问题并开展调查/倡议。,organizational_positioning,human-reviewed scope_kind from central actor-issue edge,S116;S243,E4,human_checked,human_reviewed,active,,human_reviewed_E3_E4,HR-010 batch 6 principal-confirmed actor--issue edge. Package-local keys: EA-S033;EA-S034.,actor--issue evidence only; does not establish stable inter-organizational alliance
AI283,A100,ミサイル配備から命を守るうるま市民の会,citizen_group,冲绳本地公民行动,okinawa_local,I002,anti_military,security_politics,A100为反对胜连分屯地导弹部队部署而成立并持续请求撤回。,organizational_positioning,human-reviewed scope_kind from central actor-issue edge,S118;S119;S244,E4,human_checked,human_reviewed,active,,human_reviewed_E3_E4,HR-010 batch 6 principal-confirmed actor--issue edge. Package-local keys: EA-S035;EA-S036;EA-S037.,actor--issue evidence only; does not establish stable inter-organizational alliance
AI284,A100,ミサイル配備から命を守るうるま市民の会,citizen_group,冲绳本地公民行动,okinawa_local,I007,life_safety,life_safety,A100公开将导弹部署与居民生命、安全及学校周边风险相连。,event_specific,human-reviewed scope_kind from central actor-issue edge,S119;S244,E2,human_checked,human_reviewed,active,,candidate_or_clue,HR-010 batch 6 principal-confirmed actor--issue edge. Package-local keys: EA-S036;EA-S037.,actor--issue evidence only; does not establish stable inter-organizational alliance
AI285,A100,ミサイル配備から命を守るうるま市民の会,citizen_group,冲绳本地公民行动,okinawa_local,I017,frontline_prevention,security_politics,A100在成立与后续行动中提出不让岛屿成为战场、避免基地成为攻击目标。,organizational_positioning,human-reviewed scope_kind from central actor-issue edge,S119;S244,E2,human_checked,human_reviewed,active,,candidate_or_clue,HR-010 batch 6 principal-confirmed actor--issue edge. Package-local keys: EA-S036;EA-S037.,actor--issue evidence only; does not establish stable inter-organizational alliance
AI286,A100,ミサイル配備から命を守るうるま市民の会,citizen_group,冲绳本地公民行动,okinawa_local,I018,Taiwan_contingency,security_politics,A100把‘台湾有事’情境下的目标化风险作为反部署说明的一部分。,event_specific,human-reviewed scope_kind from central actor-issue edge,S119,E2,human_checked,human_reviewed,active,,candidate_or_clue,HR-010 batch 6 principal-confirmed actor--issue edge. Package-local keys: EA-S036.,actor--issue evidence only; does not establish stable inter-organizational alliance
AI287,A100,ミサイル配備から命を守るうるま市民の会,citizen_group,冲绳本地公民行动,okinawa_local,I026,mobilization,collective_action,"A100开展照片展、约10,500人署名、要请与搬入抗议等持续动员。",organizational_positioning,human-reviewed scope_kind from central actor-issue edge,S244;S119,E2,human_checked,human_reviewed,active,,candidate_or_clue,HR-010 batch 6 principal-confirmed actor--issue edge. Package-local keys: EA-S037;EA-S036.,actor--issue evidence only; does not establish stable inter-organizational alliance
AI288,A101,沖縄・琉球弧の声を届ける会,citizen_network,冲绳本地公民行动,okinawa_local,I002,anti_military,security_politics,A101的趣意书以反对琉球弧自卫队基地、导弹与弹药部署为核心议题。,organizational_positioning,human-reviewed scope_kind from central actor-issue edge,S245,E4,human_checked,human_reviewed,active,,human_reviewed_E3_E4,HR-010 batch 6 principal-confirmed actor--issue edge. Package-local keys: EA-S038.,actor--issue evidence only; does not establish stable inter-organizational alliance
AI289,A101,沖縄・琉球弧の声を届ける会,citizen_network,冲绳本地公民行动,okinawa_local,I017,frontline_prevention,security_politics,A101把冲绳/琉球弧被置于最前线和再度战场化的风险作为持续框架。,organizational_positioning,human-reviewed scope_kind from central actor-issue edge,S245,E4,human_checked,human_reviewed,active,,human_reviewed_E3_E4,HR-010 batch 6 principal-confirmed actor--issue edge. Package-local keys: EA-S038.,actor--issue evidence only; does not establish stable inter-organizational alliance
AI290,A101,沖縄・琉球弧の声を届ける会,citizen_network,冲绳本地公民行动,okinawa_local,I018,Taiwan_contingency,security_politics,A101明确围绕台湾有事叙事、岛屿部署与居民风险开展系列讲座。,organizational_positioning,human-reviewed scope_kind from central actor-issue edge,S245,E4,human_checked,human_reviewed,active,,human_reviewed_E3_E4,HR-010 batch 6 principal-confirmed actor--issue edge. Package-local keys: EA-S038.,actor--issue evidence only; does not establish stable inter-organizational alliance
AI291,A101,沖縄・琉球弧の声を届ける会,citizen_network,冲绳本地公民行动,okinawa_local,I025,anti_war,peace_human_rights,A101以反对军事化和战争、避免重演冲绳战为组织目标。,organizational_positioning,human-reviewed scope_kind from central actor-issue edge,S245,E4,human_checked,human_reviewed,active,,human_reviewed_E3_E4,HR-010 batch 6 principal-confirmed actor--issue edge. Package-local keys: EA-S038.,actor--issue evidence only; does not establish stable inter-organizational alliance
AI292,A101,沖縄・琉球弧の声を届ける会,citizen_network,冲绳本地公民行动,okinawa_local,I023,human_rights,peace_human_rights,A101把表达/报道自由与保障人权列为连续讲座的核心论点。,organizational_positioning,human-reviewed scope_kind from central actor-issue edge,S245,E4,human_checked,human_reviewed,active,,human_reviewed_E3_E4,HR-010 batch 6 principal-confirmed actor--issue edge. Package-local keys: EA-S038.,actor--issue evidence only; does not establish stable inter-organizational alliance
AI293,A101,沖縄・琉球弧の声を届ける会,citizen_network,冲绳本地公民行动,okinawa_local,I012,international_advocacy,transnational,A101明确以向日本本土与海外媒体、组织和市民传播琉球弧市民声音为目的。,organizational_positioning,human-reviewed scope_kind from central actor-issue edge,S245;S246,E4,human_checked,human_reviewed,active,,human_reviewed_E3_E4,HR-010 batch 6 principal-confirmed actor--issue edge. Package-local keys: EA-S038;EA-S039.,actor--issue evidence only; does not establish stable inter-organizational alliance
AI294,A101,沖縄・琉球弧の声を届ける会,citizen_network,冲绳本地公民行动,okinawa_local,I020,environment,environment,A101主办环境影响评价讲座并向县知事提交保护浦添海域的具体提言。,event_specific,human-reviewed scope_kind from central actor-issue edge,S247;S246,E4,human_checked,human_reviewed,active,,human_reviewed_E3_E4,HR-010 batch 6 principal-confirmed actor--issue edge. Package-local keys: EA-S040;EA-S039.,actor--issue evidence only; does not establish stable inter-organizational alliance
