observation_id,source_module,source_record_id,observation_scope,canonical_case_or_event_id,event_or_case_name,date_start,date_end,stage_order,actor_or_entity_id,actor_or_entity_name,entity_kind,role,action_family,action_family_zh,action_scope,action_detail,venue_id,venue_label,venue_group,venue_group_zh,place,target_type,target_id_or_name,repertoire_unit_id,counting_unit_rule,evidence_level,source_refs,review_status,review_layer,new_fact_status,sequence_limit,interpretation_limit,derivation_or_formal_inclusion_status
HET_AEV0001,AEV_HR015,AEV0001,actor_event_role,EV2010_WWF_67,WWF Japan 67-group Henoko / dugong statement,2010,,,A003,ジュゴンネットワーク沖縄,registry_actor,co_signer_or_participant,joint_statement,共同声明／署名,event_or_process_action,domestic_environmental_statement,V002,public_statement_forum,civic_public_communication,公民公开传播,Henoko; Oura Bay,policy_project,Henoko base construction plan,RU_E0276D4F6C,unique canonical_case_or_event_id x action_family x venue_group,E3,S003,human_checked,human_reviewed,existing_formal_fact_only,"ordered display, when used, is chronology/composition only and does not establish causal effect","co-signing is one-off event participation, not stable alliance",
HET_AEV0002,AEV_HR015,AEV0002,actor_event_role,EV2010_WWF_67,WWF Japan 67-group Henoko / dugong statement,2010,,,A005,WWFジャパン,registry_actor,co_signer_or_participant,joint_statement,共同声明／署名,event_or_process_action,domestic_environmental_statement,V002,public_statement_forum,civic_public_communication,公民公开传播,Henoko; Oura Bay,policy_project,Henoko base construction plan,RU_E0276D4F6C,unique canonical_case_or_event_id x action_family x venue_group,E4,S003,human_checked,human_reviewed,existing_formal_fact_only,"ordered display, when used, is chronology/composition only and does not establish causal effect","co-signing is one-off event participation, not stable alliance",
HET_AEV0003,AEV_HR015,AEV0003,actor_event_role,EV2010_WWF_67,WWF Japan 67-group Henoko / dugong statement,2010,,,A006,グリーンピース・ジャパン,registry_actor,co_signer_or_participant,joint_statement,共同声明／署名,event_or_process_action,domestic_environmental_statement,V002,public_statement_forum,civic_public_communication,公民公开传播,Henoko; Oura Bay,policy_project,Henoko base construction plan,RU_E0276D4F6C,unique canonical_case_or_event_id x action_family x venue_group,E4,S003,human_checked,human_reviewed,existing_formal_fact_only,"ordered display, when used, is chronology/composition only and does not establish causal effect","co-signing is one-off event participation, not stable alliance",
HET_AEV0004,AEV_HR015,AEV0004,actor_event_role,EV2010_WWF_67,WWF Japan 67-group Henoko / dugong statement,2010,,,A061,日本野鳥の会,registry_actor,co_signer_or_participant,joint_statement,共同声明／署名,event_or_process_action,domestic_environmental_statement,V002,public_statement_forum,civic_public_communication,公民公开传播,Henoko; Oura Bay,policy_project,Henoko base construction plan,RU_E0276D4F6C,unique canonical_case_or_event_id x action_family x venue_group,E4,S003,human_checked,human_reviewed,existing_formal_fact_only,"ordered display, when used, is chronology/composition only and does not establish causal effect","co-signing is one-off event participation, not stable alliance",
HET_AEV0005,AEV_HR015,AEV0005,actor_event_role,EV2010_WWF_67,WWF Japan 67-group Henoko / dugong statement,2010,,,A062,日本湿地ネットワーク（JAWAN）,registry_actor,co_signer_or_participant,joint_statement,共同声明／署名,event_or_process_action,domestic_environmental_statement,V002,public_statement_forum,civic_public_communication,公民公开传播,Henoko; Oura Bay,policy_project,Henoko base construction plan,RU_E0276D4F6C,unique canonical_case_or_event_id x action_family x venue_group,E4,S003,human_checked,human_reviewed,existing_formal_fact_only,"ordered display, when used, is chronology/composition only and does not establish causal effect","co-signing is one-off event participation, not stable alliance",
HET_AEV0006,AEV_HR015,AEV0006,actor_event_role,EV2015_NACSJ_31,NACSJ / Peace Boat 31-NGO emergency Henoko statement,2015,,,A004,日本自然保護協会,registry_actor,co_signer_or_participant,joint_statement,共同声明／署名,event_or_process_action,transnational_environmental_statement,V002,public_statement_forum,civic_public_communication,公民公开传播,Henoko; Oura Bay,policy_project,Henoko base construction plan,RU_2EF871483E,unique canonical_case_or_event_id x action_family x venue_group,E4,S004,human_checked,human_reviewed,existing_formal_fact_only,"ordered display, when used, is chronology/composition only and does not establish causal effect","co-signing is one-off event participation, not stable alliance",
HET_AEV0007,AEV_HR015,AEV0007,actor_event_role,EV2015_NACSJ_31,NACSJ / Peace Boat 31-NGO emergency Henoko statement,2015,,,A021,国際環境NGO FoE Japan,registry_actor,co_signer_or_participant,joint_statement,共同声明／署名,event_or_process_action,transnational_environmental_statement,V002,public_statement_forum,civic_public_communication,公民公开传播,Henoko; Oura Bay,policy_project,Henoko base construction plan,RU_2EF871483E,unique canonical_case_or_event_id x action_family x venue_group,E4,S004,human_checked,human_reviewed,existing_formal_fact_only,"ordered display, when used, is chronology/composition only and does not establish causal effect","co-signing is one-off event participation, not stable alliance",
HET_AEV0008,AEV_HR015,AEV0008,actor_event_role,EV2015_NACSJ_31,NACSJ / Peace Boat 31-NGO emergency Henoko statement,2015,,,A022,NPO法人 ラムサール・ネットワーク日本,registry_actor,co_signer_or_participant,joint_statement,共同声明／署名,event_or_process_action,transnational_environmental_statement,V002,public_statement_forum,civic_public_communication,公民公开传播,Henoko; Oura Bay,policy_project,Henoko base construction plan,RU_2EF871483E,unique canonical_case_or_event_id x action_family x venue_group,E4,S004,human_checked,human_reviewed,existing_formal_fact_only,"ordered display, when used, is chronology/composition only and does not establish causal effect","co-signing is one-off event participation, not stable alliance",
HET_AEV0009,AEV_HR015,AEV0009,actor_event_role,EV2015_NACSJ_31,NACSJ / Peace Boat 31-NGO emergency Henoko statement,2015,,,A023,美ら海にもやんばるにも基地はいらない市民の会,registry_actor,co_signer_or_participant,joint_statement,共同声明／署名,event_or_process_action,transnational_environmental_statement,V002,public_statement_forum,civic_public_communication,公民公开传播,Henoko; Oura Bay,policy_project,Henoko base construction plan,RU_2EF871483E,unique canonical_case_or_event_id x action_family x venue_group,E4,S004,human_checked,human_reviewed,existing_formal_fact_only,"ordered display, when used, is chronology/composition only and does not establish causal effect","co-signing is one-off event participation, not stable alliance",
HET_AEV0010,AEV_HR015,AEV0010,actor_event_role,EV2015_NACSJ_31,NACSJ / Peace Boat 31-NGO emergency Henoko statement,2015,,,A024,辺野古リレー,registry_actor,co_signer_or_participant,joint_statement,共同声明／署名,event_or_process_action,transnational_environmental_statement,V002,public_statement_forum,civic_public_communication,公民公开传播,Henoko; Oura Bay,policy_project,Henoko base construction plan,RU_2EF871483E,unique canonical_case_or_event_id x action_family x venue_group,E4,S004,human_checked,human_reviewed,existing_formal_fact_only,"ordered display, when used, is chronology/composition only and does not establish causal effect","co-signing is one-off event participation, not stable alliance",
HET_AEV0011,AEV_HR015,AEV0011,actor_event_role,EV2015_NACSJ_31,NACSJ / Peace Boat 31-NGO emergency Henoko statement,2015,,,A025,辺野古への基地建設を許さない実行委員会,registry_actor,co_signer_or_participant,joint_statement,共同声明／署名,event_or_process_action,transnational_environmental_statement,V002,public_statement_forum,civic_public_communication,公民公开传播,Henoko; Oura Bay,policy_project,Henoko base construction plan,RU_2EF871483E,unique canonical_case_or_event_id x action_family x venue_group,E4,S004,human_checked,human_reviewed,existing_formal_fact_only,"ordered display, when used, is chronology/composition only and does not establish causal effect","co-signing is one-off event participation, not stable alliance",
HET_AEV0012,AEV_HR015,AEV0012,actor_event_role,EV2015_NACSJ_31,NACSJ / Peace Boat 31-NGO emergency Henoko statement,2015,,,A026,ピース・ニュース,registry_actor,co_signer_or_participant,joint_statement,共同声明／署名,event_or_process_action,transnational_environmental_statement,V002,public_statement_forum,civic_public_communication,公民公开传播,Henoko; Oura Bay,policy_project,Henoko base construction plan,RU_2EF871483E,unique canonical_case_or_event_id x action_family x venue_group,E4,S004,human_checked,human_reviewed,existing_formal_fact_only,"ordered display, when used, is chronology/composition only and does not establish causal effect","co-signing is one-off event participation, not stable alliance",
HET_AEV0013,AEV_HR015,AEV0013,actor_event_role,EV2015_NACSJ_31,NACSJ / Peace Boat 31-NGO emergency Henoko statement,2015,,,A027,公共事業改革市民会議,registry_actor,co_signer_or_participant,joint_statement,共同声明／署名,event_or_process_action,transnational_environmental_statement,V002,public_statement_forum,civic_public_communication,公民公开传播,Henoko; Oura Bay,policy_project,Henoko base construction plan,RU_2EF871483E,unique canonical_case_or_event_id x action_family x venue_group,E4,S004,human_checked,human_reviewed,existing_formal_fact_only,"ordered display, when used, is chronology/composition only and does not establish causal effect","co-signing is one-off event participation, not stable alliance",
HET_AEV0014,AEV_HR015,AEV0014,actor_event_role,EV2015_NACSJ_31,NACSJ / Peace Boat 31-NGO emergency Henoko statement,2015,,,A028,沖縄のための日米市民ネットワーク（JUCON）,registry_actor,co_signer_or_participant,joint_statement,共同声明／署名,event_or_process_action,transnational_environmental_statement,V002,public_statement_forum,civic_public_communication,公民公开传播,Henoko; Oura Bay,policy_project,Henoko base construction plan,RU_2EF871483E,unique canonical_case_or_event_id x action_family x venue_group,E4,S004,human_checked,human_reviewed,existing_formal_fact_only,"ordered display, when used, is chronology/composition only and does not establish causal effect","co-signing is one-off event participation, not stable alliance",
HET_AEV0015,AEV_HR015,AEV0015,actor_event_role,EV2015_NACSJ_31,NACSJ / Peace Boat 31-NGO emergency Henoko statement,2015,,,A029,沖縄・生物多様性市民ネットワーク,registry_actor,co_signer_or_participant,joint_statement,共同声明／署名,event_or_process_action,transnational_environmental_statement,V002,public_statement_forum,civic_public_communication,公民公开传播,Henoko; Oura Bay,policy_project,Henoko base construction plan,RU_2EF871483E,unique canonical_case_or_event_id x action_family x venue_group,E4,S004,human_checked,human_reviewed,existing_formal_fact_only,"ordered display, when used, is chronology/composition only and does not establish causal effect","co-signing is one-off event participation, not stable alliance",
HET_AEV0016,AEV_HR015,AEV0016,actor_event_role,EV2015_NACSJ_31,NACSJ / Peace Boat 31-NGO emergency Henoko statement,2015,,,A030,市川三番瀬を守る会,registry_actor,co_signer_or_participant,joint_statement,共同声明／署名,event_or_process_action,transnational_environmental_statement,V002,public_statement_forum,civic_public_communication,公民公开传播,Henoko; Oura Bay,policy_project,Henoko base construction plan,RU_2EF871483E,unique canonical_case_or_event_id x action_family x venue_group,E4,S004,human_checked,human_reviewed,existing_formal_fact_only,"ordered display, when used, is chronology/composition only and does not establish causal effect","co-signing is one-off event participation, not stable alliance",
HET_AEV0017,AEV_HR015,AEV0017,actor_event_role,EV2015_NACSJ_31,NACSJ / Peace Boat 31-NGO emergency Henoko statement,2015,,,A031,三番瀬のラムサール条約登録を実現する会,registry_actor,co_signer_or_participant,joint_statement,共同声明／署名,event_or_process_action,transnational_environmental_statement,V002,public_statement_forum,civic_public_communication,公民公开传播,Henoko; Oura Bay,policy_project,Henoko base construction plan,RU_2EF871483E,unique canonical_case_or_event_id x action_family x venue_group,E4,S004,human_checked,human_reviewed,existing_formal_fact_only,"ordered display, when used, is chronology/composition only and does not establish causal effect","co-signing is one-off event participation, not stable alliance",
HET_AEV0018,AEV_HR015,AEV0018,actor_event_role,EV2015_NACSJ_31,NACSJ / Peace Boat 31-NGO emergency Henoko statement,2015,,,A032,Peace Philosophy Centre,registry_actor,co_signer_or_participant,joint_statement,共同声明／署名,event_or_process_action,transnational_environmental_statement,V002,public_statement_forum,civic_public_communication,公民公开传播,Henoko; Oura Bay,policy_project,Henoko base construction plan,RU_2EF871483E,unique canonical_case_or_event_id x action_family x venue_group,E4,S004,human_checked,human_reviewed,existing_formal_fact_only,"ordered display, when used, is chronology/composition only and does not establish causal effect","co-signing is one-off event participation, not stable alliance",
HET_AEV0019,AEV_HR015,AEV0019,actor_event_role,EV2015_NACSJ_31,NACSJ / Peace Boat 31-NGO emergency Henoko statement,2015,,,A033,Friends of the Earth U.S.,registry_actor,co_signer_or_participant,joint_statement,共同声明／署名,event_or_process_action,transnational_environmental_statement,V002,public_statement_forum,civic_public_communication,公民公开传播,Henoko; Oura Bay,policy_project,Henoko base construction plan,RU_2EF871483E,unique canonical_case_or_event_id x action_family x venue_group,E4,S004,human_checked,human_reviewed,existing_formal_fact_only,"ordered display, when used, is chronology/composition only and does not establish causal effect","co-signing is one-off event participation, not stable alliance",
HET_AEV0020,AEV_HR015,AEV0020,actor_event_role,EV2015_NACSJ_31,NACSJ / Peace Boat 31-NGO emergency Henoko statement,2015,,,A034,Korea Federation for Environmental Movements (KFEM),registry_actor,co_signer_or_participant,joint_statement,共同声明／署名,event_or_process_action,transnational_environmental_statement,V002,public_statement_forum,civic_public_communication,公民公开传播,Henoko; Oura Bay,policy_project,Henoko base construction plan,RU_2EF871483E,unique canonical_case_or_event_id x action_family x venue_group,E4,S004,human_checked,human_reviewed,existing_formal_fact_only,"ordered display, when used, is chronology/composition only and does not establish causal effect","co-signing is one-off event participation, not stable alliance",
HET_AEV0021,AEV_HR015,AEV0021,actor_event_role,EV2015_NACSJ_31,NACSJ / Peace Boat 31-NGO emergency Henoko statement,2015,,,A035,Russian Social Ecological Union,registry_actor,co_signer_or_participant,joint_statement,共同声明／署名,event_or_process_action,transnational_environmental_statement,V002,public_statement_forum,civic_public_communication,公民公开传播,Henoko; Oura Bay,policy_project,Henoko base construction plan,RU_2EF871483E,unique canonical_case_or_event_id x action_family x venue_group,E4,S004,human_checked,human_reviewed,existing_formal_fact_only,"ordered display, when used, is chronology/composition only and does not establish causal effect","co-signing is one-off event participation, not stable alliance",
HET_AEV0022,AEV_HR015,AEV0022,actor_event_role,EV2015_NACSJ_31,NACSJ / Peace Boat 31-NGO emergency Henoko statement,2015,,,A036,Friends of the Siberian Forests,registry_actor,co_signer_or_participant,joint_statement,共同声明／署名,event_or_process_action,transnational_environmental_statement,V002,public_statement_forum,civic_public_communication,公民公开传播,Henoko; Oura Bay,policy_project,Henoko base construction plan,RU_2EF871483E,unique canonical_case_or_event_id x action_family x venue_group,E4,S004,human_checked,human_reviewed,existing_formal_fact_only,"ordered display, when used, is chronology/composition only and does not establish causal effect","co-signing is one-off event participation, not stable alliance",
HET_AEV0023,AEV_HR015,AEV0023,actor_event_role,EV2015_NACSJ_31,NACSJ / Peace Boat 31-NGO emergency Henoko statement,2015,,,A037,Centre for Environmental Justice,registry_actor,co_signer_or_participant,joint_statement,共同声明／署名,event_or_process_action,transnational_environmental_statement,V002,public_statement_forum,civic_public_communication,公民公开传播,Henoko; Oura Bay,policy_project,Henoko base construction plan,RU_2EF871483E,unique canonical_case_or_event_id x action_family x venue_group,E4,S004,human_checked,human_reviewed,existing_formal_fact_only,"ordered display, when used, is chronology/composition only and does not establish causal effect","co-signing is one-off event participation, not stable alliance",
HET_AEV0024,AEV_HR015,AEV0024,actor_event_role,EV2015_NACSJ_31,NACSJ / Peace Boat 31-NGO emergency Henoko statement,2015,,,A038,Sahabat Alam Malaysia,registry_actor,co_signer_or_participant,joint_statement,共同声明／署名,event_or_process_action,transnational_environmental_statement,V002,public_statement_forum,civic_public_communication,公民公开传播,Henoko; Oura Bay,policy_project,Henoko base construction plan,RU_2EF871483E,unique canonical_case_or_event_id x action_family x venue_group,E4,S004,human_checked,human_reviewed,existing_formal_fact_only,"ordered display, when used, is chronology/composition only and does not establish causal effect","co-signing is one-off event participation, not stable alliance",
HET_AEV0025,AEV_HR015,AEV0025,actor_event_role,EV2015_NACSJ_31,NACSJ / Peace Boat 31-NGO emergency Henoko statement,2015,,,A039,The Legal Rights and Natural Resources Center-Kasama sa Kalikasan,registry_actor,co_signer_or_participant,joint_statement,共同声明／署名,event_or_process_action,transnational_environmental_statement,V002,public_statement_forum,civic_public_communication,公民公开传播,Henoko; Oura Bay,policy_project,Henoko base construction plan,RU_2EF871483E,unique canonical_case_or_event_id x action_family x venue_group,E4,S004,human_checked,human_reviewed,existing_formal_fact_only,"ordered display, when used, is chronology/composition only and does not establish causal effect","co-signing is one-off event participation, not stable alliance",
HET_AEV0026,AEV_HR015,AEV0026,actor_event_role,EV2015_NACSJ_31,NACSJ / Peace Boat 31-NGO emergency Henoko statement,2015,,,A040,Forum for Protection of Public Interest (Pro Public),registry_actor,co_signer_or_participant,joint_statement,共同声明／署名,event_or_process_action,transnational_environmental_statement,V002,public_statement_forum,civic_public_communication,公民公开传播,Henoko; Oura Bay,policy_project,Henoko base construction plan,RU_2EF871483E,unique canonical_case_or_event_id x action_family x venue_group,E4,S004,human_checked,human_reviewed,existing_formal_fact_only,"ordered display, when used, is chronology/composition only and does not establish causal effect","co-signing is one-off event participation, not stable alliance",
HET_AEV0027,AEV_HR015,AEV0027,actor_event_role,EV2015_NACSJ_31,NACSJ / Peace Boat 31-NGO emergency Henoko statement,2015,,,A041,Friends of the Earth Brisbane,registry_actor,co_signer_or_participant,joint_statement,共同声明／署名,event_or_process_action,transnational_environmental_statement,V002,public_statement_forum,civic_public_communication,公民公开传播,Henoko; Oura Bay,policy_project,Henoko base construction plan,RU_2EF871483E,unique canonical_case_or_event_id x action_family x venue_group,E4,S004,human_checked,human_reviewed,existing_formal_fact_only,"ordered display, when used, is chronology/composition only and does not establish causal effect","co-signing is one-off event participation, not stable alliance",
HET_AEV0028,AEV_HR015,AEV0028,actor_event_role,EV2015_NACSJ_31,NACSJ / Peace Boat 31-NGO emergency Henoko statement,2015,,,A042,Pacific Environment,registry_actor,co_signer_or_participant,joint_statement,共同声明／署名,event_or_process_action,transnational_environmental_statement,V002,public_statement_forum,civic_public_communication,公民公开传播,Henoko; Oura Bay,policy_project,Henoko base construction plan,RU_2EF871483E,unique canonical_case_or_event_id x action_family x venue_group,E4,S004,human_checked,human_reviewed,existing_formal_fact_only,"ordered display, when used, is chronology/composition only and does not establish causal effect","co-signing is one-off event participation, not stable alliance",
HET_AEV0029,AEV_HR015,AEV0029,actor_event_role,EV2015_NACSJ_31,NACSJ / Peace Boat 31-NGO emergency Henoko statement,2015,,,A043,PENGON-FoE Palestine,registry_actor,co_signer_or_participant,joint_statement,共同声明／署名,event_or_process_action,transnational_environmental_statement,V002,public_statement_forum,civic_public_communication,公民公开传播,Henoko; Oura Bay,policy_project,Henoko base construction plan,RU_2EF871483E,unique canonical_case_or_event_id x action_family x venue_group,E4,S004,human_checked,human_reviewed,existing_formal_fact_only,"ordered display, when used, is chronology/composition only and does not establish causal effect","co-signing is one-off event participation, not stable alliance",
HET_AEV0030,AEV_HR015,AEV0030,actor_event_role,EV2015_NACSJ_31,NACSJ / Peace Boat 31-NGO emergency Henoko statement,2015,,,A044,Naturvernforbundet / Norwegian Society for the Conservation of Nature,registry_actor,co_signer_or_participant,joint_statement,共同声明／署名,event_or_process_action,transnational_environmental_statement,V002,public_statement_forum,civic_public_communication,公民公开传播,Henoko; Oura Bay,policy_project,Henoko base construction plan,RU_2EF871483E,unique canonical_case_or_event_id x action_family x venue_group,E4,S004,human_checked,human_reviewed,existing_formal_fact_only,"ordered display, when used, is chronology/composition only and does not establish causal effect","co-signing is one-off event participation, not stable alliance",
HET_AEV0031,AEV_HR015,AEV0031,actor_event_role,EV2015_NACSJ_31,NACSJ / Peace Boat 31-NGO emergency Henoko statement,2015,,,A045,Center for Biological Diversity,registry_actor,co_signer_or_participant,joint_statement,共同声明／署名,event_or_process_action,transnational_environmental_statement,V002,public_statement_forum,civic_public_communication,公民公开传播,Henoko; Oura Bay,policy_project,Henoko base construction plan,RU_2EF871483E,unique canonical_case_or_event_id x action_family x venue_group,E4,S004,human_checked,human_reviewed,existing_formal_fact_only,"ordered display, when used, is chronology/composition only and does not establish causal effect","co-signing is one-off event participation, not stable alliance",
HET_AEV0032,AEV_HR015,AEV0032,actor_event_role,EV2015_NACSJ_31,NACSJ / Peace Boat 31-NGO emergency Henoko statement,2015,,,A046,Pro Natura,registry_actor,co_signer_or_participant,joint_statement,共同声明／署名,event_or_process_action,transnational_environmental_statement,V002,public_statement_forum,civic_public_communication,公民公开传播,Henoko; Oura Bay,policy_project,Henoko base construction plan,RU_2EF871483E,unique canonical_case_or_event_id x action_family x venue_group,E4,S004,human_checked,human_reviewed,existing_formal_fact_only,"ordered display, when used, is chronology/composition only and does not establish causal effect","co-signing is one-off event participation, not stable alliance",
HET_AEV0033,AEV_HR015,AEV0033,actor_event_role,EV2015_NACSJ_31,NACSJ / Peace Boat 31-NGO emergency Henoko statement,2015,,,A061,日本野鳥の会,registry_actor,co_signer_or_participant,joint_statement,共同声明／署名,event_or_process_action,transnational_environmental_statement,V002,public_statement_forum,civic_public_communication,公民公开传播,Henoko; Oura Bay,policy_project,Henoko base construction plan,RU_2EF871483E,unique canonical_case_or_event_id x action_family x venue_group,E4,S004,human_checked,human_reviewed,existing_formal_fact_only,"ordered display, when used, is chronology/composition only and does not establish causal effect","co-signing is one-off event participation, not stable alliance",
HET_AEV0034,AEV_HR015,AEV0034,actor_event_role,EV2020_OEJP_MMC_71,OEJP / MMC civil-society request and report,2020,,,A001,Okinawa Environmental Justice Project,registry_actor,co_signer_or_participant,institutional_request,正式请求／请愿,event_or_process_action,international_institution_request,V004,us_federal_advisory_or_scientific_body,international_institution,国际／美国机构,Henoko; Oura Bay,institution,U.S. Marine Mammal Commission,RU_0565950559,unique canonical_case_or_event_id x action_family x venue_group,E4,S006,human_checked,human_reviewed,existing_formal_fact_only,"ordered display, when used, is chronology/composition only and does not establish causal effect","co-signing is one-off event participation, not stable alliance",
HET_AEV0035,AEV_HR015,AEV0035,actor_event_role,EV2020_OEJP_MMC_71,OEJP / MMC civil-society request and report,2020,,,A020,日本環境法律家連盟（JELF）,registry_actor,co_signer_or_participant,institutional_request,正式请求／请愿,event_or_process_action,international_institution_request,V004,us_federal_advisory_or_scientific_body,international_institution,国际／美国机构,Henoko; Oura Bay,institution,U.S. Marine Mammal Commission,RU_0565950559,unique canonical_case_or_event_id x action_family x venue_group,E4,S006,human_checked,human_reviewed,existing_formal_fact_only,"ordered display, when used, is chronology/composition only and does not establish causal effect","co-signing is one-off event participation, not stable alliance",
HET_AEV0036,AEV_HR015,AEV0036,actor_event_role,EV2020_OEJP_MMC_71,OEJP / MMC civil-society request and report,2020,,,A077,Diving Team Rainbow,unverified_event_participant,co_signer_or_participant,institutional_request,正式请求／请愿,event_or_process_action,international_institution_request,V004,us_federal_advisory_or_scientific_body,international_institution,国际／美国机构,Henoko; Oura Bay,institution,U.S. Marine Mammal Commission,RU_0565950559,unique canonical_case_or_event_id x action_family x venue_group,E2,S006,human_checked,human_reviewed,existing_formal_fact_only,"ordered display, when used, is chronology/composition only and does not establish causal effect","E2 signatory-only evidence: one-off public participation only; do not infer organizational continuity, a stable alliance, or a definite conclusion.",
HET_AEV0037,AEV_HR015,AEV0037,actor_event_role,EV2020_OEJP_MMC_71,OEJP / MMC civil-society request and report,2020,,,A078,Dugong no Sato,unverified_event_participant,co_signer_or_participant,institutional_request,正式请求／请愿,event_or_process_action,international_institution_request,V004,us_federal_advisory_or_scientific_body,international_institution,国际／美国机构,Henoko; Oura Bay,institution,U.S. Marine Mammal Commission,RU_0565950559,unique canonical_case_or_event_id x action_family x venue_group,E2,S006,human_checked,human_reviewed,existing_formal_fact_only,"ordered display, when used, is chronology/composition only and does not establish causal effect","E2 signatory-only evidence: one-off public participation only; do not infer organizational continuity, a stable alliance, or a definite conclusion.",
HET_AEV0038,AEV_HR015,AEV0038,actor_event_role,EV2020_OEJP_MMC_71,OEJP / MMC civil-society request and report,2020,,,A079,Okinawa Reefcheck and Research Group,unverified_event_participant,co_signer_or_participant,institutional_request,正式请求／请愿,event_or_process_action,international_institution_request,V004,us_federal_advisory_or_scientific_body,international_institution,国际／美国机构,Henoko; Oura Bay,institution,U.S. Marine Mammal Commission,RU_0565950559,unique canonical_case_or_event_id x action_family x venue_group,E2,S006,human_checked,human_reviewed,existing_formal_fact_only,"ordered display, when used, is chronology/composition only and does not establish causal effect","E2 signatory-only evidence: one-off public participation only; do not infer organizational continuity, a stable alliance, or a definite conclusion.",
HET_AEV0039,AEV_HR015,AEV0039,actor_event_role,EV2020_OEJP_MMC_71,OEJP / MMC civil-society request and report,2020,,,A080,Okumagawa Basin Protection Foundation,unverified_event_participant,co_signer_or_participant,institutional_request,正式请求／请愿,event_or_process_action,international_institution_request,V004,us_federal_advisory_or_scientific_body,international_institution,国际／美国机构,Henoko; Oura Bay,institution,U.S. Marine Mammal Commission,RU_0565950559,unique canonical_case_or_event_id x action_family x venue_group,E2,S006,human_checked,human_reviewed,existing_formal_fact_only,"ordered display, when used, is chronology/composition only and does not establish causal effect","E2 signatory-only evidence: one-off public participation only; do not infer organizational continuity, a stable alliance, or a definite conclusion.",
HET_AEV0040,AEV_HR015,AEV0040,actor_event_role,EV2020_OEJP_MMC_71,OEJP / MMC civil-society request and report,2020,,,A081,Protect Northernmost Dugong Team Zan,unverified_event_participant,co_signer_or_participant,institutional_request,正式请求／请愿,event_or_process_action,international_institution_request,V004,us_federal_advisory_or_scientific_body,international_institution,国际／美国机构,Henoko; Oura Bay,institution,U.S. Marine Mammal Commission,RU_0565950559,unique canonical_case_or_event_id x action_family x venue_group,E2,S006,human_checked,human_reviewed,existing_formal_fact_only,"ordered display, when used, is chronology/composition only and does not establish causal effect","E2 signatory-only evidence: one-off public participation only; do not infer organizational continuity, a stable alliance, or a definite conclusion.",
HET_AEV0041,AEV_HR015,AEV0041,actor_event_role,EV2020_OEJP_MMC_71,OEJP / MMC civil-society request and report,2020,,,A082,East Asian Community Institute Ryukyu Okinawa Center,unverified_event_participant,co_signer_or_participant,institutional_request,正式请求／请愿,event_or_process_action,international_institution_request,V004,us_federal_advisory_or_scientific_body,international_institution,国际／美国机构,Henoko; Oura Bay,institution,U.S. Marine Mammal Commission,RU_0565950559,unique canonical_case_or_event_id x action_family x venue_group,E2,S006,human_checked,human_reviewed,existing_formal_fact_only,"ordered display, when used, is chronology/composition only and does not establish causal effect","E2 signatory-only evidence: one-off public participation only; do not infer organizational continuity, a stable alliance, or a definite conclusion.",
HET_AEV0042,AEV_HR015,AEV0042,actor_event_role,EV2020_OEJP_MMC_71,OEJP / MMC civil-society request and report,2020,,,A083,Henoko Blue,unverified_event_participant,co_signer_or_participant,institutional_request,正式请求／请愿,event_or_process_action,international_institution_request,V004,us_federal_advisory_or_scientific_body,international_institution,国际／美国机构,Henoko; Oura Bay,institution,U.S. Marine Mammal Commission,RU_0565950559,unique canonical_case_or_event_id x action_family x venue_group,E2,S006,human_checked,human_reviewed,existing_formal_fact_only,"ordered display, when used, is chronology/composition only and does not establish causal effect","E2 signatory-only evidence: one-off public participation only; do not infer organizational continuity, a stable alliance, or a definite conclusion.",
HET_AEV0043,AEV_HR015,AEV0043,actor_event_role,EV2020_OEJP_MMC_71,OEJP / MMC civil-society request and report,2020,,,A084,Nago Democracy,unverified_event_participant,co_signer_or_participant,institutional_request,正式请求／请愿,event_or_process_action,international_institution_request,V004,us_federal_advisory_or_scientific_body,international_institution,国际／美国机构,Henoko; Oura Bay,institution,U.S. Marine Mammal Commission,RU_0565950559,unique canonical_case_or_event_id x action_family x venue_group,E2,S006,human_checked,human_reviewed,existing_formal_fact_only,"ordered display, when used, is chronology/composition only and does not establish causal effect","E2 signatory-only evidence: one-off public participation only; do not infer organizational continuity, a stable alliance, or a definite conclusion.",
HET_AEV0044,AEV_HR015,AEV0044,actor_event_role,EV2020_OEJP_MMC_71,OEJP / MMC civil-society request and report,2020,,,A085,No Heliport Base Association of 10 Districts North of Futamai,unverified_event_participant,co_signer_or_participant,institutional_request,正式请求／请愿,event_or_process_action,international_institution_request,V004,us_federal_advisory_or_scientific_body,international_institution,国际／美国机构,Henoko; Oura Bay,institution,U.S. Marine Mammal Commission,RU_0565950559,unique canonical_case_or_event_id x action_family x venue_group,E2,S006,human_checked,human_reviewed,existing_formal_fact_only,"ordered display, when used, is chronology/composition only and does not establish causal effect","E2 signatory-only evidence: one-off public participation only; do not infer organizational continuity, a stable alliance, or a definite conclusion.",
HET_AEV0045,AEV_HR015,AEV0045,actor_event_role,R8C01,Okinawa Dugong v. Rumsfeld NHPA lawsuit (C 03-4350 MHP),2003,,,A045,Center for Biological Diversity,registry_actor,named_plaintiff,legal_action,司法／诉讼行动,event_or_process_action,transnational_litigation,V005,us_federal_court,legal_judicial,法院／司法,Henoko; Oura Bay; U.S. federal court,defendant_institution,U.S. Department of Defense,RU_4EC12A64CA,unique canonical_case_or_event_id x action_family x venue_group,E4,S060,human_checked,human_reviewed,existing_formal_fact_only,"ordered display, when used, is chronology/composition only and does not establish causal effect","Human-checked case role only; keep named plaintiff, individual, counsel, defendant, and non-party roles distinct.",
HET_AEV0046,AEV_HR015,AEV0046,actor_event_role,R8C01,Okinawa Dugong v. Rumsfeld NHPA lawsuit (C 03-4350 MHP),2003,,,A086,Turtle Island Restoration Network,registry_actor,named_plaintiff,legal_action,司法／诉讼行动,event_or_process_action,transnational_litigation,V005,us_federal_court,legal_judicial,法院／司法,Henoko; Oura Bay; U.S. federal court,defendant_institution,U.S. Department of Defense,RU_4EC12A64CA,unique canonical_case_or_event_id x action_family x venue_group,E4,S060,human_checked,human_reviewed,existing_formal_fact_only,"ordered display, when used, is chronology/composition only and does not establish causal effect","Human-checked case role only; keep named plaintiff, individual, counsel, defendant, and non-party roles distinct.",
HET_AEV0047,AEV_HR015,AEV0047,actor_event_role,R8C01,Okinawa Dugong v. Rumsfeld NHPA lawsuit (C 03-4350 MHP),2003,,,A020,日本環境法律家連盟（JELF）,registry_actor,named_plaintiff,legal_action,司法／诉讼行动,event_or_process_action,transnational_litigation,V005,us_federal_court,legal_judicial,法院／司法,Henoko; Oura Bay; U.S. federal court,defendant_institution,U.S. Department of Defense,RU_4EC12A64CA,unique canonical_case_or_event_id x action_family x venue_group,E4,S061,human_checked,human_reviewed,existing_formal_fact_only,"ordered display, when used, is chronology/composition only and does not establish causal effect","Human-checked case role only; keep named plaintiff, individual, counsel, defendant, and non-party roles distinct.",
HET_AEV0048,AEV_HR015,AEV0048,actor_event_role,R8C01,Okinawa Dugong v. Rumsfeld NHPA lawsuit (C 03-4350 MHP),2003,,,A076,ジュゴン保護基金委員会（Save the Dugong Foundation）,registry_actor,named_plaintiff,legal_action,司法／诉讼行动,event_or_process_action,transnational_litigation,V005,us_federal_court,legal_judicial,法院／司法,Henoko; Oura Bay; U.S. federal court,defendant_institution,U.S. Department of Defense,RU_4EC12A64CA,unique canonical_case_or_event_id x action_family x venue_group,E4,S060,human_checked,human_reviewed,existing_formal_fact_only,"ordered display, when used, is chronology/composition only and does not establish causal effect","Human-checked case role only; keep named plaintiff, individual, counsel, defendant, and non-party roles distinct.",
HET_AEV0049,AEV_HR015,AEV0049,actor_event_role,R8C01,Okinawa Dugong v. Rumsfeld NHPA lawsuit (C 03-4350 MHP),2003,,,A009,Earthjustice,registry_actor,legal_counsel,legal_action,司法／诉讼行动,event_or_process_action,transnational_litigation,V005,us_federal_court,legal_judicial,法院／司法,Henoko; Oura Bay; U.S. federal court,defendant_institution,U.S. Department of Defense,RU_4EC12A64CA,unique canonical_case_or_event_id x action_family x venue_group,E4,S009,human_checked,human_reviewed,existing_formal_fact_only,"ordered display, when used, is chronology/composition only and does not establish causal effect","Human-checked case role only; keep named plaintiff, individual, counsel, defendant, and non-party roles distinct.",
HET_AEV0050,AEV_HR015,AEV0050,actor_event_role,R9C_PREF_2019,2019 Henoko prefectural referendum,2019,,,A051,「辺野古」県民投票の会,registry_actor,referendum_initiator,referendum_process,公投动员／参与,event_or_process_action,prefectural_autonomy_process,V007,prefectural_referendum,electoral_referendum,公投／选举程序,Nago; Okinawa,referendum_question,Henoko reclamation and base-construction question,RU_404FD90F46,unique canonical_case_or_event_id x action_family x venue_group,E4,S025,human_checked,human_reviewed,existing_formal_fact_only,"ordered display, when used, is chronology/composition only and does not establish causal effect",Human-checked referendum-initiator role for this specific process only; do not infer a stable alliance or wider political causation.,
HET_AEV0051,AEV_HR015,AEV0051,actor_event_role,R9C_NAGO_1997,1997 Nago city referendum,1997,,,A068,名護市民投票の会,registry_actor,referendum_initiator,referendum_process,公投动员／参与,event_or_process_action,municipal_autonomy_process,V008,municipal_referendum,electoral_referendum,公投／选举程序,Nago; Okinawa,referendum_question,Nago base-relocation referendum question,RU_04EABE927C,unique canonical_case_or_event_id x action_family x venue_group,E3,S042,human_checked,human_reviewed,existing_formal_fact_only,"ordered display, when used, is chronology/composition only and does not establish causal effect",Human-checked referendum-initiator role for this specific process only; do not infer a stable alliance or wider political causation.,
HET_AEV0052,AEV_HR015,AEV0052,actor_event_role,R9C_ISHIGAKI_2018_2024,Ishigaki referendum drive (2018-2019),2019,,,A011,石垣市住民投票を求める会,registry_actor,referendum_initiator,referendum_process,公投动员／参与,event_or_process_action,municipal_autonomy_process,V008,municipal_referendum,electoral_referendum,公投／选举程序,Ishigaki,municipal_process,Ishigaki referendum ordinance and JSDF-deployment question,RU_5E48D9963E,unique canonical_case_or_event_id x action_family x venue_group,E4,S018,human_checked,human_reviewed,existing_formal_fact_only,"ordered display, when used, is chronology/composition only and does not establish causal effect",Human-checked referendum-initiator role for this specific process only; do not infer a stable alliance or wider political causation.,
HET_AEV0053,AEV_HR015,AEV0053,actor_event_role,R9C_YONAGUNI_2015,2015 Yonaguni SDF-deployment referendum,2015,,,A014,住民投票を成功させるための実行委員会,registry_actor,referendum_committee,referendum_process,公投动员／参与,event_or_process_action,municipal_autonomy_process,V008,municipal_referendum,electoral_referendum,公投／选举程序,Yonaguni,referendum_question,Yonaguni JSDF-deployment question,RU_D4D464E6E6,unique canonical_case_or_event_id x action_family x venue_group,E2,S069,human_checked,human_reviewed,existing_formal_fact_only,"ordered display, when used, is chronology/composition only and does not establish causal effect",E2 event-context evidence only: organization identity and continuity remain unresolved pending local retrieval; do not use as a definite conclusion.,
HET_AEV0054,AEV_HR015,AEV0054,actor_event_role,EV2012_YONAGUNI_OPINION_AD,2012 Yonaguni anti-deployment opinion ad,2012,,,A015,与那国自衛隊配備反対意見広告実行委員会,registry_actor,opinion_ad_committee,opinion_ad,意见广告,event_or_process_action,public_opinion_mobilization,V009,newspaper_or_public_opinion_ad,media_public_opinion,媒体／公共意见,Yonaguni,public_opinion,Public opinion on Yonaguni JSDF deployment,RU_855F54F1E0,unique canonical_case_or_event_id x action_family x venue_group,E2,S015,human_checked,human_reviewed,existing_formal_fact_only,"ordered display, when used, is chronology/composition only and does not establish causal effect",E2 event-context evidence only: organization identity and continuity remain unresolved pending local retrieval; do not use as a definite conclusion.,
HET_AEV0055,AEV_HR015,AEV0055,actor_event_role,R8C01,Okinawa Dugong v. Rumsfeld NHPA lawsuit (C 03-4350 MHP),2003,,,,Anna Shimabukuro,individual,named_plaintiff_individual,legal_action,司法／诉讼行动,event_or_process_action,transnational_litigation,V005,us_federal_court,legal_judicial,法院／司法,Henoko; Oura Bay,defendant_institution,U.S. Department of Defense,RU_4EC12A64CA,unique canonical_case_or_event_id x action_family x venue_group,E4,S060,human_checked,human_reviewed,existing_formal_fact_only,"ordered display, when used, is chronology/composition only and does not establish causal effect","Human-checked case role only; keep named plaintiff, individual, counsel, defendant, and non-party roles distinct.",
HET_AEV0056,AEV_HR015,AEV0056,actor_event_role,R8C01,Okinawa Dugong v. Rumsfeld NHPA lawsuit (C 03-4350 MHP),2003,,,,東恩納琢磨（Takuma Higashionna）,individual,named_plaintiff_individual,legal_action,司法／诉讼行动,event_or_process_action,transnational_litigation,V005,us_federal_court,legal_judicial,法院／司法,Henoko; Oura Bay,defendant_institution,U.S. Department of Defense,RU_4EC12A64CA,unique canonical_case_or_event_id x action_family x venue_group,E4,S060,human_checked,human_reviewed,existing_formal_fact_only,"ordered display, when used, is chronology/composition only and does not establish causal effect","Human-checked case role only; keep named plaintiff, individual, counsel, defendant, and non-party roles distinct.",
HET_AEV0057,AEV_HR015,AEV0057,actor_event_role,R8C01,Okinawa Dugong v. Rumsfeld NHPA lawsuit (C 03-4350 MHP),2003,,,,真喜志好一（Yoshikazu Makishi）,individual,named_plaintiff_individual,legal_action,司法／诉讼行动,event_or_process_action,transnational_litigation,V005,us_federal_court,legal_judicial,法院／司法,Henoko; Oura Bay,defendant_institution,U.S. Department of Defense,RU_4EC12A64CA,unique canonical_case_or_event_id x action_family x venue_group,E4,S060,human_checked,human_reviewed,existing_formal_fact_only,"ordered display, when used, is chronology/composition only and does not establish causal effect","Human-checked case role only; keep named plaintiff, individual, counsel, defendant, and non-party roles distinct.",
HET_AEV0058,AEV_HR015,AEV0058,actor_event_role,R8C01,Okinawa Dugong v. Rumsfeld NHPA lawsuit (C 03-4350 MHP),2003,,,DoD_US,U.S. Department of Defense,institution,defendant,legal_action,司法／诉讼行动,event_or_process_action,transnational_litigation,V005,us_federal_court,legal_judicial,法院／司法,Henoko; Oura Bay,defendant_institution,U.S. Department of Defense,RU_4EC12A64CA,unique canonical_case_or_event_id x action_family x venue_group,E4,S093,human_checked,human_reviewed,existing_formal_fact_only,"ordered display, when used, is chronology/composition only and does not establish causal effect","Human-checked case role only; keep named plaintiff, individual, counsel, defendant, and non-party roles distinct.",
HET_AEV0059,AEV_HR015,AEV0059,actor_event_role,R8C01,Okinawa Dugong v. Rumsfeld NHPA lawsuit (C 03-4350 MHP),2003,,,A002,ジュゴン保護キャンペーンセンター（SDCC）,registry_actor,not_plaintiff_advocacy,legal_action,司法／诉讼行动,event_or_process_action,transnational_litigation,V005,us_federal_court,legal_judicial,法院／司法,Henoko; Oura Bay; U.S. federal court,defendant_institution,U.S. Department of Defense,RU_4EC12A64CA,unique canonical_case_or_event_id x action_family x venue_group,E3,S060,human_checked,human_reviewed,existing_formal_fact_only,"ordered display, when used, is chronology/composition only and does not establish causal effect",Human-checked non-party organization role: person-level participation must not be transferred to an organization; not an alliance finding.,
HET_AEV0060,AEV_HR015,AEV0060,actor_event_role,R8C01,Okinawa Dugong v. Rumsfeld NHPA lawsuit (C 03-4350 MHP),2003,,,A019,ヘリ基地反対協議会,registry_actor,not_plaintiff_onsite_movement,legal_action,司法／诉讼行动,event_or_process_action,transnational_litigation,V005,us_federal_court,legal_judicial,法院／司法,Henoko; Oura Bay; U.S. federal court,defendant_institution,U.S. Department of Defense,RU_4EC12A64CA,unique canonical_case_or_event_id x action_family x venue_group,E3,S060,human_checked,human_reviewed,existing_formal_fact_only,"ordered display, when used, is chronology/composition only and does not establish causal effect",Human-checked non-party organization role: person-level participation must not be transferred to an organization; not an alliance finding.,
HET_AEV0065,AEV_HR015,AEV0065,actor_event_role,EV2024_WOMEN_ANTI_VIOLENCE_RALLY,2024 prefectural rally against U.S. military sexual violence,2024,,,A111,沖縄県女性団体連絡協議会,registry_actor,organizer_or_convener,public_rally,公共集会／动员,event_or_process_action,women_human_rights_public_mobilization,V015,public_policy_meeting_or_forum,civic_policy_forum,公共政策论坛,Okinawa,government_accountability,Japan and U.S. governments / prevention and accountability policy,RU_5983C04B25,unique canonical_case_or_event_id x action_family x venue_group,E4,S200,human_checked,human_reviewed,existing_formal_fact_only,"ordered display, when used, is chronology/composition only and does not establish causal effect",Event-level organizing only; co-participation does not establish stable alliance ties.,
HET_AEV0066,AEV_HR015,AEV0066,actor_event_role,EV2023_PREFECTURAL_PEACE_RALLY,2023 Okinawa prefectural peace mass rally,2023,,,A108,沖縄を再び戦場にさせない県民の会,registry_actor,organizer_or_convener,public_rally,公共集会／动员,event_or_process_action,prefectural_anti_war_public_mobilization,V015,public_policy_meeting_or_forum,civic_policy_forum,公共政策论坛,Okinawa,policy_project,Japanese government's Southwest shift and military/base buildup in Okinawa,RU_4AFAC859F2,unique canonical_case_or_event_id x action_family x venue_group,E4,S147,human_checked,human_reviewed,existing_formal_fact_only,"ordered display, when used, is chronology/composition only and does not establish causal effect",Event-level organizing only; attendance or co-participation does not establish membership a stable alliance or policy effect.,
HET_AEV0067,AEV_HR015,AEV0067,actor_event_role,EV2022_KADENA_4TH_NOISE_LAWSUIT,Fourth Kadena Base Noise Injunction Lawsuit filing,2022,,,A109,第4次嘉手納基地爆音差止訴訟弁護団,registry_actor,legal_counsel,legal_action,司法／诉讼行动,event_or_process_action,domestic_noise_litigation,V006,japan_or_local_court,legal_judicial,法院／司法,,defendant_institution,Government of Japan,RU_3FE4B12706,unique canonical_case_or_event_id x action_family x venue_group,E3,S152,human_checked,human_reviewed,existing_formal_fact_only,"ordered display, when used, is chronology/composition only and does not establish causal effect",Fourth-round case role only; do not infer a complete lawyer roster representation in earlier rounds funding or a stable alliance.,
HET_R8R001,R8_HR014,R8R001,case_specific_role,R8C01,Okinawa Dugong v. Rumsfeld / Center for Biological Diversity v. Esper,2003-09-25,2020-05-06,,A045,Center for Biological Diversity,registered_actor,plaintiff,legal_action,司法／诉讼行动,event_or_process_action,Named organizational plaintiff/appellant in Ninth Circuit official opinions.,V005,us_federal_court,legal_judicial,法院／司法,Henoko; Oura Bay,institution_or_recipient,U.S. Department of Defense,RU_4EC12A64CA,unique canonical_case_or_event_id x action_family x venue_group,E4,S128;S129,human_checked,human_reviewed,existing_formal_fact_only,"ordered display, when used, is chronology/composition only and does not establish causal effect",Party role is case-specific and does not by itself prove a stable alliance.,
HET_R8R002,R8_HR014,R8R002,case_specific_role,R8C01,Okinawa Dugong v. Rumsfeld / Center for Biological Diversity v. Esper,2003-09-25,2020-05-06,,A086,Turtle Island Restoration Network,registered_actor,plaintiff,legal_action,司法／诉讼行动,event_or_process_action,Named organizational plaintiff/appellant in Ninth Circuit official opinion.,V005,us_federal_court,legal_judicial,法院／司法,Henoko; Oura Bay,institution_or_recipient,U.S. Department of Defense,RU_4EC12A64CA,unique canonical_case_or_event_id x action_family x venue_group,E4,S128,human_checked,human_reviewed,existing_formal_fact_only,"ordered display, when used, is chronology/composition only and does not establish causal effect",Party role is case-specific.,
HET_R8R003,R8_HR014,R8R003,case_specific_role,R8C01,Okinawa Dugong v. Rumsfeld / Center for Biological Diversity v. Esper,2003-09-25,2020-05-06,,A020,日本環境法律家連盟（JELF）,registered_actor,plaintiff,legal_action,司法／诉讼行动,event_or_process_action,Named organizational plaintiff/appellant; JELF is a plaintiff here rather than counsel.,V005,us_federal_court,legal_judicial,法院／司法,Henoko; Oura Bay,institution_or_recipient,U.S. Department of Defense,RU_4EC12A64CA,unique canonical_case_or_event_id x action_family x venue_group,E4,S128;S062,human_checked,human_reviewed,existing_formal_fact_only,"ordered display, when used, is chronology/composition only and does not establish causal effect","HR-014: A020 is a named plaintiff in this Dugong case, not counsel. This case-specific plaintiff role does not transfer to Awase or other litigation.",
HET_R8R004,R8_HR014,R8R004,case_specific_role,R8C01,Okinawa Dugong v. Rumsfeld / Center for Biological Diversity v. Esper,2003-09-25,2020-05-06,,A076,ジュゴン保護基金委員会（Save the Dugong Foundation）,registered_actor,plaintiff,legal_action,司法／诉讼行动,event_or_process_action,Named organizational plaintiff/appellant in the official appellate opinion and litigation material.,V005,us_federal_court,legal_judicial,法院／司法,Henoko; Oura Bay,institution_or_recipient,U.S. Department of Defense,RU_4EC12A64CA,unique canonical_case_or_event_id x action_family x venue_group,E4,S128;S062,human_checked,human_reviewed,existing_formal_fact_only,"ordered display, when used, is chronology/composition only and does not establish causal effect",Distinct from A002 SDCC.,
HET_R8R005,R8_HR014,R8R005,case_specific_role,R8C01,Okinawa Dugong v. Rumsfeld / Center for Biological Diversity v. Esper,2003-09-25,2020-05-06,,A009,Earthjustice,registered_actor,counsel,legal_action,司法／诉讼行动,event_or_process_action,Earthjustice formal case page identifies the organization as counsel representing plaintiffs.,V005,us_federal_court,legal_judicial,法院／司法,Henoko; Oura Bay,institution_or_recipient,U.S. Department of Defense,RU_4EC12A64CA,unique canonical_case_or_event_id x action_family x venue_group,E4,S062,human_checked,human_reviewed,existing_formal_fact_only,"ordered display, when used, is chronology/composition only and does not establish causal effect",HR-014: Earthjustice is counsel in this case and is not a named plaintiff.,
HET_R8R006,R8_HR014,R8R006,case_specific_role,R8C01,Okinawa Dugong v. Rumsfeld / Center for Biological Diversity v. Esper,2003-09-25,2020-05-06,,A002,ジュゴン保護キャンペーンセンター（SDCC）,registered_actor,non_party,legal_action,司法／诉讼行动,event_or_process_action,Not included in the official appellate opinion's list of organizational plaintiffs; retained as an advocacy actor outside the party list.,V005,us_federal_court,legal_judicial,法院／司法,Henoko; Oura Bay,institution_or_recipient,U.S. Department of Defense,RU_4EC12A64CA,unique canonical_case_or_event_id x action_family x venue_group,E4,S128;S062,human_checked,human_reviewed,existing_formal_fact_only,"ordered display, when used, is chronology/composition only and does not establish causal effect",HR-014: A002 remains a non-party here. The negative role prevents a false plaintiff label and does not deny advocacy outside the case.,
HET_R8R007,R8_HR014,R8R007,case_specific_role,R8C01,Okinawa Dugong v. Rumsfeld / Center for Biological Diversity v. Esper,2003-09-25,2020-05-06,,A019,ヘリ基地反対協議会,registered_actor,non_party,legal_action,司法／诉讼行动,event_or_process_action,The organization is not listed as a plaintiff; an associated individual may have a personal party role but that cannot be transferred to the organization.,V005,us_federal_court,legal_judicial,法院／司法,Henoko; Oura Bay,institution_or_recipient,U.S. Department of Defense,RU_4EC12A64CA,unique canonical_case_or_event_id x action_family x venue_group,E3,S093;S128,human_checked,human_reviewed,existing_formal_fact_only,"ordered display, when used, is chronology/composition only and does not establish causal effect",HR-014: A019 remains a non-party. An associated individual's personal role must not be transferred to the organization.,
HET_R8R008,R8_HR014,R8R008,case_specific_role,R8C02,Futenma Replacement Facility Henoko environmental impact assessment procedure,2004-06-10,2013-02-12,,A004,日本自然保護協会（NACSJ）,registered_actor,commenter,administrative_comment,环评／行政意见,event_or_process_action,NACSJ issued dated formal comments on the 2004 method statement and the 2013 corrected EIA citing coral-reef biodiversity dugong survey and prediction deficiencies.,V012,environmental_assessment_or_policy_procedure,legal_administrative_procedure,法律／行政程序,Henoko; Oura Bay,institution_or_recipient,Okinawa Defense Bureau; national and prefectural officials,RU_AD98C6D95A,unique canonical_case_or_event_id x action_family x venue_group,E4,S131;S132,human_checked,human_reviewed,existing_formal_fact_only,"ordered display, when used, is chronology/composition only and does not establish causal effect",Formal comments prove procedural use not acceptance by the proponent.,
HET_R8R009,R8_HR014,R8R009,case_specific_role,R8C02,Futenma Replacement Facility Henoko environmental impact assessment procedure,2004-06-10,2013-02-12,,P8E001,Okinawa Defense Bureau,public_institution,procedure_proponent,administrative_comment,环评／行政意见,event_or_process_action,Official Defense Bureau site publishes the corrected EIA and related volumes under the national act and prefectural ordinance.,V012,environmental_assessment_or_policy_procedure,legal_administrative_procedure,法律／行政程序,Henoko; Oura Bay,institution_or_recipient,Public; Okinawa Prefecture,RU_AD98C6D95A,unique canonical_case_or_event_id x action_family x venue_group,E4,S130,human_checked,human_reviewed,existing_formal_fact_only,"ordered display, when used, is chronology/composition only and does not establish causal effect",Government proponent is a procedural node not a civic actor.,
HET_R8R010,R8_HR014,R8R010,case_specific_role,R8C02,Futenma Replacement Facility Henoko environmental impact assessment procedure,2004-06-10,2013-02-12,,P8E002,Governor of Okinawa,public_institution,comment_recipient_and_review_authority,administrative_comment,环评／行政意见,event_or_process_action,The formal NACSJ submission addressed the governor and the corrected EIA records the prefectural review context.,V012,environmental_assessment_or_policy_procedure,legal_administrative_procedure,法律／行政程序,Henoko; Oura Bay,institution_or_recipient,Okinawa Defense Bureau,RU_AD98C6D95A,unique canonical_case_or_event_id x action_family x venue_group,E4,S130;S131,human_checked,human_reviewed,existing_formal_fact_only,"ordered display, when used, is chronology/composition only and does not establish causal effect",Receipt/review role is not evidence that the governor adopted the NGO's conclusions.,
HET_R8R011,R8_HR014,R8R011,case_specific_role,R8C03,Third Kadena Air Base noise injunction litigation,2011-04,2019-09-11,,P8E003,Kadena-area resident plaintiffs,procedural_collective,plaintiff,legal_action,司法／诉讼行动,event_or_process_action,Official court judgment describes residents/former residents and heirs as plaintiffs seeking injunction and damages.,V006,japan_or_local_court,legal_judicial,法院／司法,Kadena; Chatan; Okinawa City,institution_or_recipient,Government of Japan,RU_F1505A5635,unique canonical_case_or_event_id x action_family x venue_group,E4,S133,human_checked,human_reviewed,existing_formal_fact_only,"ordered display, when used, is chronology/composition only and does not establish causal effect",Individual plaintiffs are represented as a collective procedural role; no person registry is created.,
HET_R8R012,R8_HR014,R8R012,case_specific_role,R8C03,Third Kadena Air Base noise injunction litigation,2011-04,2019-09-11,,A052,嘉手納爆音訴訟原告団,registered_actor,plaintiff_group,legal_action,司法／诉讼行动,event_or_process_action,National Diet Library catalog identifies the Third Kadena Base Noise Injunction Litigation plaintiffs' group as author and the counsel group as publisher of the 2011-2022 litigation record.,V006,japan_or_local_court,legal_judicial,法院／司法,Kadena; Chatan; Okinawa City,institution_or_recipient,Government of Japan,RU_F1505A5635,unique canonical_case_or_event_id x action_family x venue_group,E3,S134,human_checked,human_reviewed,existing_formal_fact_only,"ordered display, when used, is chronology/composition only and does not establish causal effect",HR-014: A052 is accepted as the case-specific plaintiff-group crosswalk. Do not infer that every named resident was a formal member or that participant identity is constant across rounds.,
HET_R8R013,R8_HR014,R8R013,case_specific_role,R8C03,Third Kadena Air Base noise injunction litigation,2011-04,2019-09-11,,P8E004,Third Kadena litigation counsel group,procedural_collective,counsel,legal_action,司法／诉讼行动,event_or_process_action,National Diet Library catalog identifies the counsel group as publisher of the formal litigation record.,V006,japan_or_local_court,legal_judicial,法院／司法,Kadena; Chatan; Okinawa City,institution_or_recipient,Government of Japan,RU_F1505A5635,unique canonical_case_or_event_id x action_family x venue_group,E3,S134,human_checked,human_reviewed,existing_formal_fact_only,"ordered display, when used, is chronology/composition only and does not establish causal effect",HR-014: counsel role accepted as a Third Kadena procedural collective. No actor-registry entry or complete individual-lawyer roster is created.,
HET_R8R014,R8_HR014,R8R014,case_specific_role,R8C03,Third Kadena Air Base noise injunction litigation,2011-04,2019-09-11,,P8E005,Government of Japan,public_institution,defendant,legal_action,司法／诉讼行动,event_or_process_action,Named defendant responsible for provision of the U.S. facility under treaty arrangements in the official judgment.,V006,japan_or_local_court,legal_judicial,法院／司法,Kadena; Chatan; Okinawa City,institution_or_recipient,Kadena resident plaintiffs,RU_F1505A5635,unique canonical_case_or_event_id x action_family x venue_group,E4,S133,human_checked,human_reviewed,existing_formal_fact_only,"ordered display, when used, is chronology/composition only and does not establish causal effect",Does not imply operational control over every aircraft movement for injunction purposes.,
HET_R8R015,R8_HR014,R8R015,case_specific_role,R8C04,Futenma Airfield neighborhood noise damages litigation (2018/2020 joined actions),2018,2022-03-10,,P8E006,Futenma-area resident plaintiffs,procedural_collective,plaintiff,legal_action,司法／诉讼行动,event_or_process_action,Official 2022 judgment identifies residents/former residents and heirs in two joined damages actions.,V006,japan_or_local_court,legal_judicial,法院／司法,Futenma; Ginowan,institution_or_recipient,Government of Japan,RU_736E060EF6,unique canonical_case_or_event_id x action_family x venue_group,E4,S135,human_checked,human_reviewed,existing_formal_fact_only,"ordered display, when used, is chronology/composition only and does not establish causal effect",Individual plaintiffs are not separately entered into the actor registry.,
HET_R8R016,R8_HR014,R8R016,case_specific_role,R8C04,Futenma Airfield neighborhood noise damages litigation (2018/2020 joined actions),2018,2022-03-10,,A053,普天間爆音訴訟団,registered_actor,plaintiff_group,legal_action,司法／诉讼行动,event_or_process_action,Counsel's office formally identifies A053 as the plaintiff group and names the third Futenma case filed on 2020-12-25.,V006,japan_or_local_court,legal_judicial,法院／司法,Futenma; Ginowan,institution_or_recipient,Government of Japan,RU_736E060EF6,unique canonical_case_or_event_id x action_family x venue_group,E3,S136,human_checked,human_reviewed,existing_formal_fact_only,"ordered display, when used, is chronology/composition only and does not establish causal effect",HR-014: A053 is accepted as the case-specific Futenma plaintiff-group crosswalk. The joined actions and other rounds do not imply identical individual membership.,
HET_R8R017,R8_HR014,R8R017,case_specific_role,R8C04,Futenma Airfield neighborhood noise damages litigation (2018/2020 joined actions),2018,2022-03-10,,P8E007,沖縄合同法律事務所,external_organization,counsel_secretariat,legal_action,司法／诉讼行动,event_or_process_action,The law office states that it serves as secretariat for the Futenma litigation counsel team.,V006,japan_or_local_court,legal_judicial,法院／司法,Futenma; Ginowan,institution_or_recipient,Government of Japan,RU_736E060EF6,unique canonical_case_or_event_id x action_family x venue_group,E4,S136,human_checked,human_reviewed,existing_formal_fact_only,"ordered display, when used, is chronology/composition only and does not establish causal effect",HR-014: the office's counsel-secretariat role is accepted; it does not make the office the sole counsel or a plaintiff.,
HET_R8R018,R8_HR014,R8R018,case_specific_role,R8C04,Futenma Airfield neighborhood noise damages litigation (2018/2020 joined actions),2018,2022-03-10,,P8E005,Government of Japan,public_institution,defendant,legal_action,司法／诉讼行动,event_or_process_action,Official judgment names Japan as defendant under the Special Civil Act claim.,V006,japan_or_local_court,legal_judicial,法院／司法,Futenma; Ginowan,institution_or_recipient,Futenma resident plaintiffs,RU_736E060EF6,unique canonical_case_or_event_id x action_family x venue_group,E4,S135,human_checked,human_reviewed,existing_formal_fact_only,"ordered display, when used, is chronology/composition only and does not establish causal effect",Case outcome concerns damages and does not establish an operational injunction.,
HET_R8R019,R8_HR014,R8R019,case_specific_role,R8C05,Ishigaki GSDF-deployment referendum implementation litigation,2019-09,2020-08-27,,P8E008,Ishigaki resident representatives and signatories,procedural_collective,plaintiff,legal_action,司法／诉讼行动,event_or_process_action,Official judgment states that 27 request representatives and three signatories brought the mandatory-order claims; plaintiffs are anonymized.,V006,japan_or_local_court,legal_judicial,法院／司法,Ishigaki; Hirae-Omata,institution_or_recipient,Ishigaki City,RU_43036061BE,unique canonical_case_or_event_id x action_family x venue_group,E4,S137,human_checked,human_reviewed,existing_formal_fact_only,"ordered display, when used, is chronology/composition only and does not establish causal effect",Do not infer organizational plaintiff status from individual participation.,
HET_R8R020,R8_HR014,R8R020,case_specific_role,R8C05,Ishigaki GSDF-deployment referendum implementation litigation,2019-09,2020-08-27,,A011,石垣市住民投票を求める会,registered_actor,requester,legal_action,司法／诉讼行动,event_or_process_action,Official city records confirm the referendum ordinance request and council action; the movement's formal materials connect the campaign to later litigation arguments.,V006,japan_or_local_court,legal_judicial,法院／司法,Ishigaki; Hirae-Omata,institution_or_recipient,Mayor of Ishigaki; Ishigaki City Council,RU_43036061BE,unique canonical_case_or_event_id x action_family x venue_group,E3,S138;S139,human_checked,human_reviewed,existing_formal_fact_only,"ordered display, when used, is chronology/composition only and does not establish causal effect",HR-014: A011 is accepted as requester/campaign body and is explicitly not a named organizational plaintiff without a pleading.,
HET_R8R021,R8_HR014,R8R021,case_specific_role,R8C05,Ishigaki GSDF-deployment referendum implementation litigation,2019-09,2020-08-27,,P8E009,大井琢,person,counsel,legal_action,司法／诉讼行动,event_or_process_action,Formal counsel opinion identifies Oi as plaintiffs' attorney in the related status-confirmation litigation and describes the legal claims.,V006,japan_or_local_court,legal_judicial,法院／司法,Ishigaki; Hirae-Omata,institution_or_recipient,Ishigaki City,RU_43036061BE,unique canonical_case_or_event_id x action_family x venue_group,E4,S139,human_checked,human_reviewed,existing_formal_fact_only,"ordered display, when used, is chronology/composition only and does not establish causal effect",HR-014: counsel role is limited to the related later status-confirmation phase and is not automatically transferred to every claim in the 2020 mandatory-order judgment.,
HET_R8R022,R8_HR014,R8R022,case_specific_role,R8C05,Ishigaki GSDF-deployment referendum implementation litigation,2019-09,2020-08-27,,P8E010,Ishigaki City and Mayor,public_institution_set,defendant_and_target,legal_action,司法／诉讼行动,event_or_process_action,Official judgment identifies Ishigaki City as defendant and the mayor's alleged inaction/implementation duty as target.,V006,japan_or_local_court,legal_judicial,法院／司法,Ishigaki; Hirae-Omata,institution_or_recipient,Ishigaki residents,RU_43036061BE,unique canonical_case_or_event_id x action_family x venue_group,E4,S137,human_checked,human_reviewed,existing_formal_fact_only,"ordered display, when used, is chronology/composition only and does not establish causal effect",Council rejection and mayoral implementation duty are distinct institutional steps.,
HET_R8R023,R8_HR014,R8R023,case_specific_role,R8C06,Awase tidal-flat landfill public-funds resident litigation (first and second waves),2005-05-20,2017-10-18,,P8E011,Awase resident plaintiffs,procedural_collective,plaintiff,legal_action,司法／诉讼行动,event_or_process_action,Official judgments and JELF-hosted formal statement identify resident plaintiffs challenging public expenditure.,V006,japan_or_local_court,legal_judicial,法院／司法,Awase tidal flat; Okinawa City,institution_or_recipient,Governor of Okinawa; Mayor of Okinawa City,RU_6C6D2501A9,unique canonical_case_or_event_id x action_family x venue_group,E4,S140;S142,human_checked,human_reviewed,existing_formal_fact_only,"ordered display, when used, is chronology/composition only and does not establish causal effect",First- and second-wave plaintiff populations require separate person-level records if later needed.,
HET_R8R024,R8_HR014,R8R024,case_specific_role,R8C06,Awase tidal-flat landfill public-funds resident litigation (first and second waves),2005-05-20,2017-10-18,,P8E012,Awase litigation counsel group,procedural_collective,counsel,legal_action,司法／诉讼行动,event_or_process_action,Formal 2017 statement is signed by the second Awase plaintiffs and counsel groups.,V006,japan_or_local_court,legal_judicial,法院／司法,Awase tidal flat; Okinawa City,institution_or_recipient,Governor of Okinawa; Mayor of Okinawa City,RU_6C6D2501A9,unique canonical_case_or_event_id x action_family x venue_group,E4,S142,human_checked,human_reviewed,existing_formal_fact_only,"ordered display, when used, is chronology/composition only and does not establish causal effect",The statement does not provide a full attorney roster.,
HET_R8R025,R8_HR014,R8R025,case_specific_role,R8C06,Awase tidal-flat landfill public-funds resident litigation (first and second waves),2005-05-20,2017-10-18,,A055,泡瀬干潟を守る連絡会,registered_actor,supporter,legal_action,司法／诉讼行动,event_or_process_action,Formal JELF page identifies the group's co-representative at the plaintiffs/counsel press conference; it does not name A055 as an organizational plaintiff.,V006,japan_or_local_court,legal_judicial,法院／司法,Awase tidal flat; Okinawa City,institution_or_recipient,Awase resident litigation,RU_6C6D2501A9,unique canonical_case_or_event_id x action_family x venue_group,E3,S142,human_checked,human_reviewed,existing_formal_fact_only,"ordered display, when used, is chronology/composition only and does not establish causal effect","HR-014: A055 is a case-specific supporter, not an organizational plaintiff or counsel.",
HET_R8R026,R8_HR014,R8R026,case_specific_role,R8C06,Awase tidal-flat landfill public-funds resident litigation (first and second waves),2005-05-20,2017-10-18,,A020,日本環境法律家連盟（JELF）,registered_actor,supporter,legal_action,司法／诉讼行动,event_or_process_action,JELF published the formal plaintiffs/counsel statement and documents the case; the page does not establish JELF as named counsel or plaintiff.,V006,japan_or_local_court,legal_judicial,法院／司法,Awase tidal flat; Okinawa City,institution_or_recipient,Awase resident litigation,RU_6C6D2501A9,unique canonical_case_or_event_id x action_family x venue_group,E3,S142,human_checked,human_reviewed,existing_formal_fact_only,"ordered display, when used, is chronology/composition only and does not establish causal effect","HR-014: A020 is a supporter/formal-material host in Awase, not plaintiff or counsel. Its Dugong-case plaintiff role must not be generalized across cases.",
HET_R8R027,R8_HR014,R8R027,case_specific_role,R8C06,Awase tidal-flat landfill public-funds resident litigation (first and second waves),2005-05-20,2017-10-18,,P8E013,Governor of Okinawa; Mayor of Okinawa City,public_institution_set,defendant_officials_and_targets,legal_action,司法／诉讼行动,event_or_process_action,Official court record identifies the challenged prefectural and municipal public-expenditure decisions.,V006,japan_or_local_court,legal_judicial,法院／司法,Awase tidal flat; Okinawa City,institution_or_recipient,Awase resident plaintiffs,RU_6C6D2501A9,unique canonical_case_or_event_id x action_family x venue_group,E4,S140;S143,human_checked,human_reviewed,existing_formal_fact_only,"ordered display, when used, is chronology/composition only and does not establish causal effect",Institutional defendants are not civic actors.,
HET_R9ST001,R9_FORMAL_STAGE,R9ST001,institutional_process_stage,R9C_NAGO_1997,1997 Nago heliport referendum,1997-06-27,,1,,Nago City,institutional_forum_or_process,process_stage:initiation,signature_direct_request,签名／直接请求,event_or_process_action,名護市民投票推進協議会向名护市启动条例制定直接请求准备,V008,municipal_referendum,electoral_referendum,公投／选举程序,Nago,decision_body_or_forum,Nago City,RU_9B777FF547,unique canonical_case_or_event_id x action_family x venue_group,E4,R9S001,ai_seeded,formal_accepted,existing_formal_fact_only,"ordered display, when used, is chronology/composition only and does not establish causal effect",官方事件名称与 A068 当前规范名的映射仍待人工决定；不得据此推定后续组织连续性。,accepted
HET_R9ST002,R9_FORMAL_STAGE,R9ST002,institutional_process_stage,R9C_NAGO_1997,1997 Nago heliport referendum,1997-07-08,1997-09-16,2,,Nago Election Administration Commission / Mayor,institutional_forum_or_process,process_stage:signature_request,signature_direct_request,签名／直接请求,event_or_process_action,取得代表者证明、进行一个月签名、提交并由选管审查后提出条例制定直接请求,V008,municipal_referendum,electoral_referendum,公投／选举程序,Nago,decision_body_or_forum,Nago Election Administration Commission / Mayor,RU_9B777FF547,unique canonical_case_or_event_id x action_family x venue_group,E4,R9S001,ai_seeded,formal_accepted,existing_formal_fact_only,"ordered display, when used, is chronology/composition only and does not establish causal effect",签名数量表示程序参与，不等于组织成员数。,accepted
HET_R9ST003,R9_FORMAL_STAGE,R9ST003,institutional_process_stage,R9C_NAGO_1997,1997 Nago heliport referendum,1997-09-25,1997-10-06,3,,Nago City Council / Mayor,institutional_forum_or_process,process_stage:council_ordinance,council_or_ordinance_gate,议会／条例门槛,event_or_process_action,市长附意见提交；市议会以17对11通过四选项修正案；条例公布,V008,municipal_referendum,electoral_referendum,公投／选举程序,Nago,decision_body_or_forum,Nago City Council / Mayor,RU_ADEE13FC6A,unique canonical_case_or_event_id x action_family x venue_group,E4,R9S001,ai_seeded,formal_accepted,existing_formal_fact_only,"ordered display, when used, is chronology/composition only and does not establish causal effect",修正后的问题设计不能与市民团体原案混同。,accepted
HET_R9ST004,R9_FORMAL_STAGE,R9ST004,institutional_process_stage,R9C_NAGO_1997,1997 Nago heliport referendum,1997-12-21,1997-12-21,4,,Nago Election Administration Commission,institutional_forum_or_process,process_stage:vote,referendum_vote_result,投票／结果程序,event_or_process_action,实施名护市海上直升机场基地建设是非市民投票,V008,municipal_referendum,electoral_referendum,公投／选举程序,Nago,decision_body_or_forum,Nago Election Administration Commission,RU_D49DAAF555,unique canonical_case_or_event_id x action_family x venue_group,E4,R9S003;R9S022,ai_seeded,formal_accepted,existing_formal_fact_only,"ordered display, when used, is chronology/composition only and does not establish causal effect",咨询型投票不能写成法律上阻止国家项目。,accepted
HET_R9ST005,R9_FORMAL_STAGE,R9ST005,institutional_process_stage,R9C_NAGO_1997,1997 Nago heliport referendum,1997-12-21,1997-12-21,5,,Nago Election Administration Commission,institutional_forum_or_process,process_stage:result,referendum_vote_result,投票／结果程序,event_or_process_action,"官方结果按条件选项合并：反对16,639，赞成14,267",V008,municipal_referendum,electoral_referendum,公投／选举程序,Nago,decision_body_or_forum,Nago Election Administration Commission,RU_D49DAAF555,unique canonical_case_or_event_id x action_family x venue_group,E4,R9S022,ai_seeded,formal_accepted,existing_formal_fact_only,"ordered display, when used, is chronology/composition only and does not establish causal effect",百分比必须注明分母：反对占全体投票者约52.85%，占有效票约53.84%；不使用官方XLS中有90票差异的当日投票小计。,accepted
HET_R9ST006,R9_FORMAL_STAGE,R9ST006,institutional_process_stage,R9C_NAGO_1997,1997 Nago heliport referendum,1997-12-24,1997-12-24,6,,Nago Mayor,institutional_forum_or_process,process_stage:post_result_executive,executive_interpretation,行政解释／后续决定,event_or_process_action,比嘉市长宣布接受海上基地并辞职,V008,municipal_referendum,electoral_referendum,公投／选举程序,Nago,decision_body_or_forum,Nago Mayor,RU_FCD38B68C6,unique canonical_case_or_event_id x action_family x venue_group,E4,R9S002,ai_seeded,formal_accepted,existing_formal_fact_only,"ordered display, when used, is chronology/composition only and does not establish causal effect",显示咨询型结果与行政决定可以分离，不等于投票没有政治意义。,accepted
HET_R9ST008,R9_FORMAL_STAGE,R9ST008,institutional_process_stage,R9C_YONAGUNI_2015,2015 Yonaguni JSDF-deployment referendum,2014-12-01,2014-12-01,2,,Yonaguni Town Council / Mayor,institutional_forum_or_process,process_stage:council_ordinance,council_or_ordinance_gate,议会／条例门槛,event_or_process_action,制定关于自卫队基地建设民意的个别住民投票条例,V008,municipal_referendum,electoral_referendum,公投／选举程序,Yonaguni,decision_body_or_forum,Yonaguni Town Council / Mayor,RU_753228943A,unique canonical_case_or_event_id x action_family x venue_group,E3,R9S005,ai_seeded,formal_accepted,existing_formal_fact_only,"ordered display, when used, is chronology/composition only and does not establish causal effect",现有文本来自大学法规数据库，不是町公报或议会原件。,accepted
HET_R9ST009,R9_FORMAL_STAGE,R9ST009,institutional_process_stage,R9C_YONAGUNI_2015,2015 Yonaguni JSDF-deployment referendum,2015-01-13,2015-01-16,3,,Yonaguni Town Council / Mayor,institutional_forum_or_process,process_stage:ordinance_amendment,council_or_ordinance_gate,议会／条例门槛,event_or_process_action,两次修正条例，调整投票制度细节,V008,municipal_referendum,electoral_referendum,公投／选举程序,Yonaguni,decision_body_or_forum,Yonaguni Town Council / Mayor,RU_753228943A,unique canonical_case_or_event_id x action_family x venue_group,E3,R9S005,ai_seeded,formal_accepted,existing_formal_fact_only,"ordered display, when used, is chronology/composition only and does not establish causal effect",修正内容与表决过程仍需町公报／议会原始记录。,accepted
HET_R9ST011,R9_FORMAL_STAGE,R9ST011,institutional_process_stage,R9C_YONAGUNI_2015,2015 Yonaguni JSDF-deployment referendum,2015-02-22,2015-02-22,5,,Yonaguni Election Administration Commission,institutional_forum_or_process,process_stage:vote,referendum_vote_result,投票／结果程序,event_or_process_action,实施沿岸监视部队等部署是非住民投票,V008,municipal_referendum,electoral_referendum,公投／选举程序,Yonaguni,decision_body_or_forum,Yonaguni Election Administration Commission,RU_099F3AD739,unique canonical_case_or_event_id x action_family x venue_group,E3,R9S005,ai_seeded,formal_accepted,existing_formal_fact_only,"ordered display, when used, is chronology/composition only and does not establish causal effect",条例文本支持町长执行、选管办理；不是由A014或A015单独实施。,accepted
HET_R9ST013,R9_FORMAL_STAGE,R9ST013,institutional_process_stage,R9C_YONAGUNI_2015,2015 Yonaguni JSDF-deployment referendum,2015-03,,7,,Yonaguni Mayor,institutional_forum_or_process,process_stage:post_result_executive,executive_interpretation,行政解释／后续决定,event_or_process_action,町长在施政方针中称结果使部署争议决着，同时承认约四成反对,V008,municipal_referendum,electoral_referendum,公投／选举程序,Yonaguni,decision_body_or_forum,Yonaguni Mayor,RU_B342AC1B7A,unique canonical_case_or_event_id x action_family x venue_group,E4,R9S006,ai_seeded,formal_accepted,existing_formal_fact_only,"ordered display, when used, is chronology/composition only and does not establish causal effect",这是町长的官方解释，不代表全体町民共识。,accepted
HET_R9ST014,R9_FORMAL_STAGE,R9ST014,institutional_process_stage,R9C_PREF_2019,2019 Okinawa Henoko prefectural referendum,2018-04-16,2018-05-22,1,,Civil-society organizing,institutional_forum_or_process,process_stage:initiation,signature_direct_request,签名／直接请求,event_or_process_action,「辺野古」県民投票の会成立并准备条例制定直接请求,V007,prefectural_referendum,electoral_referendum,公投／选举程序,Okinawa Prefecture,decision_body_or_forum,Civil-society organizing,RU_761489D45F,unique canonical_case_or_event_id x action_family x venue_group,E3,R9S021;R9S030;R9S031,ai_seeded,formal_accepted,existing_formal_fact_only,"ordered display, when used, is chronology/composition only and does not establish causal effect",成立日来自后续讲座记录；官方材料确认事件期组织与请求代表角色，但不能证明全部签名者为成员。,accepted
HET_R9ST015,R9_FORMAL_STAGE,R9ST015,institutional_process_stage,R9C_PREF_2019,2019 Okinawa Henoko prefectural referendum,2018-05-23,2018-07-23,2,,Municipal election commissions,institutional_forum_or_process,process_stage:signature_collection,signature_direct_request,签名／直接请求,event_or_process_action,全县签名活动并经市町村选管审查,V007,prefectural_referendum,electoral_referendum,公投／选举程序,Okinawa Prefecture,decision_body_or_forum,Municipal election commissions,RU_761489D45F,unique canonical_case_or_event_id x action_family x venue_group,E4,R9S013,ai_seeded,formal_accepted,existing_formal_fact_only,"ordered display, when used, is chronology/composition only and does not establish causal effect",签名者不是组织成员。,accepted
HET_R9ST016,R9_FORMAL_STAGE,R9ST016,institutional_process_stage,R9C_PREF_2019,2019 Okinawa Henoko prefectural referendum,2018-09-05,2018-09-05,3,,Okinawa Prefecture,institutional_forum_or_process,process_stage:direct_request,signature_direct_request,签名／直接请求,event_or_process_action,33名条例制定请求代表者向冲绳县提出直接请求,V007,prefectural_referendum,electoral_referendum,公投／选举程序,Okinawa Prefecture,decision_body_or_forum,Okinawa Prefecture,RU_761489D45F,unique canonical_case_or_event_id x action_family x venue_group,E4,R9S009;R9S030;R9S031,ai_seeded,formal_accepted,existing_formal_fact_only,"ordered display, when used, is chronology/composition only and does not establish causal effect",33名请求代表者不自动等于A051全部成员。,accepted
HET_R9ST017,R9_FORMAL_STAGE,R9ST017,institutional_process_stage,R9C_PREF_2019,2019 Okinawa Henoko prefectural referendum,2018-09-20,2018-10-31,4,,Okinawa Prefectural Assembly / Governor,institutional_forum_or_process,process_stage:assembly_ordinance,council_or_ordinance_gate,议会／条例门槛,event_or_process_action,县议会审议并制定县民投票条例第62号,V007,prefectural_referendum,electoral_referendum,公投／选举程序,Okinawa Prefecture,decision_body_or_forum,Okinawa Prefectural Assembly / Governor,RU_162FAD6728,unique canonical_case_or_event_id x action_family x venue_group,E4,R9S010,ai_seeded,formal_accepted,existing_formal_fact_only,"ordered display, when used, is chronology/composition only and does not establish causal effect",条例由直接请求启动，但经过议会／知事制度化。,accepted
HET_R9ST018,R9_FORMAL_STAGE,R9ST018,institutional_process_stage,R9C_PREF_2019,2019 Okinawa Henoko prefectural referendum,2019-01-29,2019-01-31,5,,Okinawa Prefectural Assembly / Governor,institutional_forum_or_process,process_stage:ordinance_amendment,council_or_ordinance_gate,议会／条例门槛,event_or_process_action,为全县实施加入‘どちらでもない’第三选项,V007,prefectural_referendum,electoral_referendum,公投／选举程序,Okinawa Prefecture,decision_body_or_forum,Okinawa Prefectural Assembly / Governor,RU_162FAD6728,unique canonical_case_or_event_id x action_family x venue_group,E4,R9S011,ai_seeded,formal_accepted,existing_formal_fact_only,"ordered display, when used, is chronology/composition only and does not establish causal effect",选项变化是制度转换，不是简单技术调整。,accepted
HET_R9ST019,R9_FORMAL_STAGE,R9ST019,institutional_process_stage,R9C_PREF_2019,2019 Okinawa Henoko prefectural referendum,2019-02-24,2019-02-24,6,,Governor / municipal election administration,institutional_forum_or_process,process_stage:vote,referendum_vote_result,投票／结果程序,event_or_process_action,全41市町村实施县民投票,V007,prefectural_referendum,electoral_referendum,公投／选举程序,Okinawa Prefecture,decision_body_or_forum,Governor / municipal election administration,RU_3B4892AF2A,unique canonical_case_or_event_id x action_family x venue_group,E4,R9S012,ai_seeded,formal_accepted,existing_formal_fact_only,"ordered display, when used, is chronology/composition only and does not establish causal effect",投票是咨询／民意表达机制。,accepted
HET_R9ST020,R9_FORMAL_STAGE,R9ST020,institutional_process_stage,R9C_PREF_2019,2019 Okinawa Henoko prefectural referendum,2019-02-24,2019-03-01,7,,Governor / Japan and U.S. executive targets,institutional_forum_or_process,process_stage:result_notification,referendum_vote_result,投票／结果程序,event_or_process_action,"反对434,273（71.7%）、赞成114,933、どちらでもない52,682；知事向日美政府通知",V007,prefectural_referendum,electoral_referendum,公投／选举程序,Okinawa Prefecture,decision_body_or_forum,Governor / Japan and U.S. executive targets,RU_3B4892AF2A,unique canonical_case_or_event_id x action_family x venue_group,E4,R9S012,ai_seeded,formal_accepted,existing_formal_fact_only,"ordered display, when used, is chronology/composition only and does not establish causal effect",结果没有直接停止工程的法律效力。,accepted
HET_R9ST021,R9_FORMAL_STAGE,R9ST021,institutional_process_stage,R9C_ISHIGAKI_2018_2024,Ishigaki JSDF referendum drive and two litigation chains,2018-10,2018-12-20,1,,Ishigaki residents / Election Administration Commission,institutional_forum_or_process,process_stage:signature_collection,signature_direct_request,签名／直接请求,event_or_process_action,居民收集有效签名并请求实施住民投票,V008,municipal_referendum,electoral_referendum,公投／选举程序,Ishigaki,decision_body_or_forum,Ishigaki residents / Election Administration Commission,RU_B4A88E8601,unique canonical_case_or_event_id x action_family x venue_group,E4,R9S015,ai_seeded,formal_accepted,existing_formal_fact_only,"ordered display, when used, is chronology/composition only and does not establish causal effect",法院确认程序事实，但没有把全部行动归给A011或把全部签名者认定为组织成员。,accepted
HET_R9ST022,R9_FORMAL_STAGE,R9ST022,institutional_process_stage,R9C_ISHIGAKI_2018_2024,Ishigaki JSDF referendum drive and two litigation chains,2018-12-20,2018-12-20,2,,Ishigaki Mayor,institutional_forum_or_process,process_stage:direct_request,signature_direct_request,签名／直接请求,event_or_process_action,27名请求代表向石垣市长提出条例制定／实施请求,V008,municipal_referendum,electoral_referendum,公投／选举程序,Ishigaki,decision_body_or_forum,Ishigaki Mayor,RU_B4A88E8601,unique canonical_case_or_event_id x action_family x venue_group,E4,R9S015,ai_seeded,formal_accepted,existing_formal_fact_only,"ordered display, when used, is chronology/composition only and does not establish causal effect",27名请求代表与A011成员的逐一映射未闭合。,accepted
HET_R9ST023,R9_FORMAL_STAGE,R9ST023,institutional_process_stage,R9C_ISHIGAKI_2018_2024,Ishigaki JSDF referendum drive and two litigation chains,2019-02-01,2019-02-01,3,,Ishigaki City Council,institutional_forum_or_process,process_stage:council_rejection,council_or_ordinance_gate,议会／条例门槛,event_or_process_action,石垣市议会否决市长提交的住民投票条例案,V008,municipal_referendum,electoral_referendum,公投／选举程序,Ishigaki,decision_body_or_forum,Ishigaki City Council,RU_F3F7754AB3,unique canonical_case_or_event_id x action_family x venue_group,E4,R9S014;R9S023,ai_seeded,formal_accepted,existing_formal_fact_only,"ordered display, when used, is chronology/composition only and does not establish causal effect",2月1日是议会决定日；2月4日是市政府通知日。,accepted
HET_R9ST024,R9_FORMAL_STAGE,R9ST024,institutional_process_stage,R9C_ISHIGAKI_2018_2024,Ishigaki JSDF referendum drive and two litigation chains,2019-06-17,2019-06-17,4,,Ishigaki City Council,institutional_forum_or_process,process_stage:second_council_rejection,council_or_ordinance_gate,议会／条例门槛,event_or_process_action,市议员提出議案第2号住民投票条例案，市议会再次否决,V008,municipal_referendum,electoral_referendum,公投／选举程序,Ishigaki,decision_body_or_forum,Ishigaki City Council,RU_F3F7754AB3,unique canonical_case_or_event_id x action_family x venue_group,E4,R9S024,ai_seeded,formal_accepted,existing_formal_fact_only,"ordered display, when used, is chronology/composition only and does not establish causal effect",第二案是市议员提案；不得写成运动方直接提交或市长第二次付议。,accepted
HET_R9ST025,R9_FORMAL_STAGE,R9ST025,institutional_process_stage,R9C_ISHIGAKI_2018_2024,Ishigaki JSDF referendum drive and two litigation chains,2019-09,,5,,Naha District Court,institutional_forum_or_process,process_stage:judicial_filing,legal_action,司法／诉讼行动,event_or_process_action,请求代表／签名居民提起实施义务付け等行政诉讼,V006,japan_or_local_court,legal_judicial,法院／司法,Ishigaki,decision_body_or_forum,Naha District Court,RU_9A9D6A44CC,unique canonical_case_or_event_id x action_family x venue_group,E4,R9S015;R9S016,ai_seeded,formal_accepted,existing_formal_fact_only,"ordered display, when used, is chronology/composition only and does not establish causal effect",法院匿名化个人原告；A011不能因此写成组织原告。,accepted
HET_R9ST026,R9_FORMAL_STAGE,R9ST026,institutional_process_stage,R9C_ISHIGAKI_2018_2024,Ishigaki JSDF referendum drive and two litigation chains,2020-08-27,2020-08-27,6,,Naha District Court,institutional_forum_or_process,process_stage:district_court_result,legal_action,司法／诉讼行动,event_or_process_action,那霸地裁审理实施义务付け等请求,V006,japan_or_local_court,legal_judicial,法院／司法,Ishigaki,decision_body_or_forum,Naha District Court,RU_9A9D6A44CC,unique canonical_case_or_event_id x action_family x venue_group,E4,R9S015;R9S016,ai_seeded,formal_accepted,existing_formal_fact_only,"ordered display, when used, is chronology/composition only and does not establish causal effect",‘却下’是程序性／适法性判断，不是对部署政策是非的实体裁判。,accepted
HET_R9ST029,R9_FORMAL_STAGE,R9ST029,institutional_process_stage,R9C_ISHIGAKI_2018_2024,Ishigaki JSDF referendum drive and two litigation chains,2021-06-28,2021-06-28,9,,Ishigaki City Council,institutional_forum_or_process,process_stage:ordinance_framework_change,council_or_ordinance_gate,议会／条例门槛,event_or_process_action,市议会通过议员提出的自治基本条例修正案，删除住民投票第27/28条,V008,municipal_referendum,electoral_referendum,公投／选举程序,Ishigaki,decision_body_or_forum,Ishigaki City Council,RU_F3F7754AB3,unique canonical_case_or_event_id x action_family x venue_group,E4,R9S018;R9S025,ai_seeded,formal_accepted,existing_formal_fact_only,"ordered display, when used, is chronology/composition only and does not establish causal effect",只说明制度机会结构改变；不推断由诉讼直接导致。,accepted
HET_R9R002,R9_FORMAL_ROLE,R9R002,institutional_process_role,R9C_NAGO_1997,1997 Nago heliport referendum,1997-06-27,,1,R9E001,宮城康博,individual,formal_request_representative,signature_direct_request,签名／直接请求,event_or_process_action,1997 direct-request initiation,V008,municipal_referendum,electoral_referendum,公投／选举程序,Nago,process_stage,Request preparation,RU_9B777FF547,unique canonical_case_or_event_id x action_family x venue_group,E4,R9S001,ai_seeded,formal_accepted,existing_formal_fact_only,"ordered display, when used, is chronology/composition only and does not establish causal effect",个人角色不建立person registry，也不自动转嫁给A068以外的组织。,accepted
HET_R9R003,R9_FORMAL_ROLE,R9R003,institutional_process_role,R9C_NAGO_1997,1997 Nago heliport referendum,1997-07-08,1997-09-16,2,R9E002,名護市選挙管理委員会,government_body,signature_verifier_and_vote_administrator,signature_direct_request,签名／直接请求,event_or_process_action,signature and vote stages,V008,municipal_referendum,electoral_referendum,公投／选举程序,Nago,process_stage,"19,734 submitted / 17,539 valid",RU_9B777FF547,unique canonical_case_or_event_id x action_family x venue_group,E4,R9S001;R9S022,ai_seeded,formal_accepted,existing_formal_fact_only,"ordered display, when used, is chronology/composition only and does not establish causal effect",制度执行角色，不是运动 actor。,accepted
HET_R9R004,R9_FORMAL_ROLE,R9R004,institutional_process_role,R9C_NAGO_1997,1997 Nago heliport referendum,1997-09-25,1997-10-06,3,R9E003,名護市議会,council,ordinance_decision_body,council_or_ordinance_gate,议会／条例门槛,event_or_process_action,council ordinance stage,V008,municipal_referendum,electoral_referendum,公投／选举程序,Nago,process_stage,Four-choice ordinance,RU_ADEE13FC6A,unique canonical_case_or_event_id x action_family x venue_group,E4,R9S001,ai_seeded,formal_accepted,existing_formal_fact_only,"ordered display, when used, is chronology/composition only and does not establish causal effect",记录议决，不把议会整体写成公民组织盟友或对手。,accepted
HET_R9R005,R9_FORMAL_ROLE,R9R005,institutional_process_role,R9C_NAGO_1997,1997 Nago heliport referendum,1997-12-24,1997-12-24,6,R9E004,比嘉鉄也,individual,mayor_and_post_result_decision_maker,executive_interpretation,行政解释／后续决定,event_or_process_action,post-result executive stage,V008,municipal_referendum,electoral_referendum,公投／选举程序,Nago,process_stage,Mayor accepts and resigns,RU_FCD38B68C6,unique canonical_case_or_event_id x action_family x venue_group,E4,R9S002,ai_seeded,formal_accepted,existing_formal_fact_only,"ordered display, when used, is chronology/composition only and does not establish causal effect",个人行政决定不转写为任何组织角色。,accepted
HET_R9R009,R9_FORMAL_ROLE,R9R009,institutional_process_role,R9C_YONAGUNI_2015,2015 Yonaguni JSDF-deployment referendum,2014-12-01,2014-12-01,2,R9E006,与那国町議会,council,ordinance_decision_body,council_or_ordinance_gate,议会／条例门槛,event_or_process_action,ordinance and amendments,V008,municipal_referendum,electoral_referendum,公投／选举程序,Yonaguni,process_stage,Ordinance No. 23,RU_753228943A,unique canonical_case_or_event_id x action_family x venue_group,E3,R9S005,ai_seeded,formal_accepted,existing_formal_fact_only,"ordered display, when used, is chronology/composition only and does not establish causal effect",现依据为大学法规数据库，需町议会原始记录。,accepted
HET_R9R010,R9_FORMAL_ROLE,R9R010,institutional_process_role,R9C_YONAGUNI_2015,2015 Yonaguni JSDF-deployment referendum,2015-02-22,2015-02-22,5,R9E007,与那国町選挙管理委員会,government_body,vote_administrator,referendum_vote_result,投票／结果程序,event_or_process_action,vote stage,V008,municipal_referendum,electoral_referendum,公投／选举程序,Yonaguni,process_stage,Referendum held,RU_099F3AD739,unique canonical_case_or_event_id x action_family x venue_group,E3,R9S005,ai_seeded,formal_accepted,existing_formal_fact_only,"ordered display, when used, is chronology/composition only and does not establish causal effect",制度角色来自条例文本；投票结果表仍待当地调取。,accepted
HET_R9R011,R9_FORMAL_ROLE,R9R011,institutional_process_role,R9C_YONAGUNI_2015,2015 Yonaguni JSDF-deployment referendum,2015-03,,7,R9E008,外間守吉,individual,mayor_and_post_result_interpreter,executive_interpretation,行政解释／后续决定,event_or_process_action,post-result stage,V008,municipal_referendum,electoral_referendum,公投／选举程序,Yonaguni,process_stage,Mayor interprets result,RU_B342AC1B7A,unique canonical_case_or_event_id x action_family x venue_group,E4,R9S006,ai_seeded,formal_accepted,existing_formal_fact_only,"ordered display, when used, is chronology/composition only and does not establish causal effect",町长解释不是全体町民共识。,accepted
HET_R9R012,R9_FORMAL_ROLE,R9R012,institutional_process_role,R9C_PREF_2019,2019 Okinawa Henoko prefectural referendum,2018-04-16,2018-05-22,1,A051,「辺野古」県民投票の会,registry_actor,initiative_signature_and_direct_request_organizer,signature_direct_request,签名／直接请求,event_or_process_action,initiative through direct request,V007,prefectural_referendum,electoral_referendum,公投／选举程序,Okinawa Prefecture,process_stage,A051 organizes initiative,RU_761489D45F,unique canonical_case_or_event_id x action_family x venue_group,E4,R9S030;R9S031,ai_seeded,formal_accepted,existing_formal_fact_only,"ordered display, when used, is chronology/composition only and does not establish causal effect","33名请求代表和92,848名签名者不自动等于组织成员。",accepted
HET_R9R013,R9_FORMAL_ROLE,R9R013,institutional_process_role,R9C_PREF_2019,2019 Okinawa Henoko prefectural referendum,2018-04-16,2018-05-22,1,R9E009,元山仁士郎,individual,organization_representative_and_direct_request_representative,signature_direct_request,签名／直接请求,event_or_process_action,initiative through direct request,V007,prefectural_referendum,electoral_referendum,公投／选举程序,Okinawa Prefecture,process_stage,A051 organizes initiative,RU_761489D45F,unique canonical_case_or_event_id x action_family x venue_group,E4,R9S030;R9S031,ai_seeded,formal_accepted,existing_formal_fact_only,"ordered display, when used, is chronology/composition only and does not establish causal effect",个人代表角色不替代组织全体成员或持续性证据。,accepted
HET_R9R014,R9_FORMAL_ROLE,R9R014,institutional_process_role,R9C_PREF_2019,2019 Okinawa Henoko prefectural referendum,2018-04-16,2018-05-22,1,R9E010,安里長従,individual,organization_deputy_representative_and_direct_request_representative,signature_direct_request,签名／直接请求,event_or_process_action,initiative through direct request,V007,prefectural_referendum,electoral_referendum,公投／选举程序,Okinawa Prefecture,process_stage,A051 organizes initiative,RU_761489D45F,unique canonical_case_or_event_id x action_family x venue_group,E4,R9S030;R9S031,ai_seeded,formal_accepted,existing_formal_fact_only,"ordered display, when used, is chronology/composition only and does not establish causal effect",只限官方记录的事件期角色。,accepted
HET_R9R015,R9_FORMAL_ROLE,R9R015,institutional_process_role,R9C_PREF_2019,2019 Okinawa Henoko prefectural referendum,2018-04-16,2018-05-22,1,R9E011,中村昌樹,individual,organization_affiliate_and_direct_request_representative,signature_direct_request,签名／直接请求,event_or_process_action,initiative through direct request,V007,prefectural_referendum,electoral_referendum,公投／选举程序,Okinawa Prefecture,process_stage,A051 organizes initiative,RU_761489D45F,unique canonical_case_or_event_id x action_family x venue_group,E4,R9S030;R9S031,ai_seeded,formal_accepted,existing_formal_fact_only,"ordered display, when used, is chronology/composition only and does not establish causal effect",使用官方记录所载身份，不外推组织职衔。,accepted
HET_R9R016,R9_FORMAL_ROLE,R9R016,institutional_process_role,R9C_PREF_2019,2019 Okinawa Henoko prefectural referendum,2018-09-05,2018-09-05,3,R9E012,33名条例制定請求代表者,resident_collective,formal_request_representatives,signature_direct_request,签名／直接请求,event_or_process_action,direct request,V007,prefectural_referendum,electoral_referendum,公投／选举程序,Okinawa Prefecture,process_stage,Formal direct request,RU_761489D45F,unique canonical_case_or_event_id x action_family x venue_group,E4,R9S031,ai_seeded,formal_accepted,existing_formal_fact_only,"ordered display, when used, is chronology/composition only and does not establish causal effect",请求代表集合不是A051成员名册。,accepted
HET_R9R017,R9_FORMAL_ROLE,R9R017,institutional_process_role,R9C_PREF_2019,2019 Okinawa Henoko prefectural referendum,2018-09-20,2018-10-31,4,R9E013,沖縄県議会,council,ordinance_decision_body,council_or_ordinance_gate,议会／条例门槛,event_or_process_action,ordinance and amendment,V007,prefectural_referendum,electoral_referendum,公投／选举程序,Okinawa Prefecture,process_stage,Ordinance No. 62,RU_162FAD6728,unique canonical_case_or_event_id x action_family x venue_group,E4,R9S010;R9S011,ai_seeded,formal_accepted,existing_formal_fact_only,"ordered display, when used, is chronology/composition only and does not establish causal effect",议会是制度转换场域，不是公民组织。,accepted
HET_R9R018,R9_FORMAL_ROLE,R9R018,institutional_process_role,R9C_PREF_2019,2019 Okinawa Henoko prefectural referendum,2019-02-24,2019-02-24,6,R9E014,沖縄県知事・県民投票事務局,government_body,executive_vote_administration_and_result_notifier,referendum_vote_result,投票／结果程序,event_or_process_action,implementation and notification,V007,prefectural_referendum,electoral_referendum,公投／选举程序,Okinawa Prefecture,process_stage,All 41 municipalities vote,RU_3B4892AF2A,unique canonical_case_or_event_id x action_family x venue_group,E4,R9S012,ai_seeded,formal_accepted,existing_formal_fact_only,"ordered display, when used, is chronology/composition only and does not establish causal effect",行政执行与公民发起分开编码。,accepted
HET_R9R019,R9_FORMAL_ROLE,R9R019,institutional_process_role,R9C_PREF_2019,2019 Okinawa Henoko prefectural referendum,2018-05-23,2018-07-23,2,R9E015,県内市町村選挙管理委員会,government_collective,signature_verification_and_local_execution,signature_direct_request,签名／直接请求,event_or_process_action,signature and vote stages,V007,prefectural_referendum,electoral_referendum,公投／选举程序,Okinawa Prefecture,process_stage,"92,848 valid signatures",RU_761489D45F,unique canonical_case_or_event_id x action_family x venue_group,E4,R9S013;R9S012,ai_seeded,formal_accepted,existing_formal_fact_only,"ordered display, when used, is chronology/composition only and does not establish causal effect",市町村在实施争议中的选择不同，不能写成单一政治立场。,accepted
HET_R9R021,R9_FORMAL_ROLE,R9R021,institutional_process_role,R9C_ISHIGAKI_2018_2024,Ishigaki JSDF referendum drive and two litigation chains,2018-12-20,2018-12-20,2,R9E016,27名の実施請求代表者,resident_collective,formal_request_representatives,signature_direct_request,签名／直接请求,event_or_process_action,direct request,V008,municipal_referendum,electoral_referendum,公投／选举程序,Ishigaki,process_stage,27 request representatives,RU_B4A88E8601,unique canonical_case_or_event_id x action_family x venue_group,E4,R9S015,ai_seeded,formal_accepted,existing_formal_fact_only,"ordered display, when used, is chronology/composition only and does not establish causal effect",法院程序事实不建立与A011成员的逐一映射。,accepted
HET_R9R022,R9_FORMAL_ROLE,R9R022,institutional_process_role,R9C_ISHIGAKI_2018_2024,Ishigaki JSDF referendum drive and two litigation chains,2018-12-20,2018-12-20,2,R9E017,中山義隆・石垣市長,individual,request_receiver_and_first_bill_submitter,signature_direct_request,签名／直接请求,event_or_process_action,direct request and first council bill,V008,municipal_referendum,electoral_referendum,公投／选举程序,Ishigaki,process_stage,27 request representatives,RU_B4A88E8601,unique canonical_case_or_event_id x action_family x venue_group,E4,R9S015;R9S023,ai_seeded,formal_accepted,existing_formal_fact_only,"ordered display, when used, is chronology/composition only and does not establish causal effect",只记录程序行为；第二次条例案不是市长提交。,accepted
HET_R9R023,R9_FORMAL_ROLE,R9R023,institutional_process_role,R9C_ISHIGAKI_2018_2024,Ishigaki JSDF referendum drive and two litigation chains,2019-06-17,2019-06-17,4,R9E018,石垣市議会の条例案提出議員,councillor_collective,second_ordinance_proposers,council_or_ordinance_gate,议会／条例门槛,event_or_process_action,2019-06-17 councillor bill,V008,municipal_referendum,electoral_referendum,公投／选举程序,Ishigaki,process_stage,Councillor bill rejected,RU_F3F7754AB3,unique canonical_case_or_event_id x action_family x venue_group,E4,R9S024,ai_seeded,formal_accepted,existing_formal_fact_only,"ordered display, when used, is chronology/composition only and does not establish causal effect",市议员提案不能写成运动方直接提交，也不证明与A011稳定组织关系。,accepted
HET_R9R024,R9_FORMAL_ROLE,R9R024,institutional_process_role,R9C_ISHIGAKI_2018_2024,Ishigaki JSDF referendum drive and two litigation chains,2019-02-01,2019-02-01,3,R9E019,石垣市議会,council,ordinance_decision_body,council_or_ordinance_gate,议会／条例门槛,event_or_process_action,two rejections and 2021 amendment,V008,municipal_referendum,electoral_referendum,公投／选举程序,Ishigaki,process_stage,First ordinance rejected,RU_F3F7754AB3,unique canonical_case_or_event_id x action_family x venue_group,E4,R9S023;R9S024;R9S025,ai_seeded,formal_accepted,existing_formal_fact_only,"ordered display, when used, is chronology/composition only and does not establish causal effect",记录具体议决，不把议会整体写成稳定阵营。,accepted
HET_R9R025,R9_FORMAL_ROLE,R9R025,institutional_process_role,R9C_ISHIGAKI_2018_2024,Ishigaki JSDF referendum drive and two litigation chains,2019-09,,5,R9E020,第一訴訟の個人原告（請求代表者・署名者）,individual_plaintiff_collective,individual_plaintiffs,legal_action,司法／诉讼行动,event_or_process_action,mandatory-order chain,V006,japan_or_local_court,legal_judicial,法院／司法,Ishigaki,process_stage,Mandatory-order suit filed,RU_9A9D6A44CC,unique canonical_case_or_event_id x action_family x venue_group,E4,R9S015,ai_seeded,formal_accepted,existing_formal_fact_only,"ordered display, when used, is chronology/composition only and does not establish causal effect",法院匿名化个人；不得转嫁为A011组织原告角色。,accepted
HET_R9R026,R9_FORMAL_ROLE,R9R026,institutional_process_role,R9C_ISHIGAKI_2018_2024,Ishigaki JSDF referendum drive and two litigation chains,2019-09,,5,R9E021,石垣市,government_body,defendant,legal_action,司法／诉讼行动,event_or_process_action,mandatory-order chain,V006,japan_or_local_court,legal_judicial,法院／司法,Ishigaki,process_stage,Mandatory-order suit filed,RU_9A9D6A44CC,unique canonical_case_or_event_id x action_family x venue_group,E4,R9S015,ai_seeded,formal_accepted,existing_formal_fact_only,"ordered display, when used, is chronology/composition only and does not establish causal effect",法律当事人角色不同于运动 actor 分类。,accepted
HET_R9R027,R9_FORMAL_ROLE,R9R027,institutional_process_role,R9C_ISHIGAKI_2018_2024,Ishigaki JSDF referendum drive and two litigation chains,2020-08-27,2020-08-27,6,R9E022,那覇地方裁判所,court,judicial_forum,legal_action,司法／诉讼行动,event_or_process_action,mandatory-order district stage,V006,japan_or_local_court,legal_judicial,法院／司法,Ishigaki,process_stage,All actions procedurally dismissed,RU_9A9D6A44CC,unique canonical_case_or_event_id x action_family x venue_group,E4,R9S015;R9S016,ai_seeded,formal_accepted,existing_formal_fact_only,"ordered display, when used, is chronology/composition only and does not establish causal effect",法院是裁判场域，不是网络 actor。,accepted
HET_R9R028,R9_FORMAL_ROLE,R9R028,institutional_process_role,R9C_ISHIGAKI_2018_2024,Ishigaki JSDF referendum drive and two litigation chains,,2021-03-23,8,R9E023,福岡高等裁判所那覇支部,court,judicial_forum,legal_action,司法／诉讼行动,event_or_process_action,mandatory-order appeal,V006,japan_or_local_court,legal_judicial,法院／司法,Ishigaki,process_stage,First-chain appeal ends,RU_9A9D6A44CC,unique canonical_case_or_event_id x action_family x venue_group,E4,R9S026,ai_seeded,formal_accepted,existing_formal_fact_only,"ordered display, when used, is chronology/composition only and does not establish causal effect",官方表确认案号；判决主文仍待原件。,accepted
HET_R9R032,R9_FORMAL_ROLE,R9R032,institutional_process_role,R9C_ISHIGAKI_2018_2024,Ishigaki JSDF referendum drive and two litigation chains,2023-05-23,2023-05-23,10,R9E022,那覇地方裁判所,court,judicial_forum,legal_action,司法／诉讼行动,event_or_process_action,status-confirmation district stage,V006,japan_or_local_court,legal_judicial,法院／司法,Ishigaki,process_stage,Second-chain district judgment,RU_9A9D6A44CC,unique canonical_case_or_event_id x action_family x venue_group,E3,R9S027,ai_seeded,formal_accepted,existing_formal_fact_only,"ordered display, when used, is chronology/composition only and does not establish causal effect",现由高裁判决回溯前审；需地裁官方原件。,accepted
HET_R9R033,R9_FORMAL_ROLE,R9R033,institutional_process_role,R9C_ISHIGAKI_2018_2024,Ishigaki JSDF referendum drive and two litigation chains,2024-03-12,2024-03-12,11,R9E023,福岡高等裁判所那覇支部,court,judicial_forum,legal_action,司法／诉讼行动,event_or_process_action,status-confirmation appeal,V006,japan_or_local_court,legal_judicial,法院／司法,Ishigaki,process_stage,Second-chain high-court judgment,RU_9A9D6A44CC,unique canonical_case_or_event_id x action_family x venue_group,E4,R9S026;R9S027,ai_seeded,formal_accepted,existing_formal_fact_only,"ordered display, when used, is chronology/composition only and does not establish causal effect",官方保存表确认案号；CALL4副本支持裁判内容。,accepted
HET_R10R017,R10_HUMAN_RELATION,R10R017,function_or_resource_relation,R10R017,国际协力 festival 协作,,,,X010,沖縄NGOセンター,registered_actor,event_collaboration,administrative_collaboration,行政／公共活动协作,function_or_resource_relation,administrative_event_collaboration,V015,public_policy_meeting_or_forum,civic_policy_forum,公共政策论坛,Okinawa international-cooperation field,registered_actor,JICA沖縄,RU_AB98ACA775,unique canonical_case_or_event_id x action_family x venue_group,E4,S095,human_checked,human_reviewed,existing_formal_fact_only,"ordered display, when used, is chronology/composition only and does not establish causal effect",共同参与活动不是资金关系或稳定联盟。,
HET_R10R019,R10_HUMAN_RELATION,R10R019,function_or_resource_relation,R10R019,USO Okinawa 长期企业伙伴,2026,,,X003,American Engineering Corporation (AEC),registered_actor,sponsorship,service_charity_support,服务／慈善支持,function_or_resource_relation,service_sponsorship,V016,service_charity_program_site,service_charity,服务／慈善场域,Camp Schwab / USO Okinawa,registered_actor,USO Okinawa,RU_2F23751BC6,unique canonical_case_or_event_id x action_family x venue_group,E4,S097;S098,human_checked,human_reviewed,existing_formal_fact_only,"ordered display, when used, is chronology/composition only and does not establish causal effect",赞助与捐赠可确认；不据此推断企业或 USO 的基地政策立场。,
HET_R10R022,R10_HUMAN_RELATION,R10R022,function_or_resource_relation,R10R022,OESC 向 USO Okinawa 捐赠,2025,,,X007,Okinawa Enlisted Spouses' Club (OESC),registered_actor,donation,service_charity_support,服务／慈善支持,function_or_resource_relation,charitable_donation,V016,service_charity_program_site,service_charity,服务／慈善场域,Okinawa base-community service field,registered_actor,USO Okinawa,RU_C01F86E7B0,unique canonical_case_or_event_id x action_family x venue_group,E4,S053,human_checked,human_reviewed,existing_formal_fact_only,"ordered display, when used, is chronology/composition only and does not establish causal effect",直接慈善捐赠，不代表政治立场或运动关系。,
HET_R10R023,R10_HUMAN_RELATION,R10R023,function_or_resource_relation,R10R023,USO Kinser kitchen refresh,,,,X004,American Welfare & Works Association (AWWA),registered_actor,grant,service_charity_support,服务／慈善支持,function_or_resource_relation,charitable_grant,V016,service_charity_program_site,service_charity,服务／慈善场域,Okinawa base-community service field,registered_actor,USO Okinawa,RU_A0A5FCEDAD,unique canonical_case_or_event_id x action_family x venue_group,E3,S077,human_checked,human_reviewed,existing_formal_fact_only,"ordered display, when used, is chronology/composition only and does not establish causal effect",只确认这项 grant，不外推完整年度 recipient 网络。,
HET_R10R024,R10_HUMAN_RELATION,R10R024,function_or_resource_relation,R10R024,AWWA umbrella membership,,,,X004,AWWA,registered_actor,network_membership,service_network_membership,服务网络成员关系,function_or_resource_relation,service_network_coordination,V016,service_charity_program_site,service_charity,服务／慈善场域,Okinawa base-community service field,registered_actor,NOSCO,RU_5143C6E799,unique canonical_case_or_event_id x action_family x venue_group,E4,S041;S055;S072,human_revised,human_reviewed,existing_formal_fact_only,"ordered display, when used, is chronology/composition only and does not establish causal effect",成员关系不构成资助。,
HET_R10R025,R10_HUMAN_RELATION,R10R025,function_or_resource_relation,R10R025,AWWA umbrella membership,,,,X004,AWWA,registered_actor,network_membership,service_network_membership,服务网络成员关系,function_or_resource_relation,service_network_coordination,V016,service_charity_program_site,service_charity,服务／慈善场域,Okinawa base-community service field,registered_actor,KOSC,RU_418762F9AC,unique canonical_case_or_event_id x action_family x venue_group,E4,S041;S055;S072;S075,human_revised,human_reviewed,existing_formal_fact_only,"ordered display, when used, is chronology/composition only and does not establish causal effect",成员关系不构成资助。,
HET_R10R026,R10_HUMAN_RELATION,R10R026,function_or_resource_relation,R10R026,AWWA umbrella membership,,,,X004,AWWA,registered_actor,network_membership,service_network_membership,服务网络成员关系,function_or_resource_relation,service_network_coordination,V016,service_charity_program_site,service_charity,服务／慈善场域,Okinawa base-community service field,registered_actor,OESC,RU_53CCCFF43F,unique canonical_case_or_event_id x action_family x venue_group,E4,S041;S055,human_revised,human_reviewed,existing_formal_fact_only,"ordered display, when used, is chronology/composition only and does not establish causal effect",成员关系不构成资助。,
HET_R10R027,R10_HUMAN_RELATION,R10R027,function_or_resource_relation,R10R027,AWWA umbrella membership,,,,X004,AWWA,registered_actor,network_membership,service_network_membership,服务网络成员关系,function_or_resource_relation,service_network_coordination,V016,service_charity_program_site,service_charity,服务／慈善场域,Okinawa base-community service field,registered_actor,MOSCO,RU_FF61124D80,unique canonical_case_or_event_id x action_family x venue_group,E4,S041;S055;S079,human_revised,human_reviewed,existing_formal_fact_only,"ordered display, when used, is chronology/composition only and does not establish causal effect",成员关系不构成资助。,
HET_R10R035,R10_HUMAN_RELATION,R10R035,function_or_resource_relation,R10R035,Okinawa Youth Council Program NOFO,2024,,,X013,U.S. Consulate General Naha Okinawa Youth Council Program,registered_program_actor,grant_opportunity,public_diplomacy_opportunity,公共外交机会公告,function_or_resource_relation,public_diplomacy_opportunity,VX_PD,public_diplomacy_program,public_diplomacy_program,公共外交项目,Okinawa public-diplomacy field,unknown_recipient,未公开 recipient,RU_A1380BBC61,unique canonical_case_or_event_id x action_family x venue_group,E4,S056;S082;S083;S084,human_checked,human_reviewed,existing_formal_fact_only,"ordered display, when used, is chronology/composition only and does not establish causal effect",不得写成已拨款、已有 recipient 或与 TOFU 项目相同。,
