candidate_id,domain,object_id,object_name,field_name,current_value,proposed_value,candidate_disposition,affected_row_count,source_tables,reason,risk_if_wrong,requires_human_review,hr_item_id,machine_status,interpretation_limit
SF0001,actor_field,A001,Okinawa Environmental Justice Project,actor_class,international_advocacy_actor,international_advocacy_actor,freeze_as_is,1,01_actor_registry_initial_v0.csv,Freeze the analytical actor-class vocabulary while preserving actor-specific classification review.,A wrong class changes ecology counts and figure composition.,no,,freeze_candidate,"This is a schema/assignment candidate only; it does not approve actor scope, edges or substantive interpretation."
SF0002,actor_field,A001,Okinawa Environmental Justice Project,legal_status_guess,informal_or_project,legal_form_unresolved,freeze_as_unresolved,1,01_actor_registry_initial_v0.csv,Move legal-form surface strings into controlled codes; unresolved codes do not assert法人格.,A wrong normalization could turn a guess into a false legal-status claim.,no,,freeze_candidate,"This is a schema/assignment candidate only; it does not approve actor scope, edges or substantive interpretation."
SF0003,actor_field,A001,Okinawa Environmental Justice Project,origin_type,mixed_or_network,mixed_or_network,freeze_as_is,1,01_actor_registry_initial_v0.csv,All seven observed origin codes already form a closed controlled set.,A wrong origin changes local/mainland/international layer comparisons.,no,,freeze_candidate,"This is a schema/assignment candidate only; it does not approve actor scope, edges or substantive interpretation."
SF0004,actor_field,A002,ジュゴン保護キャンペーンセンター（Save the Dugong Campaign Center）,actor_class,international_advocacy_actor,international_advocacy_actor,freeze_as_is,1,01_actor_registry_initial_v0.csv,Freeze the analytical actor-class vocabulary while preserving actor-specific classification review.,A wrong class changes ecology counts and figure composition.,no,,freeze_candidate,"This is a schema/assignment candidate only; it does not approve actor scope, edges or substantive interpretation."
SF0005,actor_field,A002,ジュゴン保護キャンペーンセンター（Save the Dugong Campaign Center）,legal_status_guess,任意団体,informal_association,mechanical_normalize,1,01_actor_registry_initial_v0.csv,Move legal-form surface strings into controlled codes; unresolved codes do not assert法人格.,A wrong normalization could turn a guess into a false legal-status claim.,no,,freeze_candidate,"This is a schema/assignment candidate only; it does not approve actor scope, edges or substantive interpretation."
SF0006,actor_field,A002,ジュゴン保護キャンペーンセンター（Save the Dugong Campaign Center）,origin_type,japan_domestic,japan_domestic,freeze_as_is,1,01_actor_registry_initial_v0.csv,All seven observed origin codes already form a closed controlled set.,A wrong origin changes local/mainland/international layer comparisons.,no,,freeze_candidate,"This is a schema/assignment candidate only; it does not approve actor scope, edges or substantive interpretation."
SF0007,actor_field,A003,ジュゴンネットワーク沖縄,actor_class,local_civic_actor,local_civic_actor,freeze_as_is,1,01_actor_registry_initial_v0.csv,Freeze the analytical actor-class vocabulary while preserving actor-specific classification review.,A wrong class changes ecology counts and figure composition.,no,,freeze_candidate,"This is a schema/assignment candidate only; it does not approve actor scope, edges or substantive interpretation."
SF0008,actor_field,A003,ジュゴンネットワーク沖縄,legal_status_guess,unclear,legal_form_unresolved,freeze_as_unresolved,1,01_actor_registry_initial_v0.csv,Move legal-form surface strings into controlled codes; unresolved codes do not assert法人格.,A wrong normalization could turn a guess into a false legal-status claim.,no,,freeze_candidate,"This is a schema/assignment candidate only; it does not approve actor scope, edges or substantive interpretation."
SF0009,actor_field,A003,ジュゴンネットワーク沖縄,origin_type,okinawa_local,okinawa_local,freeze_as_is,1,01_actor_registry_initial_v0.csv,All seven observed origin codes already form a closed controlled set.,A wrong origin changes local/mainland/international layer comparisons.,no,,freeze_candidate,"This is a schema/assignment candidate only; it does not approve actor scope, edges or substantive interpretation."
SF0010,actor_field,A004,日本自然保護協会,actor_class,domestic_japan_ngo,domestic_japan_ngo,freeze_as_is,1,01_actor_registry_initial_v0.csv,Freeze the analytical actor-class vocabulary while preserving actor-specific classification review.,A wrong class changes ecology counts and figure composition.,no,,freeze_candidate,"This is a schema/assignment candidate only; it does not approve actor scope, edges or substantive interpretation."
SF0011,actor_field,A004,日本自然保護協会,legal_status_guess,public_interest_foundation_or_association,public_interest_incorporated_body_unspecified,freeze_as_unresolved,1,01_actor_registry_initial_v0.csv,Move legal-form surface strings into controlled codes; unresolved codes do not assert法人格.,A wrong normalization could turn a guess into a false legal-status claim.,no,,freeze_candidate,"This is a schema/assignment candidate only; it does not approve actor scope, edges or substantive interpretation."
SF0012,actor_field,A004,日本自然保護協会,origin_type,japan_domestic,japan_domestic,freeze_as_is,1,01_actor_registry_initial_v0.csv,All seven observed origin codes already form a closed controlled set.,A wrong origin changes local/mainland/international layer comparisons.,no,,freeze_candidate,"This is a schema/assignment candidate only; it does not approve actor scope, edges or substantive interpretation."
SF0013,actor_field,A005,WWFジャパン,actor_class,domestic_japan_ngo,domestic_japan_ngo,freeze_as_is,1,01_actor_registry_initial_v0.csv,Freeze the analytical actor-class vocabulary while preserving actor-specific classification review.,A wrong class changes ecology counts and figure composition.,no,,freeze_candidate,"This is a schema/assignment candidate only; it does not approve actor scope, edges or substantive interpretation."
SF0014,actor_field,A005,WWFジャパン,legal_status_guess,public_interest_foundation,public_interest_incorporated_foundation,mechanical_normalize,1,01_actor_registry_initial_v0.csv,Move legal-form surface strings into controlled codes; unresolved codes do not assert法人格.,A wrong normalization could turn a guess into a false legal-status claim.,no,,freeze_candidate,"This is a schema/assignment candidate only; it does not approve actor scope, edges or substantive interpretation."
SF0015,actor_field,A005,WWFジャパン,origin_type,japan_domestic,japan_domestic,freeze_as_is,1,01_actor_registry_initial_v0.csv,All seven observed origin codes already form a closed controlled set.,A wrong origin changes local/mainland/international layer comparisons.,no,,freeze_candidate,"This is a schema/assignment candidate only; it does not approve actor scope, edges or substantive interpretation."
SF0016,actor_field,A006,グリーンピース・ジャパン,actor_class,domestic_japan_ngo,domestic_japan_ngo,freeze_as_is,1,01_actor_registry_initial_v0.csv,Freeze the analytical actor-class vocabulary while preserving actor-specific classification review.,A wrong class changes ecology counts and figure composition.,no,,freeze_candidate,"This is a schema/assignment candidate only; it does not approve actor scope, edges or substantive interpretation."
SF0017,actor_field,A006,グリーンピース・ジャパン,legal_status_guess,ngo,nongovernmental_nonprofit,mechanical_normalize,1,01_actor_registry_initial_v0.csv,Move legal-form surface strings into controlled codes; unresolved codes do not assert法人格.,A wrong normalization could turn a guess into a false legal-status claim.,no,,freeze_candidate,"This is a schema/assignment candidate only; it does not approve actor scope, edges or substantive interpretation."
SF0018,actor_field,A006,グリーンピース・ジャパン,origin_type,japan_domestic,japan_domestic,freeze_as_is,1,01_actor_registry_initial_v0.csv,All seven observed origin codes already form a closed controlled set.,A wrong origin changes local/mainland/international layer comparisons.,no,,freeze_candidate,"This is a schema/assignment candidate only; it does not approve actor scope, edges or substantive interpretation."
SF0019,actor_field,A007,ピースボート,actor_class,domestic_japan_ngo,domestic_japan_ngo,freeze_as_is,1,01_actor_registry_initial_v0.csv,Freeze the analytical actor-class vocabulary while preserving actor-specific classification review.,A wrong class changes ecology counts and figure composition.,no,,freeze_candidate,"This is a schema/assignment candidate only; it does not approve actor scope, edges or substantive interpretation."
SF0020,actor_field,A007,ピースボート,legal_status_guess,ngo,nongovernmental_nonprofit,mechanical_normalize,1,01_actor_registry_initial_v0.csv,Move legal-form surface strings into controlled codes; unresolved codes do not assert法人格.,A wrong normalization could turn a guess into a false legal-status claim.,no,,freeze_candidate,"This is a schema/assignment candidate only; it does not approve actor scope, edges or substantive interpretation."
SF0021,actor_field,A007,ピースボート,origin_type,japan_domestic,japan_domestic,freeze_as_is,1,01_actor_registry_initial_v0.csv,All seven observed origin codes already form a closed controlled set.,A wrong origin changes local/mainland/international layer comparisons.,no,,freeze_candidate,"This is a schema/assignment candidate only; it does not approve actor scope, edges or substantive interpretation."
SF0022,actor_field,A008,NGO非戦ネット,actor_class,citizen_network,citizen_network,freeze_as_is,1,01_actor_registry_initial_v0.csv,Freeze the analytical actor-class vocabulary while preserving actor-specific classification review.,A wrong class changes ecology counts and figure composition.,no,,freeze_candidate,"This is a schema/assignment candidate only; it does not approve actor scope, edges or substantive interpretation."
SF0023,actor_field,A008,NGO非戦ネット,legal_status_guess,informal_network（任意ネットワーク・国際協力NGO）,informal_network,mechanical_normalize,1,01_actor_registry_initial_v0.csv,Move legal-form surface strings into controlled codes; unresolved codes do not assert法人格.,A wrong normalization could turn a guess into a false legal-status claim.,no,,freeze_candidate,"This is a schema/assignment candidate only; it does not approve actor scope, edges or substantive interpretation."
SF0024,actor_field,A008,NGO非戦ネット,origin_type,japan_domestic,japan_domestic,freeze_as_is,1,01_actor_registry_initial_v0.csv,All seven observed origin codes already form a closed controlled set.,A wrong origin changes local/mainland/international layer comparisons.,no,,freeze_candidate,"This is a schema/assignment candidate only; it does not approve actor scope, edges or substantive interpretation."
SF0025,actor_field,A009,Earthjustice,actor_class,international_advocacy_actor,international_advocacy_actor,freeze_as_is,1,01_actor_registry_initial_v0.csv,Freeze the analytical actor-class vocabulary while preserving actor-specific classification review.,A wrong class changes ecology counts and figure composition.,no,,freeze_candidate,"This is a schema/assignment candidate only; it does not approve actor scope, edges or substantive interpretation."
SF0026,actor_field,A009,Earthjustice,legal_status_guess,ngo,nongovernmental_nonprofit,mechanical_normalize,1,01_actor_registry_initial_v0.csv,Move legal-form surface strings into controlled codes; unresolved codes do not assert法人格.,A wrong normalization could turn a guess into a false legal-status claim.,no,,freeze_candidate,"This is a schema/assignment candidate only; it does not approve actor scope, edges or substantive interpretation."
SF0027,actor_field,A009,Earthjustice,origin_type,us_origin,us_origin,freeze_as_is,1,01_actor_registry_initial_v0.csv,All seven observed origin codes already form a closed controlled set.,A wrong origin changes local/mainland/international layer comparisons.,no,,freeze_candidate,"This is a schema/assignment candidate only; it does not approve actor scope, edges or substantive interpretation."
SF0028,actor_field,A010,石垣島に軍事基地をつくらせない市民連絡会,actor_class,citizen_network,citizen_network,freeze_as_is,1,01_actor_registry_initial_v0.csv,Freeze the analytical actor-class vocabulary while preserving actor-specific classification review.,A wrong class changes ecology counts and figure composition.,no,,freeze_candidate,"This is a schema/assignment candidate only; it does not approve actor scope, edges or substantive interpretation."
SF0029,actor_field,A010,石垣島に軍事基地をつくらせない市民連絡会,legal_status_guess,informal,informal_association,mechanical_normalize,1,01_actor_registry_initial_v0.csv,Move legal-form surface strings into controlled codes; unresolved codes do not assert法人格.,A wrong normalization could turn a guess into a false legal-status claim.,no,,freeze_candidate,"This is a schema/assignment candidate only; it does not approve actor scope, edges or substantive interpretation."
SF0030,actor_field,A010,石垣島に軍事基地をつくらせない市民連絡会,origin_type,okinawa_local,okinawa_local,freeze_as_is,1,01_actor_registry_initial_v0.csv,All seven observed origin codes already form a closed controlled set.,A wrong origin changes local/mainland/international layer comparisons.,no,,freeze_candidate,"This is a schema/assignment candidate only; it does not approve actor scope, edges or substantive interpretation."
SF0031,actor_field,A011,石垣市住民投票を求める会,actor_class,citizen_group,citizen_group,freeze_as_is,1,01_actor_registry_initial_v0.csv,Freeze the analytical actor-class vocabulary while preserving actor-specific classification review.,A wrong class changes ecology counts and figure composition.,no,,freeze_candidate,"This is a schema/assignment candidate only; it does not approve actor scope, edges or substantive interpretation."
SF0032,actor_field,A011,石垣市住民投票を求める会,legal_status_guess,informal,informal_association,mechanical_normalize,1,01_actor_registry_initial_v0.csv,Move legal-form surface strings into controlled codes; unresolved codes do not assert法人格.,A wrong normalization could turn a guess into a false legal-status claim.,no,,freeze_candidate,"This is a schema/assignment candidate only; it does not approve actor scope, edges or substantive interpretation."
SF0033,actor_field,A011,石垣市住民投票を求める会,origin_type,okinawa_local,okinawa_local,freeze_as_is,1,01_actor_registry_initial_v0.csv,All seven observed origin codes already form a closed controlled set.,A wrong origin changes local/mainland/international layer comparisons.,no,,freeze_candidate,"This is a schema/assignment candidate only; it does not approve actor scope, edges or substantive interpretation."
SF0034,actor_field,A012,宮古島いのちの水を守ろう！,actor_class,citizen_group,citizen_group,freeze_as_is,1,01_actor_registry_initial_v0.csv,Freeze the analytical actor-class vocabulary while preserving actor-specific classification review.,A wrong class changes ecology counts and figure composition.,no,,freeze_candidate,"This is a schema/assignment candidate only; it does not approve actor scope, edges or substantive interpretation."
SF0035,actor_field,A012,宮古島いのちの水を守ろう！,legal_status_guess,informal,informal_association,mechanical_normalize,1,01_actor_registry_initial_v0.csv,Move legal-form surface strings into controlled codes; unresolved codes do not assert法人格.,A wrong normalization could turn a guess into a false legal-status claim.,no,,freeze_candidate,"This is a schema/assignment candidate only; it does not approve actor scope, edges or substantive interpretation."
SF0036,actor_field,A012,宮古島いのちの水を守ろう！,origin_type,okinawa_local,okinawa_local,freeze_as_is,1,01_actor_registry_initial_v0.csv,All seven observed origin codes already form a closed controlled set.,A wrong origin changes local/mainland/international layer comparisons.,no,,freeze_candidate,"This is a schema/assignment candidate only; it does not approve actor scope, edges or substantive interpretation."
SF0037,actor_field,A013,ミサイル基地いらない宮古島住民連絡会,actor_class,citizen_network,citizen_network,freeze_as_is,1,01_actor_registry_initial_v0.csv,Freeze the analytical actor-class vocabulary while preserving actor-specific classification review.,A wrong class changes ecology counts and figure composition.,no,,freeze_candidate,"This is a schema/assignment candidate only; it does not approve actor scope, edges or substantive interpretation."
SF0038,actor_field,A013,ミサイル基地いらない宮古島住民連絡会,legal_status_guess,informal,informal_association,mechanical_normalize,1,01_actor_registry_initial_v0.csv,Move legal-form surface strings into controlled codes; unresolved codes do not assert法人格.,A wrong normalization could turn a guess into a false legal-status claim.,no,,freeze_candidate,"This is a schema/assignment candidate only; it does not approve actor scope, edges or substantive interpretation."
SF0039,actor_field,A013,ミサイル基地いらない宮古島住民連絡会,origin_type,okinawa_local,okinawa_local,freeze_as_is,1,01_actor_registry_initial_v0.csv,All seven observed origin codes already form a closed controlled set.,A wrong origin changes local/mainland/international layer comparisons.,no,,freeze_candidate,"This is a schema/assignment candidate only; it does not approve actor scope, edges or substantive interpretation."
SF0040,actor_field,A014,住民投票を成功させるための実行委員会,actor_class,executive_committee,executive_committee,freeze_as_is,1,01_actor_registry_initial_v0.csv,Freeze the analytical actor-class vocabulary while preserving actor-specific classification review.,A wrong class changes ecology counts and figure composition.,no,,freeze_candidate,"This is a schema/assignment candidate only; it does not approve actor scope, edges or substantive interpretation."
SF0041,actor_field,A014,住民投票を成功させるための実行委員会,legal_status_guess,informal（任意の実行委員会）,informal_executive_committee,mechanical_normalize,1,01_actor_registry_initial_v0.csv,Move legal-form surface strings into controlled codes; unresolved codes do not assert法人格.,A wrong normalization could turn a guess into a false legal-status claim.,no,,freeze_candidate,"This is a schema/assignment candidate only; it does not approve actor scope, edges or substantive interpretation."
SF0042,actor_field,A014,住民投票を成功させるための実行委員会,origin_type,okinawa_local,okinawa_local,freeze_as_is,1,01_actor_registry_initial_v0.csv,All seven observed origin codes already form a closed controlled set.,A wrong origin changes local/mainland/international layer comparisons.,no,,freeze_candidate,"This is a schema/assignment candidate only; it does not approve actor scope, edges or substantive interpretation."
SF0043,actor_field,A015,与那国自衛隊配備反対意見広告実行委員会,actor_class,executive_committee,executive_committee,freeze_as_is,1,01_actor_registry_initial_v0.csv,Freeze the analytical actor-class vocabulary while preserving actor-specific classification review.,A wrong class changes ecology counts and figure composition.,no,,freeze_candidate,"This is a schema/assignment candidate only; it does not approve actor scope, edges or substantive interpretation."
SF0044,actor_field,A015,与那国自衛隊配備反対意見広告実行委員会,legal_status_guess,informal,informal_association,mechanical_normalize,1,01_actor_registry_initial_v0.csv,Move legal-form surface strings into controlled codes; unresolved codes do not assert法人格.,A wrong normalization could turn a guess into a false legal-status claim.,no,,freeze_candidate,"This is a schema/assignment candidate only; it does not approve actor scope, edges or substantive interpretation."
SF0045,actor_field,A015,与那国自衛隊配備反対意見広告実行委員会,origin_type,okinawa_local,okinawa_local,freeze_as_is,1,01_actor_registry_initial_v0.csv,All seven observed origin codes already form a closed controlled set.,A wrong origin changes local/mainland/international layer comparisons.,no,,freeze_candidate,"This is a schema/assignment candidate only; it does not approve actor scope, edges or substantive interpretation."
SF0046,actor_field,A016,与那国島の明るい未来を願うイソバの会,actor_class,citizen_group,citizen_group,freeze_as_is,1,01_actor_registry_initial_v0.csv,Freeze the analytical actor-class vocabulary while preserving actor-specific classification review.,A wrong class changes ecology counts and figure composition.,no,,freeze_candidate,"This is a schema/assignment candidate only; it does not approve actor scope, edges or substantive interpretation."
SF0047,actor_field,A016,与那国島の明るい未来を願うイソバの会,legal_status_guess,informal,informal_association,mechanical_normalize,1,01_actor_registry_initial_v0.csv,Move legal-form surface strings into controlled codes; unresolved codes do not assert法人格.,A wrong normalization could turn a guess into a false legal-status claim.,no,,freeze_candidate,"This is a schema/assignment candidate only; it does not approve actor scope, edges or substantive interpretation."
SF0048,actor_field,A016,与那国島の明るい未来を願うイソバの会,origin_type,okinawa_local,okinawa_local,freeze_as_is,1,01_actor_registry_initial_v0.csv,All seven observed origin codes already form a closed controlled set.,A wrong origin changes local/mainland/international layer comparisons.,no,,freeze_candidate,"This is a schema/assignment candidate only; it does not approve actor scope, edges or substantive interpretation."
SF0049,actor_field,A017,沖縄対話プロジェクト,actor_class,citizen_network,citizen_network,freeze_as_is,1,01_actor_registry_initial_v0.csv,Freeze the analytical actor-class vocabulary while preserving actor-specific classification review.,A wrong class changes ecology counts and figure composition.,no,,freeze_candidate,"This is a schema/assignment candidate only; it does not approve actor scope, edges or substantive interpretation."
SF0050,actor_field,A017,沖縄対話プロジェクト,legal_status_guess,informal_or_project,legal_form_unresolved,freeze_as_unresolved,1,01_actor_registry_initial_v0.csv,Move legal-form surface strings into controlled codes; unresolved codes do not assert法人格.,A wrong normalization could turn a guess into a false legal-status claim.,no,,freeze_candidate,"This is a schema/assignment candidate only; it does not approve actor scope, edges or substantive interpretation."
SF0051,actor_field,A017,沖縄対話プロジェクト,origin_type,okinawa_local,okinawa_local,freeze_as_is,1,01_actor_registry_initial_v0.csv,All seven observed origin codes already form a closed controlled set.,A wrong origin changes local/mainland/international layer comparisons.,no,,freeze_candidate,"This is a schema/assignment candidate only; it does not approve actor scope, edges or substantive interpretation."
SF0052,actor_field,A018,ノーモア沖縄戦 命どぅ宝の会,actor_class,citizen_group,citizen_group,freeze_as_is,1,01_actor_registry_initial_v0.csv,Freeze the analytical actor-class vocabulary while preserving actor-specific classification review.,A wrong class changes ecology counts and figure composition.,no,,freeze_candidate,"This is a schema/assignment candidate only; it does not approve actor scope, edges or substantive interpretation."
SF0053,actor_field,A018,ノーモア沖縄戦 命どぅ宝の会,legal_status_guess,informal,informal_association,mechanical_normalize,1,01_actor_registry_initial_v0.csv,Move legal-form surface strings into controlled codes; unresolved codes do not assert法人格.,A wrong normalization could turn a guess into a false legal-status claim.,no,,freeze_candidate,"This is a schema/assignment candidate only; it does not approve actor scope, edges or substantive interpretation."
SF0054,actor_field,A018,ノーモア沖縄戦 命どぅ宝の会,origin_type,okinawa_local,okinawa_local,freeze_as_is,1,01_actor_registry_initial_v0.csv,All seven observed origin codes already form a closed controlled set.,A wrong origin changes local/mainland/international layer comparisons.,no,,freeze_candidate,"This is a schema/assignment candidate only; it does not approve actor scope, edges or substantive interpretation."
SF0055,actor_field,A019,ヘリ基地反対協議会（海上ヘリ基地建設反対・平和と名護市政民主化を求める協議会）,actor_class,citizen_network,citizen_network,freeze_as_is,1,01_actor_registry_initial_v0.csv,Freeze the analytical actor-class vocabulary while preserving actor-specific classification review.,A wrong class changes ecology counts and figure composition.,no,,freeze_candidate,"This is a schema/assignment candidate only; it does not approve actor scope, edges or substantive interpretation."
SF0056,actor_field,A019,ヘリ基地反対協議会（海上ヘリ基地建設反対・平和と名護市政民主化を求める協議会）,legal_status_guess,任意団体,informal_association,mechanical_normalize,1,01_actor_registry_initial_v0.csv,Move legal-form surface strings into controlled codes; unresolved codes do not assert法人格.,A wrong normalization could turn a guess into a false legal-status claim.,no,,freeze_candidate,"This is a schema/assignment candidate only; it does not approve actor scope, edges or substantive interpretation."
SF0057,actor_field,A019,ヘリ基地反対協議会（海上ヘリ基地建設反対・平和と名護市政民主化を求める協議会）,origin_type,okinawa_local,okinawa_local,freeze_as_is,1,01_actor_registry_initial_v0.csv,All seven observed origin codes already form a closed controlled set.,A wrong origin changes local/mainland/international layer comparisons.,no,,freeze_candidate,"This is a schema/assignment candidate only; it does not approve actor scope, edges or substantive interpretation."
SF0058,actor_field,A020,日本環境法律家連盟（JELF）,actor_class,lawyers_network,lawyers_network,freeze_as_is,1,01_actor_registry_initial_v0.csv,Freeze the analytical actor-class vocabulary while preserving actor-specific classification review.,A wrong class changes ecology counts and figure composition.,no,,freeze_candidate,"This is a schema/assignment candidate only; it does not approve actor scope, edges or substantive interpretation."
SF0059,actor_field,A020,日本環境法律家連盟（JELF）,legal_status_guess,ngo_or_association,nonprofit_form_unresolved,freeze_as_unresolved,1,01_actor_registry_initial_v0.csv,Move legal-form surface strings into controlled codes; unresolved codes do not assert法人格.,A wrong normalization could turn a guess into a false legal-status claim.,no,,freeze_candidate,"This is a schema/assignment candidate only; it does not approve actor scope, edges or substantive interpretation."
SF0060,actor_field,A020,日本環境法律家連盟（JELF）,origin_type,japan_domestic,japan_domestic,freeze_as_is,1,01_actor_registry_initial_v0.csv,All seven observed origin codes already form a closed controlled set.,A wrong origin changes local/mainland/international layer comparisons.,no,,freeze_candidate,"This is a schema/assignment candidate only; it does not approve actor scope, edges or substantive interpretation."
SF0061,actor_field,A021,国際環境NGO FoE Japan,actor_class,domestic_japan_ngo,domestic_japan_ngo,freeze_as_is,1,01_actor_registry_initial_v0.csv,Freeze the analytical actor-class vocabulary while preserving actor-specific classification review.,A wrong class changes ecology counts and figure composition.,no,,freeze_candidate,"This is a schema/assignment candidate only; it does not approve actor scope, edges or substantive interpretation."
SF0062,actor_field,A021,国際環境NGO FoE Japan,legal_status_guess,ngo,nongovernmental_nonprofit,mechanical_normalize,1,01_actor_registry_initial_v0.csv,Move legal-form surface strings into controlled codes; unresolved codes do not assert法人格.,A wrong normalization could turn a guess into a false legal-status claim.,no,,freeze_candidate,"This is a schema/assignment candidate only; it does not approve actor scope, edges or substantive interpretation."
SF0063,actor_field,A021,国際環境NGO FoE Japan,origin_type,japan_domestic,japan_domestic,freeze_as_is,1,01_actor_registry_initial_v0.csv,All seven observed origin codes already form a closed controlled set.,A wrong origin changes local/mainland/international layer comparisons.,no,,freeze_candidate,"This is a schema/assignment candidate only; it does not approve actor scope, edges or substantive interpretation."
SF0064,actor_field,A022,NPO法人 ラムサール・ネットワーク日本,actor_class,domestic_japan_ngo,domestic_japan_ngo,freeze_as_is,1,01_actor_registry_initial_v0.csv,Freeze the analytical actor-class vocabulary while preserving actor-specific classification review.,A wrong class changes ecology counts and figure composition.,no,,freeze_candidate,"This is a schema/assignment candidate only; it does not approve actor scope, edges or substantive interpretation."
SF0065,actor_field,A022,NPO法人 ラムサール・ネットワーク日本,legal_status_guess,npo,specified_nonprofit_corporation,mechanical_normalize,1,01_actor_registry_initial_v0.csv,Move legal-form surface strings into controlled codes; unresolved codes do not assert法人格.,A wrong normalization could turn a guess into a false legal-status claim.,no,,freeze_candidate,"This is a schema/assignment candidate only; it does not approve actor scope, edges or substantive interpretation."
SF0066,actor_field,A022,NPO法人 ラムサール・ネットワーク日本,origin_type,japan_domestic,japan_domestic,freeze_as_is,1,01_actor_registry_initial_v0.csv,All seven observed origin codes already form a closed controlled set.,A wrong origin changes local/mainland/international layer comparisons.,no,,freeze_candidate,"This is a schema/assignment candidate only; it does not approve actor scope, edges or substantive interpretation."
SF0067,actor_field,A023,美ら海にもやんばるにも基地はいらない市民の会,actor_class,local_civic_actor,local_civic_actor,freeze_as_is,1,01_actor_registry_initial_v0.csv,Freeze the analytical actor-class vocabulary while preserving actor-specific classification review.,A wrong class changes ecology counts and figure composition.,no,,freeze_candidate,"This is a schema/assignment candidate only; it does not approve actor scope, edges or substantive interpretation."
SF0068,actor_field,A023,美ら海にもやんばるにも基地はいらない市民の会,legal_status_guess,informal,informal_association,mechanical_normalize,1,01_actor_registry_initial_v0.csv,Move legal-form surface strings into controlled codes; unresolved codes do not assert法人格.,A wrong normalization could turn a guess into a false legal-status claim.,no,,freeze_candidate,"This is a schema/assignment candidate only; it does not approve actor scope, edges or substantive interpretation."
SF0069,actor_field,A023,美ら海にもやんばるにも基地はいらない市民の会,origin_type,okinawa_local,okinawa_local,freeze_as_is,1,01_actor_registry_initial_v0.csv,All seven observed origin codes already form a closed controlled set.,A wrong origin changes local/mainland/international layer comparisons.,no,,freeze_candidate,"This is a schema/assignment candidate only; it does not approve actor scope, edges or substantive interpretation."
SF0070,actor_field,A024,辺野古リレー,actor_class,citizen_network,citizen_network,freeze_as_is,1,01_actor_registry_initial_v0.csv,Freeze the analytical actor-class vocabulary while preserving actor-specific classification review.,A wrong class changes ecology counts and figure composition.,no,,freeze_candidate,"This is a schema/assignment candidate only; it does not approve actor scope, edges or substantive interpretation."
SF0071,actor_field,A024,辺野古リレー,legal_status_guess,informal,informal_association,mechanical_normalize,1,01_actor_registry_initial_v0.csv,Move legal-form surface strings into controlled codes; unresolved codes do not assert法人格.,A wrong normalization could turn a guess into a false legal-status claim.,no,,freeze_candidate,"This is a schema/assignment candidate only; it does not approve actor scope, edges or substantive interpretation."
SF0072,actor_field,A024,辺野古リレー,origin_type,okinawa_local,okinawa_local,freeze_as_is,1,01_actor_registry_initial_v0.csv,All seven observed origin codes already form a closed controlled set.,A wrong origin changes local/mainland/international layer comparisons.,no,,freeze_candidate,"This is a schema/assignment candidate only; it does not approve actor scope, edges or substantive interpretation."
SF0073,actor_field,A025,辺野古への基地建設を許さない実行委員会,actor_class,executive_committee,executive_committee,freeze_as_is,1,01_actor_registry_initial_v0.csv,Freeze the analytical actor-class vocabulary while preserving actor-specific classification review.,A wrong class changes ecology counts and figure composition.,no,,freeze_candidate,"This is a schema/assignment candidate only; it does not approve actor scope, edges or substantive interpretation."
SF0074,actor_field,A025,辺野古への基地建設を許さない実行委員会,legal_status_guess,informal,informal_association,mechanical_normalize,1,01_actor_registry_initial_v0.csv,Move legal-form surface strings into controlled codes; unresolved codes do not assert法人格.,A wrong normalization could turn a guess into a false legal-status claim.,no,,freeze_candidate,"This is a schema/assignment candidate only; it does not approve actor scope, edges or substantive interpretation."
SF0075,actor_field,A025,辺野古への基地建設を許さない実行委員会,origin_type,okinawa_local,okinawa_local,freeze_as_is,1,01_actor_registry_initial_v0.csv,All seven observed origin codes already form a closed controlled set.,A wrong origin changes local/mainland/international layer comparisons.,no,,freeze_candidate,"This is a schema/assignment candidate only; it does not approve actor scope, edges or substantive interpretation."
SF0076,actor_field,A026,ピース・ニュース,actor_class,media_or_advocacy_actor,media_advocacy_actor,mechanical_normalize,1,01_actor_registry_initial_v0.csv,Freeze the analytical actor-class vocabulary while preserving actor-specific classification review.,A wrong class changes ecology counts and figure composition.,no,,freeze_candidate,"This is a schema/assignment candidate only; it does not approve actor scope, edges or substantive interpretation."
SF0077,actor_field,A026,ピース・ニュース,legal_status_guess,unclear,legal_form_unresolved,freeze_as_unresolved,1,01_actor_registry_initial_v0.csv,Move legal-form surface strings into controlled codes; unresolved codes do not assert法人格.,A wrong normalization could turn a guess into a false legal-status claim.,no,,freeze_candidate,"This is a schema/assignment candidate only; it does not approve actor scope, edges or substantive interpretation."
SF0078,actor_field,A026,ピース・ニュース,origin_type,japan_domestic,japan_domestic,freeze_as_is,1,01_actor_registry_initial_v0.csv,All seven observed origin codes already form a closed controlled set.,A wrong origin changes local/mainland/international layer comparisons.,no,,freeze_candidate,"This is a schema/assignment candidate only; it does not approve actor scope, edges or substantive interpretation."
SF0079,actor_field,A027,公共事業改革市民会議,actor_class,citizen_network,citizen_network,freeze_as_is,1,01_actor_registry_initial_v0.csv,Freeze the analytical actor-class vocabulary while preserving actor-specific classification review.,A wrong class changes ecology counts and figure composition.,no,,freeze_candidate,"This is a schema/assignment candidate only; it does not approve actor scope, edges or substantive interpretation."
SF0080,actor_field,A027,公共事業改革市民会議,legal_status_guess,informal_or_npo,legal_form_unresolved,freeze_as_unresolved,1,01_actor_registry_initial_v0.csv,Move legal-form surface strings into controlled codes; unresolved codes do not assert法人格.,A wrong normalization could turn a guess into a false legal-status claim.,no,,freeze_candidate,"This is a schema/assignment candidate only; it does not approve actor scope, edges or substantive interpretation."
SF0081,actor_field,A027,公共事業改革市民会議,origin_type,japan_domestic,japan_domestic,freeze_as_is,1,01_actor_registry_initial_v0.csv,All seven observed origin codes already form a closed controlled set.,A wrong origin changes local/mainland/international layer comparisons.,no,,freeze_candidate,"This is a schema/assignment candidate only; it does not approve actor scope, edges or substantive interpretation."
SF0082,actor_field,A028,沖縄のための日米市民ネットワーク（JUCON）,actor_class,international_advocacy_actor,international_advocacy_actor,freeze_as_is,1,01_actor_registry_initial_v0.csv,Freeze the analytical actor-class vocabulary while preserving actor-specific classification review.,A wrong class changes ecology counts and figure composition.,no,,freeze_candidate,"This is a schema/assignment candidate only; it does not approve actor scope, edges or substantive interpretation."
SF0083,actor_field,A028,沖縄のための日米市民ネットワーク（JUCON）,legal_status_guess,network,legal_form_unresolved_network,freeze_as_unresolved,1,01_actor_registry_initial_v0.csv,Move legal-form surface strings into controlled codes; unresolved codes do not assert法人格.,A wrong normalization could turn a guess into a false legal-status claim.,no,,freeze_candidate,"This is a schema/assignment candidate only; it does not approve actor scope, edges or substantive interpretation."
SF0084,actor_field,A028,沖縄のための日米市民ネットワーク（JUCON）,origin_type,mixed_or_network,mixed_or_network,freeze_as_is,1,01_actor_registry_initial_v0.csv,All seven observed origin codes already form a closed controlled set.,A wrong origin changes local/mainland/international layer comparisons.,no,,freeze_candidate,"This is a schema/assignment candidate only; it does not approve actor scope, edges or substantive interpretation."
SF0085,actor_field,A029,沖縄・生物多様性市民ネットワーク,actor_class,citizen_network,citizen_network,freeze_as_is,1,01_actor_registry_initial_v0.csv,Freeze the analytical actor-class vocabulary while preserving actor-specific classification review.,A wrong class changes ecology counts and figure composition.,no,,freeze_candidate,"This is a schema/assignment candidate only; it does not approve actor scope, edges or substantive interpretation."
SF0086,actor_field,A029,沖縄・生物多様性市民ネットワーク,legal_status_guess,network,legal_form_unresolved_network,freeze_as_unresolved,1,01_actor_registry_initial_v0.csv,Move legal-form surface strings into controlled codes; unresolved codes do not assert法人格.,A wrong normalization could turn a guess into a false legal-status claim.,no,,freeze_candidate,"This is a schema/assignment candidate only; it does not approve actor scope, edges or substantive interpretation."
SF0087,actor_field,A029,沖縄・生物多様性市民ネットワーク,origin_type,okinawa_local,okinawa_local,freeze_as_is,1,01_actor_registry_initial_v0.csv,All seven observed origin codes already form a closed controlled set.,A wrong origin changes local/mainland/international layer comparisons.,no,,freeze_candidate,"This is a schema/assignment candidate only; it does not approve actor scope, edges or substantive interpretation."
SF0088,actor_field,A030,市川三番瀬を守る会,actor_class,domestic_japan_ngo,domestic_japan_ngo,freeze_as_is,1,01_actor_registry_initial_v0.csv,Freeze the analytical actor-class vocabulary while preserving actor-specific classification review.,A wrong class changes ecology counts and figure composition.,no,,freeze_candidate,"This is a schema/assignment candidate only; it does not approve actor scope, edges or substantive interpretation."
SF0089,actor_field,A030,市川三番瀬を守る会,legal_status_guess,citizen_group,legal_form_unresolved_citizen_group,freeze_as_unresolved,1,01_actor_registry_initial_v0.csv,Move legal-form surface strings into controlled codes; unresolved codes do not assert法人格.,A wrong normalization could turn a guess into a false legal-status claim.,no,,freeze_candidate,"This is a schema/assignment candidate only; it does not approve actor scope, edges or substantive interpretation."
SF0090,actor_field,A030,市川三番瀬を守る会,origin_type,japan_domestic,japan_domestic,freeze_as_is,1,01_actor_registry_initial_v0.csv,All seven observed origin codes already form a closed controlled set.,A wrong origin changes local/mainland/international layer comparisons.,no,,freeze_candidate,"This is a schema/assignment candidate only; it does not approve actor scope, edges or substantive interpretation."
SF0091,actor_field,A031,三番瀬のラムサール条約登録を実現する会,actor_class,domestic_japan_ngo,domestic_japan_ngo,freeze_as_is,1,01_actor_registry_initial_v0.csv,Freeze the analytical actor-class vocabulary while preserving actor-specific classification review.,A wrong class changes ecology counts and figure composition.,no,,freeze_candidate,"This is a schema/assignment candidate only; it does not approve actor scope, edges or substantive interpretation."
SF0092,actor_field,A031,三番瀬のラムサール条約登録を実現する会,legal_status_guess,citizen_group,legal_form_unresolved_citizen_group,freeze_as_unresolved,1,01_actor_registry_initial_v0.csv,Move legal-form surface strings into controlled codes; unresolved codes do not assert法人格.,A wrong normalization could turn a guess into a false legal-status claim.,no,,freeze_candidate,"This is a schema/assignment candidate only; it does not approve actor scope, edges or substantive interpretation."
SF0093,actor_field,A031,三番瀬のラムサール条約登録を実現する会,origin_type,japan_domestic,japan_domestic,freeze_as_is,1,01_actor_registry_initial_v0.csv,All seven observed origin codes already form a closed controlled set.,A wrong origin changes local/mainland/international layer comparisons.,no,,freeze_candidate,"This is a schema/assignment candidate only; it does not approve actor scope, edges or substantive interpretation."
SF0094,actor_field,A032,Peace Philosophy Centre,actor_class,international_advocacy_actor,international_advocacy_actor,freeze_as_is,1,01_actor_registry_initial_v0.csv,Freeze the analytical actor-class vocabulary while preserving actor-specific classification review.,A wrong class changes ecology counts and figure composition.,no,,freeze_candidate,"This is a schema/assignment candidate only; it does not approve actor scope, edges or substantive interpretation."
SF0095,actor_field,A032,Peace Philosophy Centre,legal_status_guess,project_or_network,legal_form_unresolved,freeze_as_unresolved,1,01_actor_registry_initial_v0.csv,Move legal-form surface strings into controlled codes; unresolved codes do not assert法人格.,A wrong normalization could turn a guess into a false legal-status claim.,no,,freeze_candidate,"This is a schema/assignment candidate only; it does not approve actor scope, edges or substantive interpretation."
SF0096,actor_field,A032,Peace Philosophy Centre,origin_type,international,international,freeze_as_is,1,01_actor_registry_initial_v0.csv,All seven observed origin codes already form a closed controlled set.,A wrong origin changes local/mainland/international layer comparisons.,no,,freeze_candidate,"This is a schema/assignment candidate only; it does not approve actor scope, edges or substantive interpretation."
SF0097,actor_field,A033,Friends of the Earth U.S.,actor_class,international_ngo,international_ngo,freeze_as_is,1,01_actor_registry_initial_v0.csv,Freeze the analytical actor-class vocabulary while preserving actor-specific classification review.,A wrong class changes ecology counts and figure composition.,no,,freeze_candidate,"This is a schema/assignment candidate only; it does not approve actor scope, edges or substantive interpretation."
SF0098,actor_field,A033,Friends of the Earth U.S.,legal_status_guess,ngo,nongovernmental_nonprofit,mechanical_normalize,1,01_actor_registry_initial_v0.csv,Move legal-form surface strings into controlled codes; unresolved codes do not assert法人格.,A wrong normalization could turn a guess into a false legal-status claim.,no,,freeze_candidate,"This is a schema/assignment candidate only; it does not approve actor scope, edges or substantive interpretation."
SF0099,actor_field,A033,Friends of the Earth U.S.,origin_type,us_origin,us_origin,freeze_as_is,1,01_actor_registry_initial_v0.csv,All seven observed origin codes already form a closed controlled set.,A wrong origin changes local/mainland/international layer comparisons.,no,,freeze_candidate,"This is a schema/assignment candidate only; it does not approve actor scope, edges or substantive interpretation."
SF0100,actor_field,A034,Korea Federation for Environmental Movements (KFEM),actor_class,international_ngo,international_ngo,freeze_as_is,1,01_actor_registry_initial_v0.csv,Freeze the analytical actor-class vocabulary while preserving actor-specific classification review.,A wrong class changes ecology counts and figure composition.,no,,freeze_candidate,"This is a schema/assignment candidate only; it does not approve actor scope, edges or substantive interpretation."
SF0101,actor_field,A034,Korea Federation for Environmental Movements (KFEM),legal_status_guess,ngo,nongovernmental_nonprofit,mechanical_normalize,1,01_actor_registry_initial_v0.csv,Move legal-form surface strings into controlled codes; unresolved codes do not assert法人格.,A wrong normalization could turn a guess into a false legal-status claim.,no,,freeze_candidate,"This is a schema/assignment candidate only; it does not approve actor scope, edges or substantive interpretation."
SF0102,actor_field,A034,Korea Federation for Environmental Movements (KFEM),origin_type,international,international,freeze_as_is,1,01_actor_registry_initial_v0.csv,All seven observed origin codes already form a closed controlled set.,A wrong origin changes local/mainland/international layer comparisons.,no,,freeze_candidate,"This is a schema/assignment candidate only; it does not approve actor scope, edges or substantive interpretation."
SF0103,actor_field,A035,Russian Social Ecological Union,actor_class,international_ngo,international_ngo,freeze_as_is,1,01_actor_registry_initial_v0.csv,Freeze the analytical actor-class vocabulary while preserving actor-specific classification review.,A wrong class changes ecology counts and figure composition.,no,,freeze_candidate,"This is a schema/assignment candidate only; it does not approve actor scope, edges or substantive interpretation."
SF0104,actor_field,A035,Russian Social Ecological Union,legal_status_guess,ngo,nongovernmental_nonprofit,mechanical_normalize,1,01_actor_registry_initial_v0.csv,Move legal-form surface strings into controlled codes; unresolved codes do not assert法人格.,A wrong normalization could turn a guess into a false legal-status claim.,no,,freeze_candidate,"This is a schema/assignment candidate only; it does not approve actor scope, edges or substantive interpretation."
SF0105,actor_field,A035,Russian Social Ecological Union,origin_type,international,international,freeze_as_is,1,01_actor_registry_initial_v0.csv,All seven observed origin codes already form a closed controlled set.,A wrong origin changes local/mainland/international layer comparisons.,no,,freeze_candidate,"This is a schema/assignment candidate only; it does not approve actor scope, edges or substantive interpretation."
SF0106,actor_field,A036,Friends of the Siberian Forests,actor_class,international_ngo,international_ngo,freeze_as_is,1,01_actor_registry_initial_v0.csv,Freeze the analytical actor-class vocabulary while preserving actor-specific classification review.,A wrong class changes ecology counts and figure composition.,no,,freeze_candidate,"This is a schema/assignment candidate only; it does not approve actor scope, edges or substantive interpretation."
SF0107,actor_field,A036,Friends of the Siberian Forests,legal_status_guess,ngo,nongovernmental_nonprofit,mechanical_normalize,1,01_actor_registry_initial_v0.csv,Move legal-form surface strings into controlled codes; unresolved codes do not assert法人格.,A wrong normalization could turn a guess into a false legal-status claim.,no,,freeze_candidate,"This is a schema/assignment candidate only; it does not approve actor scope, edges or substantive interpretation."
SF0108,actor_field,A036,Friends of the Siberian Forests,origin_type,international,international,freeze_as_is,1,01_actor_registry_initial_v0.csv,All seven observed origin codes already form a closed controlled set.,A wrong origin changes local/mainland/international layer comparisons.,no,,freeze_candidate,"This is a schema/assignment candidate only; it does not approve actor scope, edges or substantive interpretation."
SF0109,actor_field,A037,Centre for Environmental Justice,actor_class,international_ngo,international_ngo,freeze_as_is,1,01_actor_registry_initial_v0.csv,Freeze the analytical actor-class vocabulary while preserving actor-specific classification review.,A wrong class changes ecology counts and figure composition.,no,,freeze_candidate,"This is a schema/assignment candidate only; it does not approve actor scope, edges or substantive interpretation."
SF0110,actor_field,A037,Centre for Environmental Justice,legal_status_guess,ngo,nongovernmental_nonprofit,mechanical_normalize,1,01_actor_registry_initial_v0.csv,Move legal-form surface strings into controlled codes; unresolved codes do not assert法人格.,A wrong normalization could turn a guess into a false legal-status claim.,no,,freeze_candidate,"This is a schema/assignment candidate only; it does not approve actor scope, edges or substantive interpretation."
SF0111,actor_field,A037,Centre for Environmental Justice,origin_type,international,international,freeze_as_is,1,01_actor_registry_initial_v0.csv,All seven observed origin codes already form a closed controlled set.,A wrong origin changes local/mainland/international layer comparisons.,no,,freeze_candidate,"This is a schema/assignment candidate only; it does not approve actor scope, edges or substantive interpretation."
SF0112,actor_field,A038,Sahabat Alam Malaysia,actor_class,international_ngo,international_ngo,freeze_as_is,1,01_actor_registry_initial_v0.csv,Freeze the analytical actor-class vocabulary while preserving actor-specific classification review.,A wrong class changes ecology counts and figure composition.,no,,freeze_candidate,"This is a schema/assignment candidate only; it does not approve actor scope, edges or substantive interpretation."
SF0113,actor_field,A038,Sahabat Alam Malaysia,legal_status_guess,ngo,nongovernmental_nonprofit,mechanical_normalize,1,01_actor_registry_initial_v0.csv,Move legal-form surface strings into controlled codes; unresolved codes do not assert法人格.,A wrong normalization could turn a guess into a false legal-status claim.,no,,freeze_candidate,"This is a schema/assignment candidate only; it does not approve actor scope, edges or substantive interpretation."
SF0114,actor_field,A038,Sahabat Alam Malaysia,origin_type,international,international,freeze_as_is,1,01_actor_registry_initial_v0.csv,All seven observed origin codes already form a closed controlled set.,A wrong origin changes local/mainland/international layer comparisons.,no,,freeze_candidate,"This is a schema/assignment candidate only; it does not approve actor scope, edges or substantive interpretation."
SF0115,actor_field,A039,The Legal Rights and Natural Resources Center-Kasama sa Kalikasan,actor_class,international_ngo,international_ngo,freeze_as_is,1,01_actor_registry_initial_v0.csv,Freeze the analytical actor-class vocabulary while preserving actor-specific classification review.,A wrong class changes ecology counts and figure composition.,no,,freeze_candidate,"This is a schema/assignment candidate only; it does not approve actor scope, edges or substantive interpretation."
SF0116,actor_field,A039,The Legal Rights and Natural Resources Center-Kasama sa Kalikasan,legal_status_guess,ngo,nongovernmental_nonprofit,mechanical_normalize,1,01_actor_registry_initial_v0.csv,Move legal-form surface strings into controlled codes; unresolved codes do not assert法人格.,A wrong normalization could turn a guess into a false legal-status claim.,no,,freeze_candidate,"This is a schema/assignment candidate only; it does not approve actor scope, edges or substantive interpretation."
SF0117,actor_field,A039,The Legal Rights and Natural Resources Center-Kasama sa Kalikasan,origin_type,international,international,freeze_as_is,1,01_actor_registry_initial_v0.csv,All seven observed origin codes already form a closed controlled set.,A wrong origin changes local/mainland/international layer comparisons.,no,,freeze_candidate,"This is a schema/assignment candidate only; it does not approve actor scope, edges or substantive interpretation."
SF0118,actor_field,A040,Forum for Protection of Public Interest (Pro Public),actor_class,international_ngo,international_ngo,freeze_as_is,1,01_actor_registry_initial_v0.csv,Freeze the analytical actor-class vocabulary while preserving actor-specific classification review.,A wrong class changes ecology counts and figure composition.,no,,freeze_candidate,"This is a schema/assignment candidate only; it does not approve actor scope, edges or substantive interpretation."
SF0119,actor_field,A040,Forum for Protection of Public Interest (Pro Public),legal_status_guess,ngo,nongovernmental_nonprofit,mechanical_normalize,1,01_actor_registry_initial_v0.csv,Move legal-form surface strings into controlled codes; unresolved codes do not assert法人格.,A wrong normalization could turn a guess into a false legal-status claim.,no,,freeze_candidate,"This is a schema/assignment candidate only; it does not approve actor scope, edges or substantive interpretation."
SF0120,actor_field,A040,Forum for Protection of Public Interest (Pro Public),origin_type,international,international,freeze_as_is,1,01_actor_registry_initial_v0.csv,All seven observed origin codes already form a closed controlled set.,A wrong origin changes local/mainland/international layer comparisons.,no,,freeze_candidate,"This is a schema/assignment candidate only; it does not approve actor scope, edges or substantive interpretation."
SF0121,actor_field,A041,Friends of the Earth Brisbane,actor_class,international_ngo,international_ngo,freeze_as_is,1,01_actor_registry_initial_v0.csv,Freeze the analytical actor-class vocabulary while preserving actor-specific classification review.,A wrong class changes ecology counts and figure composition.,no,,freeze_candidate,"This is a schema/assignment candidate only; it does not approve actor scope, edges or substantive interpretation."
SF0122,actor_field,A041,Friends of the Earth Brisbane,legal_status_guess,ngo,nongovernmental_nonprofit,mechanical_normalize,1,01_actor_registry_initial_v0.csv,Move legal-form surface strings into controlled codes; unresolved codes do not assert法人格.,A wrong normalization could turn a guess into a false legal-status claim.,no,,freeze_candidate,"This is a schema/assignment candidate only; it does not approve actor scope, edges or substantive interpretation."
SF0123,actor_field,A041,Friends of the Earth Brisbane,origin_type,international,international,freeze_as_is,1,01_actor_registry_initial_v0.csv,All seven observed origin codes already form a closed controlled set.,A wrong origin changes local/mainland/international layer comparisons.,no,,freeze_candidate,"This is a schema/assignment candidate only; it does not approve actor scope, edges or substantive interpretation."
SF0124,actor_field,A042,Pacific Environment,actor_class,international_ngo,international_ngo,freeze_as_is,1,01_actor_registry_initial_v0.csv,Freeze the analytical actor-class vocabulary while preserving actor-specific classification review.,A wrong class changes ecology counts and figure composition.,no,,freeze_candidate,"This is a schema/assignment candidate only; it does not approve actor scope, edges or substantive interpretation."
SF0125,actor_field,A042,Pacific Environment,legal_status_guess,ngo,nongovernmental_nonprofit,mechanical_normalize,1,01_actor_registry_initial_v0.csv,Move legal-form surface strings into controlled codes; unresolved codes do not assert法人格.,A wrong normalization could turn a guess into a false legal-status claim.,no,,freeze_candidate,"This is a schema/assignment candidate only; it does not approve actor scope, edges or substantive interpretation."
SF0126,actor_field,A042,Pacific Environment,origin_type,us_origin,us_origin,freeze_as_is,1,01_actor_registry_initial_v0.csv,All seven observed origin codes already form a closed controlled set.,A wrong origin changes local/mainland/international layer comparisons.,no,,freeze_candidate,"This is a schema/assignment candidate only; it does not approve actor scope, edges or substantive interpretation."
SF0127,actor_field,A043,PENGON-FoE Palestine,actor_class,international_ngo,international_ngo,freeze_as_is,1,01_actor_registry_initial_v0.csv,Freeze the analytical actor-class vocabulary while preserving actor-specific classification review.,A wrong class changes ecology counts and figure composition.,no,,freeze_candidate,"This is a schema/assignment candidate only; it does not approve actor scope, edges or substantive interpretation."
SF0128,actor_field,A043,PENGON-FoE Palestine,legal_status_guess,ngo,nongovernmental_nonprofit,mechanical_normalize,1,01_actor_registry_initial_v0.csv,Move legal-form surface strings into controlled codes; unresolved codes do not assert法人格.,A wrong normalization could turn a guess into a false legal-status claim.,no,,freeze_candidate,"This is a schema/assignment candidate only; it does not approve actor scope, edges or substantive interpretation."
SF0129,actor_field,A043,PENGON-FoE Palestine,origin_type,international,international,freeze_as_is,1,01_actor_registry_initial_v0.csv,All seven observed origin codes already form a closed controlled set.,A wrong origin changes local/mainland/international layer comparisons.,no,,freeze_candidate,"This is a schema/assignment candidate only; it does not approve actor scope, edges or substantive interpretation."
SF0130,actor_field,A044,Naturvernforbundet / Norwegian Society for the Conservation of Nature,actor_class,international_ngo,international_ngo,freeze_as_is,1,01_actor_registry_initial_v0.csv,Freeze the analytical actor-class vocabulary while preserving actor-specific classification review.,A wrong class changes ecology counts and figure composition.,no,,freeze_candidate,"This is a schema/assignment candidate only; it does not approve actor scope, edges or substantive interpretation."
SF0131,actor_field,A044,Naturvernforbundet / Norwegian Society for the Conservation of Nature,legal_status_guess,ngo,nongovernmental_nonprofit,mechanical_normalize,1,01_actor_registry_initial_v0.csv,Move legal-form surface strings into controlled codes; unresolved codes do not assert法人格.,A wrong normalization could turn a guess into a false legal-status claim.,no,,freeze_candidate,"This is a schema/assignment candidate only; it does not approve actor scope, edges or substantive interpretation."
SF0132,actor_field,A044,Naturvernforbundet / Norwegian Society for the Conservation of Nature,origin_type,international,international,freeze_as_is,1,01_actor_registry_initial_v0.csv,All seven observed origin codes already form a closed controlled set.,A wrong origin changes local/mainland/international layer comparisons.,no,,freeze_candidate,"This is a schema/assignment candidate only; it does not approve actor scope, edges or substantive interpretation."
SF0133,actor_field,A045,Center for Biological Diversity,actor_class,international_ngo,international_ngo,freeze_as_is,1,01_actor_registry_initial_v0.csv,Freeze the analytical actor-class vocabulary while preserving actor-specific classification review.,A wrong class changes ecology counts and figure composition.,no,,freeze_candidate,"This is a schema/assignment candidate only; it does not approve actor scope, edges or substantive interpretation."
SF0134,actor_field,A045,Center for Biological Diversity,legal_status_guess,ngo,nongovernmental_nonprofit,mechanical_normalize,1,01_actor_registry_initial_v0.csv,Move legal-form surface strings into controlled codes; unresolved codes do not assert法人格.,A wrong normalization could turn a guess into a false legal-status claim.,no,,freeze_candidate,"This is a schema/assignment candidate only; it does not approve actor scope, edges or substantive interpretation."
SF0135,actor_field,A045,Center for Biological Diversity,origin_type,us_origin,us_origin,freeze_as_is,1,01_actor_registry_initial_v0.csv,All seven observed origin codes already form a closed controlled set.,A wrong origin changes local/mainland/international layer comparisons.,no,,freeze_candidate,"This is a schema/assignment candidate only; it does not approve actor scope, edges or substantive interpretation."
SF0136,actor_field,A046,Pro Natura,actor_class,international_ngo,international_ngo,freeze_as_is,1,01_actor_registry_initial_v0.csv,Freeze the analytical actor-class vocabulary while preserving actor-specific classification review.,A wrong class changes ecology counts and figure composition.,no,,freeze_candidate,"This is a schema/assignment candidate only; it does not approve actor scope, edges or substantive interpretation."
SF0137,actor_field,A046,Pro Natura,legal_status_guess,ngo,nongovernmental_nonprofit,mechanical_normalize,1,01_actor_registry_initial_v0.csv,Move legal-form surface strings into controlled codes; unresolved codes do not assert法人格.,A wrong normalization could turn a guess into a false legal-status claim.,no,,freeze_candidate,"This is a schema/assignment candidate only; it does not approve actor scope, edges or substantive interpretation."
SF0138,actor_field,A046,Pro Natura,origin_type,international,international,freeze_as_is,1,01_actor_registry_initial_v0.csv,All seven observed origin codes already form a closed controlled set.,A wrong origin changes local/mainland/international layer comparisons.,no,,freeze_candidate,"This is a schema/assignment candidate only; it does not approve actor scope, edges or substantive interpretation."
SF0139,actor_field,A047,沖縄平和運動センター,actor_class,citizen_network,citizen_network,freeze_as_is,1,01_actor_registry_initial_v0.csv,Freeze the analytical actor-class vocabulary while preserving actor-specific classification review.,A wrong class changes ecology counts and figure composition.,no,,freeze_candidate,"This is a schema/assignment candidate only; it does not approve actor scope, edges or substantive interpretation."
SF0140,actor_field,A047,沖縄平和運動センター,legal_status_guess,social_movement_center,legal_form_unresolved_social_movement_center,freeze_as_unresolved,1,01_actor_registry_initial_v0.csv,Move legal-form surface strings into controlled codes; unresolved codes do not assert法人格.,A wrong normalization could turn a guess into a false legal-status claim.,no,,freeze_candidate,"This is a schema/assignment candidate only; it does not approve actor scope, edges or substantive interpretation."
SF0141,actor_field,A047,沖縄平和運動センター,origin_type,okinawa_local,okinawa_local,freeze_as_is,1,01_actor_registry_initial_v0.csv,All seven observed origin codes already form a closed controlled set.,A wrong origin changes local/mainland/international layer comparisons.,no,,freeze_candidate,"This is a schema/assignment candidate only; it does not approve actor scope, edges or substantive interpretation."
SF0142,actor_field,A048,沖縄一坪反戦地主会,actor_class,citizen_group,citizen_group,freeze_as_is,1,01_actor_registry_initial_v0.csv,Freeze the analytical actor-class vocabulary while preserving actor-specific classification review.,A wrong class changes ecology counts and figure composition.,no,,freeze_candidate,"This is a schema/assignment candidate only; it does not approve actor scope, edges or substantive interpretation."
SF0143,actor_field,A048,沖縄一坪反戦地主会,legal_status_guess,informal_association,informal_association,freeze_as_is,1,01_actor_registry_initial_v0.csv,Move legal-form surface strings into controlled codes; unresolved codes do not assert法人格.,A wrong normalization could turn a guess into a false legal-status claim.,no,,freeze_candidate,"This is a schema/assignment candidate only; it does not approve actor scope, edges or substantive interpretation."
SF0144,actor_field,A048,沖縄一坪反戦地主会,origin_type,okinawa_local,okinawa_local,freeze_as_is,1,01_actor_registry_initial_v0.csv,All seven observed origin codes already form a closed controlled set.,A wrong origin changes local/mainland/international layer comparisons.,no,,freeze_candidate,"This is a schema/assignment candidate only; it does not approve actor scope, edges or substantive interpretation."
SF0145,actor_field,A049,基地・軍隊を許さない行動する女たちの会,actor_class,citizen_group,citizen_group,freeze_as_is,1,01_actor_registry_initial_v0.csv,Freeze the analytical actor-class vocabulary while preserving actor-specific classification review.,A wrong class changes ecology counts and figure composition.,no,,freeze_candidate,"This is a schema/assignment candidate only; it does not approve actor scope, edges or substantive interpretation."
SF0146,actor_field,A049,基地・軍隊を許さない行動する女たちの会,legal_status_guess,informal,informal_association,mechanical_normalize,1,01_actor_registry_initial_v0.csv,Move legal-form surface strings into controlled codes; unresolved codes do not assert法人格.,A wrong normalization could turn a guess into a false legal-status claim.,no,,freeze_candidate,"This is a schema/assignment candidate only; it does not approve actor scope, edges or substantive interpretation."
SF0147,actor_field,A049,基地・軍隊を許さない行動する女たちの会,origin_type,okinawa_local,okinawa_local,freeze_as_is,1,01_actor_registry_initial_v0.csv,All seven observed origin codes already form a closed controlled set.,A wrong origin changes local/mainland/international layer comparisons.,no,,freeze_candidate,"This is a schema/assignment candidate only; it does not approve actor scope, edges or substantive interpretation."
SF0148,actor_field,A050,沖縄弁護士会,actor_class,lawyers_network,lawyers_network,freeze_as_is,1,01_actor_registry_initial_v0.csv,Freeze the analytical actor-class vocabulary while preserving actor-specific classification review.,A wrong class changes ecology counts and figure composition.,no,,freeze_candidate,"This is a schema/assignment candidate only; it does not approve actor scope, edges or substantive interpretation."
SF0149,actor_field,A050,沖縄弁護士会,legal_status_guess,professional_association,professional_association,freeze_as_is,1,01_actor_registry_initial_v0.csv,Move legal-form surface strings into controlled codes; unresolved codes do not assert法人格.,A wrong normalization could turn a guess into a false legal-status claim.,no,,freeze_candidate,"This is a schema/assignment candidate only; it does not approve actor scope, edges or substantive interpretation."
SF0150,actor_field,A050,沖縄弁護士会,origin_type,okinawa_local,okinawa_local,freeze_as_is,1,01_actor_registry_initial_v0.csv,All seven observed origin codes already form a closed controlled set.,A wrong origin changes local/mainland/international layer comparisons.,no,,freeze_candidate,"This is a schema/assignment candidate only; it does not approve actor scope, edges or substantive interpretation."
SF0151,actor_field,A051,「辺野古」県民投票の会,actor_class,citizen_group,citizen_group,freeze_as_is,1,01_actor_registry_initial_v0.csv,Freeze the analytical actor-class vocabulary while preserving actor-specific classification review.,A wrong class changes ecology counts and figure composition.,no,,freeze_candidate,"This is a schema/assignment candidate only; it does not approve actor scope, edges or substantive interpretation."
SF0152,actor_field,A051,「辺野古」県民投票の会,legal_status_guess,informal,informal_association,mechanical_normalize,1,01_actor_registry_initial_v0.csv,Move legal-form surface strings into controlled codes; unresolved codes do not assert法人格.,A wrong normalization could turn a guess into a false legal-status claim.,no,,freeze_candidate,"This is a schema/assignment candidate only; it does not approve actor scope, edges or substantive interpretation."
SF0153,actor_field,A051,「辺野古」県民投票の会,origin_type,okinawa_local,okinawa_local,freeze_as_is,1,01_actor_registry_initial_v0.csv,All seven observed origin codes already form a closed controlled set.,A wrong origin changes local/mainland/international layer comparisons.,no,,freeze_candidate,"This is a schema/assignment candidate only; it does not approve actor scope, edges or substantive interpretation."
SF0154,actor_field,A052,嘉手納基地爆音差止訴訟原告団,actor_class,citizen_group,citizen_group,freeze_as_is,1,01_actor_registry_initial_v0.csv,Freeze the analytical actor-class vocabulary while preserving actor-specific classification review.,A wrong class changes ecology counts and figure composition.,no,,freeze_candidate,"This is a schema/assignment candidate only; it does not approve actor scope, edges or substantive interpretation."
SF0155,actor_field,A052,嘉手納基地爆音差止訴訟原告団,legal_status_guess,litigation_group,litigation_group,freeze_as_is,1,01_actor_registry_initial_v0.csv,Move legal-form surface strings into controlled codes; unresolved codes do not assert法人格.,A wrong normalization could turn a guess into a false legal-status claim.,no,,freeze_candidate,"This is a schema/assignment candidate only; it does not approve actor scope, edges or substantive interpretation."
SF0156,actor_field,A052,嘉手納基地爆音差止訴訟原告団,origin_type,okinawa_local,okinawa_local,freeze_as_is,1,01_actor_registry_initial_v0.csv,All seven observed origin codes already form a closed controlled set.,A wrong origin changes local/mainland/international layer comparisons.,no,,freeze_candidate,"This is a schema/assignment candidate only; it does not approve actor scope, edges or substantive interpretation."
SF0157,actor_field,A053,普天間基地爆音訴訟団,actor_class,citizen_group,citizen_group,freeze_as_is,1,01_actor_registry_initial_v0.csv,Freeze the analytical actor-class vocabulary while preserving actor-specific classification review.,A wrong class changes ecology counts and figure composition.,no,,freeze_candidate,"This is a schema/assignment candidate only; it does not approve actor scope, edges or substantive interpretation."
SF0158,actor_field,A053,普天間基地爆音訴訟団,legal_status_guess,litigation_group,litigation_group,freeze_as_is,1,01_actor_registry_initial_v0.csv,Move legal-form surface strings into controlled codes; unresolved codes do not assert法人格.,A wrong normalization could turn a guess into a false legal-status claim.,no,,freeze_candidate,"This is a schema/assignment candidate only; it does not approve actor scope, edges or substantive interpretation."
SF0159,actor_field,A053,普天間基地爆音訴訟団,origin_type,okinawa_local,okinawa_local,freeze_as_is,1,01_actor_registry_initial_v0.csv,All seven observed origin codes already form a closed controlled set.,A wrong origin changes local/mainland/international layer comparisons.,no,,freeze_candidate,"This is a schema/assignment candidate only; it does not approve actor scope, edges or substantive interpretation."
SF0160,actor_field,A054,沖縄人権協会,actor_class,local_civic_actor,local_civic_actor,freeze_as_is,1,01_actor_registry_initial_v0.csv,Freeze the analytical actor-class vocabulary while preserving actor-specific classification review.,A wrong class changes ecology counts and figure composition.,no,,freeze_candidate,"This is a schema/assignment candidate only; it does not approve actor scope, edges or substantive interpretation."
SF0161,actor_field,A054,沖縄人権協会,legal_status_guess,npo_or_association,nonprofit_form_unresolved,freeze_as_unresolved,1,01_actor_registry_initial_v0.csv,Move legal-form surface strings into controlled codes; unresolved codes do not assert法人格.,A wrong normalization could turn a guess into a false legal-status claim.,no,,freeze_candidate,"This is a schema/assignment candidate only; it does not approve actor scope, edges or substantive interpretation."
SF0162,actor_field,A054,沖縄人権協会,origin_type,okinawa_local,okinawa_local,freeze_as_is,1,01_actor_registry_initial_v0.csv,All seven observed origin codes already form a closed controlled set.,A wrong origin changes local/mainland/international layer comparisons.,no,,freeze_candidate,"This is a schema/assignment candidate only; it does not approve actor scope, edges or substantive interpretation."
SF0163,actor_field,A055,泡瀬干潟を守る連絡会,actor_class,citizen_network,citizen_network,freeze_as_is,1,01_actor_registry_initial_v0.csv,Freeze the analytical actor-class vocabulary while preserving actor-specific classification review.,A wrong class changes ecology counts and figure composition.,no,,freeze_candidate,"This is a schema/assignment candidate only; it does not approve actor scope, edges or substantive interpretation."
SF0164,actor_field,A055,泡瀬干潟を守る連絡会,legal_status_guess,informal,informal_association,mechanical_normalize,1,01_actor_registry_initial_v0.csv,Move legal-form surface strings into controlled codes; unresolved codes do not assert法人格.,A wrong normalization could turn a guess into a false legal-status claim.,no,,freeze_candidate,"This is a schema/assignment candidate only; it does not approve actor scope, edges or substantive interpretation."
SF0165,actor_field,A055,泡瀬干潟を守る連絡会,origin_type,okinawa_local,okinawa_local,freeze_as_is,1,01_actor_registry_initial_v0.csv,All seven observed origin codes already form a closed controlled set.,A wrong origin changes local/mainland/international layer comparisons.,no,,freeze_candidate,"This is a schema/assignment candidate only; it does not approve actor scope, edges or substantive interpretation."
SF0166,actor_field,A056,沖縄環境ネットワーク,actor_class,citizen_network,citizen_network,freeze_as_is,1,01_actor_registry_initial_v0.csv,Freeze the analytical actor-class vocabulary while preserving actor-specific classification review.,A wrong class changes ecology counts and figure composition.,no,,freeze_candidate,"This is a schema/assignment candidate only; it does not approve actor scope, edges or substantive interpretation."
SF0167,actor_field,A056,沖縄環境ネットワーク,legal_status_guess,informal_network,informal_network,freeze_as_is,1,01_actor_registry_initial_v0.csv,Move legal-form surface strings into controlled codes; unresolved codes do not assert法人格.,A wrong normalization could turn a guess into a false legal-status claim.,no,,freeze_candidate,"This is a schema/assignment candidate only; it does not approve actor scope, edges or substantive interpretation."
SF0168,actor_field,A056,沖縄環境ネットワーク,origin_type,okinawa_local,okinawa_local,freeze_as_is,1,01_actor_registry_initial_v0.csv,All seven observed origin codes already form a closed controlled set.,A wrong origin changes local/mainland/international layer comparisons.,no,,freeze_candidate,"This is a schema/assignment candidate only; it does not approve actor scope, edges or substantive interpretation."
SF0169,actor_field,A057,沖縄意見広告運動,actor_class,citizen_network,citizen_network,freeze_as_is,1,01_actor_registry_initial_v0.csv,Freeze the analytical actor-class vocabulary while preserving actor-specific classification review.,A wrong class changes ecology counts and figure composition.,no,,freeze_candidate,"This is a schema/assignment candidate only; it does not approve actor scope, edges or substantive interpretation."
SF0170,actor_field,A057,沖縄意見広告運動,legal_status_guess,informal,informal_association,mechanical_normalize,1,01_actor_registry_initial_v0.csv,Move legal-form surface strings into controlled codes; unresolved codes do not assert法人格.,A wrong normalization could turn a guess into a false legal-status claim.,no,,freeze_candidate,"This is a schema/assignment candidate only; it does not approve actor scope, edges or substantive interpretation."
SF0171,actor_field,A057,沖縄意見広告運動,origin_type,okinawa_local,okinawa_local,freeze_as_is,1,01_actor_registry_initial_v0.csv,All seven observed origin codes already form a closed controlled set.,A wrong origin changes local/mainland/international layer comparisons.,no,,freeze_candidate,"This is a schema/assignment candidate only; it does not approve actor scope, edges or substantive interpretation."
SF0172,actor_field,A058,沖縄県統一連（沖縄県統一行動連絡会議）,actor_class,citizen_network,citizen_network,freeze_as_is,1,01_actor_registry_initial_v0.csv,Freeze the analytical actor-class vocabulary while preserving actor-specific classification review.,A wrong class changes ecology counts and figure composition.,no,,freeze_candidate,"This is a schema/assignment candidate only; it does not approve actor scope, edges or substantive interpretation."
SF0173,actor_field,A058,沖縄県統一連（沖縄県統一行動連絡会議）,legal_status_guess,informal_network,informal_network,freeze_as_is,1,01_actor_registry_initial_v0.csv,Move legal-form surface strings into controlled codes; unresolved codes do not assert法人格.,A wrong normalization could turn a guess into a false legal-status claim.,no,,freeze_candidate,"This is a schema/assignment candidate only; it does not approve actor scope, edges or substantive interpretation."
SF0174,actor_field,A058,沖縄県統一連（沖縄県統一行動連絡会議）,origin_type,okinawa_local,okinawa_local,freeze_as_is,1,01_actor_registry_initial_v0.csv,All seven observed origin codes already form a closed controlled set.,A wrong origin changes local/mainland/international layer comparisons.,no,,freeze_candidate,"This is a schema/assignment candidate only; it does not approve actor scope, edges or substantive interpretation."
SF0175,actor_field,A059,島ぐるみ会議,actor_class,citizen_network,citizen_network,freeze_as_is,1,01_actor_registry_initial_v0.csv,Freeze the analytical actor-class vocabulary while preserving actor-specific classification review.,A wrong class changes ecology counts and figure composition.,no,,freeze_candidate,"This is a schema/assignment candidate only; it does not approve actor scope, edges or substantive interpretation."
SF0176,actor_field,A059,島ぐるみ会議,legal_status_guess,informal_network,informal_network,freeze_as_is,1,01_actor_registry_initial_v0.csv,Move legal-form surface strings into controlled codes; unresolved codes do not assert法人格.,A wrong normalization could turn a guess into a false legal-status claim.,no,,freeze_candidate,"This is a schema/assignment candidate only; it does not approve actor scope, edges or substantive interpretation."
SF0177,actor_field,A059,島ぐるみ会議,origin_type,okinawa_local,okinawa_local,freeze_as_is,1,01_actor_registry_initial_v0.csv,All seven observed origin codes already form a closed controlled set.,A wrong origin changes local/mainland/international layer comparisons.,no,,freeze_candidate,"This is a schema/assignment candidate only; it does not approve actor scope, edges or substantive interpretation."
SF0178,actor_field,A060,高江のヘリパッドいらない住民の会,actor_class,citizen_group,citizen_group,freeze_as_is,1,01_actor_registry_initial_v0.csv,Freeze the analytical actor-class vocabulary while preserving actor-specific classification review.,A wrong class changes ecology counts and figure composition.,no,,freeze_candidate,"This is a schema/assignment candidate only; it does not approve actor scope, edges or substantive interpretation."
SF0179,actor_field,A060,高江のヘリパッドいらない住民の会,legal_status_guess,informal,informal_association,mechanical_normalize,1,01_actor_registry_initial_v0.csv,Move legal-form surface strings into controlled codes; unresolved codes do not assert法人格.,A wrong normalization could turn a guess into a false legal-status claim.,no,,freeze_candidate,"This is a schema/assignment candidate only; it does not approve actor scope, edges or substantive interpretation."
SF0180,actor_field,A060,高江のヘリパッドいらない住民の会,origin_type,okinawa_local,okinawa_local,freeze_as_is,1,01_actor_registry_initial_v0.csv,All seven observed origin codes already form a closed controlled set.,A wrong origin changes local/mainland/international layer comparisons.,no,,freeze_candidate,"This is a schema/assignment candidate only; it does not approve actor scope, edges or substantive interpretation."
SF0181,actor_field,A061,日本野鳥の会,actor_class,domestic_japan_ngo,domestic_japan_ngo,freeze_as_is,1,01_actor_registry_initial_v0.csv,Freeze the analytical actor-class vocabulary while preserving actor-specific classification review.,A wrong class changes ecology counts and figure composition.,no,,freeze_candidate,"This is a schema/assignment candidate only; it does not approve actor scope, edges or substantive interpretation."
SF0182,actor_field,A061,日本野鳥の会,legal_status_guess,public_interest_foundation,public_interest_incorporated_foundation,mechanical_normalize,1,01_actor_registry_initial_v0.csv,Move legal-form surface strings into controlled codes; unresolved codes do not assert法人格.,A wrong normalization could turn a guess into a false legal-status claim.,no,,freeze_candidate,"This is a schema/assignment candidate only; it does not approve actor scope, edges or substantive interpretation."
SF0183,actor_field,A061,日本野鳥の会,origin_type,japan_domestic,japan_domestic,freeze_as_is,1,01_actor_registry_initial_v0.csv,All seven observed origin codes already form a closed controlled set.,A wrong origin changes local/mainland/international layer comparisons.,no,,freeze_candidate,"This is a schema/assignment candidate only; it does not approve actor scope, edges or substantive interpretation."
SF0184,actor_field,A062,日本湿地ネットワーク（JAWAN）,actor_class,domestic_japan_ngo,domestic_japan_ngo,freeze_as_is,1,01_actor_registry_initial_v0.csv,Freeze the analytical actor-class vocabulary while preserving actor-specific classification review.,A wrong class changes ecology counts and figure composition.,no,,freeze_candidate,"This is a schema/assignment candidate only; it does not approve actor scope, edges or substantive interpretation."
SF0185,actor_field,A062,日本湿地ネットワーク（JAWAN）,legal_status_guess,ngo,nongovernmental_nonprofit,mechanical_normalize,1,01_actor_registry_initial_v0.csv,Move legal-form surface strings into controlled codes; unresolved codes do not assert法人格.,A wrong normalization could turn a guess into a false legal-status claim.,no,,freeze_candidate,"This is a schema/assignment candidate only; it does not approve actor scope, edges or substantive interpretation."
SF0186,actor_field,A062,日本湿地ネットワーク（JAWAN）,origin_type,japan_domestic,japan_domestic,freeze_as_is,1,01_actor_registry_initial_v0.csv,All seven observed origin codes already form a closed controlled set.,A wrong origin changes local/mainland/international layer comparisons.,no,,freeze_candidate,"This is a schema/assignment candidate only; it does not approve actor scope, edges or substantive interpretation."
SF0187,actor_field,A063,一坪反戦地主会関東ブロック,actor_class,citizen_group,citizen_group,freeze_as_is,1,01_actor_registry_initial_v0.csv,Freeze the analytical actor-class vocabulary while preserving actor-specific classification review.,A wrong class changes ecology counts and figure composition.,no,,freeze_candidate,"This is a schema/assignment candidate only; it does not approve actor scope, edges or substantive interpretation."
SF0188,actor_field,A063,一坪反戦地主会関東ブロック,legal_status_guess,informal,informal_association,mechanical_normalize,1,01_actor_registry_initial_v0.csv,Move legal-form surface strings into controlled codes; unresolved codes do not assert法人格.,A wrong normalization could turn a guess into a false legal-status claim.,no,,freeze_candidate,"This is a schema/assignment candidate only; it does not approve actor scope, edges or substantive interpretation."
SF0189,actor_field,A063,一坪反戦地主会関東ブロック,origin_type,japan_domestic,japan_domestic,freeze_as_is,1,01_actor_registry_initial_v0.csv,All seven observed origin codes already form a closed controlled set.,A wrong origin changes local/mainland/international layer comparisons.,no,,freeze_candidate,"This is a schema/assignment candidate only; it does not approve actor scope, edges or substantive interpretation."
SF0190,actor_field,A064,外国軍事基地撤去国際ネットワーク（No Bases Network）,actor_class,international_advocacy_actor,international_advocacy_actor,freeze_as_is,1,01_actor_registry_initial_v0.csv,Freeze the analytical actor-class vocabulary while preserving actor-specific classification review.,A wrong class changes ecology counts and figure composition.,no,,freeze_candidate,"This is a schema/assignment candidate only; it does not approve actor scope, edges or substantive interpretation."
SF0191,actor_field,A064,外国軍事基地撤去国際ネットワーク（No Bases Network）,legal_status_guess,network,legal_form_unresolved_network,freeze_as_unresolved,1,01_actor_registry_initial_v0.csv,Move legal-form surface strings into controlled codes; unresolved codes do not assert法人格.,A wrong normalization could turn a guess into a false legal-status claim.,no,,freeze_candidate,"This is a schema/assignment candidate only; it does not approve actor scope, edges or substantive interpretation."
SF0192,actor_field,A064,外国軍事基地撤去国際ネットワーク（No Bases Network）,origin_type,international,international,freeze_as_is,1,01_actor_registry_initial_v0.csv,All seven observed origin codes already form a closed controlled set.,A wrong origin changes local/mainland/international layer comparisons.,no,,freeze_candidate,"This is a schema/assignment candidate only; it does not approve actor scope, edges or substantive interpretation."
SF0193,actor_field,A065,南西諸島ピースネット,actor_class,citizen_network,citizen_network,freeze_as_is,1,01_actor_registry_initial_v0.csv,Freeze the analytical actor-class vocabulary while preserving actor-specific classification review.,A wrong class changes ecology counts and figure composition.,no,,freeze_candidate,"This is a schema/assignment candidate only; it does not approve actor scope, edges or substantive interpretation."
SF0194,actor_field,A065,南西諸島ピースネット,legal_status_guess,informal_network,informal_network,freeze_as_is,1,01_actor_registry_initial_v0.csv,Move legal-form surface strings into controlled codes; unresolved codes do not assert法人格.,A wrong normalization could turn a guess into a false legal-status claim.,no,,freeze_candidate,"This is a schema/assignment candidate only; it does not approve actor scope, edges or substantive interpretation."
SF0195,actor_field,A065,南西諸島ピースネット,origin_type,okinawa_local,okinawa_local,freeze_as_is,1,01_actor_registry_initial_v0.csv,All seven observed origin codes already form a closed controlled set.,A wrong origin changes local/mainland/international layer comparisons.,no,,freeze_candidate,"This is a schema/assignment candidate only; it does not approve actor scope, edges or substantive interpretation."
SF0196,actor_field,A066,新外交イニシアティブ（ND）,actor_class,domestic_japan_ngo,domestic_japan_ngo,freeze_as_is,1,01_actor_registry_initial_v0.csv,Freeze the analytical actor-class vocabulary while preserving actor-specific classification review.,A wrong class changes ecology counts and figure composition.,no,,freeze_candidate,"This is a schema/assignment candidate only; it does not approve actor scope, edges or substantive interpretation."
SF0197,actor_field,A066,新外交イニシアティブ（ND）,legal_status_guess,npo,specified_nonprofit_corporation,mechanical_normalize,1,01_actor_registry_initial_v0.csv,Move legal-form surface strings into controlled codes; unresolved codes do not assert法人格.,A wrong normalization could turn a guess into a false legal-status claim.,no,,freeze_candidate,"This is a schema/assignment candidate only; it does not approve actor scope, edges or substantive interpretation."
SF0198,actor_field,A066,新外交イニシアティブ（ND）,origin_type,japan_domestic,japan_domestic,freeze_as_is,1,01_actor_registry_initial_v0.csv,All seven observed origin codes already form a closed controlled set.,A wrong origin changes local/mainland/international layer comparisons.,no,,freeze_candidate,"This is a schema/assignment candidate only; it does not approve actor scope, edges or substantive interpretation."
SF0199,actor_field,A067,辺野古土砂搬入反対全国協議会（辺野古土砂全協）,actor_class,citizen_network,citizen_network,freeze_as_is,1,01_actor_registry_initial_v0.csv,Freeze the analytical actor-class vocabulary while preserving actor-specific classification review.,A wrong class changes ecology counts and figure composition.,no,,freeze_candidate,"This is a schema/assignment candidate only; it does not approve actor scope, edges or substantive interpretation."
SF0200,actor_field,A067,辺野古土砂搬入反対全国協議会（辺野古土砂全協）,legal_status_guess,informal_network,informal_network,freeze_as_is,1,01_actor_registry_initial_v0.csv,Move legal-form surface strings into controlled codes; unresolved codes do not assert法人格.,A wrong normalization could turn a guess into a false legal-status claim.,no,,freeze_candidate,"This is a schema/assignment candidate only; it does not approve actor scope, edges or substantive interpretation."
SF0201,actor_field,A067,辺野古土砂搬入反対全国協議会（辺野古土砂全協）,origin_type,japan_domestic,japan_domestic,freeze_as_is,1,01_actor_registry_initial_v0.csv,All seven observed origin codes already form a closed controlled set.,A wrong origin changes local/mainland/international layer comparisons.,no,,freeze_candidate,"This is a schema/assignment candidate only; it does not approve actor scope, edges or substantive interpretation."
SF0202,actor_field,A068,名護市民投票の会,actor_class,citizen_group,citizen_group,freeze_as_is,1,01_actor_registry_initial_v0.csv,Freeze the analytical actor-class vocabulary while preserving actor-specific classification review.,A wrong class changes ecology counts and figure composition.,no,,freeze_candidate,"This is a schema/assignment candidate only; it does not approve actor scope, edges or substantive interpretation."
SF0203,actor_field,A068,名護市民投票の会,legal_status_guess,informal,informal_association,mechanical_normalize,1,01_actor_registry_initial_v0.csv,Move legal-form surface strings into controlled codes; unresolved codes do not assert法人格.,A wrong normalization could turn a guess into a false legal-status claim.,no,,freeze_candidate,"This is a schema/assignment candidate only; it does not approve actor scope, edges or substantive interpretation."
SF0204,actor_field,A068,名護市民投票の会,origin_type,okinawa_local,okinawa_local,freeze_as_is,1,01_actor_registry_initial_v0.csv,All seven observed origin codes already form a closed controlled set.,A wrong origin changes local/mainland/international layer comparisons.,no,,freeze_candidate,"This is a schema/assignment candidate only; it does not approve actor scope, edges or substantive interpretation."
SF0205,actor_field,A069,沖縄ジュゴン環境アセスメント監視団,actor_class,citizen_group,citizen_group,freeze_as_is,1,01_actor_registry_initial_v0.csv,Freeze the analytical actor-class vocabulary while preserving actor-specific classification review.,A wrong class changes ecology counts and figure composition.,no,,freeze_candidate,"This is a schema/assignment candidate only; it does not approve actor scope, edges or substantive interpretation."
SF0206,actor_field,A069,沖縄ジュゴン環境アセスメント監視団,legal_status_guess,informal,informal_association,mechanical_normalize,1,01_actor_registry_initial_v0.csv,Move legal-form surface strings into controlled codes; unresolved codes do not assert法人格.,A wrong normalization could turn a guess into a false legal-status claim.,no,,freeze_candidate,"This is a schema/assignment candidate only; it does not approve actor scope, edges or substantive interpretation."
SF0207,actor_field,A069,沖縄ジュゴン環境アセスメント監視団,origin_type,okinawa_local,okinawa_local,freeze_as_is,1,01_actor_registry_initial_v0.csv,All seven observed origin codes already form a closed controlled set.,A wrong origin changes local/mainland/international layer comparisons.,no,,freeze_candidate,"This is a schema/assignment candidate only; it does not approve actor scope, edges or substantive interpretation."
SF0208,actor_field,A070,Veterans for Peace Okinawa,actor_class,international_advocacy_actor,international_advocacy_actor,freeze_as_is,1,01_actor_registry_initial_v0.csv,Freeze the analytical actor-class vocabulary while preserving actor-specific classification review.,A wrong class changes ecology counts and figure composition.,no,,freeze_candidate,"This is a schema/assignment candidate only; it does not approve actor scope, edges or substantive interpretation."
SF0209,actor_field,A070,Veterans for Peace Okinawa,legal_status_guess,chapter,organizational_chapter,mechanical_normalize,1,01_actor_registry_initial_v0.csv,Move legal-form surface strings into controlled codes; unresolved codes do not assert法人格.,A wrong normalization could turn a guess into a false legal-status claim.,no,,freeze_candidate,"This is a schema/assignment candidate only; it does not approve actor scope, edges or substantive interpretation."
SF0210,actor_field,A070,Veterans for Peace Okinawa,origin_type,us_origin,us_origin,freeze_as_is,1,01_actor_registry_initial_v0.csv,All seven observed origin codes already form a closed controlled set.,A wrong origin changes local/mainland/international layer comparisons.,no,,freeze_candidate,"This is a schema/assignment candidate only; it does not approve actor scope, edges or substantive interpretation."
SF0211,actor_field,A071,沖縄平和市民連絡会,actor_class,citizen_network,citizen_network,freeze_as_is,1,01_actor_registry_initial_v0.csv,Freeze the analytical actor-class vocabulary while preserving actor-specific classification review.,A wrong class changes ecology counts and figure composition.,no,,freeze_candidate,"This is a schema/assignment candidate only; it does not approve actor scope, edges or substantive interpretation."
SF0212,actor_field,A071,沖縄平和市民連絡会,legal_status_guess,informal,informal_association,mechanical_normalize,1,01_actor_registry_initial_v0.csv,Move legal-form surface strings into controlled codes; unresolved codes do not assert法人格.,A wrong normalization could turn a guess into a false legal-status claim.,no,,freeze_candidate,"This is a schema/assignment candidate only; it does not approve actor scope, edges or substantive interpretation."
SF0213,actor_field,A071,沖縄平和市民連絡会,origin_type,okinawa_local,okinawa_local,freeze_as_is,1,01_actor_registry_initial_v0.csv,All seven observed origin codes already form a closed controlled set.,A wrong origin changes local/mainland/international layer comparisons.,no,,freeze_candidate,"This is a schema/assignment candidate only; it does not approve actor scope, edges or substantive interpretation."
SF0214,actor_field,A072,沖縄から基地をなくし世界の平和を求める市民連絡会,actor_class,citizen_network,citizen_network,freeze_as_is,1,01_actor_registry_initial_v0.csv,Freeze the analytical actor-class vocabulary while preserving actor-specific classification review.,A wrong class changes ecology counts and figure composition.,no,,freeze_candidate,"This is a schema/assignment candidate only; it does not approve actor scope, edges or substantive interpretation."
SF0215,actor_field,A072,沖縄から基地をなくし世界の平和を求める市民連絡会,legal_status_guess,informal,informal_association,mechanical_normalize,1,01_actor_registry_initial_v0.csv,Move legal-form surface strings into controlled codes; unresolved codes do not assert法人格.,A wrong normalization could turn a guess into a false legal-status claim.,no,,freeze_candidate,"This is a schema/assignment candidate only; it does not approve actor scope, edges or substantive interpretation."
SF0216,actor_field,A072,沖縄から基地をなくし世界の平和を求める市民連絡会,origin_type,okinawa_local,okinawa_local,freeze_as_is,1,01_actor_registry_initial_v0.csv,All seven observed origin codes already form a closed controlled set.,A wrong origin changes local/mainland/international layer comparisons.,no,,freeze_candidate,"This is a schema/assignment candidate only; it does not approve actor scope, edges or substantive interpretation."
SF0217,actor_field,A073,琉球沖縄国際支援プログラム,actor_class,local_international_cooperation_ngo,local_international_cooperation_ngo,freeze_as_is,1,01_actor_registry_initial_v0.csv,Freeze the analytical actor-class vocabulary while preserving actor-specific classification review.,A wrong class changes ecology counts and figure composition.,no,,freeze_candidate,"This is a schema/assignment candidate only; it does not approve actor scope, edges or substantive interpretation."
SF0218,actor_field,A073,琉球沖縄国際支援プログラム,legal_status_guess,npo_or_project,legal_form_unresolved,freeze_as_unresolved,1,01_actor_registry_initial_v0.csv,Move legal-form surface strings into controlled codes; unresolved codes do not assert法人格.,A wrong normalization could turn a guess into a false legal-status claim.,no,,freeze_candidate,"This is a schema/assignment candidate only; it does not approve actor scope, edges or substantive interpretation."
SF0219,actor_field,A073,琉球沖縄国際支援プログラム,origin_type,okinawa_local,okinawa_local,freeze_as_is,1,01_actor_registry_initial_v0.csv,All seven observed origin codes already form a closed controlled set.,A wrong origin changes local/mainland/international layer comparisons.,no,,freeze_candidate,"This is a schema/assignment candidate only; it does not approve actor scope, edges or substantive interpretation."
SF0220,actor_field,A074,沖縄県知事公室基地対策課,actor_class,public_institution_partner,public_institution_partner,freeze_as_is,1,01_actor_registry_initial_v0.csv,Freeze the analytical actor-class vocabulary while preserving actor-specific classification review.,A wrong class changes ecology counts and figure composition.,no,,freeze_candidate,"This is a schema/assignment candidate only; it does not approve actor scope, edges or substantive interpretation."
SF0221,actor_field,A074,沖縄県知事公室基地対策課,legal_status_guess,government_office,government_office,freeze_as_is,1,01_actor_registry_initial_v0.csv,Move legal-form surface strings into controlled codes; unresolved codes do not assert法人格.,A wrong normalization could turn a guess into a false legal-status claim.,no,,freeze_candidate,"This is a schema/assignment candidate only; it does not approve actor scope, edges or substantive interpretation."
SF0222,actor_field,A074,沖縄県知事公室基地対策課,origin_type,public_institution,public_institution,freeze_as_is,1,01_actor_registry_initial_v0.csv,All seven observed origin codes already form a closed controlled set.,A wrong origin changes local/mainland/international layer comparisons.,no,,freeze_candidate,"This is a schema/assignment candidate only; it does not approve actor scope, edges or substantive interpretation."
SF0223,actor_field,A075,沖縄防衛局,actor_class,public_institution_partner,public_institution_partner,freeze_as_is,1,01_actor_registry_initial_v0.csv,Freeze the analytical actor-class vocabulary while preserving actor-specific classification review.,A wrong class changes ecology counts and figure composition.,no,,freeze_candidate,"This is a schema/assignment candidate only; it does not approve actor scope, edges or substantive interpretation."
SF0224,actor_field,A075,沖縄防衛局,legal_status_guess,government_office,government_office,freeze_as_is,1,01_actor_registry_initial_v0.csv,Move legal-form surface strings into controlled codes; unresolved codes do not assert法人格.,A wrong normalization could turn a guess into a false legal-status claim.,no,,freeze_candidate,"This is a schema/assignment candidate only; it does not approve actor scope, edges or substantive interpretation."
SF0225,actor_field,A075,沖縄防衛局,origin_type,public_institution,public_institution,freeze_as_is,1,01_actor_registry_initial_v0.csv,All seven observed origin codes already form a closed controlled set.,A wrong origin changes local/mainland/international layer comparisons.,no,,freeze_candidate,"This is a schema/assignment candidate only; it does not approve actor scope, edges or substantive interpretation."
SF0226,actor_field,A076,ジュゴン保護基金委員会（Save the Dugong Foundation）,actor_class,local_civic_actor,local_civic_actor,freeze_as_is,1,01_actor_registry_initial_v0.csv,Freeze the analytical actor-class vocabulary while preserving actor-specific classification review.,A wrong class changes ecology counts and figure composition.,no,,freeze_candidate,"This is a schema/assignment candidate only; it does not approve actor scope, edges or substantive interpretation."
SF0227,actor_field,A076,ジュゴン保護基金委員会（Save the Dugong Foundation）,legal_status_guess,任意団体（法人格待核实）,informal_association_pending_legal_check,freeze_as_unresolved,1,01_actor_registry_initial_v0.csv,Move legal-form surface strings into controlled codes; unresolved codes do not assert法人格.,A wrong normalization could turn a guess into a false legal-status claim.,no,,freeze_candidate,"This is a schema/assignment candidate only; it does not approve actor scope, edges or substantive interpretation."
SF0228,actor_field,A076,ジュゴン保護基金委員会（Save the Dugong Foundation）,origin_type,okinawa_local,okinawa_local,freeze_as_is,1,01_actor_registry_initial_v0.csv,All seven observed origin codes already form a closed controlled set.,A wrong origin changes local/mainland/international layer comparisons.,no,,freeze_candidate,"This is a schema/assignment candidate only; it does not approve actor scope, edges or substantive interpretation."
SF0229,actor_field,A086,Turtle Island Restoration Network,actor_class,international_ngo,international_ngo,freeze_as_is,1,01_actor_registry_initial_v0.csv,Freeze the analytical actor-class vocabulary while preserving actor-specific classification review.,A wrong class changes ecology counts and figure composition.,no,,freeze_candidate,"This is a schema/assignment candidate only; it does not approve actor scope, edges or substantive interpretation."
SF0230,actor_field,A086,Turtle Island Restoration Network,legal_status_guess,ngo,nongovernmental_nonprofit,mechanical_normalize,1,01_actor_registry_initial_v0.csv,Move legal-form surface strings into controlled codes; unresolved codes do not assert法人格.,A wrong normalization could turn a guess into a false legal-status claim.,no,,freeze_candidate,"This is a schema/assignment candidate only; it does not approve actor scope, edges or substantive interpretation."
SF0231,actor_field,A086,Turtle Island Restoration Network,origin_type,us_origin,us_origin,freeze_as_is,1,01_actor_registry_initial_v0.csv,All seven observed origin codes already form a closed controlled set.,A wrong origin changes local/mainland/international layer comparisons.,no,,freeze_candidate,"This is a schema/assignment candidate only; it does not approve actor scope, edges or substantive interpretation."
SF0232,actor_field,A087,NPO法人世界版「平和の礎」を提案する会,actor_class,local_npo,local_npo,human_assignment_review,1,01_actor_registry_initial_v0.csv,Freeze the analytical actor-class vocabulary while preserving actor-specific classification review.,A wrong class changes ecology counts and figure composition.,yes,HR029-001,needs_human_review,"This is a schema/assignment candidate only; it does not approve actor scope, edges or substantive interpretation."
SF0233,actor_field,A087,NPO法人世界版「平和の礎」を提案する会,legal_status_guess,NPO法人,specified_nonprofit_corporation,mechanical_normalize,1,01_actor_registry_initial_v0.csv,Move legal-form surface strings into controlled codes; unresolved codes do not assert法人格.,A wrong normalization could turn a guess into a false legal-status claim.,no,,freeze_candidate,"This is a schema/assignment candidate only; it does not approve actor scope, edges or substantive interpretation."
SF0234,actor_field,A087,NPO法人世界版「平和の礎」を提案する会,origin_type,okinawa_local,okinawa_local,freeze_as_is,1,01_actor_registry_initial_v0.csv,All seven observed origin codes already form a closed controlled set.,A wrong origin changes local/mainland/international layer comparisons.,no,,freeze_candidate,"This is a schema/assignment candidate only; it does not approve actor scope, edges or substantive interpretation."
SF0235,actor_field,A088,特定非営利活動法人沖縄平和協力センター,actor_class,local_npo,local_npo,human_assignment_review,1,01_actor_registry_initial_v0.csv,Freeze the analytical actor-class vocabulary while preserving actor-specific classification review.,A wrong class changes ecology counts and figure composition.,yes,HR029-002,needs_human_review,"This is a schema/assignment candidate only; it does not approve actor scope, edges or substantive interpretation."
SF0236,actor_field,A088,特定非営利活動法人沖縄平和協力センター,legal_status_guess,NPO法人,specified_nonprofit_corporation,mechanical_normalize,1,01_actor_registry_initial_v0.csv,Move legal-form surface strings into controlled codes; unresolved codes do not assert法人格.,A wrong normalization could turn a guess into a false legal-status claim.,no,,freeze_candidate,"This is a schema/assignment candidate only; it does not approve actor scope, edges or substantive interpretation."
SF0237,actor_field,A088,特定非営利活動法人沖縄平和協力センター,origin_type,okinawa_local,okinawa_local,freeze_as_is,1,01_actor_registry_initial_v0.csv,All seven observed origin codes already form a closed controlled set.,A wrong origin changes local/mainland/international layer comparisons.,no,,freeze_candidate,"This is a schema/assignment candidate only; it does not approve actor scope, edges or substantive interpretation."
SF0238,actor_field,A089,沖縄県教職員組合,actor_class,labor_or_education_union,labor_union,human_assignment_review,1,01_actor_registry_initial_v0.csv,Freeze the analytical actor-class vocabulary while preserving actor-specific classification review.,A wrong class changes ecology counts and figure composition.,yes,HR029-003,needs_human_review,"This is a schema/assignment candidate only; it does not approve actor scope, edges or substantive interpretation."
SF0239,actor_field,A089,沖縄県教職員組合,legal_status_guess,labor_union,labor_union,freeze_as_is,1,01_actor_registry_initial_v0.csv,Move legal-form surface strings into controlled codes; unresolved codes do not assert法人格.,A wrong normalization could turn a guess into a false legal-status claim.,no,,freeze_candidate,"This is a schema/assignment candidate only; it does not approve actor scope, edges or substantive interpretation."
SF0240,actor_field,A089,沖縄県教職員組合,origin_type,okinawa_local,okinawa_local,freeze_as_is,1,01_actor_registry_initial_v0.csv,All seven observed origin codes already form a closed controlled set.,A wrong origin changes local/mainland/international layer comparisons.,no,,freeze_candidate,"This is a schema/assignment candidate only; it does not approve actor scope, edges or substantive interpretation."
SF0241,actor_field,A090,沖縄県高等学校障害児学校教職員組合,actor_class,labor_or_education_union,labor_union,human_assignment_review,1,01_actor_registry_initial_v0.csv,Freeze the analytical actor-class vocabulary while preserving actor-specific classification review.,A wrong class changes ecology counts and figure composition.,yes,HR029-004,needs_human_review,"This is a schema/assignment candidate only; it does not approve actor scope, edges or substantive interpretation."
SF0242,actor_field,A090,沖縄県高等学校障害児学校教職員組合,legal_status_guess,labor_union,labor_union,freeze_as_is,1,01_actor_registry_initial_v0.csv,Move legal-form surface strings into controlled codes; unresolved codes do not assert法人格.,A wrong normalization could turn a guess into a false legal-status claim.,no,,freeze_candidate,"This is a schema/assignment candidate only; it does not approve actor scope, edges or substantive interpretation."
SF0243,actor_field,A090,沖縄県高等学校障害児学校教職員組合,origin_type,okinawa_local,okinawa_local,freeze_as_is,1,01_actor_registry_initial_v0.csv,All seven observed origin codes already form a closed controlled set.,A wrong origin changes local/mainland/international layer comparisons.,no,,freeze_candidate,"This is a schema/assignment candidate only; it does not approve actor scope, edges or substantive interpretation."
SF0244,actor_field,A091,日本労働組合総連合会沖縄県連合会（連合沖縄）,actor_class,labor_union_federation,labor_union_federation,human_assignment_review,1,01_actor_registry_initial_v0.csv,Freeze the analytical actor-class vocabulary while preserving actor-specific classification review.,A wrong class changes ecology counts and figure composition.,yes,HR029-005,needs_human_review,"This is a schema/assignment candidate only; it does not approve actor scope, edges or substantive interpretation."
SF0245,actor_field,A091,日本労働組合総連合会沖縄県連合会（連合沖縄）,legal_status_guess,labor_union_federation,labor_union_federation,freeze_as_is,1,01_actor_registry_initial_v0.csv,Move legal-form surface strings into controlled codes; unresolved codes do not assert法人格.,A wrong normalization could turn a guess into a false legal-status claim.,no,,freeze_candidate,"This is a schema/assignment candidate only; it does not approve actor scope, edges or substantive interpretation."
SF0246,actor_field,A091,日本労働組合総連合会沖縄県連合会（連合沖縄）,origin_type,okinawa_local,okinawa_local,freeze_as_is,1,01_actor_registry_initial_v0.csv,All seven observed origin codes already form a closed controlled set.,A wrong origin changes local/mainland/international layer comparisons.,no,,freeze_candidate,"This is a schema/assignment candidate only; it does not approve actor scope, edges or substantive interpretation."
SF0247,actor_field,A092,沖縄県労働組合総連合,actor_class,labor_union_federation,labor_union_federation,human_assignment_review,1,01_actor_registry_initial_v0.csv,Freeze the analytical actor-class vocabulary while preserving actor-specific classification review.,A wrong class changes ecology counts and figure composition.,yes,HR029-006,needs_human_review,"This is a schema/assignment candidate only; it does not approve actor scope, edges or substantive interpretation."
SF0248,actor_field,A092,沖縄県労働組合総連合,legal_status_guess,labor_union_federation,labor_union_federation,freeze_as_is,1,01_actor_registry_initial_v0.csv,Move legal-form surface strings into controlled codes; unresolved codes do not assert法人格.,A wrong normalization could turn a guess into a false legal-status claim.,no,,freeze_candidate,"This is a schema/assignment candidate only; it does not approve actor scope, edges or substantive interpretation."
SF0249,actor_field,A092,沖縄県労働組合総連合,origin_type,okinawa_local,okinawa_local,freeze_as_is,1,01_actor_registry_initial_v0.csv,All seven observed origin codes already form a closed controlled set.,A wrong origin changes local/mainland/international layer comparisons.,no,,freeze_candidate,"This is a schema/assignment candidate only; it does not approve actor scope, edges or substantive interpretation."
SF0250,actor_field,A093,全日本自治団体労働組合沖縄県本部,actor_class,labor_union,labor_union,human_assignment_review,1,01_actor_registry_initial_v0.csv,Freeze the analytical actor-class vocabulary while preserving actor-specific classification review.,A wrong class changes ecology counts and figure composition.,yes,HR029-007,needs_human_review,"This is a schema/assignment candidate only; it does not approve actor scope, edges or substantive interpretation."
SF0251,actor_field,A093,全日本自治団体労働組合沖縄県本部,legal_status_guess,labor_union,labor_union,freeze_as_is,1,01_actor_registry_initial_v0.csv,Move legal-form surface strings into controlled codes; unresolved codes do not assert法人格.,A wrong normalization could turn a guess into a false legal-status claim.,no,,freeze_candidate,"This is a schema/assignment candidate only; it does not approve actor scope, edges or substantive interpretation."
SF0252,actor_field,A093,全日本自治団体労働組合沖縄県本部,origin_type,okinawa_local,okinawa_local,freeze_as_is,1,01_actor_registry_initial_v0.csv,All seven observed origin codes already form a closed controlled set.,A wrong origin changes local/mainland/international layer comparisons.,no,,freeze_candidate,"This is a schema/assignment candidate only; it does not approve actor scope, edges or substantive interpretation."
SF0253,actor_field,A095,止めよう「自衛隊配備」宮古郡民の会,actor_class,citizen_group,citizen_group,human_assignment_review,1,01_actor_registry_initial_v0.csv,Freeze the analytical actor-class vocabulary while preserving actor-specific classification review.,A wrong class changes ecology counts and figure composition.,yes,HR029-008,needs_human_review,"This is a schema/assignment candidate only; it does not approve actor scope, edges or substantive interpretation."
SF0254,actor_field,A095,止めよう「自衛隊配備」宮古郡民の会,legal_status_guess,informal_association,informal_association,freeze_as_is,1,01_actor_registry_initial_v0.csv,Move legal-form surface strings into controlled codes; unresolved codes do not assert法人格.,A wrong normalization could turn a guess into a false legal-status claim.,no,,freeze_candidate,"This is a schema/assignment candidate only; it does not approve actor scope, edges or substantive interpretation."
SF0255,actor_field,A095,止めよう「自衛隊配備」宮古郡民の会,origin_type,okinawa_local,okinawa_local,freeze_as_is,1,01_actor_registry_initial_v0.csv,All seven observed origin codes already form a closed controlled set.,A wrong origin changes local/mainland/international layer comparisons.,no,,freeze_candidate,"This is a schema/assignment candidate only; it does not approve actor scope, edges or substantive interpretation."
SF0256,actor_field,A096,宮古平和運動連絡協議会,actor_class,citizen_network,citizen_network,human_assignment_review,1,01_actor_registry_initial_v0.csv,Freeze the analytical actor-class vocabulary while preserving actor-specific classification review.,A wrong class changes ecology counts and figure composition.,yes,HR029-009,needs_human_review,"This is a schema/assignment candidate only; it does not approve actor scope, edges or substantive interpretation."
SF0257,actor_field,A096,宮古平和運動連絡協議会,legal_status_guess,informal_network,informal_network,freeze_as_is,1,01_actor_registry_initial_v0.csv,Move legal-form surface strings into controlled codes; unresolved codes do not assert法人格.,A wrong normalization could turn a guess into a false legal-status claim.,no,,freeze_candidate,"This is a schema/assignment candidate only; it does not approve actor scope, edges or substantive interpretation."
SF0258,actor_field,A096,宮古平和運動連絡協議会,origin_type,okinawa_local,okinawa_local,freeze_as_is,1,01_actor_registry_initial_v0.csv,All seven observed origin codes already form a closed controlled set.,A wrong origin changes local/mainland/international layer comparisons.,no,,freeze_candidate,"This is a schema/assignment candidate only; it does not approve actor scope, edges or substantive interpretation."
SF0259,actor_field,A097,宮古島環境クラブ,actor_class,local_civic_actor,local_civic_actor,human_assignment_review,1,01_actor_registry_initial_v0.csv,Freeze the analytical actor-class vocabulary while preserving actor-specific classification review.,A wrong class changes ecology counts and figure composition.,yes,HR029-010,needs_human_review,"This is a schema/assignment candidate only; it does not approve actor scope, edges or substantive interpretation."
SF0260,actor_field,A097,宮古島環境クラブ,legal_status_guess,informal_association,informal_association,freeze_as_is,1,01_actor_registry_initial_v0.csv,Move legal-form surface strings into controlled codes; unresolved codes do not assert法人格.,A wrong normalization could turn a guess into a false legal-status claim.,no,,freeze_candidate,"This is a schema/assignment candidate only; it does not approve actor scope, edges or substantive interpretation."
SF0261,actor_field,A097,宮古島環境クラブ,origin_type,okinawa_local,okinawa_local,freeze_as_is,1,01_actor_registry_initial_v0.csv,All seven observed origin codes already form a closed controlled set.,A wrong origin changes local/mainland/international layer comparisons.,no,,freeze_candidate,"This is a schema/assignment candidate only; it does not approve actor scope, edges or substantive interpretation."
SF0262,actor_field,A098,特定非営利活動法人宮古島海の環境ネットワーク,actor_class,local_npo,local_npo,human_assignment_review,1,01_actor_registry_initial_v0.csv,Freeze the analytical actor-class vocabulary while preserving actor-specific classification review.,A wrong class changes ecology counts and figure composition.,yes,HR029-011,needs_human_review,"This is a schema/assignment candidate only; it does not approve actor scope, edges or substantive interpretation."
SF0263,actor_field,A098,特定非営利活動法人宮古島海の環境ネットワーク,legal_status_guess,NPO法人,specified_nonprofit_corporation,mechanical_normalize,1,01_actor_registry_initial_v0.csv,Move legal-form surface strings into controlled codes; unresolved codes do not assert法人格.,A wrong normalization could turn a guess into a false legal-status claim.,no,,freeze_candidate,"This is a schema/assignment candidate only; it does not approve actor scope, edges or substantive interpretation."
SF0264,actor_field,A098,特定非営利活動法人宮古島海の環境ネットワーク,origin_type,okinawa_local,okinawa_local,freeze_as_is,1,01_actor_registry_initial_v0.csv,All seven observed origin codes already form a closed controlled set.,A wrong origin changes local/mainland/international layer comparisons.,no,,freeze_candidate,"This is a schema/assignment candidate only; it does not approve actor scope, edges or substantive interpretation."
SF0265,actor_field,A099,有機フッ素化合物（PFAS）汚染から市民の生命を守る連絡会,actor_class,citizen_network,citizen_network,human_assignment_review,1,01_actor_registry_initial_v0.csv,Freeze the analytical actor-class vocabulary while preserving actor-specific classification review.,A wrong class changes ecology counts and figure composition.,yes,HR029-012,needs_human_review,"This is a schema/assignment candidate only; it does not approve actor scope, edges or substantive interpretation."
SF0266,actor_field,A099,有機フッ素化合物（PFAS）汚染から市民の生命を守る連絡会,legal_status_guess,informal_network,informal_network,freeze_as_is,1,01_actor_registry_initial_v0.csv,Move legal-form surface strings into controlled codes; unresolved codes do not assert法人格.,A wrong normalization could turn a guess into a false legal-status claim.,no,,freeze_candidate,"This is a schema/assignment candidate only; it does not approve actor scope, edges or substantive interpretation."
SF0267,actor_field,A099,有機フッ素化合物（PFAS）汚染から市民の生命を守る連絡会,origin_type,okinawa_local,okinawa_local,freeze_as_is,1,01_actor_registry_initial_v0.csv,All seven observed origin codes already form a closed controlled set.,A wrong origin changes local/mainland/international layer comparisons.,no,,freeze_candidate,"This is a schema/assignment candidate only; it does not approve actor scope, edges or substantive interpretation."
SF0268,actor_field,A100,ミサイル配備から命を守るうるま市民の会,actor_class,citizen_group,citizen_group,human_assignment_review,1,01_actor_registry_initial_v0.csv,Freeze the analytical actor-class vocabulary while preserving actor-specific classification review.,A wrong class changes ecology counts and figure composition.,yes,HR029-013,needs_human_review,"This is a schema/assignment candidate only; it does not approve actor scope, edges or substantive interpretation."
SF0269,actor_field,A100,ミサイル配備から命を守るうるま市民の会,legal_status_guess,informal_association,informal_association,freeze_as_is,1,01_actor_registry_initial_v0.csv,Move legal-form surface strings into controlled codes; unresolved codes do not assert法人格.,A wrong normalization could turn a guess into a false legal-status claim.,no,,freeze_candidate,"This is a schema/assignment candidate only; it does not approve actor scope, edges or substantive interpretation."
SF0270,actor_field,A100,ミサイル配備から命を守るうるま市民の会,origin_type,okinawa_local,okinawa_local,freeze_as_is,1,01_actor_registry_initial_v0.csv,All seven observed origin codes already form a closed controlled set.,A wrong origin changes local/mainland/international layer comparisons.,no,,freeze_candidate,"This is a schema/assignment candidate only; it does not approve actor scope, edges or substantive interpretation."
SF0271,actor_field,A101,沖縄・琉球弧の声を届ける会,actor_class,citizen_network,citizen_network,human_assignment_review,1,01_actor_registry_initial_v0.csv,Freeze the analytical actor-class vocabulary while preserving actor-specific classification review.,A wrong class changes ecology counts and figure composition.,yes,HR029-014,needs_human_review,"This is a schema/assignment candidate only; it does not approve actor scope, edges or substantive interpretation."
SF0272,actor_field,A101,沖縄・琉球弧の声を届ける会,legal_status_guess,informal_network,informal_network,freeze_as_is,1,01_actor_registry_initial_v0.csv,Move legal-form surface strings into controlled codes; unresolved codes do not assert法人格.,A wrong normalization could turn a guess into a false legal-status claim.,no,,freeze_candidate,"This is a schema/assignment candidate only; it does not approve actor scope, edges or substantive interpretation."
SF0273,actor_field,A101,沖縄・琉球弧の声を届ける会,origin_type,okinawa_local,okinawa_local,freeze_as_is,1,01_actor_registry_initial_v0.csv,All seven observed origin codes already form a closed controlled set.,A wrong origin changes local/mainland/international layer comparisons.,no,,freeze_candidate,"This is a schema/assignment candidate only; it does not approve actor scope, edges or substantive interpretation."
SF0274,actor_field,A102,全国公害弁護団連絡会議,actor_class,lawyers_network,lawyers_network,freeze_as_is,1,01_actor_registry_initial_v0.csv,Freeze the analytical actor-class vocabulary while preserving actor-specific classification review.,A wrong class changes ecology counts and figure composition.,no,,freeze_candidate,"This is a schema/assignment candidate only; it does not approve actor scope, edges or substantive interpretation."
SF0275,actor_field,A102,全国公害弁護団連絡会議,legal_status_guess,lawyers_network,legal_form_unresolved_professional_network,freeze_as_unresolved,1,01_actor_registry_initial_v0.csv,Move legal-form surface strings into controlled codes; unresolved codes do not assert法人格.,A wrong normalization could turn a guess into a false legal-status claim.,no,,freeze_candidate,"This is a schema/assignment candidate only; it does not approve actor scope, edges or substantive interpretation."
SF0276,actor_field,A102,全国公害弁護団連絡会議,origin_type,japan_domestic,japan_domestic,freeze_as_is,1,01_actor_registry_initial_v0.csv,All seven observed origin codes already form a closed controlled set.,A wrong origin changes local/mainland/international layer comparisons.,no,,freeze_candidate,"This is a schema/assignment candidate only; it does not approve actor scope, edges or substantive interpretation."
SF0277,actor_field,A103,全国基地爆音訴訟原告団連絡会議,actor_class,citizen_network,citizen_network,freeze_as_is,1,01_actor_registry_initial_v0.csv,Freeze the analytical actor-class vocabulary while preserving actor-specific classification review.,A wrong class changes ecology counts and figure composition.,no,,freeze_candidate,"This is a schema/assignment candidate only; it does not approve actor scope, edges or substantive interpretation."
SF0278,actor_field,A103,全国基地爆音訴訟原告団連絡会議,legal_status_guess,informal_network,informal_network,freeze_as_is,1,01_actor_registry_initial_v0.csv,Move legal-form surface strings into controlled codes; unresolved codes do not assert法人格.,A wrong normalization could turn a guess into a false legal-status claim.,no,,freeze_candidate,"This is a schema/assignment candidate only; it does not approve actor scope, edges or substantive interpretation."
SF0279,actor_field,A103,全国基地爆音訴訟原告団連絡会議,origin_type,japan_domestic,japan_domestic,freeze_as_is,1,01_actor_registry_initial_v0.csv,All seven observed origin codes already form a closed controlled set.,A wrong origin changes local/mainland/international layer comparisons.,no,,freeze_candidate,"This is a schema/assignment candidate only; it does not approve actor scope, edges or substantive interpretation."
SF0280,actor_field,A104,普天間基地爆音訴訟弁護団,actor_class,lawyers_network,lawyers_network,freeze_as_is,1,01_actor_registry_initial_v0.csv,Freeze the analytical actor-class vocabulary while preserving actor-specific classification review.,A wrong class changes ecology counts and figure composition.,no,,freeze_candidate,"This is a schema/assignment candidate only; it does not approve actor scope, edges or substantive interpretation."
SF0281,actor_field,A104,普天間基地爆音訴訟弁護団,legal_status_guess,litigation_team,litigation_team,freeze_as_is,1,01_actor_registry_initial_v0.csv,Move legal-form surface strings into controlled codes; unresolved codes do not assert法人格.,A wrong normalization could turn a guess into a false legal-status claim.,no,,freeze_candidate,"This is a schema/assignment candidate only; it does not approve actor scope, edges or substantive interpretation."
SF0282,actor_field,A104,普天間基地爆音訴訟弁護団,origin_type,okinawa_local,okinawa_local,freeze_as_is,1,01_actor_registry_initial_v0.csv,All seven observed origin codes already form a closed controlled set.,A wrong origin changes local/mainland/international layer comparisons.,no,,freeze_candidate,"This is a schema/assignment candidate only; it does not approve actor scope, edges or substantive interpretation."
SF0283,actor_field,A105,日本YWCA,actor_class,womens_or_human_rights_ngo,womens_human_rights_ngo,mechanical_normalize,1,01_actor_registry_initial_v0.csv,Freeze the analytical actor-class vocabulary while preserving actor-specific classification review.,A wrong class changes ecology counts and figure composition.,no,,freeze_candidate,"This is a schema/assignment candidate only; it does not approve actor scope, edges or substantive interpretation."
SF0284,actor_field,A105,日本YWCA,legal_status_guess,public_interest_foundation,public_interest_incorporated_foundation,mechanical_normalize,1,01_actor_registry_initial_v0.csv,Move legal-form surface strings into controlled codes; unresolved codes do not assert法人格.,A wrong normalization could turn a guess into a false legal-status claim.,no,,freeze_candidate,"This is a schema/assignment candidate only; it does not approve actor scope, edges or substantive interpretation."
SF0285,actor_field,A105,日本YWCA,origin_type,japan_domestic,japan_domestic,freeze_as_is,1,01_actor_registry_initial_v0.csv,All seven observed origin codes already form a closed controlled set.,A wrong origin changes local/mainland/international layer comparisons.,no,,freeze_candidate,"This is a schema/assignment candidate only; it does not approve actor scope, edges or substantive interpretation."
SF0286,actor_field,A106,辺野古の海を土砂で埋めるな！首都圏連絡会,actor_class,citizen_network,citizen_network,freeze_as_is,1,01_actor_registry_initial_v0.csv,Freeze the analytical actor-class vocabulary while preserving actor-specific classification review.,A wrong class changes ecology counts and figure composition.,no,,freeze_candidate,"This is a schema/assignment candidate only; it does not approve actor scope, edges or substantive interpretation."
SF0287,actor_field,A106,辺野古の海を土砂で埋めるな！首都圏連絡会,legal_status_guess,informal_network,informal_network,freeze_as_is,1,01_actor_registry_initial_v0.csv,Move legal-form surface strings into controlled codes; unresolved codes do not assert法人格.,A wrong normalization could turn a guess into a false legal-status claim.,no,,freeze_candidate,"This is a schema/assignment candidate only; it does not approve actor scope, edges or substantive interpretation."
SF0288,actor_field,A106,辺野古の海を土砂で埋めるな！首都圏連絡会,origin_type,japan_domestic,japan_domestic,freeze_as_is,1,01_actor_registry_initial_v0.csv,All seven observed origin codes already form a closed controlled set.,A wrong origin changes local/mainland/international layer comparisons.,no,,freeze_candidate,"This is a schema/assignment candidate only; it does not approve actor scope, edges or substantive interpretation."
SF0289,actor_field,A107,沖縄YWCA,actor_class,womens_or_human_rights_ngo,womens_human_rights_ngo,mechanical_normalize,1,01_actor_registry_initial_v0.csv,Freeze the analytical actor-class vocabulary while preserving actor-specific classification review.,A wrong class changes ecology counts and figure composition.,no,,freeze_candidate,"This is a schema/assignment candidate only; it does not approve actor scope, edges or substantive interpretation."
SF0290,actor_field,A107,沖縄YWCA,legal_status_guess,association_or_regional_ywca,regional_association_or_chapter,freeze_as_unresolved,1,01_actor_registry_initial_v0.csv,Move legal-form surface strings into controlled codes; unresolved codes do not assert法人格.,A wrong normalization could turn a guess into a false legal-status claim.,no,,freeze_candidate,"This is a schema/assignment candidate only; it does not approve actor scope, edges or substantive interpretation."
SF0291,actor_field,A107,沖縄YWCA,origin_type,okinawa_local,okinawa_local,freeze_as_is,1,01_actor_registry_initial_v0.csv,All seven observed origin codes already form a closed controlled set.,A wrong origin changes local/mainland/international layer comparisons.,no,,freeze_candidate,"This is a schema/assignment candidate only; it does not approve actor scope, edges or substantive interpretation."
SF0292,actor_field,A108,沖縄を再び戦場にさせない県民の会,actor_class,citizen_network,citizen_network,freeze_as_is,1,01_actor_registry_initial_v0.csv,Freeze the analytical actor-class vocabulary while preserving actor-specific classification review.,A wrong class changes ecology counts and figure composition.,no,,freeze_candidate,"This is a schema/assignment candidate only; it does not approve actor scope, edges or substantive interpretation."
SF0293,actor_field,A108,沖縄を再び戦場にさせない県民の会,legal_status_guess,informal_network,informal_network,freeze_as_is,1,01_actor_registry_initial_v0.csv,Move legal-form surface strings into controlled codes; unresolved codes do not assert法人格.,A wrong normalization could turn a guess into a false legal-status claim.,no,,freeze_candidate,"This is a schema/assignment candidate only; it does not approve actor scope, edges or substantive interpretation."
SF0294,actor_field,A108,沖縄を再び戦場にさせない県民の会,origin_type,okinawa_local,okinawa_local,freeze_as_is,1,01_actor_registry_initial_v0.csv,All seven observed origin codes already form a closed controlled set.,A wrong origin changes local/mainland/international layer comparisons.,no,,freeze_candidate,"This is a schema/assignment candidate only; it does not approve actor scope, edges or substantive interpretation."
SF0295,actor_field,A109,第4次嘉手納基地爆音差止訴訟弁護団,actor_class,lawyers_network,lawyers_network,freeze_as_is,1,01_actor_registry_initial_v0.csv,Freeze the analytical actor-class vocabulary while preserving actor-specific classification review.,A wrong class changes ecology counts and figure composition.,no,,freeze_candidate,"This is a schema/assignment candidate only; it does not approve actor scope, edges or substantive interpretation."
SF0296,actor_field,A109,第4次嘉手納基地爆音差止訴訟弁護団,legal_status_guess,litigation_team,litigation_team,freeze_as_is,1,01_actor_registry_initial_v0.csv,Move legal-form surface strings into controlled codes; unresolved codes do not assert法人格.,A wrong normalization could turn a guess into a false legal-status claim.,no,,freeze_candidate,"This is a schema/assignment candidate only; it does not approve actor scope, edges or substantive interpretation."
SF0297,actor_field,A109,第4次嘉手納基地爆音差止訴訟弁護団,origin_type,okinawa_local,okinawa_local,freeze_as_is,1,01_actor_registry_initial_v0.csv,All seven observed origin codes already form a closed controlled set.,A wrong origin changes local/mainland/international layer comparisons.,no,,freeze_candidate,"This is a schema/assignment candidate only; it does not approve actor scope, edges or substantive interpretation."
SF0298,actor_field,A110,辺野古に基地を絶対つくらせない大阪行動,actor_class,citizen_group,citizen_group,freeze_as_is,1,01_actor_registry_initial_v0.csv,Freeze the analytical actor-class vocabulary while preserving actor-specific classification review.,A wrong class changes ecology counts and figure composition.,no,,freeze_candidate,"This is a schema/assignment candidate only; it does not approve actor scope, edges or substantive interpretation."
SF0299,actor_field,A110,辺野古に基地を絶対つくらせない大阪行動,legal_status_guess,informal_association,informal_association,freeze_as_is,1,01_actor_registry_initial_v0.csv,Move legal-form surface strings into controlled codes; unresolved codes do not assert法人格.,A wrong normalization could turn a guess into a false legal-status claim.,no,,freeze_candidate,"This is a schema/assignment candidate only; it does not approve actor scope, edges or substantive interpretation."
SF0300,actor_field,A110,辺野古に基地を絶対つくらせない大阪行動,origin_type,japan_domestic,japan_domestic,freeze_as_is,1,01_actor_registry_initial_v0.csv,All seven observed origin codes already form a closed controlled set.,A wrong origin changes local/mainland/international layer comparisons.,no,,freeze_candidate,"This is a schema/assignment candidate only; it does not approve actor scope, edges or substantive interpretation."
SF0301,actor_field,A111,沖縄県女性団体連絡協議会,actor_class,womens_or_community_organization,womens_network,human_assignment_review,1,01_actor_registry_initial_v0.csv,Freeze the analytical actor-class vocabulary while preserving actor-specific classification review.,A wrong class changes ecology counts and figure composition.,yes,HR029-015,needs_human_review,"This is a schema/assignment candidate only; it does not approve actor scope, edges or substantive interpretation."
SF0302,actor_field,A111,沖縄県女性団体連絡協議会,legal_status_guess,informal_network,informal_network,freeze_as_is,1,01_actor_registry_initial_v0.csv,Move legal-form surface strings into controlled codes; unresolved codes do not assert法人格.,A wrong normalization could turn a guess into a false legal-status claim.,no,,freeze_candidate,"This is a schema/assignment candidate only; it does not approve actor scope, edges or substantive interpretation."
SF0303,actor_field,A111,沖縄県女性団体連絡協議会,origin_type,okinawa_local,okinawa_local,freeze_as_is,1,01_actor_registry_initial_v0.csv,All seven observed origin codes already form a closed controlled set.,A wrong origin changes local/mainland/international layer comparisons.,no,,freeze_candidate,"This is a schema/assignment candidate only; it does not approve actor scope, edges or substantive interpretation."
SF0304,actor_field,X001,USO Okinawa,actor_class,base_community_service_actor,base_community_service_actor,freeze_as_is,1,01_actor_registry_initial_v0.csv,Freeze the analytical actor-class vocabulary while preserving actor-specific classification review.,A wrong class changes ecology counts and figure composition.,no,,freeze_candidate,"This is a schema/assignment candidate only; it does not approve actor scope, edges or substantive interpretation."
SF0305,actor_field,X001,USO Okinawa,legal_status_guess,not_for_profit,not_for_profit_organization,mechanical_normalize,1,01_actor_registry_initial_v0.csv,Move legal-form surface strings into controlled codes; unresolved codes do not assert法人格.,A wrong normalization could turn a guess into a false legal-status claim.,no,,freeze_candidate,"This is a schema/assignment candidate only; it does not approve actor scope, edges or substantive interpretation."
SF0306,actor_field,X001,USO Okinawa,origin_type,us_origin,us_origin,freeze_as_is,1,01_actor_registry_initial_v0.csv,All seven observed origin codes already form a closed controlled set.,A wrong origin changes local/mainland/international layer comparisons.,no,,freeze_candidate,"This is a schema/assignment candidate only; it does not approve actor scope, edges or substantive interpretation."
SF0307,actor_field,X002,Phoenix Corporation / Phoenix Park Hotel,actor_class,local_business_sponsor,local_business_sponsor,freeze_as_is,1,01_actor_registry_initial_v0.csv,Freeze the analytical actor-class vocabulary while preserving actor-specific classification review.,A wrong class changes ecology counts and figure composition.,no,,freeze_candidate,"This is a schema/assignment candidate only; it does not approve actor scope, edges or substantive interpretation."
SF0308,actor_field,X002,Phoenix Corporation / Phoenix Park Hotel,legal_status_guess,company,for_profit_company,mechanical_normalize,1,01_actor_registry_initial_v0.csv,Move legal-form surface strings into controlled codes; unresolved codes do not assert法人格.,A wrong normalization could turn a guess into a false legal-status claim.,no,,freeze_candidate,"This is a schema/assignment candidate only; it does not approve actor scope, edges or substantive interpretation."
SF0309,actor_field,X002,Phoenix Corporation / Phoenix Park Hotel,origin_type,corporate,corporate,freeze_as_is,1,01_actor_registry_initial_v0.csv,All seven observed origin codes already form a closed controlled set.,A wrong origin changes local/mainland/international layer comparisons.,no,,freeze_candidate,"This is a schema/assignment candidate only; it does not approve actor scope, edges or substantive interpretation."
SF0310,actor_field,X003,American Engineering Corporation AEC,actor_class,corporate_sponsor,corporate_sponsor,freeze_as_is,1,01_actor_registry_initial_v0.csv,Freeze the analytical actor-class vocabulary while preserving actor-specific classification review.,A wrong class changes ecology counts and figure composition.,no,,freeze_candidate,"This is a schema/assignment candidate only; it does not approve actor scope, edges or substantive interpretation."
SF0311,actor_field,X003,American Engineering Corporation AEC,legal_status_guess,company,for_profit_company,mechanical_normalize,1,01_actor_registry_initial_v0.csv,Move legal-form surface strings into controlled codes; unresolved codes do not assert法人格.,A wrong normalization could turn a guess into a false legal-status claim.,no,,freeze_candidate,"This is a schema/assignment candidate only; it does not approve actor scope, edges or substantive interpretation."
SF0312,actor_field,X003,American Engineering Corporation AEC,origin_type,corporate,corporate,freeze_as_is,1,01_actor_registry_initial_v0.csv,All seven observed origin codes already form a closed controlled set.,A wrong origin changes local/mainland/international layer comparisons.,no,,freeze_candidate,"This is a schema/assignment candidate only; it does not approve actor scope, edges or substantive interpretation."
SF0313,actor_field,X004,American Welfare & Works Association (AWWA / 米国福祉事業協会),actor_class,base_spouse_charity_network,base_spouse_charity_network,freeze_as_is,1,01_actor_registry_initial_v0.csv,Freeze the analytical actor-class vocabulary while preserving actor-specific classification review.,A wrong class changes ecology counts and figure composition.,no,,freeze_candidate,"This is a schema/assignment candidate only; it does not approve actor scope, edges or substantive interpretation."
SF0314,actor_field,X004,American Welfare & Works Association (AWWA / 米国福祉事業協会),legal_status_guess,registered_nonprofit（EIN 98-0227149 pending Form 990 check）,registered_nonprofit_pending_document_check,freeze_as_unresolved,1,01_actor_registry_initial_v0.csv,Move legal-form surface strings into controlled codes; unresolved codes do not assert法人格.,A wrong normalization could turn a guess into a false legal-status claim.,no,,freeze_candidate,"This is a schema/assignment candidate only; it does not approve actor scope, edges or substantive interpretation."
SF0315,actor_field,X004,American Welfare & Works Association (AWWA / 米国福祉事業協会),origin_type,us_origin,us_origin,freeze_as_is,1,01_actor_registry_initial_v0.csv,All seven observed origin codes already form a closed controlled set.,A wrong origin changes local/mainland/international layer comparisons.,no,,freeze_candidate,"This is a schema/assignment candidate only; it does not approve actor scope, edges or substantive interpretation."
SF0316,actor_field,X005,Naval Officers' Spouses' Club of Okinawa NOSCO,actor_class,base_spouse_club,base_spouse_club,freeze_as_is,1,01_actor_registry_initial_v0.csv,Freeze the analytical actor-class vocabulary while preserving actor-specific classification review.,A wrong class changes ecology counts and figure composition.,no,,freeze_candidate,"This is a schema/assignment candidate only; it does not approve actor scope, edges or substantive interpretation."
SF0317,actor_field,X005,Naval Officers' Spouses' Club of Okinawa NOSCO,legal_status_guess,club/private_org,private_membership_organization_status_unresolved,freeze_as_unresolved,1,01_actor_registry_initial_v0.csv,Move legal-form surface strings into controlled codes; unresolved codes do not assert法人格.,A wrong normalization could turn a guess into a false legal-status claim.,no,,freeze_candidate,"This is a schema/assignment candidate only; it does not approve actor scope, edges or substantive interpretation."
SF0318,actor_field,X005,Naval Officers' Spouses' Club of Okinawa NOSCO,origin_type,us_origin,us_origin,freeze_as_is,1,01_actor_registry_initial_v0.csv,All seven observed origin codes already form a closed controlled set.,A wrong origin changes local/mainland/international layer comparisons.,no,,freeze_candidate,"This is a schema/assignment candidate only; it does not approve actor scope, edges or substantive interpretation."
SF0319,actor_field,X006,Kadena Officers' Spouses' Club KOSC,actor_class,base_spouse_club,base_spouse_club,freeze_as_is,1,01_actor_registry_initial_v0.csv,Freeze the analytical actor-class vocabulary while preserving actor-specific classification review.,A wrong class changes ecology counts and figure composition.,no,,freeze_candidate,"This is a schema/assignment candidate only; it does not approve actor scope, edges or substantive interpretation."
SF0320,actor_field,X006,Kadena Officers' Spouses' Club KOSC,legal_status_guess,registered_nonprofit（EIN 98-0214323）,registered_nonprofit,mechanical_normalize,1,01_actor_registry_initial_v0.csv,Move legal-form surface strings into controlled codes; unresolved codes do not assert法人格.,A wrong normalization could turn a guess into a false legal-status claim.,no,,freeze_candidate,"This is a schema/assignment candidate only; it does not approve actor scope, edges or substantive interpretation."
SF0321,actor_field,X006,Kadena Officers' Spouses' Club KOSC,origin_type,us_origin,us_origin,freeze_as_is,1,01_actor_registry_initial_v0.csv,All seven observed origin codes already form a closed controlled set.,A wrong origin changes local/mainland/international layer comparisons.,no,,freeze_candidate,"This is a schema/assignment candidate only; it does not approve actor scope, edges or substantive interpretation."
SF0322,actor_field,X007,Okinawa Enlisted Spouses' Club (OESC),actor_class,base_spouse_club,base_spouse_club,freeze_as_is,1,01_actor_registry_initial_v0.csv,Freeze the analytical actor-class vocabulary while preserving actor-specific classification review.,A wrong class changes ecology counts and figure composition.,no,,freeze_candidate,"This is a schema/assignment candidate only; it does not approve actor scope, edges or substantive interpretation."
SF0323,actor_field,X007,Okinawa Enlisted Spouses' Club (OESC),legal_status_guess,501c3（EIN 98-0346507）,us_501c3_nonprofit,mechanical_normalize,1,01_actor_registry_initial_v0.csv,Move legal-form surface strings into controlled codes; unresolved codes do not assert法人格.,A wrong normalization could turn a guess into a false legal-status claim.,no,,freeze_candidate,"This is a schema/assignment candidate only; it does not approve actor scope, edges or substantive interpretation."
SF0324,actor_field,X007,Okinawa Enlisted Spouses' Club (OESC),origin_type,us_origin,us_origin,freeze_as_is,1,01_actor_registry_initial_v0.csv,All seven observed origin codes already form a closed controlled set.,A wrong origin changes local/mainland/international layer comparisons.,no,,freeze_candidate,"This is a schema/assignment candidate only; it does not approve actor scope, edges or substantive interpretation."
SF0325,actor_field,X008,American Red Cross Okinawa,actor_class,base_community_service_actor,base_community_service_actor,freeze_as_is,1,01_actor_registry_initial_v0.csv,Freeze the analytical actor-class vocabulary while preserving actor-specific classification review.,A wrong class changes ecology counts and figure composition.,no,,freeze_candidate,"This is a schema/assignment candidate only; it does not approve actor scope, edges or substantive interpretation."
SF0326,actor_field,X008,American Red Cross Okinawa,legal_status_guess,nonprofit_or_base_office,nonprofit_or_branch_office_unresolved,freeze_as_unresolved,1,01_actor_registry_initial_v0.csv,Move legal-form surface strings into controlled codes; unresolved codes do not assert法人格.,A wrong normalization could turn a guess into a false legal-status claim.,no,,freeze_candidate,"This is a schema/assignment candidate only; it does not approve actor scope, edges or substantive interpretation."
SF0327,actor_field,X008,American Red Cross Okinawa,origin_type,us_origin,us_origin,freeze_as_is,1,01_actor_registry_initial_v0.csv,All seven observed origin codes already form a closed controlled set.,A wrong origin changes local/mainland/international layer comparisons.,no,,freeze_candidate,"This is a schema/assignment candidate only; it does not approve actor scope, edges or substantive interpretation."
SF0328,actor_field,X009,Navy-Marine Corps Relief Society Okinawa,actor_class,base_community_service_actor,base_community_service_actor,freeze_as_is,1,01_actor_registry_initial_v0.csv,Freeze the analytical actor-class vocabulary while preserving actor-specific classification review.,A wrong class changes ecology counts and figure composition.,no,,freeze_candidate,"This is a schema/assignment candidate only; it does not approve actor scope, edges or substantive interpretation."
SF0329,actor_field,X009,Navy-Marine Corps Relief Society Okinawa,legal_status_guess,nonprofit_or_base_office,nonprofit_or_branch_office_unresolved,freeze_as_unresolved,1,01_actor_registry_initial_v0.csv,Move legal-form surface strings into controlled codes; unresolved codes do not assert法人格.,A wrong normalization could turn a guess into a false legal-status claim.,no,,freeze_candidate,"This is a schema/assignment candidate only; it does not approve actor scope, edges or substantive interpretation."
SF0330,actor_field,X009,Navy-Marine Corps Relief Society Okinawa,origin_type,us_origin,us_origin,freeze_as_is,1,01_actor_registry_initial_v0.csv,All seven observed origin codes already form a closed controlled set.,A wrong origin changes local/mainland/international layer comparisons.,no,,freeze_candidate,"This is a schema/assignment candidate only; it does not approve actor scope, edges or substantive interpretation."
SF0331,actor_field,X010,沖縄NGOセンター,actor_class,local_international_cooperation_ngo,local_international_cooperation_ngo,freeze_as_is,1,01_actor_registry_initial_v0.csv,Freeze the analytical actor-class vocabulary while preserving actor-specific classification review.,A wrong class changes ecology counts and figure composition.,no,,freeze_candidate,"This is a schema/assignment candidate only; it does not approve actor scope, edges or substantive interpretation."
SF0332,actor_field,X010,沖縄NGOセンター,legal_status_guess,npo_or_ngo,nonprofit_form_unresolved,freeze_as_unresolved,1,01_actor_registry_initial_v0.csv,Move legal-form surface strings into controlled codes; unresolved codes do not assert法人格.,A wrong normalization could turn a guess into a false legal-status claim.,no,,freeze_candidate,"This is a schema/assignment candidate only; it does not approve actor scope, edges or substantive interpretation."
SF0333,actor_field,X010,沖縄NGOセンター,origin_type,okinawa_local,okinawa_local,freeze_as_is,1,01_actor_registry_initial_v0.csv,All seven observed origin codes already form a closed controlled set.,A wrong origin changes local/mainland/international layer comparisons.,no,,freeze_candidate,"This is a schema/assignment candidate only; it does not approve actor scope, edges or substantive interpretation."
SF0334,actor_field,X011,JICA沖縄,actor_class,public_institution_partner,public_institution_partner,freeze_as_is,1,01_actor_registry_initial_v0.csv,Freeze the analytical actor-class vocabulary while preserving actor-specific classification review.,A wrong class changes ecology counts and figure composition.,no,,freeze_candidate,"This is a schema/assignment candidate only; it does not approve actor scope, edges or substantive interpretation."
SF0335,actor_field,X011,JICA沖縄,legal_status_guess,public_institution,public_institution,freeze_as_is,1,01_actor_registry_initial_v0.csv,Move legal-form surface strings into controlled codes; unresolved codes do not assert法人格.,A wrong normalization could turn a guess into a false legal-status claim.,no,,freeze_candidate,"This is a schema/assignment candidate only; it does not approve actor scope, edges or substantive interpretation."
SF0336,actor_field,X011,JICA沖縄,origin_type,public_institution,public_institution,freeze_as_is,1,01_actor_registry_initial_v0.csv,All seven observed origin codes already form a closed controlled set.,A wrong origin changes local/mainland/international layer comparisons.,no,,freeze_candidate,"This is a schema/assignment candidate only; it does not approve actor scope, edges or substantive interpretation."
SF0337,actor_field,X012,TOMODACHI Initiative,actor_class,public_diplomacy_or_exchange_actor,public_diplomacy_or_exchange_actor,freeze_as_is,1,01_actor_registry_initial_v0.csv,Freeze the analytical actor-class vocabulary while preserving actor-specific classification review.,A wrong class changes ecology counts and figure composition.,no,,freeze_candidate,"This is a schema/assignment candidate only; it does not approve actor scope, edges or substantive interpretation."
SF0338,actor_field,X012,TOMODACHI Initiative,legal_status_guess,public_private_partnership,public_private_partnership,freeze_as_is,1,01_actor_registry_initial_v0.csv,Move legal-form surface strings into controlled codes; unresolved codes do not assert法人格.,A wrong normalization could turn a guess into a false legal-status claim.,no,,freeze_candidate,"This is a schema/assignment candidate only; it does not approve actor scope, edges or substantive interpretation."
SF0339,actor_field,X012,TOMODACHI Initiative,origin_type,mixed_or_network,mixed_or_network,freeze_as_is,1,01_actor_registry_initial_v0.csv,All seven observed origin codes already form a closed controlled set.,A wrong origin changes local/mainland/international layer comparisons.,no,,freeze_candidate,"This is a schema/assignment candidate only; it does not approve actor scope, edges or substantive interpretation."
SF0340,actor_field,X013,U.S. Consulate General Naha Okinawa Youth Council Program,actor_class,public_diplomacy_grant_program,public_diplomacy_grant_program,freeze_as_is,1,01_actor_registry_initial_v0.csv,Freeze the analytical actor-class vocabulary while preserving actor-specific classification review.,A wrong class changes ecology counts and figure composition.,no,,freeze_candidate,"This is a schema/assignment candidate only; it does not approve actor scope, edges or substantive interpretation."
SF0341,actor_field,X013,U.S. Consulate General Naha Okinawa Youth Council Program,legal_status_guess,grant_program,grant_program,freeze_as_is,1,01_actor_registry_initial_v0.csv,Move legal-form surface strings into controlled codes; unresolved codes do not assert法人格.,A wrong normalization could turn a guess into a false legal-status claim.,no,,freeze_candidate,"This is a schema/assignment candidate only; it does not approve actor scope, edges or substantive interpretation."
SF0342,actor_field,X013,U.S. Consulate General Naha Okinawa Youth Council Program,origin_type,us_origin,us_origin,freeze_as_is,1,01_actor_registry_initial_v0.csv,All seven observed origin codes already form a closed controlled set.,A wrong origin changes local/mainland/international layer comparisons.,no,,freeze_candidate,"This is a schema/assignment candidate only; it does not approve actor scope, edges or substantive interpretation."
SF0343,actor_field,X014,NED National Endowment for Democracy,actor_class,funder_or_intermediary,funder_or_intermediary,freeze_as_is,1,01_actor_registry_initial_v0.csv,Freeze the analytical actor-class vocabulary while preserving actor-specific classification review.,A wrong class changes ecology counts and figure composition.,no,,freeze_candidate,"This is a schema/assignment candidate only; it does not approve actor scope, edges or substantive interpretation."
SF0344,actor_field,X014,NED National Endowment for Democracy,legal_status_guess,foundation,foundation_status_unspecified,freeze_as_unresolved,1,01_actor_registry_initial_v0.csv,Move legal-form surface strings into controlled codes; unresolved codes do not assert法人格.,A wrong normalization could turn a guess into a false legal-status claim.,no,,freeze_candidate,"This is a schema/assignment candidate only; it does not approve actor scope, edges or substantive interpretation."
SF0345,actor_field,X014,NED National Endowment for Democracy,origin_type,us_origin,us_origin,freeze_as_is,1,01_actor_registry_initial_v0.csv,All seven observed origin codes already form a closed controlled set.,A wrong origin changes local/mainland/international layer comparisons.,no,,freeze_candidate,"This is a schema/assignment candidate only; it does not approve actor scope, edges or substantive interpretation."
SF0346,actor_field,X015,Peace Winds Japan,actor_class,international_ngo,international_ngo,freeze_as_is,1,01_actor_registry_initial_v0.csv,Freeze the analytical actor-class vocabulary while preserving actor-specific classification review.,A wrong class changes ecology counts and figure composition.,no,,freeze_candidate,"This is a schema/assignment candidate only; it does not approve actor scope, edges or substantive interpretation."
SF0347,actor_field,X015,Peace Winds Japan,legal_status_guess,ngo,nongovernmental_nonprofit,mechanical_normalize,1,01_actor_registry_initial_v0.csv,Move legal-form surface strings into controlled codes; unresolved codes do not assert法人格.,A wrong normalization could turn a guess into a false legal-status claim.,no,,freeze_candidate,"This is a schema/assignment candidate only; it does not approve actor scope, edges or substantive interpretation."
SF0348,actor_field,X015,Peace Winds Japan,origin_type,japan_domestic,japan_domestic,freeze_as_is,1,01_actor_registry_initial_v0.csv,All seven observed origin codes already form a closed controlled set.,A wrong origin changes local/mainland/international layer comparisons.,no,,freeze_candidate,"This is a schema/assignment candidate only; it does not approve actor scope, edges or substantive interpretation."
SF0349,actor_field,X016,Marine Officers' Spouses' Club Okinawa (MOSCO / MOSC),actor_class,base_spouse_club,base_spouse_club,freeze_as_is,1,01_actor_registry_initial_v0.csv,Freeze the analytical actor-class vocabulary while preserving actor-specific classification review.,A wrong class changes ecology counts and figure composition.,no,,freeze_candidate,"This is a schema/assignment candidate only; it does not approve actor scope, edges or substantive interpretation."
SF0350,actor_field,X016,Marine Officers' Spouses' Club Okinawa (MOSCO / MOSC),legal_status_guess,501c3/registered_nonprofit（EIN 46-0598583）,us_501c3_nonprofit,mechanical_normalize,1,01_actor_registry_initial_v0.csv,Move legal-form surface strings into controlled codes; unresolved codes do not assert法人格.,A wrong normalization could turn a guess into a false legal-status claim.,no,,freeze_candidate,"This is a schema/assignment candidate only; it does not approve actor scope, edges or substantive interpretation."
SF0351,actor_field,X016,Marine Officers' Spouses' Club Okinawa (MOSCO / MOSC),origin_type,us_origin,us_origin,freeze_as_is,1,01_actor_registry_initial_v0.csv,All seven observed origin codes already form a closed controlled set.,A wrong origin changes local/mainland/international layer comparisons.,no,,freeze_candidate,"This is a schema/assignment candidate only; it does not approve actor scope, edges or substantive interpretation."
SF0352,actor_field,X017,Army Community Group of Okinawa (ACGO),actor_class,base_spouse_club,base_spouse_club,freeze_as_is,1,01_actor_registry_initial_v0.csv,Freeze the analytical actor-class vocabulary while preserving actor-specific classification review.,A wrong class changes ecology counts and figure composition.,no,,freeze_candidate,"This is a schema/assignment candidate only; it does not approve actor scope, edges or substantive interpretation."
SF0353,actor_field,X017,Army Community Group of Okinawa (ACGO),legal_status_guess,unclear,legal_form_unresolved,freeze_as_unresolved,1,01_actor_registry_initial_v0.csv,Move legal-form surface strings into controlled codes; unresolved codes do not assert法人格.,A wrong normalization could turn a guess into a false legal-status claim.,no,,freeze_candidate,"This is a schema/assignment candidate only; it does not approve actor scope, edges or substantive interpretation."
SF0354,actor_field,X017,Army Community Group of Okinawa (ACGO),origin_type,us_origin,us_origin,freeze_as_is,1,01_actor_registry_initial_v0.csv,All seven observed origin codes already form a closed controlled set.,A wrong origin changes local/mainland/international layer comparisons.,no,,freeze_candidate,"This is a schema/assignment candidate only; it does not approve actor scope, edges or substantive interpretation."
SF0355,alias,X004,American Women's Welfare Association,alias_type,former_name,former_name,freeze_as_is,1,02_actor_aliases_initial_v0.csv,Normalize alias-type semantics while retaining every source-attested surface form.,"Name similarity can collapse distinct organizations, rounds or predecessor relationships.",no,,freeze_candidate,Never merge entities from normalized-name similarity; lineage labels are explicitly nonidentity.
SF0356,alias,X004,Ryukyu American Welfare Council,alias_type,original_name,former_name,mechanical_normalize,1,02_actor_aliases_initial_v0.csv,Normalize alias-type semantics while retaining every source-attested surface form.,"Name similarity can collapse distinct organizations, rounds or predecessor relationships.",no,,freeze_candidate,Never merge entities from normalized-name similarity; lineage labels are explicitly nonidentity.
SF0357,alias,X004,米国福祉事業協会,alias_type,japanese_name,language_name,mechanical_normalize,1,02_actor_aliases_initial_v0.csv,Normalize alias-type semantics while retaining every source-attested surface form.,"Name similarity can collapse distinct organizations, rounds or predecessor relationships.",no,,freeze_candidate,Never merge entities from normalized-name similarity; lineage labels are explicitly nonidentity.
SF0358,alias,X004,American Welfare and Works Association,alias_type,variant,orthographic_variant,mechanical_normalize,1,02_actor_aliases_initial_v0.csv,Normalize alias-type semantics while retaining every source-attested surface form.,"Name similarity can collapse distinct organizations, rounds or predecessor relationships.",no,,freeze_candidate,Never merge entities from normalized-name similarity; lineage labels are explicitly nonidentity.
SF0359,alias,X016,Marine Officers' Spouses' Club Okinawa,alias_type,canonical_variant,orthographic_variant,mechanical_normalize,1,02_actor_aliases_initial_v0.csv,Normalize alias-type semantics while retaining every source-attested surface form.,"Name similarity can collapse distinct organizations, rounds or predecessor relationships.",no,,freeze_candidate,Never merge entities from normalized-name similarity; lineage labels are explicitly nonidentity.
SF0360,alias,X016,Marine Officers Spouses Club Okinawa,alias_type,tax_name,registered_name_variant,mechanical_normalize,1,02_actor_aliases_initial_v0.csv,Normalize alias-type semantics while retaining every source-attested surface form.,"Name similarity can collapse distinct organizations, rounds or predecessor relationships.",no,,freeze_candidate,Never merge entities from normalized-name similarity; lineage labels are explicitly nonidentity.
SF0361,alias,X016,MOSC,alias_type,acronym,acronym,freeze_as_is,1,02_actor_aliases_initial_v0.csv,Normalize alias-type semantics while retaining every source-attested surface form.,"Name similarity can collapse distinct organizations, rounds or predecessor relationships.",no,,freeze_candidate,Never merge entities from normalized-name similarity; lineage labels are explicitly nonidentity.
SF0362,alias,X016,MOSCO,alias_type,acronym,acronym,freeze_as_is,1,02_actor_aliases_initial_v0.csv,Normalize alias-type semantics while retaining every source-attested surface form.,"Name similarity can collapse distinct organizations, rounds or predecessor relationships.",no,,freeze_candidate,Never merge entities from normalized-name similarity; lineage labels are explicitly nonidentity.
SF0363,alias,X017,ACGO,alias_type,acronym,acronym,freeze_as_is,1,02_actor_aliases_initial_v0.csv,Normalize alias-type semantics while retaining every source-attested surface form.,"Name similarity can collapse distinct organizations, rounds or predecessor relationships.",no,,freeze_candidate,Never merge entities from normalized-name similarity; lineage labels are explicitly nonidentity.
SF0364,alias,A040,Pro Public,alias_type,short_name,short_name,freeze_as_is,1,02_actor_aliases_initial_v0.csv,Normalize alias-type semantics while retaining every source-attested surface form.,"Name similarity can collapse distinct organizations, rounds or predecessor relationships.",no,,freeze_candidate,Never merge entities from normalized-name similarity; lineage labels are explicitly nonidentity.
SF0365,alias,A040,Friends of the Earth Nepal,alias_type,network_name,network_name,freeze_from_human_anchor,1,02_actor_aliases_initial_v0.csv,Normalize alias-type semantics while retaining every source-attested surface form.,"Name similarity can collapse distinct organizations, rounds or predecessor relationships.",no,,freeze_candidate,Never merge entities from normalized-name similarity; lineage labels are explicitly nonidentity.
SF0366,alias,A046,Pro Natura / FoE Switzerland,alias_type,signatory_name,event_list_name,mechanical_normalize,1,02_actor_aliases_initial_v0.csv,Normalize alias-type semantics while retaining every source-attested surface form.,"Name similarity can collapse distinct organizations, rounds or predecessor relationships.",no,,freeze_candidate,Never merge entities from normalized-name similarity; lineage labels are explicitly nonidentity.
SF0367,alias,A046,Friends of the Earth Switzerland,alias_type,network_name,network_name,freeze_from_human_anchor,1,02_actor_aliases_initial_v0.csv,Normalize alias-type semantics while retaining every source-attested surface form.,"Name similarity can collapse distinct organizations, rounds or predecessor relationships.",no,,freeze_candidate,Never merge entities from normalized-name similarity; lineage labels are explicitly nonidentity.
SF0368,alias,A046,Swiss League for the Protection of Nature,alias_type,former_name,former_name,freeze_as_is,1,02_actor_aliases_initial_v0.csv,Normalize alias-type semantics while retaining every source-attested surface form.,"Name similarity can collapse distinct organizations, rounds or predecessor relationships.",no,,freeze_candidate,Never merge entities from normalized-name similarity; lineage labels are explicitly nonidentity.
SF0369,alias,A106,辺野古の海を土砂で埋めるな！首都圏キャンペーン,alias_type,possible_canonical_variant,unresolved_canonical_variant,human_review,1,02_actor_aliases_initial_v0.csv,Normalize alias-type semantics while retaining every source-attested surface form.,"Name similarity can collapse distinct organizations, rounds or predecessor relationships.",yes,HR029-016,needs_human_review,Never merge entities from normalized-name similarity; lineage labels are explicitly nonidentity.
SF0370,alias,A052,嘉手納爆音訴訟原告団,alias_type,former_canonical,former_registry_canonical,mechanical_normalize,1,02_actor_aliases_initial_v0.csv,Normalize alias-type semantics while retaining every source-attested surface form.,"Name similarity can collapse distinct organizations, rounds or predecessor relationships.",no,,freeze_candidate,Never merge entities from normalized-name similarity; lineage labels are explicitly nonidentity.
SF0371,alias,A052,第4次嘉手納基地爆音差止訴訟原告団,alias_type,round_of,case_round_label_nonidentity,human_review,1,02_actor_aliases_initial_v0.csv,Store lineage/case-round labels for lookup without asserting entity identity or identical membership.,"Name similarity can collapse distinct organizations, rounds or predecessor relationships.",yes,HR029-017,needs_human_review,Never merge entities from normalized-name similarity; lineage labels are explicitly nonidentity.
SF0372,alias,A053,普天間爆音訴訟団,alias_type,former_canonical,former_registry_canonical,mechanical_normalize,1,02_actor_aliases_initial_v0.csv,Normalize alias-type semantics while retaining every source-attested surface form.,"Name similarity can collapse distinct organizations, rounds or predecessor relationships.",no,,freeze_candidate,Never merge entities from normalized-name similarity; lineage labels are explicitly nonidentity.
SF0373,alias,A053,普天間基地第2次爆音訴訟原告団,alias_type,round_of,case_round_label_nonidentity,human_review,1,02_actor_aliases_initial_v0.csv,Store lineage/case-round labels for lookup without asserting entity identity or identical membership.,"Name similarity can collapse distinct organizations, rounds or predecessor relationships.",yes,HR029-018,needs_human_review,Never merge entities from normalized-name similarity; lineage labels are explicitly nonidentity.
SF0374,alias,A010,石垣島への自衛隊配備を止める住民の会,alias_type,predecessor_of,predecessor_name_nonidentity,human_review,1,02_actor_aliases_initial_v0.csv,Store lineage/case-round labels for lookup without asserting entity identity or identical membership.,"Name similarity can collapse distinct organizations, rounds or predecessor relationships.",yes,HR029-019,needs_human_review,Never merge entities from normalized-name similarity; lineage labels are explicitly nonidentity.
SF0375,alias,A053,普天間基地爆音訴訟原告団,alias_type,descriptive_variant,descriptive_variant,freeze_as_is,1,02_actor_aliases_initial_v0.csv,Normalize alias-type semantics while retaining every source-attested surface form.,"Name similarity can collapse distinct organizations, rounds or predecessor relationships.",no,,freeze_candidate,Never merge entities from normalized-name similarity; lineage labels are explicitly nonidentity.
SF0376,alias,A111,県婦人団体連絡協議会,alias_type,former_name,former_name,freeze_as_is,1,02_actor_aliases_initial_v0.csv,Normalize alias-type semantics while retaining every source-attested surface form.,"Name similarity can collapse distinct organizations, rounds or predecessor relationships.",no,,freeze_candidate,Never merge entities from normalized-name similarity; lineage labels are explicitly nonidentity.
SF0377,alias,A111,女団協,alias_type,acronym,acronym,freeze_as_is,1,02_actor_aliases_initial_v0.csv,Normalize alias-type semantics while retaining every source-attested surface form.,"Name similarity can collapse distinct organizations, rounds or predecessor relationships.",no,,freeze_candidate,Never merge entities from normalized-name similarity; lineage labels are explicitly nonidentity.
SF0378,alias_boundary,A105;A107,日本YWCA;沖縄YWCA,entity_boundary,two registry actors plus organizational affiliation,distinct_entities_with_affiliation_not_alias,freeze_from_human_anchor,2,01_actor_registry_initial_v0.csv;02_actor_aliases_initial_v0.csv,Parent/national and local/regional YWCA are distinct actors; actions do not automatically transfer.,A false alias would merge distinct national/local or retired/current organizations.,no,,freeze_candidate,This preserves an existing human decision; it creates no new relation or identity claim.
SF0379,alias_boundary,A111;retired_A094,女団協;沖女連,entity_boundary,A111 has 女団協; A094 is removed,do_not_transfer_retired_alias_or_reinsert_actor,freeze_from_human_anchor,2,01_actor_registry_initial_v0.csv;02_actor_aliases_initial_v0.csv,The HR-013 decision explicitly distinguishes A111 from the removed A094 and A049.,A false alias would merge distinct national/local or retired/current organizations.,no,,freeze_candidate,This preserves an existing human decision; it creates no new relation or identity claim.
SF0380,place_semantics,P001,Okinawa Prefecture,place_name_type_parent_aliases,name=Okinawa Prefecture|type=prefecture|parent=absent|aliases=absent,name=Okinawa Prefecture|type=prefecture|parent=ROOT|aliases=Okinawa Prefecture;Okinawa;沖縄県,mechanical_hierarchy_alias_enrichment,42,04_place_registry_v0.csv;08_actor_place_edges_initial_v0.csv,Project-wide container; not an event site.,"A wrong spatial level can collapse locality, municipality and military installation layers.",no,,freeze_candidate,"Aliases support lookup only; island, municipality, locality and installation are not merged by name similarity."
SF0381,place_semantics,P002,Henoko,place_name_type_parent_aliases,name=Henoko|type=site|parent=absent|aliases=absent,name=Henoko|type=site|parent=P017|aliases=Henoko;辺野古,mechanical_hierarchy_alias_enrichment,45,04_place_registry_v0.csv;08_actor_place_edges_initial_v0.csv,Conflict locality nested under Nago for Phase-1 hierarchy.,"A wrong spatial level can collapse locality, municipality and military installation layers.",no,,freeze_candidate,"Aliases support lookup only; island, municipality, locality and installation are not merged by name similarity."
SF0382,place_semantics,P003,Oura Bay,place_name_type_parent_aliases,name=Oura Bay|type=site|parent=absent|aliases=absent,name=Oura Bay|type=site|parent=P017|aliases=Oura Bay;Ōura Bay;大浦湾,mechanical_hierarchy_alias_enrichment,6,04_place_registry_v0.csv;08_actor_place_edges_initial_v0.csv,Marine conflict site nested under Nago for Phase-1 hierarchy.,"A wrong spatial level can collapse locality, municipality and military installation layers.",no,,freeze_candidate,"Aliases support lookup only; island, municipality, locality and installation are not merged by name similarity."
SF0383,place_semantics,P004,Futenma,place_name_type_parent_aliases,name=Futenma|type=base_site|parent=absent|aliases=absent,name=Futenma|type=site|parent=P018|aliases=Futenma;普天間,human_review,1,04_place_registry_v0.csv;08_actor_place_edges_initial_v0.csv,"Must denote the Futenma issue/locality layer, not duplicate MCAS Futenma P010.","A wrong spatial level can collapse locality, municipality and military installation layers.",yes,HR029-020,needs_human_review,"Aliases support lookup only; island, municipality, locality and installation are not merged by name similarity."
SF0384,place_semantics,P005,Kadena,place_name_type_parent_aliases,name=Kadena|type=base_site|parent=absent|aliases=absent,name=Kadena Air Base|type=base_site|parent=P001|aliases=Kadena;Kadena Air Base;嘉手納基地,human_review,4,04_place_registry_v0.csv;08_actor_place_edges_initial_v0.csv,Current name Kadena can mean municipality or air base; current notes indicate the base.,"A wrong spatial level can collapse locality, municipality and military installation layers.",yes,HR029-021,needs_human_review,"Aliases support lookup only; island, municipality, locality and installation are not merged by name similarity."
SF0385,place_semantics,P006,Camp Schwab,place_name_type_parent_aliases,name=Camp Schwab|type=base_site|parent=absent|aliases=absent,name=Camp Schwab|type=base_site|parent=P017|aliases=Camp Schwab;キャンプ・シュワブ,mechanical_hierarchy_alias_enrichment,2,04_place_registry_v0.csv;08_actor_place_edges_initial_v0.csv,Military installation nested under Nago.,"A wrong spatial level can collapse locality, municipality and military installation layers.",no,,freeze_candidate,"Aliases support lookup only; island, municipality, locality and installation are not merged by name similarity."
SF0386,place_semantics,P007,Camp Foster,place_name_type_parent_aliases,name=Camp Foster|type=base_site|parent=absent|aliases=absent,name=Camp Foster|type=base_site|parent=P001|aliases=Camp Foster;キャンプ・フォスター,mechanical_hierarchy_alias_enrichment,3,04_place_registry_v0.csv;08_actor_place_edges_initial_v0.csv,Installation spans the central-island field; prefecture is the safe parent.,"A wrong spatial level can collapse locality, municipality and military installation layers.",no,,freeze_candidate,"Aliases support lookup only; island, municipality, locality and installation are not merged by name similarity."
SF0387,place_semantics,P008,Camp Hansen,place_name_type_parent_aliases,name=Camp Hansen|type=base_site|parent=absent|aliases=absent,name=Camp Hansen|type=base_site|parent=P001|aliases=Camp Hansen;キャンプ・ハンセン,mechanical_hierarchy_alias_enrichment,1,04_place_registry_v0.csv;08_actor_place_edges_initial_v0.csv,Installation spans multiple local areas; prefecture is the safe parent.,"A wrong spatial level can collapse locality, municipality and military installation layers.",no,,freeze_candidate,"Aliases support lookup only; island, municipality, locality and installation are not merged by name similarity."
SF0388,place_semantics,P009,Camp Kinser,place_name_type_parent_aliases,name=Camp Kinser|type=base_site|parent=absent|aliases=absent,name=Camp Kinser|type=base_site|parent=P001|aliases=Camp Kinser;キャンプ・キンザー,mechanical_hierarchy_alias_enrichment,1,04_place_registry_v0.csv;08_actor_place_edges_initial_v0.csv,Urasoe is not a current place node; prefecture is the available parent.,"A wrong spatial level can collapse locality, municipality and military installation layers.",no,,freeze_candidate,"Aliases support lookup only; island, municipality, locality and installation are not merged by name similarity."
SF0389,place_semantics,P010,MCAS Futenma,place_name_type_parent_aliases,name=MCAS Futenma|type=base_site|parent=absent|aliases=absent,name=MCAS Futenma|type=base_site|parent=P018|aliases=MCAS Futenma;Marine Corps Air Station Futenma;普天間飛行場,mechanical_hierarchy_alias_enrichment,1,04_place_registry_v0.csv;08_actor_place_edges_initial_v0.csv,Physical installation distinct from P004 Futenma issue/locality layer.,"A wrong spatial level can collapse locality, municipality and military installation layers.",no,,freeze_candidate,"Aliases support lookup only; island, municipality, locality and installation are not merged by name similarity."
SF0390,place_semantics,P011,Yonaguni,place_name_type_parent_aliases,name=Yonaguni|type=municipality|parent=absent|aliases=absent,name=Yonaguni Town|type=municipality|parent=P001|aliases=Yonaguni;Yonaguni Town;与那国町;与那国島,human_review,6,04_place_registry_v0.csv;08_actor_place_edges_initial_v0.csv,"Town, island and shorthand labels must remain queryable but not silently treated as identical spatial levels.","A wrong spatial level can collapse locality, municipality and military installation layers.",yes,HR029-022,needs_human_review,"Aliases support lookup only; island, municipality, locality and installation are not merged by name similarity."
SF0391,place_semantics,P012,Ishigaki,place_name_type_parent_aliases,name=Ishigaki|type=municipality|parent=absent|aliases=absent,name=Ishigaki City|type=municipality|parent=P001|aliases=Ishigaki;Ishigaki City;石垣市;石垣島,human_review,3,04_place_registry_v0.csv;08_actor_place_edges_initial_v0.csv,City and island labels overlap in sources and need an explicit alias-scope decision.,"A wrong spatial level can collapse locality, municipality and military installation layers.",yes,HR029-023,needs_human_review,"Aliases support lookup only; island, municipality, locality and installation are not merged by name similarity."
SF0392,place_semantics,P013,Miyako,place_name_type_parent_aliases,name=Miyako|type=municipality|parent=absent|aliases=absent,name=Miyakojima City|type=municipality|parent=P001|aliases=Miyako;Miyakojima City;宮古島市;宮古島,human_review,3,04_place_registry_v0.csv;08_actor_place_edges_initial_v0.csv,"Miyako can denote city, island or regional field; the current row is typed municipality.","A wrong spatial level can collapse locality, municipality and military installation layers.",yes,HR029-024,needs_human_review,"Aliases support lookup only; island, municipality, locality and installation are not merged by name similarity."
SF0393,place_semantics,P014,JICA Okinawa,place_name_type_parent_aliases,name=JICA Okinawa|type=institutional_site|parent=absent|aliases=absent,name=JICA Okinawa|type=institutional_site|parent=P001|aliases=JICA Okinawa;JICA Okinawa Center;JICA沖縄;沖縄国際センター,mechanical_hierarchy_alias_enrichment,2,04_place_registry_v0.csv;08_actor_place_edges_initial_v0.csv,Institutional facility; Urasoe is not a current parent node.,"A wrong spatial level can collapse locality, municipality and military installation layers.",no,,freeze_candidate,"Aliases support lookup only; island, municipality, locality and installation are not merged by name similarity."
SF0394,place_semantics,P015,U.S. Consulate General Naha,place_name_type_parent_aliases,name=U.S. Consulate General Naha|type=institutional_site|parent=absent|aliases=absent,name=U.S. Consulate General Naha|type=institutional_site|parent=P020|aliases=U.S. Consulate General Naha;在沖米国総領事館,mechanical_hierarchy_alias_enrichment,1,04_place_registry_v0.csv;08_actor_place_edges_initial_v0.csv,Institutional facility nested under Naha.,"A wrong spatial level can collapse locality, municipality and military installation layers.",no,,freeze_candidate,"Aliases support lookup only; island, municipality, locality and installation are not merged by name similarity."
SF0395,place_semantics,P016,Takae,place_name_type_parent_aliases,name=Takae|type=site|parent=absent|aliases=absent,name=Takae|type=site|parent=P001|aliases=Takae;高江,mechanical_hierarchy_alias_enrichment,1,04_place_registry_v0.csv;08_actor_place_edges_initial_v0.csv,Local site; Higashi municipality is not a current parent node.,"A wrong spatial level can collapse locality, municipality and military installation layers.",no,,freeze_candidate,"Aliases support lookup only; island, municipality, locality and installation are not merged by name similarity."
SF0396,place_semantics,P017,Nago,place_name_type_parent_aliases,name=Nago|type=municipality|parent=absent|aliases=absent,name=Nago|type=municipality|parent=P001|aliases=Nago;Nago City;名護市,mechanical_hierarchy_alias_enrichment,1,04_place_registry_v0.csv;08_actor_place_edges_initial_v0.csv,Municipality under Okinawa Prefecture.,"A wrong spatial level can collapse locality, municipality and military installation layers.",no,,freeze_candidate,"Aliases support lookup only; island, municipality, locality and installation are not merged by name similarity."
SF0397,place_semantics,P018,Ginowan,place_name_type_parent_aliases,name=Ginowan|type=municipality|parent=absent|aliases=absent,name=Ginowan|type=municipality|parent=P001|aliases=Ginowan;Ginowan City;宜野湾市,mechanical_hierarchy_alias_enrichment,2,04_place_registry_v0.csv;08_actor_place_edges_initial_v0.csv,Municipality under Okinawa Prefecture.,"A wrong spatial level can collapse locality, municipality and military installation layers.",no,,freeze_candidate,"Aliases support lookup only; island, municipality, locality and installation are not merged by name similarity."
SF0398,place_semantics,P019,Awase,place_name_type_parent_aliases,name=Awase|type=site|parent=absent|aliases=absent,name=Awase|type=site|parent=P001|aliases=Awase;泡瀬;泡瀬干潟,mechanical_hierarchy_alias_enrichment,1,04_place_registry_v0.csv;08_actor_place_edges_initial_v0.csv,Conflict site; Okinawa City is not a current parent node.,"A wrong spatial level can collapse locality, municipality and military installation layers.",no,,freeze_candidate,"Aliases support lookup only; island, municipality, locality and installation are not merged by name similarity."
SF0399,place_semantics,P020,Naha,place_name_type_parent_aliases,name=Naha|type=municipality|parent=absent|aliases=absent,name=Naha|type=municipality|parent=P001|aliases=Naha;Naha City;那覇市,mechanical_hierarchy_alias_enrichment,3,04_place_registry_v0.csv;08_actor_place_edges_initial_v0.csv,Municipality and prefectural capital.,"A wrong spatial level can collapse locality, municipality and military installation layers.",no,,freeze_candidate,"Aliases support lookup only; island, municipality, locality and installation are not merged by name similarity."
SF0400,place_edge_crosskey,AP123,X016,place_id_place_name,place_id=P006|place_name=Camp Foster,defer_to_HR025,defer_to_HR025,1,08_actor_place_edges_initial_v0.csv;outputs/R03_spatial_dossier_v1/HR025_actor_place_semantics_review_v0.csv,HR-025 is the authoritative actor-place semantic gate; this schema package must not adjudicate the cross-key conflict.,A cross-key mismatch assigns an actor to the wrong military installation.,yes,HR-025,defer_to_HR025,Do not silently choose P007 or any other place ID; retain the conflict until HR-025 decides the source-backed spatial meaning.
SF0401,venue_taxonomy,V001,local_conflict_site,venue_label_group,label=local_conflict_site|group=field_site,label=local_conflict_site|group=field_site,freeze_as_is,1,venue_taxonomy_v0.csv,The 16-row taxonomy has unique IDs/labels; zero-use rows remain legitimate reserved categories.,Removing a zero-use category can erase a planned procedural or international venue layer.,no,,freeze_candidate,Taxonomy readiness does not approve any actor-event role or relation.
SF0402,venue_taxonomy,V002,public_statement_forum,venue_label_group,label=public_statement_forum|group=civic_public_communication,label=public_statement_forum|group=civic_public_communication,freeze_as_is,69,venue_taxonomy_v0.csv,The 16-row taxonomy has unique IDs/labels; zero-use rows remain legitimate reserved categories.,Removing a zero-use category can erase a planned procedural or international venue layer.,no,,freeze_candidate,Taxonomy readiness does not approve any actor-event role or relation.
SF0403,venue_taxonomy,V003,petition_or_request_submission,venue_label_group,label=petition_or_request_submission|group=administrative_advocacy,label=petition_or_request_submission|group=administrative_advocacy,defined_zero_use,0,venue_taxonomy_v0.csv,The 16-row taxonomy has unique IDs/labels; zero-use rows remain legitimate reserved categories.,Removing a zero-use category can erase a planned procedural or international venue layer.,no,,freeze_candidate,Taxonomy readiness does not approve any actor-event role or relation.
SF0404,venue_taxonomy,V004,us_federal_advisory_or_scientific_body,venue_label_group,label=us_federal_advisory_or_scientific_body|group=international_institution,label=us_federal_advisory_or_scientific_body|group=international_institution,freeze_as_is,22,venue_taxonomy_v0.csv,The 16-row taxonomy has unique IDs/labels; zero-use rows remain legitimate reserved categories.,Removing a zero-use category can erase a planned procedural or international venue layer.,no,,freeze_candidate,Taxonomy readiness does not approve any actor-event role or relation.
SF0405,venue_taxonomy,V005,us_federal_court,venue_label_group,label=us_federal_court|group=legal_judicial,label=us_federal_court|group=legal_judicial,freeze_as_is,22,venue_taxonomy_v0.csv,The 16-row taxonomy has unique IDs/labels; zero-use rows remain legitimate reserved categories.,Removing a zero-use category can erase a planned procedural or international venue layer.,no,,freeze_candidate,Taxonomy readiness does not approve any actor-event role or relation.
SF0406,venue_taxonomy,V006,japan_or_local_court,venue_label_group,label=japan_or_local_court|group=legal_judicial,label=japan_or_local_court|group=legal_judicial,freeze_as_is,1,venue_taxonomy_v0.csv,The 16-row taxonomy has unique IDs/labels; zero-use rows remain legitimate reserved categories.,Removing a zero-use category can erase a planned procedural or international venue layer.,no,,freeze_candidate,Taxonomy readiness does not approve any actor-event role or relation.
SF0407,venue_taxonomy,V007,prefectural_referendum,venue_label_group,label=prefectural_referendum|group=electoral_referendum,label=prefectural_referendum|group=electoral_referendum,freeze_as_is,2,venue_taxonomy_v0.csv,The 16-row taxonomy has unique IDs/labels; zero-use rows remain legitimate reserved categories.,Removing a zero-use category can erase a planned procedural or international venue layer.,no,,freeze_candidate,Taxonomy readiness does not approve any actor-event role or relation.
SF0408,venue_taxonomy,V008,municipal_referendum,venue_label_group,label=municipal_referendum|group=electoral_referendum,label=municipal_referendum|group=electoral_referendum,freeze_as_is,6,venue_taxonomy_v0.csv,The 16-row taxonomy has unique IDs/labels; zero-use rows remain legitimate reserved categories.,Removing a zero-use category can erase a planned procedural or international venue layer.,no,,freeze_candidate,Taxonomy readiness does not approve any actor-event role or relation.
SF0409,venue_taxonomy,V009,newspaper_or_public_opinion_ad,venue_label_group,label=newspaper_or_public_opinion_ad|group=media_public_opinion,label=newspaper_or_public_opinion_ad|group=media_public_opinion,freeze_as_is,2,venue_taxonomy_v0.csv,The 16-row taxonomy has unique IDs/labels; zero-use rows remain legitimate reserved categories.,Removing a zero-use category can erase a planned procedural or international venue layer.,no,,freeze_candidate,Taxonomy readiness does not approve any actor-event role or relation.
SF0410,venue_taxonomy,V010,local_government_administration,venue_label_group,label=local_government_administration|group=administrative_government,label=local_government_administration|group=administrative_government,defined_zero_use,0,venue_taxonomy_v0.csv,The 16-row taxonomy has unique IDs/labels; zero-use rows remain legitimate reserved categories.,Removing a zero-use category can erase a planned procedural or international venue layer.,no,,freeze_candidate,Taxonomy readiness does not approve any actor-event role or relation.
SF0411,venue_taxonomy,V011,national_ministry_or_agency,venue_label_group,label=national_ministry_or_agency|group=administrative_government,label=national_ministry_or_agency|group=administrative_government,defined_zero_use,0,venue_taxonomy_v0.csv,The 16-row taxonomy has unique IDs/labels; zero-use rows remain legitimate reserved categories.,Removing a zero-use category can erase a planned procedural or international venue layer.,no,,freeze_candidate,Taxonomy readiness does not approve any actor-event role or relation.
SF0412,venue_taxonomy,V012,environmental_assessment_or_policy_procedure,venue_label_group,label=environmental_assessment_or_policy_procedure|group=legal_administrative_procedure,label=environmental_assessment_or_policy_procedure|group=legal_administrative_procedure,defined_zero_use,0,venue_taxonomy_v0.csv,The 16-row taxonomy has unique IDs/labels; zero-use rows remain legitimate reserved categories.,Removing a zero-use category can erase a planned procedural or international venue layer.,no,,freeze_candidate,Taxonomy readiness does not approve any actor-event role or relation.
SF0413,venue_taxonomy,V013,transnational_ngo_advocacy_forum,venue_label_group,label=transnational_ngo_advocacy_forum|group=transnational_civic,label=transnational_ngo_advocacy_forum|group=transnational_civic,defined_zero_use,0,venue_taxonomy_v0.csv,The 16-row taxonomy has unique IDs/labels; zero-use rows remain legitimate reserved categories.,Removing a zero-use category can erase a planned procedural or international venue layer.,no,,freeze_candidate,Taxonomy readiness does not approve any actor-event role or relation.
SF0414,venue_taxonomy,V014,un_or_international_human_rights_mechanism,venue_label_group,label=un_or_international_human_rights_mechanism|group=international_institution,label=un_or_international_human_rights_mechanism|group=international_institution,defined_zero_use,0,venue_taxonomy_v0.csv,The 16-row taxonomy has unique IDs/labels; zero-use rows remain legitimate reserved categories.,Removing a zero-use category can erase a planned procedural or international venue layer.,no,,freeze_candidate,Taxonomy readiness does not approve any actor-event role or relation.
SF0415,venue_taxonomy,V015,public_policy_meeting_or_forum,venue_label_group,label=public_policy_meeting_or_forum|group=civic_policy_forum,label=public_policy_meeting_or_forum|group=civic_policy_forum,freeze_as_is,4,venue_taxonomy_v0.csv,The 16-row taxonomy has unique IDs/labels; zero-use rows remain legitimate reserved categories.,Removing a zero-use category can erase a planned procedural or international venue layer.,no,,freeze_candidate,Taxonomy readiness does not approve any actor-event role or relation.
SF0416,venue_taxonomy,V016,service_charity_program_site,venue_label_group,label=service_charity_program_site|group=service_charity,label=service_charity_program_site|group=service_charity,defined_zero_use,0,venue_taxonomy_v0.csv,The 16-row taxonomy has unique IDs/labels; zero-use rows remain legitimate reserved categories.,Removing a zero-use category can erase a planned procedural or international venue layer.,no,,freeze_candidate,Taxonomy readiness does not approve any actor-event role or relation.
SF0417,venue_reference,OBS_R10R017,JICA/international-cooperation event,venue_id,R10_VENUE,V015,human_review,1,26_actor_event_venue_target_entry_modes_v0.csv,"International-cooperation event may fit public_policy_meeting_or_forum, but event versus administrative venue needs a human choice.","Blind replacement would treat membership, service sites and public-diplomacy opportunities as one venue.",yes,HR029-025,needs_human_review,Resolving a venue foreign key does not turn a grant opportunity into an award or a membership into an event.
SF0418,venue_reference,OBS_R10R019,USO/base-community service venue,venue_id,R10_VENUE,V016,mechanical_fk_resolution,1,26_actor_event_venue_target_entry_modes_v0.csv,USO service sponsorship is observed at a service/charity program venue.,"Blind replacement would treat membership, service sites and public-diplomacy opportunities as one venue.",no,,freeze_candidate,Resolving a venue foreign key does not turn a grant opportunity into an award or a membership into an event.
SF0419,venue_reference,OBS_R10R022,USO/base-community service venue,venue_id,R10_VENUE,V016,mechanical_fk_resolution,1,26_actor_event_venue_target_entry_modes_v0.csv,Donation to USO is observed in the service/charity program field.,"Blind replacement would treat membership, service sites and public-diplomacy opportunities as one venue.",no,,freeze_candidate,Resolving a venue foreign key does not turn a grant opportunity into an award or a membership into an event.
SF0420,venue_reference,OBS_R10R023,USO/base-community service venue,venue_id,R10_VENUE,V016,mechanical_fk_resolution,1,26_actor_event_venue_target_entry_modes_v0.csv,USO kitchen grant is a service/charity program-site observation.,"Blind replacement would treat membership, service sites and public-diplomacy opportunities as one venue.",no,,freeze_candidate,Resolving a venue foreign key does not turn a grant opportunity into an award or a membership into an event.
SF0421,venue_reference,OBS_R10R024,military-spouse umbrella network,venue_id,R10_VENUE,no_applicable_venue_or_V016,human_review,1,26_actor_event_venue_target_entry_modes_v0.csv,"Umbrella membership is a relation, not necessarily a venue occurrence.","Blind replacement would treat membership, service sites and public-diplomacy opportunities as one venue.",yes,HR029-026,needs_human_review,Resolving a venue foreign key does not turn a grant opportunity into an award or a membership into an event.
SF0422,venue_reference,OBS_R10R025,military-spouse umbrella network,venue_id,R10_VENUE,no_applicable_venue_or_V016,human_review,1,26_actor_event_venue_target_entry_modes_v0.csv,"Umbrella membership is a relation, not necessarily a venue occurrence.","Blind replacement would treat membership, service sites and public-diplomacy opportunities as one venue.",yes,HR029-027,needs_human_review,Resolving a venue foreign key does not turn a grant opportunity into an award or a membership into an event.
SF0423,venue_reference,OBS_R10R026,military-spouse umbrella network,venue_id,R10_VENUE,no_applicable_venue_or_V016,human_review,1,26_actor_event_venue_target_entry_modes_v0.csv,"Umbrella membership is a relation, not necessarily a venue occurrence.","Blind replacement would treat membership, service sites and public-diplomacy opportunities as one venue.",yes,HR029-028,needs_human_review,Resolving a venue foreign key does not turn a grant opportunity into an award or a membership into an event.
SF0424,venue_reference,OBS_R10R027,military-spouse umbrella network,venue_id,R10_VENUE,no_applicable_venue_or_V016,human_review,1,26_actor_event_venue_target_entry_modes_v0.csv,"Umbrella membership is a relation, not necessarily a venue occurrence.","Blind replacement would treat membership, service sites and public-diplomacy opportunities as one venue.",yes,HR029-029,needs_human_review,Resolving a venue foreign key does not turn a grant opportunity into an award or a membership into an event.
SF0425,venue_reference,OBS_R10R035,U.S. public-diplomacy opportunity,venue_id,R10_VENUE,new_public_diplomacy_program_channel_or_no_venue,human_review,1,26_actor_event_venue_target_entry_modes_v0.csv,"A grant opportunity is a program channel, not an awarded relation or obvious existing venue.","Blind replacement would treat membership, service sites and public-diplomacy opportunities as one venue.",yes,HR029-030,needs_human_review,Resolving a venue foreign key does not turn a grant opportunity into an award or a membership into an event.
SF0426,relation_type,administrative_collaboration,administrative_collaboration,relation_type,administrative_collaboration,administrative_collaboration,freeze_as_is,1,15_funding_or_support_edges_sample_v0.csv:1,Map every observed value to a closed controlled vocabulary.,"A bad relation code can turn a lead, aggregate observation or opportunity into a confirmed tie.",no,,freeze_candidate,"Relation vocabulary normalization does not approve candidate edges, funding, alliance or causal interpretation."
SF0427,relation_type,aggregate_history,aggregate_history,relation_type,aggregate_history,aggregate_financial_history_observation,human_review,2,21_admin_collaboration_relations_v0.csv:2,Map every observed value to a closed controlled vocabulary.,"A bad relation code can turn a lead, aggregate observation or opportunity into a confirmed tie.",yes,HR029-031,needs_human_review,"Relation vocabulary normalization does not approve candidate edges, funding, alliance or causal interpretation."
SF0428,relation_type,co_in_kind_donation,co_in_kind_donation,relation_type,co_in_kind_donation,joint_in_kind_contribution,mechanical_normalize,1,15_funding_or_support_edges_sample_v0.csv:1,Map every observed value to a closed controlled vocabulary.,"A bad relation code can turn a lead, aggregate observation or opportunity into a confirmed tie.",no,,freeze_candidate,"Relation vocabulary normalization does not approve candidate edges, funding, alliance or causal interpretation."
SF0429,relation_type,co_presence_lead,co_presence_lead,relation_type,co_presence_lead,co_presence_observation,human_review,1,15_funding_or_support_edges_sample_v0.csv:1,Map every observed value to a closed controlled vocabulary.,"A bad relation code can turn a lead, aggregate observation or opportunity into a confirmed tie.",yes,HR029-032,needs_human_review,"Relation vocabulary normalization does not approve candidate edges, funding, alliance or causal interpretation."
SF0430,relation_type,commission,commission,relation_type,commission,commission,freeze_as_is,16,15_funding_or_support_edges_sample_v0.csv:2;21_admin_collaboration_relations_v0.csv:14,Map every observed value to a closed controlled vocabulary.,"A bad relation code can turn a lead, aggregate observation or opportunity into a confirmed tie.",no,,freeze_candidate,"Relation vocabulary normalization does not approve candidate edges, funding, alliance or causal interpretation."
SF0431,relation_type,coordination,coordination,relation_type,coordination,coordination,freeze_as_is,3,15_funding_or_support_edges_sample_v0.csv:3,Map every observed value to a closed controlled vocabulary.,"A bad relation code can turn a lead, aggregate observation or opportunity into a confirmed tie.",no,,freeze_candidate,"Relation vocabulary normalization does not approve candidate edges, funding, alliance or causal interpretation."
SF0432,relation_type,designated_role,designated_role,relation_type,designated_role,institutional_designation,mechanical_normalize,1,21_admin_collaboration_relations_v0.csv:1,Map every observed value to a closed controlled vocabulary.,"A bad relation code can turn a lead, aggregate observation or opportunity into a confirmed tie.",no,,freeze_candidate,"Relation vocabulary normalization does not approve candidate edges, funding, alliance or causal interpretation."
SF0433,relation_type,donation,donation,relation_type,donation,donation,freeze_as_is,4,15_funding_or_support_edges_sample_v0.csv:3;21_admin_collaboration_relations_v0.csv:1,Map every observed value to a closed controlled vocabulary.,"A bad relation code can turn a lead, aggregate observation or opportunity into a confirmed tie.",no,,freeze_candidate,"Relation vocabulary normalization does not approve candidate edges, funding, alliance or causal interpretation."
SF0434,relation_type,duplicate_replaced_by_F022,duplicate_replaced_by_F022,relation_type,duplicate_replaced_by_F022,deprecated_nonrelation,deprecate_exclude,1,15_funding_or_support_edges_sample_v0.csv:1,Map every observed value to a closed controlled vocabulary.,"A bad relation code can turn a lead, aggregate observation or opportunity into a confirmed tie.",no,,freeze_candidate,"Relation vocabulary normalization does not approve candidate edges, funding, alliance or causal interpretation."
SF0435,relation_type,event_affiliation,event_affiliation,relation_type,event_affiliation,event_affiliation,freeze_as_is,1,15_funding_or_support_edges_sample_v0.csv:1,Map every observed value to a closed controlled vocabulary.,"A bad relation code can turn a lead, aggregate observation or opportunity into a confirmed tie.",no,,freeze_candidate,"Relation vocabulary normalization does not approve candidate edges, funding, alliance or causal interpretation."
SF0436,relation_type,event_collaboration,event_collaboration,relation_type,event_collaboration,event_collaboration,freeze_as_is,2,15_funding_or_support_edges_sample_v0.csv:1;21_admin_collaboration_relations_v0.csv:1,Map every observed value to a closed controlled vocabulary.,"A bad relation code can turn a lead, aggregate observation or opportunity into a confirmed tie.",no,,freeze_candidate,"Relation vocabulary normalization does not approve candidate edges, funding, alliance or causal interpretation."
SF0437,relation_type,funding_contribution,funding_contribution,relation_type,funding_contribution,aggregate_financial_contribution,human_review,1,15_funding_or_support_edges_sample_v0.csv:1,Map every observed value to a closed controlled vocabulary.,"A bad relation code can turn a lead, aggregate observation or opportunity into a confirmed tie.",yes,HR029-033,needs_human_review,"Relation vocabulary normalization does not approve candidate edges, funding, alliance or causal interpretation."
SF0438,relation_type,grant,grant,relation_type,grant,grant,freeze_as_is,3,15_funding_or_support_edges_sample_v0.csv:1;21_admin_collaboration_relations_v0.csv:2,Map every observed value to a closed controlled vocabulary.,"A bad relation code can turn a lead, aggregate observation or opportunity into a confirmed tie.",no,,freeze_candidate,"Relation vocabulary normalization does not approve candidate edges, funding, alliance or causal interpretation."
SF0439,relation_type,grant_opportunity,grant_opportunity,relation_type,grant_opportunity,grant_opportunity,freeze_as_is,2,15_funding_or_support_edges_sample_v0.csv:1;21_admin_collaboration_relations_v0.csv:1,Map every observed value to a closed controlled vocabulary.,"A bad relation code can turn a lead, aggregate observation or opportunity into a confirmed tie.",no,,freeze_candidate,"Relation vocabulary normalization does not approve candidate edges, funding, alliance or causal interpretation."
SF0440,relation_type,in_kind_donation,in_kind_donation,relation_type,in_kind_donation,in_kind_donation,freeze_as_is,6,15_funding_or_support_edges_sample_v0.csv:3;21_admin_collaboration_relations_v0.csv:3,Map every observed value to a closed controlled vocabulary.,"A bad relation code can turn a lead, aggregate observation or opportunity into a confirmed tie.",no,,freeze_candidate,"Relation vocabulary normalization does not approve candidate edges, funding, alliance or causal interpretation."
SF0441,relation_type,joint_in_kind_contribution,joint_in_kind_contribution,relation_type,joint_in_kind_contribution,joint_in_kind_contribution,freeze_as_is,1,21_admin_collaboration_relations_v0.csv:1,Map every observed value to a closed controlled vocabulary.,"A bad relation code can turn a lead, aggregate observation or opportunity into a confirmed tie.",no,,freeze_candidate,"Relation vocabulary normalization does not approve candidate edges, funding, alliance or causal interpretation."
SF0442,relation_type,legal_counsel,legal_counsel,relation_type,legal_counsel,legal_counsel,freeze_as_is,2,15_funding_or_support_edges_sample_v0.csv:2,Map every observed value to a closed controlled vocabulary.,"A bad relation code can turn a lead, aggregate observation or opportunity into a confirmed tie.",no,,freeze_candidate,"Relation vocabulary normalization does not approve candidate edges, funding, alliance or causal interpretation."
SF0443,relation_type,legal_support,legal_support,relation_type,legal_support,legal_support,freeze_as_is,1,15_funding_or_support_edges_sample_v0.csv:1,Map every observed value to a closed controlled vocabulary.,"A bad relation code can turn a lead, aggregate observation or opportunity into a confirmed tie.",no,,freeze_candidate,"Relation vocabulary normalization does not approve candidate edges, funding, alliance or causal interpretation."
SF0444,relation_type,network_membership,network_membership,relation_type,network_membership,network_membership,freeze_as_is,12,15_funding_or_support_edges_sample_v0.csv:7;21_admin_collaboration_relations_v0.csv:5,Map every observed value to a closed controlled vocabulary.,"A bad relation code can turn a lead, aggregate observation or opportunity into a confirmed tie.",no,,freeze_candidate,"Relation vocabulary normalization does not approve candidate edges, funding, alliance or causal interpretation."
SF0445,relation_type,ngo_consultant_commission,ngo_consultant_commission,relation_type,ngo_consultant_commission,commission,mechanical_normalize,1,15_funding_or_support_edges_sample_v0.csv:1,Map every observed value to a closed controlled vocabulary.,"A bad relation code can turn a lead, aggregate observation or opportunity into a confirmed tie.",no,,freeze_candidate,"Relation vocabulary normalization does not approve candidate edges, funding, alliance or causal interpretation."
SF0446,relation_type,organizational_affiliation,organizational_affiliation,relation_type,organizational_affiliation,organizational_affiliation,freeze_as_is,1,15_funding_or_support_edges_sample_v0.csv:1,Map every observed value to a closed controlled vocabulary.,"A bad relation code can turn a lead, aggregate observation or opportunity into a confirmed tie.",no,,freeze_candidate,"Relation vocabulary normalization does not approve candidate edges, funding, alliance or causal interpretation."
SF0447,relation_type,partner_action,partner_action,relation_type,partner_action,partner_action,freeze_as_is,1,15_funding_or_support_edges_sample_v0.csv:1,Map every observed value to a closed controlled vocabulary.,"A bad relation code can turn a lead, aggregate observation or opportunity into a confirmed tie.",no,,freeze_candidate,"Relation vocabulary normalization does not approve candidate edges, funding, alliance or causal interpretation."
SF0448,relation_type,partnership,partnership,relation_type,partnership,partnership,freeze_as_is,1,15_funding_or_support_edges_sample_v0.csv:1,Map every observed value to a closed controlled vocabulary.,"A bad relation code can turn a lead, aggregate observation or opportunity into a confirmed tie.",no,,freeze_candidate,"Relation vocabulary normalization does not approve candidate edges, funding, alliance or causal interpretation."
SF0449,relation_type,service,service,relation_type,service,service,freeze_as_is,2,15_funding_or_support_edges_sample_v0.csv:2,Map every observed value to a closed controlled vocabulary.,"A bad relation code can turn a lead, aggregate observation or opportunity into a confirmed tie.",no,,freeze_candidate,"Relation vocabulary normalization does not approve candidate edges, funding, alliance or causal interpretation."
SF0450,relation_type,service_presence,service_presence,relation_type,service_presence,service_presence,freeze_as_is,1,21_admin_collaboration_relations_v0.csv:1,Map every observed value to a closed controlled vocabulary.,"A bad relation code can turn a lead, aggregate observation or opportunity into a confirmed tie.",no,,freeze_candidate,"Relation vocabulary normalization does not approve candidate edges, funding, alliance or causal interpretation."
SF0451,relation_type,site_presence,site_presence,relation_type,site_presence,site_presence,freeze_as_is,3,15_funding_or_support_edges_sample_v0.csv:3,Map every observed value to a closed controlled vocabulary.,"A bad relation code can turn a lead, aggregate observation or opportunity into a confirmed tie.",no,,freeze_candidate,"Relation vocabulary normalization does not approve candidate edges, funding, alliance or causal interpretation."
SF0452,relation_type,solidarity_branch,solidarity_branch,relation_type,solidarity_branch,organizational_affiliation,human_review,1,15_funding_or_support_edges_sample_v0.csv:1,Map every observed value to a closed controlled vocabulary.,"A bad relation code can turn a lead, aggregate observation or opportunity into a confirmed tie.",yes,HR029-034,needs_human_review,"Relation vocabulary normalization does not approve candidate edges, funding, alliance or causal interpretation."
SF0453,relation_type,sponsorship,sponsorship,relation_type,sponsorship,sponsorship,freeze_as_is,6,15_funding_or_support_edges_sample_v0.csv:3;21_admin_collaboration_relations_v0.csv:3,Map every observed value to a closed controlled vocabulary.,"A bad relation code can turn a lead, aggregate observation or opportunity into a confirmed tie.",no,,freeze_candidate,"Relation vocabulary normalization does not approve candidate edges, funding, alliance or causal interpretation."
SF0454,action_type,co_signing,co_signing,action_type,co_signing,joint_statement_participation,mechanical_normalize,33,09_actor_event_venue_edges_v0.csv:33,Map every observed value to a closed controlled vocabulary.,"A bad action code can conflate endorsement, request, co-signing, litigation and analytical pathways.",no,,freeze_candidate,Action vocabulary normalization does not turn co-participation into alliance or an analytical seed into fact.
SF0455,action_type,endorsement,endorsement,action_type,endorsement,endorsement,freeze_as_is,4,33_r09_election_civic_events_v1.csv:4,Map every observed value to a closed controlled vocabulary.,"A bad action code can conflate endorsement, request, co-signing, litigation and analytical pathways.",no,,freeze_candidate,Action vocabulary normalization does not turn co-participation into alliance or an analytical seed into fact.
SF0456,action_type,issue_campaign,issue_campaign,action_type,issue_campaign,issue_campaign,freeze_as_is,4,33_r09_election_civic_events_v1.csv:4,Map every observed value to a closed controlled vocabulary.,"A bad action code can conflate endorsement, request, co-signing, litigation and analytical pathways.",no,,freeze_candidate,Action vocabulary normalization does not turn co-participation into alliance or an analytical seed into fact.
SF0457,action_type,joint_statement,joint_statement,action_type,joint_statement,joint_statement_participation,mechanical_normalize,98,25_coaction_event_participation_v0.csv:98,Map every observed value to a closed controlled vocabulary.,"A bad action code can conflate endorsement, request, co-signing, litigation and analytical pathways.",no,,freeze_candidate,Action vocabulary normalization does not turn co-participation into alliance or an analytical seed into fact.
SF0458,action_type,litigation,litigation,action_type,litigation,litigation,freeze_as_is,12,09_actor_event_venue_edges_v0.csv:12,Map every observed value to a closed controlled vocabulary.,"A bad action code can conflate endorsement, request, co-signing, litigation and analytical pathways.",no,,freeze_candidate,Action vocabulary normalization does not turn co-participation into alliance or an analytical seed into fact.
SF0459,action_type,observation,observation,action_type,observation,observation,freeze_as_is,5,33_r09_election_civic_events_v1.csv:5,Map every observed value to a closed controlled vocabulary.,"A bad action code can conflate endorsement, request, co-signing, litigation and analytical pathways.",no,,freeze_candidate,Action vocabulary normalization does not turn co-participation into alliance or an analytical seed into fact.
SF0460,action_type,opinion_ad,opinion_ad,action_type,opinion_ad,opinion_ad,freeze_as_is,1,09_actor_event_venue_edges_v0.csv:1,Map every observed value to a closed controlled vocabulary.,"A bad action code can conflate endorsement, request, co-signing, litigation and analytical pathways.",no,,freeze_candidate,Action vocabulary normalization does not turn co-participation into alliance or an analytical seed into fact.
SF0461,action_type,pathway_role,pathway_role,action_type,pathway_role,analytical_pathway_role,separate_analytical_seed,4,09_actor_event_venue_edges_v0.csv:4,Map every observed value to a closed controlled vocabulary.,"A bad action code can conflate endorsement, request, co-signing, litigation and analytical pathways.",no,,freeze_candidate,Action vocabulary normalization does not turn co-participation into alliance or an analytical seed into fact.
SF0462,action_type,public_meeting,public_meeting,action_type,public_meeting,public_meeting,freeze_as_is,2,33_r09_election_civic_events_v1.csv:2,Map every observed value to a closed controlled vocabulary.,"A bad action code can conflate endorsement, request, co-signing, litigation and analytical pathways.",no,,freeze_candidate,Action vocabulary normalization does not turn co-participation into alliance or an analytical seed into fact.
SF0463,action_type,public_rally,public_rally,action_type,public_rally,public_rally,freeze_as_is,2,09_actor_event_venue_edges_v0.csv:2,Map every observed value to a closed controlled vocabulary.,"A bad action code can conflate endorsement, request, co-signing, litigation and analytical pathways.",no,,freeze_candidate,Action vocabulary normalization does not turn co-participation into alliance or an analytical seed into fact.
SF0464,action_type,referendum,referendum,action_type,referendum,referendum,freeze_as_is,4,09_actor_event_venue_edges_v0.csv:4,Map every observed value to a closed controlled vocabulary.,"A bad action code can conflate endorsement, request, co-signing, litigation and analytical pathways.",no,,freeze_candidate,Action vocabulary normalization does not turn co-participation into alliance or an analytical seed into fact.
SF0465,action_type,request,request,action_type,request,request,freeze_as_is,4,33_r09_election_civic_events_v1.csv:4,Map every observed value to a closed controlled vocabulary.,"A bad action code can conflate endorsement, request, co-signing, litigation and analytical pathways.",no,,freeze_candidate,Action vocabulary normalization does not turn co-participation into alliance or an analytical seed into fact.
SF0466,action_type,request_letter,request_letter,action_type,request_letter,request_submission_participation,mechanical_normalize,11,09_actor_event_venue_edges_v0.csv:11,Map every observed value to a closed controlled vocabulary.,"A bad action code can conflate endorsement, request, co-signing, litigation and analytical pathways.",no,,freeze_candidate,Action vocabulary normalization does not turn co-participation into alliance or an analytical seed into fact.
SF0467,action_type,request_letter_and_civil_society_report,request_letter_and_civil_society_report,action_type,request_letter_and_civil_society_report,request_submission_participation,mechanical_normalize,71,25_coaction_event_participation_v0.csv:71,Map every observed value to a closed controlled vocabulary.,"A bad action code can conflate endorsement, request, co-signing, litigation and analytical pathways.",no,,freeze_candidate,Action vocabulary normalization does not turn co-participation into alliance or an analytical seed into fact.
