source_row_uid,source_id,source_title,fiscal_year,source_row_number,pdf_page,department_source_text,department_display_machine,office_source_text,office_display_machine,official_mechanism_code,official_mechanism_label,official_mechanism_definition,mechanism_analytical_family,official_issue_field_code,official_issue_field_label,program_name_source_text,program_name_display_machine,program_description_source_text,partner_kind_code,partner_kind_label,partner_name_source_text,partner_name_display_alias_machine,partner_display_label_id,partner_cell_scope,period_source_text,project_cost_thousand_jpy_source_text,project_cost_thousand_jpy_numeric,project_cost_presence,planning主体_source_text,implementation主体_source_text,r10_purposive_sample_status,r10_purposive_relation_id,r10_purposive_amount_id,identity_crosswalk_status,relation_edge_status,amount_semantics,interpretation_limit
S002-R0001,S002,令和6年度「NPO等との協働実績調査」,2024,1,1,知事公室,知事公室,基地対策課,基地対策課,2,提案型公募による委託,提案型公募による委託,proposal_based_delegated_program,10,人権の擁護又は平和の推進を図る事業,在沖米軍基地問題に 関するシンポジウム等 開催業務,在沖米軍基地問題に関するシンポジウム等開催業務,今一度、沖縄の基地問題に関する正確な 情報を県内外に発信することを目的に、こ れまでの在沖米軍基地問題を改めて共有 し、今後の展望を議論するシンポジウムを 開催する。,1,特定非営利活動法人（NPO法人）,新外交イニシアティブ,新外交イニシアティブ,S002PL001,source_partner_name_cell_unsplit,R6.5.16 ～ R7.3.31,"12,843",12843,positive,行政,行政,selected,R10R008,R10AM010,machine_display_alias_only_not_actor_identity,source_universe_row_not_relation_edge,whole_program_project_cost_not_actor_payment_or_award,"Authoritative mechanical source-row extraction; no registry merge, relation approval, actor payment, alliance, or political stance inference."
S002-R0002,S002,令和6年度「NPO等との協働実績調査」,2024,2,1,知事公室,知事公室,消防学校,消防学校,9,講師等,講演会等の講師をNPO等が担当,lecturer_or_expertise,8,災害救援事業,教育訓練,教育訓練,教育課程（初任教育）に講師を招聘し知識 向上を図る（１日）,1,特定非営利活動法人（NPO法人）,沖縄災害救助犬協会,沖縄災害救助犬協会,S002PL002,source_partner_name_cell_unsplit,R6.8.6,35,35,positive,行政,行政,not_selected,,,machine_display_alias_only_not_actor_identity,source_universe_row_not_relation_edge,whole_program_project_cost_not_actor_payment_or_award,"Authoritative mechanical source-row extraction; no registry merge, relation approval, actor payment, alliance, or political stance inference."
S002-R0003,S002,令和6年度「NPO等との協働実績調査」,2024,3,1,知事公室,知事公室,消防学校,消防学校,9,講師等,講演会等の講師をNPO等が担当,lecturer_or_expertise,8,災害救援事業,教育訓練,教育訓練,教育課程（初任教育・救助科）に講師を招 聘し知識向上を図る（２日）,3,営利を目的としない一般社団又は一般財団法人,沖縄県消防設備協会,沖縄県消防設備協会,S002PL003,source_partner_name_cell_unsplit,R6.5.22 R7.2.14,18,18,positive,行政,行政,not_selected,,,machine_display_alias_only_not_actor_identity,source_universe_row_not_relation_edge,whole_program_project_cost_not_actor_payment_or_award,"Authoritative mechanical source-row extraction; no registry merge, relation approval, actor payment, alliance, or political stance inference."
S002-R0004,S002,令和6年度「NPO等との協働実績調査」,2024,4,1,知事公室,知事公室,消防学校,消防学校,9,講師等,講演会等の講師をNPO等が担当,lecturer_or_expertise,8,災害救援事業,教育訓練,教育訓練,教育課程（救助科）に講師を招聘し知識向 上を図る（１日）,3,営利を目的としない一般社団又は一般財団法人,日本エレベーター協 会,日本エレベーター協会,S002PL004,source_partner_name_cell_unsplit,R7.2.27,24,24,positive,行政,行政,not_selected,,,machine_display_alias_only_not_actor_identity,source_universe_row_not_relation_edge,whole_program_project_cost_not_actor_payment_or_award,"Authoritative mechanical source-row extraction; no registry merge, relation approval, actor payment, alliance, or political stance inference."
S002-R0005,S002,令和6年度「NPO等との協働実績調査」,2024,5,1,知事公室,知事公室,消防学校,消防学校,9,講師等,講演会等の講師をNPO等が担当,lecturer_or_expertise,8,災害救援事業,教育訓練,教育訓練,教育課程（初任教育・消防団初級幹部科） に講師を招聘し知識向上を図る（２日）,2,公益社団又は公益財団法人,沖縄県消防協会,沖縄県消防協会,S002PL005,source_partner_name_cell_unsplit,R6.8.14 R6.12.11,0,0,zero,行政,行政,not_selected,,,machine_display_alias_only_not_actor_identity,source_universe_row_not_relation_edge,whole_program_project_cost_not_actor_payment_or_award,"Authoritative mechanical source-row extraction; no registry merge, relation approval, actor payment, alliance, or political stance inference."
S002-R0006,S002,令和6年度「NPO等との協働実績調査」,2024,6,1,知事公室,知事公室,消防学校,消防学校,9,講師等,講演会等の講師をNPO等が担当,lecturer_or_expertise,8,災害救援事業,教育訓練,教育訓練,教育課程（初任教育・救助科）に講師を招 聘し知識向上を図る（２日）,3,営利を目的としない一般社団又は一般財団法人,沖縄県高圧ガス保安 協会,沖縄県高圧ガス保安協会,S002PL006,source_partner_name_cell_unsplit,R6.6.17 R7.2.14,0,0,zero,行政,行政,not_selected,,,machine_display_alias_only_not_actor_identity,source_universe_row_not_relation_edge,whole_program_project_cost_not_actor_payment_or_award,"Authoritative mechanical source-row extraction; no registry merge, relation approval, actor payment, alliance, or political stance inference."
S002-R0007,S002,令和6年度「NPO等との協働実績調査」,2024,7,1,知事公室,知事公室,消防学校,消防学校,9,講師等,講演会等の講師をNPO等が担当,lecturer_or_expertise,8,災害救援事業,教育訓練,教育訓練,教育課程（予防査察科）に講師を招聘し知 識向上を図る（１日）,2,公益社団又は公益財団法人,日本防炎協会,日本防炎協会,S002PL007,source_partner_name_cell_unsplit,R6.7.4,0,0,zero,行政,行政,not_selected,,,machine_display_alias_only_not_actor_identity,source_universe_row_not_relation_edge,whole_program_project_cost_not_actor_payment_or_award,"Authoritative mechanical source-row extraction; no registry merge, relation approval, actor payment, alliance, or political stance inference."
S002-R0008,S002,令和6年度「NPO等との協働実績調査」,2024,8,1,知事公室,知事公室,消防学校,消防学校,9,講師等,講演会等の講師をNPO等が担当,lecturer_or_expertise,8,災害救援事業,教育訓練,教育訓練,教育課程（初任教育）に講師を招聘し知識 向上を図る（２日）,2,公益社団又は公益財団法人,日本無線協会,日本無線協会,S002PL008,source_partner_name_cell_unsplit,R6.5.30,0,0,zero,行政,行政,not_selected,,,machine_display_alias_only_not_actor_identity,source_universe_row_not_relation_edge,whole_program_project_cost_not_actor_payment_or_award,"Authoritative mechanical source-row extraction; no registry merge, relation approval, actor payment, alliance, or political stance inference."
S002-R0009,S002,令和6年度「NPO等との協働実績調査」,2024,9,2,知事公室,知事公室,平和祈念資 料館,平和祈念資料館,1,委託,NPO等へ業務委託を行った事業,delegated_public_program,10,人権の擁護又は平和の推進を図る事業,沖縄県平和祈念資料 館施設管理・学芸業務,沖縄県平和祈念資料館施設管理・学芸業務,子ども・プロセス展示室及び情報ライブラ リーの施設・図書資料等の管理・整理及び 企画展の開催。沖縄戦に関するレファレン ス業務を行う。,2,公益社団又は公益財団法人,公益財団法人沖縄県 平和祈念財団,公益財団法人沖縄県平和祈念財団,S002PL009,source_partner_name_cell_unsplit,R6.4.1 ～ R7.3.31,"13,499",13499,positive,行政,一緒に,not_selected,,,machine_display_alias_only_not_actor_identity,source_universe_row_not_relation_edge,whole_program_project_cost_not_actor_payment_or_award,"Authoritative mechanical source-row extraction; no registry merge, relation approval, actor payment, alliance, or political stance inference."
S002-R0010,S002,令和6年度「NPO等との協働実績調査」,2024,10,2,知事公室,知事公室,平和祈念資 料館,平和祈念資料館,2,提案型公募による委託,提案型公募による委託,proposal_based_delegated_program,10,人権の擁護又は平和の推進を図る事業,「平和への思い」発信・ 交流・継承事業,「平和への思い」発信・交流・継承事業,戦争体験を有する広島・長崎、アジア諸国 の若者が、オンライン及び対面形式で県 内の若者と共に沖縄の歴史と文化、沖縄 戦の実相と教訓を共に学び、平和構築の ためのネットワーク形成と平和教育活動の 推進を目的に実施する。,1,特定非営利活動法人（NPO法人）,特定非営利活動法人 沖縄平和協力セン ター,特定非営利活動法人沖縄平和協力センター,S002PL010,source_partner_name_cell_unsplit,R6.6.12 ～ R7.3.14,"25,547",25547,positive,行政,一緒に,selected,R10R009,R10AM012,machine_display_alias_only_not_actor_identity,source_universe_row_not_relation_edge,whole_program_project_cost_not_actor_payment_or_award,"Authoritative mechanical source-row extraction; no registry merge, relation approval, actor payment, alliance, or political stance inference."
S002-R0011,S002,令和6年度「NPO等との協働実績調査」,2024,11,2,知事公室,知事公室,平和祈念資 料館,平和祈念資料館,2,提案型公募による委託,提案型公募による委託,proposal_based_delegated_program,10,人権の擁護又は平和の推進を図る事業,沖縄戦の語り継ぎ手 養成事業,沖縄戦の語り継ぎ手養成事業,戦争体験者の高齢化に伴い、これまで平 和講話を担ってきた人材が減少しており、 次世代へ継承する後継者の育成を目的と し、養成講座を実施する。,1,特定非営利活動法人（NPO法人）,特定非営利活動法人 沖縄平和協力セン ター,特定非営利活動法人沖縄平和協力センター,S002PL010,source_partner_name_cell_unsplit,R6.6.12 ～ R7.3.14,"6,496",6496,positive,行政,一緒に,selected,R10R010,R10AM014,machine_display_alias_only_not_actor_identity,source_universe_row_not_relation_edge,whole_program_project_cost_not_actor_payment_or_award,"Authoritative mechanical source-row extraction; no registry merge, relation approval, actor payment, alliance, or political stance inference."
S002-R0012,S002,令和6年度「NPO等との協働実績調査」,2024,12,2,総務部,総務部,宮古事務所 総務課,宮古事務所総務課,1,委託,NPO等へ業務委託を行った事業,delegated_public_program,4,観光の振興を図る事業,離島観光活性化促進 事業,離島観光活性化促進事業,宮古圏域への観光誘客プロモーションの 実施,3,営利を目的としない一般社団又は一般財団法人,一般社団法人宮古島 観光協会,一般社団法人宮古島観光協会,S002PL011,source_partner_name_cell_unsplit,R6.4.1 R7.3.31,"17,452",17452,positive,行政,行政,not_selected,,,machine_display_alias_only_not_actor_identity,source_universe_row_not_relation_edge,whole_program_project_cost_not_actor_payment_or_award,"Authoritative mechanical source-row extraction; no registry merge, relation approval, actor payment, alliance, or political stance inference."
S002-R0013,S002,令和6年度「NPO等との協働実績調査」,2024,13,2,総務部,総務部,宮古事務所 総務課,宮古事務所総務課,4,補助,補助金・助成金の支給又は物的支援,subsidy_assistance_or_in_kind,16,経済活動の活性化を図る事業,宮古の産業まつり,宮古の産業まつり,宮古地域における特産品等の生産意欲高 揚と県産品に対する消費者意識の啓発を 図る,2,公益社団又は公益財団法人,宮古島商工会議所,宮古島商工会議所,S002PL012,source_partner_name_cell_unsplit,R6.11.23 R6.11.24,894,894,positive,ＮＰＯ等,ＮＰＯ等,not_selected,,,machine_display_alias_only_not_actor_identity,source_universe_row_not_relation_edge,whole_program_project_cost_not_actor_payment_or_award,"Authoritative mechanical source-row extraction; no registry merge, relation approval, actor payment, alliance, or political stance inference."
S002-R0014,S002,令和6年度「NPO等との協働実績調査」,2024,14,2,総務部,総務部,宮古事務所 総務課,宮古事務所総務課,1,委託,NPO等へ業務委託を行った事業,delegated_public_program,7,環境の保全を図る事業,宮古合同庁舎敷地内 における除草及び花 苗植え付け等業務,宮古合同庁舎敷地内における除草及び花苗植え付け等業務,宮古合同庁舎の除草・花苗植え付け作業 を行い環境の美化を図る,4,社会福祉法人,社会福祉法人みやこ 福祉会,社会福祉法人みやこ福祉会,S002PL013,source_partner_name_cell_unsplit,R6.4.1 ～ R7.3.31,"1,914",1914,positive,行政,ＮＰＯ等,not_selected,,,machine_display_alias_only_not_actor_identity,source_universe_row_not_relation_edge,whole_program_project_cost_not_actor_payment_or_award,"Authoritative mechanical source-row extraction; no registry merge, relation approval, actor payment, alliance, or political stance inference."
S002-R0015,S002,令和6年度「NPO等との協働実績調査」,2024,15,2,総務部,総務部,管財課,管財課,1,委託,NPO等へ業務委託を行った事業,delegated_public_program,7,環境の保全を図る事業,広場内花壇管理業務,広場内花壇管理業務,県民広場の花壇への草花の植え付け、施 肥、灌水、除草、病害虫駆除、花柄づみ、 清掃等の業務を行う,4,社会福祉法人,宇堅福祉会,宇堅福祉会,S002PL014,source_partner_name_cell_unsplit,R6.6.1 R7.3.31,"3,300",3300,positive,行政,ＮＰＯ等,not_selected,,,machine_display_alias_only_not_actor_identity,source_universe_row_not_relation_edge,whole_program_project_cost_not_actor_payment_or_award,"Authoritative mechanical source-row extraction; no registry merge, relation approval, actor payment, alliance, or political stance inference."
S002-R0016,S002,令和6年度「NPO等との協働実績調査」,2024,16,2,総務部,総務部,八重山事務 所総務課,八重山事務所総務課,1,委託,NPO等へ業務委託を行った事業,delegated_public_program,4,観光の振興を図る事業,離島観光活性化促進 事業（八重山）,離島観光活性化促進事業(八重山),離島独自でまたは県全体で連携して観光 客誘客プロモーションを実施,3,営利を目的としない一般社団又は一般財団法人,（一社）八重山ビジ ターズビューロー,(一社)八重山ビジターズビューロー,S002PL015,source_partner_name_cell_unsplit,R6.4.1 ～ R7.3.31,"18,151",18151,positive,行政,行政,not_selected,,,machine_display_alias_only_not_actor_identity,source_universe_row_not_relation_edge,whole_program_project_cost_not_actor_payment_or_award,"Authoritative mechanical source-row extraction; no registry merge, relation approval, actor payment, alliance, or political stance inference."
S002-R0017,S002,令和6年度「NPO等との協働実績調査」,2024,17,3,総務部,総務部,八重山事務 所総務課,八重山事務所総務課,8,事業協力,共催以外の形態で協力・連携,program_cooperation,4,観光の振興を図る事業,八重山観光感謝のつ どい,八重山観光感謝のつどい,八重山地域の振興・持続的発展のため に、官民一体となった誘客宣伝活動を実 施,3,営利を目的としない一般社団又は一般財団法人,（一社）八重山ビジ ターズビューロー,(一社)八重山ビジターズビューロー,S002PL015,source_partner_name_cell_unsplit,R6.10.23,309,309,positive,一緒に,ＮＰＯ等,not_selected,,,machine_display_alias_only_not_actor_identity,source_universe_row_not_relation_edge,whole_program_project_cost_not_actor_payment_or_award,"Authoritative mechanical source-row extraction; no registry merge, relation approval, actor payment, alliance, or political stance inference."
S002-R0018,S002,令和6年度「NPO等との協働実績調査」,2024,18,3,総務部,総務部,八重山事務 所総務課,八重山事務所総務課,4,補助,補助金・助成金の支給又は物的支援,subsidy_assistance_or_in_kind,16,経済活動の活性化を図る事業,八重山の産業まつり,八重山の産業まつり,八重山地域の産業振興・活性化を図るた め、地域の特産物等を販売するまつりを開 催,7,JV（複数の異なる団体等が共同で事業を行う組織）,八重山地区商工会広 域連携協議会,八重山地区商工会広域連携協議会,S002PL016,official_JV_or_multi_party_source_cell_unsplit,R6.10.5 ～ R6.10.6,894,894,positive,一緒に,一緒に,not_selected,,,machine_display_alias_only_not_actor_identity,source_universe_row_not_relation_edge,whole_program_project_cost_not_actor_payment_or_award,"Authoritative mechanical source-row extraction; no registry merge, relation approval, actor payment, alliance, or political stance inference."
S002-R0019,S002,令和6年度「NPO等との協働実績調査」,2024,19,3,総務部,総務部,八重山事務 所総務課,八重山事務所総務課,1,委託,NPO等へ業務委託を行った事業,delegated_public_program,7,環境の保全を図る事業,八重山合同庁舎の除 草・剪定・清掃作業の 委託,八重山合同庁舎の除草・剪定・清掃作業の委託,八重山合同庁舎の除草・剪定・清掃作業 を行い環境の美化を図る,2,公益社団又は公益財団法人,公益社団法人石垣市 シルバー人材セン ター,公益社団法人石垣市シルバー人材センター,S002PL017,source_partner_name_cell_unsplit,R7.1.24 ～ R7.3.31,446,446,positive,行政,ＮＰＯ等,not_selected,,,machine_display_alias_only_not_actor_identity,source_universe_row_not_relation_edge,whole_program_project_cost_not_actor_payment_or_award,"Authoritative mechanical source-row extraction; no registry merge, relation approval, actor payment, alliance, or political stance inference."
S002-R0020,S002,令和6年度「NPO等との協働実績調査」,2024,20,3,総務部,総務部,八重山事務 所総務課,八重山事務所総務課,1,委託,NPO等へ業務委託を行った事業,delegated_public_program,7,環境の保全を図る事業,八重山合同庁舎の除 草・剪定・清掃作業の 委託,八重山合同庁舎の除草・剪定・清掃作業の委託,八重山合同庁舎の除草・剪定・清掃作業 を行い環境の美化を図る,2,公益社団又は公益財団法人,公益社団法人石垣市 シルバー人材セン ター,公益社団法人石垣市シルバー人材センター,S002PL017,source_partner_name_cell_unsplit,R7.2.5 ～ R7.3.31,83,83,positive,行政,ＮＰＯ等,not_selected,,,machine_display_alias_only_not_actor_identity,source_universe_row_not_relation_edge,whole_program_project_cost_not_actor_payment_or_award,"Authoritative mechanical source-row extraction; no registry merge, relation approval, actor payment, alliance, or political stance inference."
S002-R0021,S002,令和6年度「NPO等との協働実績調査」,2024,21,3,企画部,企画部,交通政策課,交通政策課,1,委託,NPO等へ業務委託を行った事業,delegated_public_program,5,農山漁村又は離島・過疎地域の振興を図る事業,離島航路船員確保・育 成支援事業委託業務 （Ｒ６）,離島航路船員確保・育成支援事業委託業務(R6),離島住民のライフラインである離島航路に ついて、船員不足の課題解決のため、船 員の確保及び質の向上に資する支援を実 施することで、安定的・持続的な航路の確 保・維持を図り、離島の定住条件の整備を する。,7,JV（複数の異なる団体等が共同で事業を行う組織）,NPO法人キャリエイト,NPO法人キャリエイト,S002PL018,official_JV_or_multi_party_source_cell_unsplit,R6.5.30 R7.3.31,"5,647",5647,positive,行政,行政,not_selected,,,machine_display_alias_only_not_actor_identity,source_universe_row_not_relation_edge,whole_program_project_cost_not_actor_payment_or_award,"Authoritative mechanical source-row extraction; no registry merge, relation approval, actor payment, alliance, or political stance inference."
S002-R0022,S002,令和6年度「NPO等との協働実績調査」,2024,22,3,企画部,企画部,県土・跡地利 用対策課,県土・跡地利用対策課,1,委託,NPO等へ業務委託を行った事業,delegated_public_program,16,経済活動の活性化を図る事業,令和６年沖縄県地価 調査業務,令和6年沖縄県地価調査業務,国土利用計画法施行令第９条の規定に基 づき、県内284地点の基準地について、単 位面積当たりの標準価格を判定し、公表 する。,2,公益社団又は公益財団法人,公益社団法人 沖縄県不動産鑑定士 協会,公益社団法人沖縄県不動産鑑定士協会,S002PL019,source_partner_name_cell_unsplit,R6.4.1 ～ R6.10.31,"22,896",22896,positive,行政,行政,not_selected,,,machine_display_alias_only_not_actor_identity,source_universe_row_not_relation_edge,whole_program_project_cost_not_actor_payment_or_award,"Authoritative mechanical source-row extraction; no registry merge, relation approval, actor payment, alliance, or political stance inference."
S002-R0023,S002,令和6年度「NPO等との協働実績調査」,2024,23,3,企画部,企画部,県土・跡地利 用対策課,県土・跡地利用対策課,6,後援,NPO等の事業を後援という形で支援,endorsement_or_support,16,経済活動の活性化を図る事業,沖縄県不動産市場DI 調査,沖縄県不動産市場DI調査,県内の不動産価格等の変動動向を不動 産取引業者へのアンケートにより調査し指 標化の上、県民に広く公表する。,2,公益社団又は公益財団法人,公益社団法人 沖縄県不動産鑑定士 協会,公益社団法人沖縄県不動産鑑定士協会,S002PL019,source_partner_name_cell_unsplit,R6.4.1 ～ R6.12.24,0,0,zero,ＮＰＯ等,ＮＰＯ等,not_selected,,,machine_display_alias_only_not_actor_identity,source_universe_row_not_relation_edge,whole_program_project_cost_not_actor_payment_or_award,"Authoritative mechanical source-row extraction; no registry merge, relation approval, actor payment, alliance, or political stance inference."
S002-R0024,S002,令和6年度「NPO等との協働実績調査」,2024,24,3,企画部,企画部,県土・跡地利 用対策課,県土・跡地利用対策課,5,共催,NPO等と共催という形で実施,cohosting,16,経済活動の活性化を図る事業,「土地月間」に係る無 料相談会,「土地月間」に係る無料相談会,土地・不動産鑑定全般についての不動産 鑑定士による無料相談会を実施し、土地 対策の重要性について県民の理解を高め る。,2,公益社団又は公益財団法人,公益社団法人 沖縄 県不動産鑑定士協会,公益社団法人沖縄県不動産鑑定士協会,S002PL019,source_partner_name_cell_unsplit,R6.10.9 ～ R6.10.9,0,0,zero,一緒に,一緒に,not_selected,,,machine_display_alias_only_not_actor_identity,source_universe_row_not_relation_edge,whole_program_project_cost_not_actor_payment_or_award,"Authoritative mechanical source-row extraction; no registry merge, relation approval, actor payment, alliance, or political stance inference."
S002-R0025,S002,令和6年度「NPO等との協働実績調査」,2024,25,4,企画部,企画部,県土・跡地利 用対策課,県土・跡地利用対策課,5,共催,NPO等と共催という形で実施,cohosting,16,経済活動の活性化を図る事業,「土地月間」動画配信,「土地月間」動画配信,「令和６年地価調査結果の概要」を不動産 鑑定士が解説する動画を投稿することに より、不動産鑑定評価制度の普及および 土地対策の重要性についての県民の理解 を高める。,2,公益社団又は公益財団法人,公益社団法人 沖縄 県不動産鑑定士協会,公益社団法人沖縄県不動産鑑定士協会,S002PL019,source_partner_name_cell_unsplit,R6.10.10 ～ R6.10.31,0,0,zero,一緒に,一緒に,not_selected,,,machine_display_alias_only_not_actor_identity,source_universe_row_not_relation_edge,whole_program_project_cost_not_actor_payment_or_award,"Authoritative mechanical source-row extraction; no registry merge, relation approval, actor payment, alliance, or political stance inference."
S002-R0026,S002,令和6年度「NPO等との協働実績調査」,2024,26,4,企画部,企画部,県土･跡地利 用対策課,県土・跡地利用対策課,1,委託,NPO等へ業務委託を行った事業,delegated_public_program,3,地域づくりの推進を図る事業,地籍成果電子化業務 委託（R6）,地籍成果電子化業務委託(R6),県で保管する紙媒体の地籍調査成果の電 子化及び検索・閲覧が可能となるシステム の構築を行い、公共サービスの充実を図 る。,2,公益社団又は公益財団法人,公益財団法人沖縄県 建設技術センター,公益財団法人沖縄県建設技術センター,S002PL020,source_partner_name_cell_unsplit,R6.7.9 ～ R6.12.16,"2,156",2156,positive,一緒に,一緒に,not_selected,,,machine_display_alias_only_not_actor_identity,source_universe_row_not_relation_edge,whole_program_project_cost_not_actor_payment_or_award,"Authoritative mechanical source-row extraction; no registry merge, relation approval, actor payment, alliance, or political stance inference."
S002-R0027,S002,令和6年度「NPO等との協働実績調査」,2024,27,4,企画部,企画部,科学技術振 興課,科学技術振興課,2,提案型公募による委託,提案型公募による委託,proposal_based_delegated_program,15,科学技術及び研究活動の振興を図る事業,沖縄イノベーション・エ コシステム共同研究推 進事業（出口志向型研 究支援業務）,沖縄イノベーション・エコシステム共同研究推進事業(出口志向型研究支援業務),県内大学等の研究シーズと県内外の企業 ニーズのマッチングを推進する体制づくり をし、事業化に向けた共同研究等の取組 を支援する。,2,公益社団又は公益財団法人,公益財団法人沖縄科 学技術振興センター,公益財団法人沖縄科学技術振興センター,S002PL021,source_partner_name_cell_unsplit,H27.7.21 ～ R9.3.31,"84,000",84000,positive,一緒に,ＮＰＯ等,not_selected,,,machine_display_alias_only_not_actor_identity,source_universe_row_not_relation_edge,whole_program_project_cost_not_actor_payment_or_award,"Authoritative mechanical source-row extraction; no registry merge, relation approval, actor payment, alliance, or political stance inference."
S002-R0028,S002,令和6年度「NPO等との協働実績調査」,2024,28,4,企画部,企画部,科学技術振 興課,科学技術振興課,2,提案型公募による委託,提案型公募による委託,proposal_based_delegated_program,15,科学技術及び研究活動の振興を図る事業,沖縄イノベーション・エ コシステム共同研究推 進事業（共同研究その ７）,沖縄イノベーション・エコシステム共同研究推進事業(共同研究その7),マッチングされた県内大学等の研究シー ズと県内外企業ニーズによる、出口志向 型の共同研究等を行う。,5,学校法人、医療法人等上記1～4以外の非営利法人,学校法人 沖縄科学 技術大学院大学学園,学校法人沖縄科学技術大学院大学学園,S002PL022,source_partner_name_cell_unsplit,R6.5.7 ～ R7.2.28,"4,400",4400,positive,ＮＰＯ等,ＮＰＯ等,not_selected,,,machine_display_alias_only_not_actor_identity,source_universe_row_not_relation_edge,whole_program_project_cost_not_actor_payment_or_award,"Authoritative mechanical source-row extraction; no registry merge, relation approval, actor payment, alliance, or political stance inference."
S002-R0029,S002,令和6年度「NPO等との協働実績調査」,2024,29,4,企画部,企画部,科学技術振 興課,科学技術振興課,2,提案型公募による委託,提案型公募による委託,proposal_based_delegated_program,15,科学技術及び研究活動の振興を図る事業,沖縄イノベーション・エ コシステム共同研究推 進事業（共同研究その ８）,沖縄イノベーション・エコシステム共同研究推進事業(共同研究その8),マッチングされた県内大学等の研究シー ズと県内外企業ニーズによる、出口志向 型の共同研究等を行う。,5,学校法人、医療法人等上記1～4以外の非営利法人,学校法人 沖縄科学 技術大学院大学学園,学校法人沖縄科学技術大学院大学学園,S002PL022,source_partner_name_cell_unsplit,R6.5.7 ～ R7.2.28,"4,800",4800,positive,ＮＰＯ等,ＮＰＯ等,not_selected,,,machine_display_alias_only_not_actor_identity,source_universe_row_not_relation_edge,whole_program_project_cost_not_actor_payment_or_award,"Authoritative mechanical source-row extraction; no registry merge, relation approval, actor payment, alliance, or political stance inference."
S002-R0030,S002,令和6年度「NPO等との協働実績調査」,2024,30,4,企画部,企画部,科学技術振 興課,科学技術振興課,2,提案型公募による委託,提案型公募による委託,proposal_based_delegated_program,15,科学技術及び研究活動の振興を図る事業,沖縄イノベーション・エ コシステム共同研究推 進事業（大学等共同研 究推進）委託業務,沖縄イノベーション・エコシステム共同研究推進事業(大学等共同研究推進)委託業務,県内大学等が持つ有望な研究シーズを事 業化に繋げるため、県内大学等を中心とし た、企業や他研究機関との共同研究を推 進する。,7,JV（複数の異なる団体等が共同で事業を行う組織）,SDGs×沖縄天然資 源：ウイルスや原虫に 対する創薬研究およ び食品・水産業への 展開事業共同企業体 ※「一般社団法人トロ ピカルテクノプラス」を 含む,SDGs×沖縄天然資源:ウイルスや原虫に対する創薬研究および食品・水産業への展開事業共同企業体※「一般社団法人トロピカルテクノプラス」を含む,S002PL023,official_JV_or_multi_party_source_cell_unsplit,R6.4.19 ～ R7.2.28,"18,000",18000,positive,ＮＰＯ等,ＮＰＯ等,not_selected,,,machine_display_alias_only_not_actor_identity,source_universe_row_not_relation_edge,whole_program_project_cost_not_actor_payment_or_award,"Authoritative mechanical source-row extraction; no registry merge, relation approval, actor payment, alliance, or political stance inference."
S002-R0031,S002,令和6年度「NPO等との協働実績調査」,2024,31,4,企画部,企画部,科学技術振 興課,科学技術振興課,2,提案型公募による委託,提案型公募による委託,proposal_based_delegated_program,15,科学技術及び研究活動の振興を図る事業,沖縄イノベーション・エ コシステム共同研究推 進事業（大学等共同研 究推進）委託業務,沖縄イノベーション・エコシステム共同研究推進事業(大学等共同研究推進)委託業務,県内大学等が持つ有望な研究シーズを事 業化に繋げるため、県内大学等を中心とし た、企業や他研究機関との共同研究を推 進する。,7,JV（複数の異なる団体等が共同で事業を行う組織）,沖縄県の発注に係る 沖縄イノベーション・ エコシステム共同研 究推進事業受託共同 企業体 ※「一般財団法人沖 縄県環境科学セン ター」及び「学校法人 沖縄科学技術大学院 大学学園」で構成,沖縄県の発注に係る沖縄イノベーション・エコシステム共同研究推進事業受託共同企業体※「一般財団法人沖縄県環境科学センター」及び「学校法人沖縄科学技術大学院大学学園」で構成,S002PL024,official_JV_or_multi_party_source_cell_unsplit,R6.4.19 ～ R7.2.28,"7,000",7000,positive,ＮＰＯ等,ＮＰＯ等,not_selected,,,machine_display_alias_only_not_actor_identity,source_universe_row_not_relation_edge,whole_program_project_cost_not_actor_payment_or_award,"Authoritative mechanical source-row extraction; no registry merge, relation approval, actor payment, alliance, or political stance inference."
S002-R0032,S002,令和6年度「NPO等との協働実績調査」,2024,32,5,企画部,企画部,科学技術振 興課,科学技術振興課,2,提案型公募による委託,提案型公募による委託,proposal_based_delegated_program,15,科学技術及び研究活動の振興を図る事業,沖縄イノベーション・エ コシステム共同研究推 進事業（感染症分野） 委託業務,沖縄イノベーション・エコシステム共同研究推進事業(感染症分野)委託業務,新たな振興計画の施策目標を達成するた め、産学官金の各主体が有機的に連携 し、絶え間なくイノベーションが創出される イノベーション・エコシステムの構築に向け て、産業振興や社会課題の解決につなげ る共同研究等の推進に取り組む。本業務 においては、特に課題解決に向け支援が 求められている感染症分野における研究 促進を図る。,7,JV（複数の異なる団体等が共同で事業を行う組織）,一般財団法人南西地 域産業活性化セン ター,一般財団法人南西地域産業活性化センター,S002PL025,official_JV_or_multi_party_source_cell_unsplit,R6.5.28 ～ R7.2.28,"25,668",25668,positive,ＮＰＯ等,ＮＰＯ等,not_selected,,,machine_display_alias_only_not_actor_identity,source_universe_row_not_relation_edge,whole_program_project_cost_not_actor_payment_or_award,"Authoritative mechanical source-row extraction; no registry merge, relation approval, actor payment, alliance, or political stance inference."
S002-R0033,S002,令和6年度「NPO等との協働実績調査」,2024,33,5,企画部,企画部,科学技術振 興課,科学技術振興課,2,提案型公募による委託,提案型公募による委託,proposal_based_delegated_program,15,科学技術及び研究活動の振興を図る事業,大学発ベンチャー創出 志向型研究支援事業,大学発ベンチャー創出志向型研究支援事業,大学等の研究成果を実用化・社会実装に 効率良く繋げるため、県内大学等の優れ た研究成果等を活用した大学発ベン チャーの創出を促し、起業に向けた課題解 決支援や大学と企業のマッチング支援等 を行う。,2,公益社団又は公益財団法人,公益財団法人沖縄科 学技術振興センター,公益財団法人沖縄科学技術振興センター,S002PL021,source_partner_name_cell_unsplit,R6.5.1 ～ R7.3.14,"12,220",12220,positive,行政,ＮＰＯ等,not_selected,,,machine_display_alias_only_not_actor_identity,source_universe_row_not_relation_edge,whole_program_project_cost_not_actor_payment_or_award,"Authoritative mechanical source-row extraction; no registry merge, relation approval, actor payment, alliance, or political stance inference."
S002-R0034,S002,令和6年度「NPO等との協働実績調査」,2024,34,5,企画部,企画部,科学技術振 興課,科学技術振興課,2,提案型公募による委託,提案型公募による委託,proposal_based_delegated_program,15,科学技術及び研究活動の振興を図る事業,ヒト介入試験プラット フォーム構築事業,ヒト介入試験プラットフォーム構築事業,県内健康食品等の企業が、県内で食資源 等の機能性検証（ヒト介入試験）を恒常的・ 経済的に利用できるよう、県内大学等中心 の体制を構築し、その自走化を目指す。,2,公益社団又は公益財団法人,公益財団法人沖縄科 学技術振興センター,公益財団法人沖縄科学技術振興センター,S002PL021,source_partner_name_cell_unsplit,R6.4.1 ～ R7.2.28,"26,692",26692,positive,行政,ＮＰＯ等,not_selected,,,machine_display_alias_only_not_actor_identity,source_universe_row_not_relation_edge,whole_program_project_cost_not_actor_payment_or_award,"Authoritative mechanical source-row extraction; no registry merge, relation approval, actor payment, alliance, or political stance inference."
S002-R0035,S002,令和6年度「NPO等との協働実績調査」,2024,35,5,企画部,企画部,科学技術振 興課,科学技術振興課,2,提案型公募による委託,提案型公募による委託,proposal_based_delegated_program,15,科学技術及び研究活動の振興を図る事業,沖縄ライフサイエンス 研究センター入居者支 援等業務委託,沖縄ライフサイエンス研究センター入居者支援等業務委託,入居者の事業化に関する資金調達や経営 戦略等の支援に関するコーディネートや県 内外での展示会への出展や県内外企業と のマッチング機会の提供等を行う。,2,公益社団又は公益財団法人,公益財団法人沖縄科 学技術振興センター,公益財団法人沖縄科学技術振興センター,S002PL021,source_partner_name_cell_unsplit,R6.5.14 ～ R7.3.21,"4,950",4950,positive,行政,ＮＰＯ等,not_selected,,,machine_display_alias_only_not_actor_identity,source_universe_row_not_relation_edge,whole_program_project_cost_not_actor_payment_or_award,"Authoritative mechanical source-row extraction; no registry merge, relation approval, actor payment, alliance, or political stance inference."
S002-R0036,S002,令和6年度「NPO等との協働実績調査」,2024,36,5,企画部,企画部,科学技術振 興課,科学技術振興課,2,提案型公募による委託,提案型公募による委託,proposal_based_delegated_program,15,科学技術及び研究活動の振興を図る事業,令和６年度子ども科学 技術人材育成事業,令和6年度子ども科学技術人材育成事業,子どもたちの科学技術に対する興味、関 心を高め、沖縄の科学技術、産業振興を 担う人材の育成に繋げるため、OIST、琉 球大学、沖縄高専等と連携し、科学教室、 科学教育プログラム等を実施する。,3,営利を目的としない一般社団又は一般財団法人,一般財団法人 沖縄 県公衆衛生協会,一般財団法人沖縄県公衆衛生協会,S002PL026,source_partner_name_cell_unsplit,R6.5.7 ～ R7.3.14,"33,887",33887,positive,行政,ＮＰＯ等,not_selected,,,machine_display_alias_only_not_actor_identity,source_universe_row_not_relation_edge,whole_program_project_cost_not_actor_payment_or_award,"Authoritative mechanical source-row extraction; no registry merge, relation approval, actor payment, alliance, or political stance inference."
S002-R0037,S002,令和6年度「NPO等との協働実績調査」,2024,37,5,環境部,環境部,環境再生課,環境再生課,1,委託,NPO等へ業務委託を行った事業,delegated_public_program,7,環境の保全を図る事業,令和６年度花のゆりか ご事業,令和6年度花のゆりかご事業,県内の農林高校生等によって生産された 花苗を地域緑化や学校のために配布す る。,2,公益社団又は公益財団法人,公益社団法人沖縄県 緑化推進委員会,公益社団法人沖縄県緑化推進委員会,S002PL027,source_partner_name_cell_unsplit,R6.5.11 ～ R7.3.21,"1,826",1826,positive,ＮＰＯ等,ＮＰＯ等,not_selected,,,machine_display_alias_only_not_actor_identity,source_universe_row_not_relation_edge,whole_program_project_cost_not_actor_payment_or_award,"Authoritative mechanical source-row extraction; no registry merge, relation approval, actor payment, alliance, or political stance inference."
S002-R0038,S002,令和6年度「NPO等との協働実績調査」,2024,38,5,環境部,環境部,環境再生課,環境再生課,1,委託,NPO等へ業務委託を行った事業,delegated_public_program,7,環境の保全を図る事業,令和６年度緑化推進 運動事業,令和6年度緑化推進運動事業,第74回沖縄県植樹祭に係る業務（①式典 開催に関する業務②関係機関への案内、 通知及び参加者取りまとめ③祝辞依頼④ その他業務）の実施,2,公益社団又は公益財団法人,公益社団法人沖縄県 緑化推進委員会,公益社団法人沖縄県緑化推進委員会,S002PL027,source_partner_name_cell_unsplit,R6.4.18 ～ R6.6.28,"1,977",1977,positive,行政,ＮＰＯ等,not_selected,,,machine_display_alias_only_not_actor_identity,source_universe_row_not_relation_edge,whole_program_project_cost_not_actor_payment_or_award,"Authoritative mechanical source-row extraction; no registry merge, relation approval, actor payment, alliance, or political stance inference."
S002-R0039,S002,令和6年度「NPO等との協働実績調査」,2024,39,6,環境部,環境部,環境再生課,環境再生課,1,委託,NPO等へ業務委託を行った事業,delegated_public_program,7,環境の保全を図る事業,令和6年度みどりを活 用した地域環境保全 推進事業,令和6年度みどりを活用した地域環境保全推進事業,緑化活動を通じた地域の環境保全活動を 支援するため、緑化活動団体を対象とした 技術講習会や交流会を開催する。,2,公益社団又は公益財団法人,公益社団法人沖縄県 緑化推進委員会,公益社団法人沖縄県緑化推進委員会,S002PL027,source_partner_name_cell_unsplit,R6.4.1 ～ R7.3.7,"3,056",3056,positive,ＮＰＯ等,ＮＰＯ等,not_selected,,,machine_display_alias_only_not_actor_identity,source_universe_row_not_relation_edge,whole_program_project_cost_not_actor_payment_or_award,"Authoritative mechanical source-row extraction; no registry merge, relation approval, actor payment, alliance, or political stance inference."
S002-R0040,S002,令和6年度「NPO等との協働実績調査」,2024,40,6,環境部,環境部,環境再生課,環境再生課,1,委託,NPO等へ業務委託を行った事業,delegated_public_program,7,環境の保全を図る事業,沖縄県地球温暖化防 止活動推進員活用促 進業務,沖縄県地球温暖化防止活動推進員活用促進業務,沖縄県地球温暖化防止活動推進員を活 用した普及啓発を行うほか、広報等を通じ て推進員の自主的な活動を支援する。,3,営利を目的としない一般社団又は一般財団法人,一般財団法人沖縄県 公衆衛生協会,一般財団法人沖縄県公衆衛生協会,S002PL026,source_partner_name_cell_unsplit,R6.6.12 ～ R7.2.28,"1,924",1924,positive,行政,一緒に,not_selected,,,machine_display_alias_only_not_actor_identity,source_universe_row_not_relation_edge,whole_program_project_cost_not_actor_payment_or_award,"Authoritative mechanical source-row extraction; no registry merge, relation approval, actor payment, alliance, or political stance inference."
S002-R0041,S002,令和6年度「NPO等との協働実績調査」,2024,41,6,環境部,環境部,環境再生課,環境再生課,4,補助,補助金・助成金の支給又は物的支援,subsidy_assistance_or_in_kind,7,環境の保全を図る事業,地球温暖化防止活動 促進事業,地球温暖化防止活動促進事業,地球温暖化対策等についてセミナーの開 催等の啓発活動を行う。,3,営利を目的としない一般社団又は一般財団法人,一般財団法人沖縄県 公衆衛生協会,一般財団法人沖縄県公衆衛生協会,S002PL026,source_partner_name_cell_unsplit,R6.6.3 ～ R7.2.28,"1,500",1500,positive,一緒に,一緒に,not_selected,,,machine_display_alias_only_not_actor_identity,source_universe_row_not_relation_edge,whole_program_project_cost_not_actor_payment_or_award,"Authoritative mechanical source-row extraction; no registry merge, relation approval, actor payment, alliance, or political stance inference."
S002-R0042,S002,令和6年度「NPO等との協働実績調査」,2024,42,6,環境部,環境部,環境再生課,環境再生課,2,提案型公募による委託,提案型公募による委託,proposal_based_delegated_program,7,環境の保全を図る事業,令和６年度沖縄県地 域環境センター管理運 営委託業務,令和6年度沖縄県地域環境センター管理運営委託業務,本県の環境保全活動拠点である「沖縄県 地域環境センター」の管理運営と地域や学 校等での啓発活動を実施する。,2,公益社団又は公益財団法人,公益財団法人沖縄こ どもの国,公益財団法人沖縄こどもの国,S002PL028,source_partner_name_cell_unsplit,R6.4.1 ～ R7.3.31,"17,940",17940,positive,行政,一緒に,not_selected,,,machine_display_alias_only_not_actor_identity,source_universe_row_not_relation_edge,whole_program_project_cost_not_actor_payment_or_award,"Authoritative mechanical source-row extraction; no registry merge, relation approval, actor payment, alliance, or political stance inference."
S002-R0043,S002,令和6年度「NPO等との協働実績調査」,2024,43,6,環境部,環境部,環境整備課,環境整備課,1,委託,NPO等へ業務委託を行った事業,delegated_public_program,7,環境の保全を図る事業,環境教育（買い物ゲー ム）によるごみ減量化 推進委託業務,環境教育(買い物ゲーム)によるごみ減量化推進委託業務,ごみの減量化を推進するため、本事業で は小学生を対象とし、買い物の模擬体験 を通して、普段購入している商品からトレイ や紙箱、ラップ、ペットボトル等多くの包装 ごみが発生し、その処理に多額の費用が かかることを示すことで、必要以上の物や 過剰包装の商品を買わない等、環境にや さしい買い物の仕方を学ぶ機会を提供す る。,3,営利を目的としない一般社団又は一般財団法人,一般社団法人沖縄リ サイクル運動市民の 会,一般社団法人沖縄リサイクル運動市民の会,S002PL029,source_partner_name_cell_unsplit,R6.9.3 ～ R7.3.13,"1,992",1992,positive,行政,ＮＰＯ等,not_selected,,,machine_display_alias_only_not_actor_identity,source_universe_row_not_relation_edge,whole_program_project_cost_not_actor_payment_or_award,"Authoritative mechanical source-row extraction; no registry merge, relation approval, actor payment, alliance, or political stance inference."
S002-R0044,S002,令和6年度「NPO等との協働実績調査」,2024,44,6,環境部,環境部,自然保護課,自然保護課,4,補助,補助金・助成金の支給又は物的支援,subsidy_assistance_or_in_kind,19,NPO等の活動や運営を支援する事業,犬猫のいのちをつなぐ 事業補助金,犬猫のいのちをつなぐ事業補助金,犬猫のいのちをつなぐ活動に必要な経費 の一部を県が補助することにより、沖縄県 で収容した犬猫の譲渡を推進することで、 犬猫殺処分ゼロにつなげることを目的とす る。,1,特定非営利活動法人（NPO法人）,特定非営利法人おき にゃあわんネットワー ク,特定非営利法人おきにゃあわんネットワーク,S002PL030,source_partner_name_cell_unsplit,R6.6.5 ～ R7.3.31,189,189,positive,ＮＰＯ等,ＮＰＯ等,not_selected,,,machine_display_alias_only_not_actor_identity,source_universe_row_not_relation_edge,whole_program_project_cost_not_actor_payment_or_award,"Authoritative mechanical source-row extraction; no registry merge, relation approval, actor payment, alliance, or political stance inference."
S002-R0045,S002,令和6年度「NPO等との協働実績調査」,2024,45,6,環境部,環境部,自然保護課,自然保護課,4,補助,補助金・助成金の支給又は物的支援,subsidy_assistance_or_in_kind,19,NPO等の活動や運営を支援する事業,犬猫のいのちをつなぐ 事業補助金,犬猫のいのちをつなぐ事業補助金,犬猫のいのちをつなぐ活動に必要な経費 の一部を県が補助することにより、沖縄県 で収容した犬猫の譲渡を推進することで、 犬猫殺処分ゼロにつなげることを目的とす る。,8,その他、法人格を持たない任意団体等,PIPS,PIPS,S002PL031,source_partner_name_cell_unsplit,R6.6.10 ～ R7.3.31,262,262,positive,ＮＰＯ等,ＮＰＯ等,not_selected,,,machine_display_alias_only_not_actor_identity,source_universe_row_not_relation_edge,whole_program_project_cost_not_actor_payment_or_award,"Authoritative mechanical source-row extraction; no registry merge, relation approval, actor payment, alliance, or political stance inference."
S002-R0046,S002,令和6年度「NPO等との協働実績調査」,2024,46,6,環境部,環境部,自然保護課,自然保護課,4,補助,補助金・助成金の支給又は物的支援,subsidy_assistance_or_in_kind,19,NPO等の活動や運営を支援する事業,犬猫のいのちをつなぐ 事業補助金,犬猫のいのちをつなぐ事業補助金,犬猫のいのちをつなぐ活動に必要な経費 の一部を県が補助することにより、沖縄県 で収容した犬猫の譲渡を推進することで、 犬猫殺処分ゼロにつなげることを目的とす る。,8,その他、法人格を持たない任意団体等,石垣しっぽの会,石垣しっぽの会,S002PL032,source_partner_name_cell_unsplit,R6.9.1 ～ R7.3.29,40,40,positive,ＮＰＯ等,ＮＰＯ等,not_selected,,,machine_display_alias_only_not_actor_identity,source_universe_row_not_relation_edge,whole_program_project_cost_not_actor_payment_or_award,"Authoritative mechanical source-row extraction; no registry merge, relation approval, actor payment, alliance, or political stance inference."
S002-R0047,S002,令和6年度「NPO等との協働実績調査」,2024,47,7,環境部,環境部,自然保護課,自然保護課,4,補助,補助金・助成金の支給又は物的支援,subsidy_assistance_or_in_kind,19,NPO等の活動や運営を支援する事業,犬猫のいのちをつなぐ 事業補助金,犬猫のいのちをつなぐ事業補助金,犬猫のいのちをつなぐ活動に必要な経費 の一部を県が補助することにより、沖縄県 で収容した犬猫の譲渡を推進することで、 犬猫殺処分ゼロにつなげることを目的とす る。,3,営利を目的としない一般社団又は一般財団法人,一般社団法人cloud９,一般社団法人cloud9,S002PL033,source_partner_name_cell_unsplit,R6.9.25 ～ R7.3.31,93,93,positive,ＮＰＯ等,ＮＰＯ等,not_selected,,,machine_display_alias_only_not_actor_identity,source_universe_row_not_relation_edge,whole_program_project_cost_not_actor_payment_or_award,"Authoritative mechanical source-row extraction; no registry merge, relation approval, actor payment, alliance, or political stance inference."
S002-R0048,S002,令和6年度「NPO等との協働実績調査」,2024,48,7,環境部,環境部,自然保護課,自然保護課,4,補助,補助金・助成金の支給又は物的支援,subsidy_assistance_or_in_kind,19,NPO等の活動や運営を支援する事業,犬猫のいのちをつなぐ 事業補助金,犬猫のいのちをつなぐ事業補助金,犬猫のいのちをつなぐ活動に必要な経費 の一部を県が補助することにより、沖縄県 で収容した犬猫の譲渡を推進することで、 犬猫殺処分ゼロにつなげることを目的とす る。,8,その他、法人格を持たない任意団体等,リライフ,リライフ,S002PL034,source_partner_name_cell_unsplit,R6.9.30 ～ R7.2.28,262,262,positive,ＮＰＯ等,ＮＰＯ等,not_selected,,,machine_display_alias_only_not_actor_identity,source_universe_row_not_relation_edge,whole_program_project_cost_not_actor_payment_or_award,"Authoritative mechanical source-row extraction; no registry merge, relation approval, actor payment, alliance, or political stance inference."
S002-R0049,S002,令和6年度「NPO等との協働実績調査」,2024,49,7,環境部,環境部,自然保護課,自然保護課,4,補助,補助金・助成金の支給又は物的支援,subsidy_assistance_or_in_kind,19,NPO等の活動や運営を支援する事業,犬猫のいのちをつなぐ 事業補助金,犬猫のいのちをつなぐ事業補助金,犬猫のいのちをつなぐ活動に必要な経費 の一部を県が補助することにより、沖縄県 で収容した犬猫の譲渡を推進することで、 犬猫殺処分ゼロにつなげることを目的とす る。,8,その他、法人格を持たない任意団体等,にゃんばるわんばる,にゃんばるわんばる,S002PL035,source_partner_name_cell_unsplit,R6.10.1 ～ R7.2.28,10,10,positive,ＮＰＯ等,ＮＰＯ等,not_selected,,,machine_display_alias_only_not_actor_identity,source_universe_row_not_relation_edge,whole_program_project_cost_not_actor_payment_or_award,"Authoritative mechanical source-row extraction; no registry merge, relation approval, actor payment, alliance, or political stance inference."
S002-R0050,S002,令和6年度「NPO等との協働実績調査」,2024,50,7,環境部,環境部,自然保護課,自然保護課,5,共催,NPO等と共催という形で実施,cohosting,7,環境の保全を図る事業,save the dog FUN SPACE,save the dog FUN SPACE,沖縄県内における動物愛護活動を啓発及 び推進することを目的とする。,8,その他、法人格を持たない任意団体等,動物愛護推進プロ ジェクト実行委員会,動物愛護推進プロジェクト実行委員会,S002PL036,source_partner_name_cell_unsplit,R6.6.29,0,0,zero,ＮＰＯ等,一緒に,not_selected,,,machine_display_alias_only_not_actor_identity,source_universe_row_not_relation_edge,whole_program_project_cost_not_actor_payment_or_award,"Authoritative mechanical source-row extraction; no registry merge, relation approval, actor payment, alliance, or political stance inference."
S002-R0051,S002,令和6年度「NPO等との協働実績調査」,2024,51,7,環境部,環境部,自然保護課,自然保護課,5,共催,NPO等と共催という形で実施,cohosting,7,環境の保全を図る事業,動物愛護週間行事,動物愛護週間行事,広く県民の間に動物愛護思想の普及啓 発を図り、あわせて生命尊重、友愛および 平和の情操の涵養を図ることを目的とす る。,2,公益社団又は公益財団法人,沖縄県獣医師会,沖縄県獣医師会,S002PL037,source_partner_name_cell_unsplit,R6.6.9 ～ R6.11.10,81,81,positive,行政,一緒に,not_selected,,,machine_display_alias_only_not_actor_identity,source_universe_row_not_relation_edge,whole_program_project_cost_not_actor_payment_or_award,"Authoritative mechanical source-row extraction; no registry merge, relation approval, actor payment, alliance, or political stance inference."
S002-R0052,S002,令和6年度「NPO等との協働実績調査」,2024,52,7,環境部,環境部,自然保護課,自然保護課,1,委託,NPO等へ業務委託を行った事業,delegated_public_program,7,環境の保全を図る事業,令和６年度ノネコ等対 策事業,令和6年度ノネコ等対策事業,世界自然遺産に登録された沖縄島北部の 豊かな生態系の保全を図るため、希少野 生動物の生存の脅威となるノネコおよびノ イヌの対策を行う。,7,JV（複数の異なる団体等が共同で事業を行う組織）,どうぶつたちの病院 沖縄・南西環境研究 所・野生鳥獣対策連 携センター共同企業 体,どうぶつたちの病院沖縄・南西環境研究所・野生鳥獣対策連携センター共同企業体,S002PL038,official_JV_or_multi_party_source_cell_unsplit,R6.4.1 ～ R7.3.21,"70,000",70000,positive,行政,一緒に,not_selected,,,machine_display_alias_only_not_actor_identity,source_universe_row_not_relation_edge,whole_program_project_cost_not_actor_payment_or_award,"Authoritative mechanical source-row extraction; no registry merge, relation approval, actor payment, alliance, or political stance inference."
S002-R0053,S002,令和6年度「NPO等との協働実績調査」,2024,53,7,環境部,環境部,自然保護課,自然保護課,1,委託,NPO等へ業務委託を行った事業,delegated_public_program,7,環境の保全を図る事業,傷病野生鳥獣救護事 業,傷病野生鳥獣救護事業,野生動物救護獣医師及び救護施設におい て、傷病鳥獣の救護を行う。,2,公益社団又は公益財団法人,公益社団法人沖縄県 獣医師会,公益社団法人沖縄県獣医師会,S002PL039,source_partner_name_cell_unsplit,R6.4.1 ～ R7.3.31,"1,845",1845,positive,行政,一緒に,not_selected,,,machine_display_alias_only_not_actor_identity,source_universe_row_not_relation_edge,whole_program_project_cost_not_actor_payment_or_award,"Authoritative mechanical source-row extraction; no registry merge, relation approval, actor payment, alliance, or political stance inference."
S002-R0054,S002,令和6年度「NPO等との協働実績調査」,2024,54,7,環境部,環境部,自然保護課,自然保護課,1,委託,NPO等へ業務委託を行った事業,delegated_public_program,7,環境の保全を図る事業,傷病野生鳥獣救護事 業,傷病野生鳥獣救護事業,野生動物救護獣医師及び救護施設におい て、傷病鳥獣の救護を行う。,1,特定非営利活動法人（NPO法人）,NPO法人どうぶつた ちの病院沖縄,NPO法人どうぶつたちの病院沖縄,S002PL040,source_partner_name_cell_unsplit,R6.4.1 ～ R7.3.31,816,816,positive,行政,一緒に,not_selected,,,machine_display_alias_only_not_actor_identity,source_universe_row_not_relation_edge,whole_program_project_cost_not_actor_payment_or_award,"Authoritative mechanical source-row extraction; no registry merge, relation approval, actor payment, alliance, or political stance inference."
S002-R0055,S002,令和6年度「NPO等との協働実績調査」,2024,55,7,環境部,環境部,自然保護課,自然保護課,1,委託,NPO等へ業務委託を行った事業,delegated_public_program,7,環境の保全を図る事業,傷病野生鳥獣救護事 業,傷病野生鳥獣救護事業,野生動物救護獣医師及び救護施設におい て、傷病鳥獣の救護を行う。,8,その他、法人格を持たない任意団体等,日本野鳥の会やんば る支部、宮古野鳥の 会、カンムリワシリ サーチ,日本野鳥の会やんばる支部、宮古野鳥の会、カンムリワシリサーチ,S002PL041,source_partner_name_cell_unsplit,R6.4.1 ～ R7.3.31,486,486,positive,行政,一緒に,not_selected,,,machine_display_alias_only_not_actor_identity,source_universe_row_not_relation_edge,whole_program_project_cost_not_actor_payment_or_award,"Authoritative mechanical source-row extraction; no registry merge, relation approval, actor payment, alliance, or political stance inference."
S002-R0056,S002,令和6年度「NPO等との協働実績調査」,2024,56,8,環境部,環境部,自然保護課,自然保護課,4,補助,補助金・助成金の支給又は物的支援,subsidy_assistance_or_in_kind,7,環境の保全を図る事業,沖縄県外来種防除支 援補助金,沖縄県外来種防除支援補助金,西表島における外来植物防除作業及び外 来植物防除に係る普及啓発イベント実施。,3,営利を目的としない一般社団又は一般財団法人,一般社団法人西表財 団,一般社団法人西表財団,S002PL042,source_partner_name_cell_unsplit,R6.12.3 ～ R7.2.28,528,528,positive,ＮＰＯ等,ＮＰＯ等,not_selected,,,machine_display_alias_only_not_actor_identity,source_universe_row_not_relation_edge,whole_program_project_cost_not_actor_payment_or_award,"Authoritative mechanical source-row extraction; no registry merge, relation approval, actor payment, alliance, or political stance inference."
S002-R0057,S002,令和6年度「NPO等との協働実績調査」,2024,57,8,環境部,環境部,自然保護課,自然保護課,4,補助,補助金・助成金の支給又は物的支援,subsidy_assistance_or_in_kind,7,環境の保全を図る事業,沖縄県外来種防除支 援補助金,沖縄県外来種防除支援補助金,八重瀬町字小城における外来植物防除作 業実施。,6,自治会,八重瀬町字小城公民 館,八重瀬町字小城公民館,S002PL043,source_partner_name_cell_unsplit,R7.1.11 ～ R7.2.28,401,401,positive,ＮＰＯ等,ＮＰＯ等,not_selected,,,machine_display_alias_only_not_actor_identity,source_universe_row_not_relation_edge,whole_program_project_cost_not_actor_payment_or_award,"Authoritative mechanical source-row extraction; no registry merge, relation approval, actor payment, alliance, or political stance inference."
S002-R0058,S002,令和6年度「NPO等との協働実績調査」,2024,58,8,環境部,環境部,動物愛護管 理センター,動物愛護管理センター,1,委託,NPO等へ業務委託を行った事業,delegated_public_program,7,環境の保全を図る事業,適正飼養普及啓発事 業にかかる調査確認 等業務委託,適正飼養普及啓発事業にかかる調査確認等業務委託,犬猫の譲渡に際し、適正飼養講習や追跡 調査等の補助業務等を実施する。,1,特定非営利活動法人（NPO法人）,NPO法人おきにゃあ わんネットワーク,NPO法人おきにゃあわんネットワーク,S002PL044,source_partner_name_cell_unsplit,R6.4.1 ～ R7.3.31,369,369,positive,行政,行政,not_selected,,,machine_display_alias_only_not_actor_identity,source_universe_row_not_relation_edge,whole_program_project_cost_not_actor_payment_or_award,"Authoritative mechanical source-row extraction; no registry merge, relation approval, actor payment, alliance, or political stance inference."
S002-R0059,S002,令和6年度「NPO等との協働実績調査」,2024,59,8,環境部,環境部,動物愛護管 理センター,動物愛護管理センター,2,提案型公募による委託,提案型公募による委託,proposal_based_delegated_program,7,環境の保全を図る事業,譲渡推進棟の飼養管 理および維持管理等 に関する業務委託,譲渡推進棟の飼養管理および維持管理等に関する業務委託,譲渡推進棟の譲渡対象犬猫、傷病鳥獣の 飼養管理、棟の清掃、維持管理、譲渡対 象犬猫のしつけ、運動等の業務を実施し、 譲渡の推進を図る。,3,営利を目的としない一般社団又は一般財団法人,一般社団法人Cloud９,一般社団法人Cloud9,S002PL045,source_partner_name_cell_unsplit,R6.4.1 ～ R7.3.31,"18,452",18452,positive,行政,行政,not_selected,,,machine_display_alias_only_not_actor_identity,source_universe_row_not_relation_edge,whole_program_project_cost_not_actor_payment_or_award,"Authoritative mechanical source-row extraction; no registry merge, relation approval, actor payment, alliance, or political stance inference."
S002-R0060,S002,令和6年度「NPO等との協働実績調査」,2024,60,8,生活福祉部,生活福祉部,福祉政策課,福祉政策課,1,委託,NPO等へ業務委託を行った事業,delegated_public_program,1,保健、医療又は福祉の増進を図る事業,地域生活定着支援事 業,地域生活定着支援事業,高齢又は障害により福祉的な支援を必要 とする犯罪を犯した者等に対し、刑事司法 関係機関等と連携・協働しつつ、刑事上の 手続き又は身体拘束中から釈放後まで一 貫した支援を実施する。,4,社会福祉法人,社会福祉法人沖縄県 社会福祉協議会,社会福祉法人沖縄県社会福祉協議会,S002PL046,source_partner_name_cell_unsplit,R6.4.1 ～ R7.3.31,"39,988",39988,positive,一緒に,ＮＰＯ等,not_selected,,,machine_display_alias_only_not_actor_identity,source_universe_row_not_relation_edge,whole_program_project_cost_not_actor_payment_or_award,"Authoritative mechanical source-row extraction; no registry merge, relation approval, actor payment, alliance, or political stance inference."
S002-R0061,S002,令和6年度「NPO等との協働実績調査」,2024,61,8,生活福祉部,生活福祉部,福祉政策課,福祉政策課,4,補助,補助金・助成金の支給又は物的支援,subsidy_assistance_or_in_kind,1,保健、医療又は福祉の増進を図る事業,福祉活動指導員設置 費,福祉活動指導員設置費,社会福祉増進を目的に活動する福祉活動 指導員設置に要する経費を補助し、県社 協の体制を強化することで民間社会福祉 活動の充実と発展を図る。,4,社会福祉法人,社会福祉法人沖縄県 社会福祉協議会,社会福祉法人沖縄県社会福祉協議会,S002PL046,source_partner_name_cell_unsplit,S47 ～ 終期未定,"25,062",25062,positive,ＮＰＯ等,ＮＰＯ等,not_selected,,,machine_display_alias_only_not_actor_identity,source_universe_row_not_relation_edge,whole_program_project_cost_not_actor_payment_or_award,"Authoritative mechanical source-row extraction; no registry merge, relation approval, actor payment, alliance, or political stance inference."
S002-R0062,S002,令和6年度「NPO等との協働実績調査」,2024,62,8,生活福祉部,生活福祉部,福祉政策課,福祉政策課,4,補助,補助金・助成金の支給又は物的支援,subsidy_assistance_or_in_kind,1,保健、医療又は福祉の増進を図る事業,日常生活自立支援事 業,日常生活自立支援事業,認知症高齢者、知的障害者、精神障害者 等のうち判断能力が十分でない者が地域 において自立した生活を送ることができる よう、福祉サービスの適切な利用のための 一連の援助を行う。,4,社会福祉法人,社会福祉法人沖縄県 社会福祉協議会,社会福祉法人沖縄県社会福祉協議会,S002PL046,source_partner_name_cell_unsplit,R6.4.1 ～ R7.3.31,"100,182",100182,positive,ＮＰＯ等,ＮＰＯ等,not_selected,,,machine_display_alias_only_not_actor_identity,source_universe_row_not_relation_edge,whole_program_project_cost_not_actor_payment_or_award,"Authoritative mechanical source-row extraction; no registry merge, relation approval, actor payment, alliance, or political stance inference."
S002-R0063,S002,令和6年度「NPO等との協働実績調査」,2024,63,8,生活福祉部,生活福祉部,福祉政策課,福祉政策課,4,補助,補助金・助成金の支給又は物的支援,subsidy_assistance_or_in_kind,1,保健、医療又は福祉の増進を図る事業,運営適正化委員会設 置運営事業,運営適正化委員会設置運営事業,福祉サービス提供方法の利用契約制度化 に伴い、利用者保護及び日常生活自立支 援事業の適正な運営を確保するため、社 会福祉法第83条に基づき県社協に設置さ れる第三者機関「運営適正化委員会」の 運営経費を補助する。,4,社会福祉法人,社会福祉法人沖縄県 社会福祉協議会,社会福祉法人沖縄県社会福祉協議会,S002PL046,source_partner_name_cell_unsplit,R6.4.1 ～ R7.3.31,"8,066",8066,positive,ＮＰＯ等,ＮＰＯ等,not_selected,,,machine_display_alias_only_not_actor_identity,source_universe_row_not_relation_edge,whole_program_project_cost_not_actor_payment_or_award,"Authoritative mechanical source-row extraction; no registry merge, relation approval, actor payment, alliance, or political stance inference."
S002-R0064,S002,令和6年度「NPO等との協働実績調査」,2024,64,9,生活福祉部,生活福祉部,福祉政策課,福祉政策課,1,委託,NPO等へ業務委託を行った事業,delegated_public_program,1,保健、医療又は福祉の増進を図る事業,再犯防止推進事業,再犯防止推進事業,市町村に対する施策の企画立案支援等。 市町村に対する理解促進・人材育成。犯 罪をした者に対する再犯防止相談窓口の 設置等。,4,社会福祉法人,社会福祉法人沖縄県 社会福祉協議会,社会福祉法人沖縄県社会福祉協議会,S002PL046,source_partner_name_cell_unsplit,R6.4.1 ～ R7.3.31,"3,000",3000,positive,一緒に,ＮＰＯ等,not_selected,,,machine_display_alias_only_not_actor_identity,source_universe_row_not_relation_edge,whole_program_project_cost_not_actor_payment_or_award,"Authoritative mechanical source-row extraction; no registry merge, relation approval, actor payment, alliance, or political stance inference."
S002-R0065,S002,令和6年度「NPO等との協働実績調査」,2024,65,9,生活福祉部,生活福祉部,福祉政策課,福祉政策課,1,委託,NPO等へ業務委託を行った事業,delegated_public_program,1,保健、医療又は福祉の増進を図る事業,民生委員・児童委員研 修事業,民生委員・児童委員研修事業,民生委員・児童委員の資質向上を図るた め、研修を階層別に実施する。,4,社会福祉法人,社会福祉法人沖縄県 社会福祉協議会,社会福祉法人沖縄県社会福祉協議会,S002PL046,source_partner_name_cell_unsplit,R6.4.1 ～ R7.3.31,"2,368",2368,positive,一緒に,ＮＰＯ等,not_selected,,,machine_display_alias_only_not_actor_identity,source_universe_row_not_relation_edge,whole_program_project_cost_not_actor_payment_or_award,"Authoritative mechanical source-row extraction; no registry merge, relation approval, actor payment, alliance, or political stance inference."
S002-R0066,S002,令和6年度「NPO等との協働実績調査」,2024,66,9,生活福祉部,生活福祉部,福祉政策課,福祉政策課,4,補助,補助金・助成金の支給又は物的支援,subsidy_assistance_or_in_kind,1,保健、医療又は福祉の増進を図る事業,社会福祉協議会県費 補助金（県民児協運営 費）,社会福祉協議会県費補助金(県民児協運営費),民生委員・児童委員の活動に必要な全国 民生委員児童委員連合会分担金及び全 国民生委員互助共励事業会費を補助する,4,社会福祉法人,社会福祉法人沖縄県 社会福祉協議会,社会福祉法人沖縄県社会福祉協議会,S002PL046,source_partner_name_cell_unsplit,R6.4.1 ～ R7.3.31,"4,142",4142,positive,一緒に,ＮＰＯ等,not_selected,,,machine_display_alias_only_not_actor_identity,source_universe_row_not_relation_edge,whole_program_project_cost_not_actor_payment_or_award,"Authoritative mechanical source-row extraction; no registry merge, relation approval, actor payment, alliance, or political stance inference."
S002-R0067,S002,令和6年度「NPO等との協働実績調査」,2024,67,9,生活福祉部,生活福祉部,福祉政策課,福祉政策課,4,補助,補助金・助成金の支給又は物的支援,subsidy_assistance_or_in_kind,1,保健、医療又は福祉の増進を図る事業,社会福祉協議会県費 補助金（地区民生委員 活動推進事業費）,社会福祉協議会県費補助金(地区民生委員活動推進事業費),地区民生委員児童委員協議会へ補助を 行い、民生委員・児童委員の活動を支援 する。,4,社会福祉法人,社会福祉法人沖縄県 社会福祉協議会,社会福祉法人沖縄県社会福祉協議会,S002PL046,source_partner_name_cell_unsplit,R6.4.1 ～ R7.3.31,"19,250",19250,positive,一緒に,ＮＰＯ等,not_selected,,,machine_display_alias_only_not_actor_identity,source_universe_row_not_relation_edge,whole_program_project_cost_not_actor_payment_or_award,"Authoritative mechanical source-row extraction; no registry merge, relation approval, actor payment, alliance, or political stance inference."
S002-R0068,S002,令和6年度「NPO等との協働実績調査」,2024,68,9,生活福祉部,生活福祉部,福祉政策課,福祉政策課,1,委託,NPO等へ業務委託を行った事業,delegated_public_program,1,保健、医療又は福祉の増進を図る事業,沖縄県福祉人材研修 センター事業,沖縄県福祉人材研修センター事業,資質の高い福祉人材を確保するとともに、 専門的知識・意欲等を高め、県民のニー ズに対応した適切な福祉サービスを提供 することを目的に、社会福祉事業等への 就業援助や研修等を実施する。,4,社会福祉法人,沖縄県社会福祉協議 会,沖縄県社会福祉協議会,S002PL047,source_partner_name_cell_unsplit,R6.4.1 ～ R7.3.31,"62,155",62155,positive,一緒に,ＮＰＯ等,not_selected,,,machine_display_alias_only_not_actor_identity,source_universe_row_not_relation_edge,whole_program_project_cost_not_actor_payment_or_award,"Authoritative mechanical source-row extraction; no registry merge, relation approval, actor payment, alliance, or political stance inference."
S002-R0069,S002,令和6年度「NPO等との協働実績調査」,2024,69,9,生活福祉部,生活福祉部,福祉政策課,福祉政策課,4,補助,補助金・助成金の支給又は物的支援,subsidy_assistance_or_in_kind,1,保健、医療又は福祉の増進を図る事業,生涯現役活躍支援事 業,生涯現役活躍支援事業,県社会福祉協議会が運営する「沖縄県ボ ランティア・市民活動支援センター」の運営 費を補助し、ボランティア活動の振興を図 ることで、地域において互いに支え、助け 合う地域福祉社会の実現を促進する。,4,社会福祉法人,沖縄県社会福祉協議 会,沖縄県社会福祉協議会,S002PL047,source_partner_name_cell_unsplit,R6.4.1 ～ R7.3.31,"5,250",5250,positive,一緒に,ＮＰＯ等,not_selected,,,machine_display_alias_only_not_actor_identity,source_universe_row_not_relation_edge,whole_program_project_cost_not_actor_payment_or_award,"Authoritative mechanical source-row extraction; no registry merge, relation approval, actor payment, alliance, or political stance inference."
S002-R0070,S002,令和6年度「NPO等との協働実績調査」,2024,70,9,生活福祉部,生活福祉部,福祉政策課,福祉政策課,4,補助,補助金・助成金の支給又は物的支援,subsidy_assistance_or_in_kind,1,保健、医療又は福祉の増進を図る事業,災害ボランティアセン ター設置運営研修等 支援事業,災害ボランティアセンター設置運営研修等支援事業,沖縄県社会福祉協議会が実施する災害ボ ランティアセンター設置運営等の研修や訓 練にかかる運営費を補助し、市町村社協 の災害ボランティアセンターの設置運営能 力向上を図る。,4,社会福祉法人,沖縄県社会福祉協議 会,沖縄県社会福祉協議会,S002PL047,source_partner_name_cell_unsplit,R6.4.1 ～ R7.3.31,"4,750",4750,positive,一緒に,ＮＰＯ等,not_selected,,,machine_display_alias_only_not_actor_identity,source_universe_row_not_relation_edge,whole_program_project_cost_not_actor_payment_or_award,"Authoritative mechanical source-row extraction; no registry merge, relation approval, actor payment, alliance, or political stance inference."
S002-R0071,S002,令和6年度「NPO等との協働実績調査」,2024,71,9,生活福祉部,生活福祉部,福祉政策課,福祉政策課,1,委託,NPO等へ業務委託を行った事業,delegated_public_program,8,災害救援事業,災害時福祉支援体制 整備事業,災害時福祉支援体制整備事業,災害時における高齢者等の災害時要配慮 者の避難支援及び福祉支援体制の整備・ 維持を図るため、災害派遣福祉チームの 組成や災害福祉支援ネットワークの構築 を図る。,4,社会福祉法人,社会福祉法人沖縄県 社会福祉協議会,社会福祉法人沖縄県社会福祉協議会,S002PL046,source_partner_name_cell_unsplit,R6.4.1 ～ R7.3.31,"7,100",7100,positive,一緒に,ＮＰＯ等,not_selected,,,machine_display_alias_only_not_actor_identity,source_universe_row_not_relation_edge,whole_program_project_cost_not_actor_payment_or_award,"Authoritative mechanical source-row extraction; no registry merge, relation approval, actor payment, alliance, or political stance inference."
S002-R0072,S002,令和6年度「NPO等との協働実績調査」,2024,72,10,生活福祉部,生活福祉部,福祉政策課,福祉政策課,1,委託,NPO等へ業務委託を行った事業,delegated_public_program,8,災害救援事業,災害時要配慮者支援 アドバイザー派遣事業,災害時要配慮者支援アドバイザー派遣事業,災害福祉支援に関し、専門的な知識をゆう うるアドバイザーの市町村への派遣等を行 い、「個別避難計画」の策定等を支援す る。,3,営利を目的としない一般社団又は一般財団法人,一般社団法人ＡＤＩ災 害研究所,一般社団法人ADI災害研究所,S002PL048,source_partner_name_cell_unsplit,R6.5.14 ～ R7.3.21,"2,364",2364,positive,ＮＰＯ等,ＮＰＯ等,not_selected,,,machine_display_alias_only_not_actor_identity,source_universe_row_not_relation_edge,whole_program_project_cost_not_actor_payment_or_award,"Authoritative mechanical source-row extraction; no registry merge, relation approval, actor payment, alliance, or political stance inference."
S002-R0073,S002,令和6年度「NPO等との協働実績調査」,2024,73,10,生活福祉部,生活福祉部,福祉政策課,福祉政策課,3,指定管理者制度による委任,指定管理者制度による委任,designated_management,1,保健、医療又は福祉の増進を図る事業,総合福祉センター事業 費,総合福祉センター事業費,沖縄県総合福祉センターの管理運営業務,4,社会福祉法人,沖縄県社会福祉協議 会,沖縄県社会福祉協議会,S002PL047,source_partner_name_cell_unsplit,R6.4.1 ～ R12.3.31,"79,224",79224,positive,行政,行政,not_selected,,,machine_display_alias_only_not_actor_identity,source_universe_row_not_relation_edge,whole_program_project_cost_not_actor_payment_or_award,"Authoritative mechanical source-row extraction; no registry merge, relation approval, actor payment, alliance, or political stance inference."
S002-R0074,S002,令和6年度「NPO等との協働実績調査」,2024,74,10,生活福祉部,生活福祉部,福祉政策課,福祉政策課,8,事業協力,共催以外の形態で協力・連携,program_cooperation,1,保健、医療又は福祉の増進を図る事業,沖縄県福祉サービス 第三者評価事業,沖縄県福祉サービス第三者評価事業,福祉サービスの質を公正・中立な第三者 の視点から評価し、福祉サービスの質の 更なる向上を促す。,1,特定非営利活動法人（NPO法人）,特定非営利活動法人 介護と福祉の調査機 関おきなわ,特定非営利活動法人介護と福祉の調査機関おきなわ,S002PL049,source_partner_name_cell_unsplit,H19.3.29 ～ 終期未定,－,,not_reported_dash,一緒に,ＮＰＯ等,not_selected,,,machine_display_alias_only_not_actor_identity,source_universe_row_not_relation_edge,whole_program_project_cost_not_actor_payment_or_award,"Authoritative mechanical source-row extraction; no registry merge, relation approval, actor payment, alliance, or political stance inference."
S002-R0075,S002,令和6年度「NPO等との協働実績調査」,2024,75,10,生活福祉部,生活福祉部,福祉政策課,福祉政策課,8,事業協力,共催以外の形態で協力・連携,program_cooperation,1,保健、医療又は福祉の増進を図る事業,沖縄県福祉サービス 第三者評価事業,沖縄県福祉サービス第三者評価事業,福祉サービスの質を公正・中立な第三者 の視点から評価し、福祉サービスの質の 更なる向上を促す。,1,特定非営利活動法人（NPO法人）,一般社団法人沖縄県 社会福祉士会,一般社団法人沖縄県社会福祉士会,S002PL050,source_partner_name_cell_unsplit,H31.1.13 ～ 終期未定,－,,not_reported_dash,一緒に,ＮＰＯ等,not_selected,,,machine_display_alias_only_not_actor_identity,source_universe_row_not_relation_edge,whole_program_project_cost_not_actor_payment_or_award,"Authoritative mechanical source-row extraction; no registry merge, relation approval, actor payment, alliance, or political stance inference."
S002-R0076,S002,令和6年度「NPO等との協働実績調査」,2024,76,10,生活福祉部,生活福祉部,福祉政策課,福祉政策課,1,委託,NPO等へ業務委託を行った事業,delegated_public_program,1,保健、医療又は福祉の増進を図る事業,沖縄県喀痰吸引等研 修事業,沖縄県喀痰吸引等研修事業,介護職員等及び指導看護師向けの喀痰 吸引等研修を実施する。,3,営利を目的としない一般社団又は一般財団法人,一般社団法人Kukuru,一般社団法人Kukuru,S002PL051,source_partner_name_cell_unsplit,R6.6.3 ～ R7.3.31,"19,000",19000,positive,行政,ＮＰＯ等,not_selected,,,machine_display_alias_only_not_actor_identity,source_universe_row_not_relation_edge,whole_program_project_cost_not_actor_payment_or_award,"Authoritative mechanical source-row extraction; no registry merge, relation approval, actor payment, alliance, or political stance inference."
S002-R0077,S002,令和6年度「NPO等との協働実績調査」,2024,77,10,生活福祉部,生活福祉部,福祉政策課,福祉政策課,1,委託,NPO等へ業務委託を行った事業,delegated_public_program,1,保健、医療又は福祉の増進を図る事業,沖縄県喀痰吸引等指 導者講習,沖縄県喀痰吸引等指導者講習,指導看護師向けの喀痰吸引等研修を実施 する。,2,公益社団又は公益財団法人,公益社団法人沖縄県 看護協会,公益社団法人沖縄県看護協会,S002PL052,source_partner_name_cell_unsplit,R6.11.5 ～ R7.3.31,"1,300",1300,positive,行政,ＮＰＯ等,not_selected,,,machine_display_alias_only_not_actor_identity,source_universe_row_not_relation_edge,whole_program_project_cost_not_actor_payment_or_award,"Authoritative mechanical source-row extraction; no registry merge, relation approval, actor payment, alliance, or political stance inference."
S002-R0078,S002,令和6年度「NPO等との協働実績調査」,2024,78,10,生活福祉部,生活福祉部,福祉政策課,福祉政策課,2,提案型公募による委託,提案型公募による委託,proposal_based_delegated_program,1,保健、医療又は福祉の増進を図る事業,沖縄県喀痰吸引等研 修推進事業,沖縄県喀痰吸引等研修推進事業,事業所や介護職員等の相談対応・支援、 喀痰吸引等研修を実施する登録研修機関 の参入促進を目的とした新規開拓を行う。,3,営利を目的としない一般社団又は一般財団法人,一般社団法人Kukuru,一般社団法人Kukuru,S002PL051,source_partner_name_cell_unsplit,R6.5.1 ～ R7.3.31,"8,316",8316,positive,一緒に,ＮＰＯ等,not_selected,,,machine_display_alias_only_not_actor_identity,source_universe_row_not_relation_edge,whole_program_project_cost_not_actor_payment_or_award,"Authoritative mechanical source-row extraction; no registry merge, relation approval, actor payment, alliance, or political stance inference."
S002-R0079,S002,令和6年度「NPO等との協働実績調査」,2024,79,10,生活福祉部,生活福祉部,福祉政策課,福祉政策課,4,補助,補助金・助成金の支給又は物的支援,subsidy_assistance_or_in_kind,1,保健、医療又は福祉の増進を図る事業,沖縄県介護福祉士修 学資金等貸付事業,沖縄県介護福祉士修学資金等貸付事業,介護福祉士・社会福祉士の資格取得を目 指す学生への修学資金、実務者研修受講 者の受講費用、離職した介護職員や他業 種からの転職者への就職支援金の貸付を 行い、介護職員等の育成・確保を図る。,4,社会福祉法人,社会福祉法人沖縄県 社会福祉協議会,社会福祉法人沖縄県社会福祉協議会,S002PL046,source_partner_name_cell_unsplit,R6.4.1 ～ R7.3.31,"142,416",142416,positive,一緒に,ＮＰＯ等,not_selected,,,machine_display_alias_only_not_actor_identity,source_universe_row_not_relation_edge,whole_program_project_cost_not_actor_payment_or_award,"Authoritative mechanical source-row extraction; no registry merge, relation approval, actor payment, alliance, or political stance inference."
S002-R0080,S002,令和6年度「NPO等との協働実績調査」,2024,80,11,生活福祉部,生活福祉部,福祉政策課,福祉政策課,4,補助,補助金・助成金の支給又は物的支援,subsidy_assistance_or_in_kind,1,保健、医療又は福祉の増進を図る事業,沖縄県福祉系高校修 学資金貸付事業,沖縄県福祉系高校修学資金貸付事業,介護福祉士取得を目指す福祉系高校に在 学する学生への修学資金の貸し付けを行 い、介護職員の育成・確保を図る。,4,社会福祉法人,社会福祉法人沖縄県 社会福祉協議会,社会福祉法人沖縄県社会福祉協議会,S002PL046,source_partner_name_cell_unsplit,R6.4.1 ～ R7.3.31,"2,146",2146,positive,一緒に,ＮＰＯ等,not_selected,,,machine_display_alias_only_not_actor_identity,source_universe_row_not_relation_edge,whole_program_project_cost_not_actor_payment_or_award,"Authoritative mechanical source-row extraction; no registry merge, relation approval, actor payment, alliance, or political stance inference."
S002-R0081,S002,令和6年度「NPO等との協働実績調査」,2024,81,11,生活福祉部,生活福祉部,福祉政策課,福祉政策課,4,補助,補助金・助成金の支給又は物的支援,subsidy_assistance_or_in_kind,1,保健、医療又は福祉の増進を図る事業,沖縄県介護分野就職 支援金貸付事業,沖縄県介護分野就職支援金貸付事業,他業種から介護分野への転職者への就職 支援金の貸付を行い、介護職員の確保を 図る。,4,社会福祉法人,社会福祉法人沖縄県 社会福祉協議会,社会福祉法人沖縄県社会福祉協議会,S002PL046,source_partner_name_cell_unsplit,R6.4.1 ～ R7.3.31,"8,392",8392,positive,一緒に,ＮＰＯ等,not_selected,,,machine_display_alias_only_not_actor_identity,source_universe_row_not_relation_edge,whole_program_project_cost_not_actor_payment_or_award,"Authoritative mechanical source-row extraction; no registry merge, relation approval, actor payment, alliance, or political stance inference."
S002-R0082,S002,令和6年度「NPO等との協働実績調査」,2024,82,11,生活福祉部,生活福祉部,福祉政策課,福祉政策課,1,委託,NPO等へ業務委託を行った事業,delegated_public_program,1,保健、医療又は福祉の増進を図る事業,地域住民を見守り、支 えるネットワーク形成 促進事業,地域住民を見守り、支えるネットワーク形成促進事業,地域住民の複雑化・複合化した支援ニー ズに対応する市町村の重層的な支援体 制・包括的な支援体制の構築に向けた支 援を行う。,4,社会福祉法人,社会福祉法人沖縄県 社会福祉協議会,社会福祉法人沖縄県社会福祉協議会,S002PL046,source_partner_name_cell_unsplit,R6.4.1 ～ R7.3.31,"8,000",8000,positive,一緒に,ＮＰＯ等,not_selected,,,machine_display_alias_only_not_actor_identity,source_universe_row_not_relation_edge,whole_program_project_cost_not_actor_payment_or_award,"Authoritative mechanical source-row extraction; no registry merge, relation approval, actor payment, alliance, or political stance inference."
S002-R0083,S002,令和6年度「NPO等との協働実績調査」,2024,83,11,生活福祉部,生活福祉部,福祉政策課,福祉政策課,4,補助,補助金・助成金の支給又は物的支援,subsidy_assistance_or_in_kind,1,保健、医療又は福祉の増進を図る事業,生活福祉資金貸付事 業費,生活福祉資金貸付事業費,低所得者、高齢者、障害者等に対し、経済 的自立、社会参加の促進、安定した生活 が送れるすることを目的として、資金の貸 付と必要な相談支援を実施している。,4,社会福祉法人,社会福祉法人沖縄県 社会福祉協議会,社会福祉法人沖縄県社会福祉協議会,S002PL046,source_partner_name_cell_unsplit,～ 終期未定,"15,270",15270,positive,行政,行政,not_selected,,,machine_display_alias_only_not_actor_identity,source_universe_row_not_relation_edge,whole_program_project_cost_not_actor_payment_or_award,"Authoritative mechanical source-row extraction; no registry merge, relation approval, actor payment, alliance, or political stance inference."
S002-R0084,S002,令和6年度「NPO等との協働実績調査」,2024,84,11,生活福祉部,生活福祉部,保護・援護課,保護・援護課,2,提案型公募による委託,提案型公募による委託,proposal_based_delegated_program,13,子どもの教育及び健全育成を図る事業,沖縄県子どもの健全 育成事業（南部圏域）,沖縄県子どもの健全育成事業(南部圏域),貧困の連鎖を防止するため、生活保護世 帯を含む生活困窮世帯の子ども及び保護 者を対象として、学習支援、生活習慣・育 成環境の改善、進路選択に関する支援等 を行う。,1,特定非営利活動法人（NPO法人）,特定非営利活動法人 珊瑚舎スコーレ,特定非営利活動法人珊瑚舎スコーレ,S002PL053,source_partner_name_cell_unsplit,R6.4.1 R7.3.31,"16,479",16479,positive,行政,ＮＰＯ等,not_selected,,,machine_display_alias_only_not_actor_identity,source_universe_row_not_relation_edge,whole_program_project_cost_not_actor_payment_or_award,"Authoritative mechanical source-row extraction; no registry merge, relation approval, actor payment, alliance, or political stance inference."
S002-R0085,S002,令和6年度「NPO等との協働実績調査」,2024,85,11,生活福祉部,生活福祉部,保護・援護課,保護・援護課,2,提案型公募による委託,提案型公募による委託,proposal_based_delegated_program,13,子どもの教育及び健全育成を図る事業,沖縄県子どもの健全 育成事業（中部圏域）,沖縄県子どもの健全育成事業(中部圏域),貧困の連鎖を防止するため、生活保護世 帯を含む生活困窮世帯の子ども及び保護 者を対象として、学習支援、生活習慣・育 成環境の改善、進路選択に関する支援等 を行う。,1,特定非営利活動法人（NPO法人）,特定非営利活動法人 エンカレッジ,特定非営利活動法人エンカレッジ,S002PL054,source_partner_name_cell_unsplit,R6.4.1 R7.3.31,"18,948",18948,positive,行政,ＮＰＯ等,not_selected,,,machine_display_alias_only_not_actor_identity,source_universe_row_not_relation_edge,whole_program_project_cost_not_actor_payment_or_award,"Authoritative mechanical source-row extraction; no registry merge, relation approval, actor payment, alliance, or political stance inference."
S002-R0086,S002,令和6年度「NPO等との協働実績調査」,2024,86,11,生活福祉部,生活福祉部,保護・援護課,保護・援護課,2,提案型公募による委託,提案型公募による委託,proposal_based_delegated_program,13,子どもの教育及び健全育成を図る事業,沖縄県子どもの健全 育成事業（北部圏域）,沖縄県子どもの健全育成事業(北部圏域),貧困の連鎖を防止するため、生活保護世 帯を含む生活困窮世帯の子ども及び保護 者を対象として、学習支援、生活習慣・育 成環境の改善、進路選択に関する支援等 を行う。,3,営利を目的としない一般社団又は一般財団法人,一般社団法人教育振 興会,一般社団法人教育振興会,S002PL055,source_partner_name_cell_unsplit,R6.4.1 R7.3.31,"2,195",2195,positive,行政,ＮＰＯ等,not_selected,,,machine_display_alias_only_not_actor_identity,source_universe_row_not_relation_edge,whole_program_project_cost_not_actor_payment_or_award,"Authoritative mechanical source-row extraction; no registry merge, relation approval, actor payment, alliance, or political stance inference."
S002-R0087,S002,令和6年度「NPO等との協働実績調査」,2024,87,11,生活福祉部,生活福祉部,保護・援護課,保護・援護課,2,提案型公募による委託,提案型公募による委託,proposal_based_delegated_program,1,保健、医療又は福祉の増進を図る事業,沖縄県生活困窮者等 就準備支援事業,沖縄県生活困窮者等就準備支援事業,雇用による就業が著しく困難な生活困窮 者に対し、就労に必要な知識及び能力の 向上のために必要な訓練を行う。,2,公益社団又は公益財団法人,公益財団法人沖縄県 労働者福祉基金協会,公益財団法人沖縄県労働者福祉基金協会,S002PL056,source_partner_name_cell_unsplit,R6.4.1 R7.3.31,"60,139",60139,positive,行政,ＮＰＯ等,not_selected,,,machine_display_alias_only_not_actor_identity,source_universe_row_not_relation_edge,whole_program_project_cost_not_actor_payment_or_award,"Authoritative mechanical source-row extraction; no registry merge, relation approval, actor payment, alliance, or political stance inference."
S002-R0088,S002,令和6年度「NPO等との協働実績調査」,2024,88,11,生活福祉部,生活福祉部,保護・援護課,保護・援護課,2,提案型公募による委託,提案型公募による委託,proposal_based_delegated_program,1,保健、医療又は福祉の増進を図る事業,沖縄県生活困窮者自 立支援事業,沖縄県生活困窮者自立支援事業,複合的な課題を抱えた生活困窮者からの 相談に応じ、必要な情報提供及び助言を 行うとともに、訪問支援等による支援を行 い、生活困窮者の自立の推進を図る。,2,公益社団又は公益財団法人,公益財団法人沖縄県 労働者福祉基金協会,公益財団法人沖縄県労働者福祉基金協会,S002PL056,source_partner_name_cell_unsplit,R6.4.1 R7.3.31,"146,631",146631,positive,行政,ＮＰＯ等,not_selected,,,machine_display_alias_only_not_actor_identity,source_universe_row_not_relation_edge,whole_program_project_cost_not_actor_payment_or_award,"Authoritative mechanical source-row extraction; no registry merge, relation approval, actor payment, alliance, or political stance inference."
S002-R0089,S002,令和6年度「NPO等との協働実績調査」,2024,89,12,生活福祉部,生活福祉部,障害福祉課,障害福祉課,4,補助,補助金・助成金の支給又は物的支援,subsidy_assistance_or_in_kind,1,保健、医療又は福祉の増進を図る事業,障害者スポーツ推進 強化事業,障害者スポーツ推進強化事業,県内における障害者スポーツを総合的に 推進し、生活の中で楽しむことができる障 害者スポーツを広く普及･発展させるため に必要な事業や取組を実施する。,1,特定非営利活動法人（NPO法人）,特定非営利活動法人 沖縄県障がい者ス ポーツ協会,特定非営利活動法人沖縄県障がい者スポーツ協会,S002PL057,source_partner_name_cell_unsplit,R6.4.1 ～ R7.3.31,"5,700",5700,positive,ＮＰＯ等,ＮＰＯ等,not_selected,,,machine_display_alias_only_not_actor_identity,source_universe_row_not_relation_edge,whole_program_project_cost_not_actor_payment_or_award,"Authoritative mechanical source-row extraction; no registry merge, relation approval, actor payment, alliance, or political stance inference."
S002-R0090,S002,令和6年度「NPO等との協働実績調査」,2024,90,12,生活福祉部,生活福祉部,障害福祉課,障害福祉課,1,委託,NPO等へ業務委託を行った事業,delegated_public_program,1,保健、医療又は福祉の増進を図る事業,全国障害者スポーツ 大会派遣事業,全国障害者スポーツ大会派遣事業,毎年、国民スポーツ大会と併せて開催され る「全国障害者スポーツ大会」へ沖縄県選 手団を派遣することにより、障害のある選 手が、障害者スポーツの全国的な祭典で ある本大会に参加し、競技等を通じ、ス ポーツの楽しさを体験するとともに、国民 の障害者に対する理解を深め、障害者の 社会参加に寄与する。,1,特定非営利活動法人（NPO法人）,特定非営利活動法人 沖縄県障がい者ス ポーツ協会,特定非営利活動法人沖縄県障がい者スポーツ協会,S002PL057,source_partner_name_cell_unsplit,R6.4.1 ～ R7.3.31,"13,634",13634,positive,ＮＰＯ等,ＮＰＯ等,not_selected,,,machine_display_alias_only_not_actor_identity,source_universe_row_not_relation_edge,whole_program_project_cost_not_actor_payment_or_award,"Authoritative mechanical source-row extraction; no registry merge, relation approval, actor payment, alliance, or political stance inference."
S002-R0091,S002,令和6年度「NPO等との協働実績調査」,2024,91,12,生活福祉部,生活福祉部,障害福祉課,障害福祉課,1,委託,NPO等へ業務委託を行った事業,delegated_public_program,1,保健、医療又は福祉の増進を図る事業,全国障害者スポーツ 大会九州ブロック地区 予選会（知的競技）派 遣事業,全国障害者スポーツ大会九州ブロック地区予選会(知的競技)派遣事業,知的障害のある選手が、全国障害者ス ポーツ大会九州地区予選大会に参加する ことによって、スポーツの楽しさを体験する とともに、国民・県民の障害者への理解を 深めることで、障害者の社会参加の促進 に寄与することを目的とする。,1,特定非営利活動法人（NPO法人）,特定非営利活動法人 沖縄県障がい者ス ポーツ協会,特定非営利活動法人沖縄県障がい者スポーツ協会,S002PL057,source_partner_name_cell_unsplit,R6.4.1 ～ R7.3.31,"6,124",6124,positive,ＮＰＯ等,ＮＰＯ等,not_selected,,,machine_display_alias_only_not_actor_identity,source_universe_row_not_relation_edge,whole_program_project_cost_not_actor_payment_or_award,"Authoritative mechanical source-row extraction; no registry merge, relation approval, actor payment, alliance, or political stance inference."
S002-R0092,S002,令和6年度「NPO等との協働実績調査」,2024,92,12,生活福祉部,生活福祉部,障害福祉課,障害福祉課,1,委託,NPO等へ業務委託を行った事業,delegated_public_program,1,保健、医療又は福祉の増進を図る事業,全国障害者スポーツ 大会九州ブロック地区 予選会（精神競技）派 遣事業,全国障害者スポーツ大会九州ブロック地区予選会(精神競技)派遣事業,精神障害のある選手が、全国障害者ス ポーツ大会九州地区予選大会に参加する ことによって、スポーツの楽しさを体験する とともに、国民・県民の障害者への理解を 深めることで、障害者の社会参加の促進 に寄与することを目的とする。,1,特定非営利活動法人（NPO法人）,特定非営利活動法人 沖縄県障がい者ス ポーツ協会,特定非営利活動法人沖縄県障がい者スポーツ協会,S002PL057,source_partner_name_cell_unsplit,R6.4.1 ～ R7.3.31,"1,690",1690,positive,ＮＰＯ等,ＮＰＯ等,not_selected,,,machine_display_alias_only_not_actor_identity,source_universe_row_not_relation_edge,whole_program_project_cost_not_actor_payment_or_award,"Authoritative mechanical source-row extraction; no registry merge, relation approval, actor payment, alliance, or political stance inference."
S002-R0093,S002,令和6年度「NPO等との協働実績調査」,2024,93,12,生活福祉部,生活福祉部,障害福祉課,障害福祉課,1,委託,NPO等へ業務委託を行った事業,delegated_public_program,1,保健、医療又は福祉の増進を図る事業,全国障害者スポーツ 大会九州予選会派遣 事業（身体）及び県身 体障害者スポーツ振 興事業,全国障害者スポーツ大会九州予選会派遣事業(身体)及び県身体障害者スポーツ振興事業,・身体に障害のある選手が、全国障害者 スポーツ大会九州地区予選大会に参加す ることによって、スポーツの楽しさを体験す るとともに、県民の障害者への理解を深め ることで、障害者の社会参加の促進に寄 与する。 ・県内の身体障害者がスポーツを通じて、 体力の維持増強及び機能回復を図るとと もに、身体障害者のスポーツを振興し障害 者に対する社会の理解を深めることで、障 害者の自立と社会参加の促進に寄与す る。,4,社会福祉法人,社会福祉法人沖縄県 身体障害者福祉協会,社会福祉法人沖縄県身体障害者福祉協会,S002PL058,source_partner_name_cell_unsplit,R6.4.1 ～ R7.3.31,"12,732",12732,positive,ＮＰＯ等,ＮＰＯ等,not_selected,,,machine_display_alias_only_not_actor_identity,source_universe_row_not_relation_edge,whole_program_project_cost_not_actor_payment_or_award,"Authoritative mechanical source-row extraction; no registry merge, relation approval, actor payment, alliance, or political stance inference."
S002-R0094,S002,令和6年度「NPO等との協働実績調査」,2024,94,13,生活福祉部,生活福祉部,障害福祉課,障害福祉課,1,委託,NPO等へ業務委託を行った事業,delegated_public_program,1,保健、医療又は福祉の増進を図る事業,知的障害者スポーツ 振興事業,知的障害者スポーツ振興事業,県内の知的障害者がスポーツを通じて、 体力向上、相互交流、社会参加と自立促 進を図るとともに、身体障害者のスポーツ を振興し障害者に対する社会の理解を深 めることで、障害者の自立と社会参加の促 進に寄与する。,4,社会福祉法人,公益社団法人沖縄県 手をつなぐ育成会・一 般社団法人沖縄県知 的障害者福祉協会共 同企業体,公益社団法人沖縄県手をつなぐ育成会・一般社団法人沖縄県知的障害者福祉協会共同企業体,S002PL059,source_partner_name_cell_unsplit,R6.4.1 ～ R7.3.31,"3,224",3224,positive,ＮＰＯ等,ＮＰＯ等,not_selected,,,machine_display_alias_only_not_actor_identity,source_universe_row_not_relation_edge,whole_program_project_cost_not_actor_payment_or_award,"Authoritative mechanical source-row extraction; no registry merge, relation approval, actor payment, alliance, or political stance inference."
S002-R0095,S002,令和6年度「NPO等との協働実績調査」,2024,95,13,生活福祉部,生活福祉部,障害福祉課,障害福祉課,1,委託,NPO等へ業務委託を行った事業,delegated_public_program,1,保健、医療又は福祉の増進を図る事業,社会参加支援事業 （アートキャンプ）,社会参加支援事業(アートキャンプ),障害者の社会参画機会の創出や障害者 芸術活動の県民への啓発を目的とする。,4,社会福祉法人,社会福祉法人若竹福 祉会,社会福祉法人若竹福祉会,S002PL060,source_partner_name_cell_unsplit,R6.5.1 ～ R7.3.31,542,542,positive,ＮＰＯ等,ＮＰＯ等,not_selected,,,machine_display_alias_only_not_actor_identity,source_universe_row_not_relation_edge,whole_program_project_cost_not_actor_payment_or_award,"Authoritative mechanical source-row extraction; no registry merge, relation approval, actor payment, alliance, or political stance inference."
S002-R0096,S002,令和6年度「NPO等との協働実績調査」,2024,96,13,生活福祉部,生活福祉部,障害福祉課,障害福祉課,2,提案型公募による委託,提案型公募による委託,proposal_based_delegated_program,1,保健、医療又は福祉の増進を図る事業,沖縄県障害者芸術文 化活動支援センター運 営業務,沖縄県障害者芸術文化活動支援センター運営業務,沖縄県障害者芸術文化活動支援センター を設置し、障害者による文化芸術活動へ の支援を充実させ、文化芸術活動を通じた 障害者の個性と能力の発揮及び社会参加 の促進を図る。,4,社会福祉法人,社会福祉法人トゥムヌ イ福祉会,社会福祉法人トゥムヌイ福祉会,S002PL061,source_partner_name_cell_unsplit,R7.1.15 ～ R7.3.31,"5,915",5915,positive,ＮＰＯ等,ＮＰＯ等,not_selected,,,machine_display_alias_only_not_actor_identity,source_universe_row_not_relation_edge,whole_program_project_cost_not_actor_payment_or_award,"Authoritative mechanical source-row extraction; no registry merge, relation approval, actor payment, alliance, or political stance inference."
S002-R0097,S002,令和6年度「NPO等との協働実績調査」,2024,97,13,生活福祉部,生活福祉部,障害福祉課,障害福祉課,1,委託,NPO等へ業務委託を行った事業,delegated_public_program,1,保健、医療又は福祉の増進を図る事業,心の輪を広げる障害 者理解促進事業,心の輪を広げる障害者理解促進事業,障害の有無に関わらず、誰もが相互に人 格と個性を尊重し支え合う共生社会を目 指し、障害者に対する理解促進を図るた め、「心の輪を広げる体験作文」及び「障 害者週間のポスター」を募集し、優秀作品 に対し表彰等を行う事業を実施する。,4,社会福祉法人,公益財団法人沖縄県 手をつなぐ育成会,公益財団法人沖縄県手をつなぐ育成会,S002PL062,source_partner_name_cell_unsplit,R6.4.1 ～ R7.3.31,"1,000",1000,positive,ＮＰＯ等,ＮＰＯ等,not_selected,,,machine_display_alias_only_not_actor_identity,source_universe_row_not_relation_edge,whole_program_project_cost_not_actor_payment_or_award,"Authoritative mechanical source-row extraction; no registry merge, relation approval, actor payment, alliance, or political stance inference."
S002-R0098,S002,令和6年度「NPO等との協働実績調査」,2024,98,13,生活福祉部,生活福祉部,障害福祉課,障害福祉課,1,委託,NPO等へ業務委託を行った事業,delegated_public_program,1,保健、医療又は福祉の増進を図る事業,発達障害地域支援マ ネジメント強化事業,発達障害地域支援マネジメント強化事業,発達障害が疑われる事例や、通常の支援 が難しい困難事例に対応する事業所に対 し、発達障害児（者）の特性沿った対応が できるよう、マネジャーを配置し、支援者の 育成や地域支援体制の強化・整備を図 る。,1,特定非営利活動法人（NPO法人）,特定非営利活動法人 わくわくの会,特定非営利活動法人わくわくの会,S002PL063,source_partner_name_cell_unsplit,R6.4.1 ～ R7.3.31,"9,628",9628,positive,ＮＰＯ等,ＮＰＯ等,not_selected,,,machine_display_alias_only_not_actor_identity,source_universe_row_not_relation_edge,whole_program_project_cost_not_actor_payment_or_award,"Authoritative mechanical source-row extraction; no registry merge, relation approval, actor payment, alliance, or political stance inference."
S002-R0099,S002,令和6年度「NPO等との協働実績調査」,2024,99,13,生活福祉部,生活福祉部,障害福祉課,障害福祉課,1,委託,NPO等へ業務委託を行った事業,delegated_public_program,1,保健、医療又は福祉の増進を図る事業,沖縄県障害者社会参 加促進事業（身体障害 者関係事業）,沖縄県障害者社会参加促進事業(身体障害者関係事業),身体障害者が自立した日常生活または社 会生活を営むことができるよう、日常生活 を維持するための訓練及び社会参加を促 進する取組を実施する事業。,4,社会福祉法人,社会福祉法人沖縄県 身体障害者福祉協会,社会福祉法人沖縄県身体障害者福祉協会,S002PL058,source_partner_name_cell_unsplit,R6.4.1 ～ R7.3.31,"8,135",8135,positive,ＮＰＯ等,ＮＰＯ等,not_selected,,,machine_display_alias_only_not_actor_identity,source_universe_row_not_relation_edge,whole_program_project_cost_not_actor_payment_or_award,"Authoritative mechanical source-row extraction; no registry merge, relation approval, actor payment, alliance, or political stance inference."
S002-R0100,S002,令和6年度「NPO等との協働実績調査」,2024,100,13,生活福祉部,生活福祉部,障害福祉課,障害福祉課,1,委託,NPO等へ業務委託を行った事業,delegated_public_program,1,保健、医療又は福祉の増進を図る事業,沖縄県障害者社会参 加促進事業（知的障害 者関係事業）,沖縄県障害者社会参加促進事業(知的障害者関係事業),日常生活や社会生活における自己決定ス キル等を身につけ、より自立した生活を送 れるようにするため、知的障害者を中心と した本人活動支援（コミュニティ活動等）を 行う事業。,2,公益社団又は公益財団法人,公益社団法人沖縄県 手をつなぐ育成会,公益社団法人沖縄県手をつなぐ育成会,S002PL064,source_partner_name_cell_unsplit,R6.4.1 ～ R7.3.31,655,655,positive,ＮＰＯ等,ＮＰＯ等,not_selected,,,machine_display_alias_only_not_actor_identity,source_universe_row_not_relation_edge,whole_program_project_cost_not_actor_payment_or_award,"Authoritative mechanical source-row extraction; no registry merge, relation approval, actor payment, alliance, or political stance inference."
S002-R0101,S002,令和6年度「NPO等との協働実績調査」,2024,101,14,生活福祉部,生活福祉部,障害福祉課,障害福祉課,1,委託,NPO等へ業務委託を行った事業,delegated_public_program,1,保健、医療又は福祉の増進を図る事業,沖縄県ITサポートセン ター運営事業,沖縄県ITサポートセンター運営事業,障害者等の情報通信技術（IT）の利用機 会や活動能力の格差是正を図るための総 合的なサービス提供拠点として、沖縄県IT サポートセンターを設置・運営する事業。,1,特定非営利活動法人（NPO法人）,特定非営利活動法人 沖縄県脊髄損傷者協 会,特定非営利活動法人沖縄県脊髄損傷者協会,S002PL065,source_partner_name_cell_unsplit,R6.4.1 ～ R7.3.31,"5,740",5740,positive,ＮＰＯ等,ＮＰＯ等,not_selected,,,machine_display_alias_only_not_actor_identity,source_universe_row_not_relation_edge,whole_program_project_cost_not_actor_payment_or_award,"Authoritative mechanical source-row extraction; no registry merge, relation approval, actor payment, alliance, or political stance inference."
S002-R0102,S002,令和6年度「NPO等との協働実績調査」,2024,102,14,生活福祉部,生活福祉部,障害福祉課,障害福祉課,1,委託,NPO等へ業務委託を行った事業,delegated_public_program,1,保健、医療又は福祉の増進を図る事業,沖縄県障害者相談支 援体制整備事業,沖縄県障害者相談支援体制整備事業,障害児者等の相談支援に関するネット ワーク構築に向けた指導・調整の委託,1,特定非営利活動法人（NPO法人）,特定非営利活動法人 名護市障がい者関係 団体協議会,特定非営利活動法人名護市障がい者関係団体協議会,S002PL066,source_partner_name_cell_unsplit,R6.4.1 ～ R7.3.31,"5,617",5617,positive,ＮＰＯ等,ＮＰＯ等,not_selected,,,machine_display_alias_only_not_actor_identity,source_universe_row_not_relation_edge,whole_program_project_cost_not_actor_payment_or_award,"Authoritative mechanical source-row extraction; no registry merge, relation approval, actor payment, alliance, or political stance inference."
S002-R0103,S002,令和6年度「NPO等との協働実績調査」,2024,103,14,生活福祉部,生活福祉部,障害福祉課,障害福祉課,1,委託,NPO等へ業務委託を行った事業,delegated_public_program,1,保健、医療又は福祉の増進を図る事業,沖縄県障害者相談支 援体制整備事業,沖縄県障害者相談支援体制整備事業,障害児者等の相談支援に関するネット ワーク構築に向けた指導・調整の委託,3,営利を目的としない一般社団又は一般財団法人,一般社団法人 人文 福祉会,一般社団法人人文福祉会,S002PL067,source_partner_name_cell_unsplit,R6.4.1 ～ R7.3.31,"5,255",5255,positive,ＮＰＯ等,ＮＰＯ等,not_selected,,,machine_display_alias_only_not_actor_identity,source_universe_row_not_relation_edge,whole_program_project_cost_not_actor_payment_or_award,"Authoritative mechanical source-row extraction; no registry merge, relation approval, actor payment, alliance, or political stance inference."
S002-R0104,S002,令和6年度「NPO等との協働実績調査」,2024,104,14,生活福祉部,生活福祉部,障害福祉課,障害福祉課,1,委託,NPO等へ業務委託を行った事業,delegated_public_program,1,保健、医療又は福祉の増進を図る事業,沖縄県障害者相談支 援体制整備事業,沖縄県障害者相談支援体制整備事業,障害児者等の相談支援に関するネット ワーク構築に向けた指導・調整の委託,1,特定非営利活動法人（NPO法人）,特定非営利活動法人 おきなわ障がい者相 談支援ネットワーク,特定非営利活動法人おきなわ障がい者相談支援ネットワーク,S002PL068,source_partner_name_cell_unsplit,R6.4.1 ～ R7.3.31,"5,717",5717,positive,ＮＰＯ等,ＮＰＯ等,not_selected,,,machine_display_alias_only_not_actor_identity,source_universe_row_not_relation_edge,whole_program_project_cost_not_actor_payment_or_award,"Authoritative mechanical source-row extraction; no registry merge, relation approval, actor payment, alliance, or political stance inference."
S002-R0105,S002,令和6年度「NPO等との協働実績調査」,2024,105,14,生活福祉部,生活福祉部,障害福祉課,障害福祉課,1,委託,NPO等へ業務委託を行った事業,delegated_public_program,1,保健、医療又は福祉の増進を図る事業,沖縄県自立支援協議 会部会・圏域自立支援 連絡会議部会運営業 務,沖縄県自立支援協議会部会・圏域自立支援連絡会議部会運営業務,障害児者等の相談支援に関するネット ワーク構築に向けた指導・調整の委託,1,特定非営利活動法人（NPO法人）,特定非営利活動法人 おきなわ障がい者相 談支援ネットワーク,特定非営利活動法人おきなわ障がい者相談支援ネットワーク,S002PL068,source_partner_name_cell_unsplit,R6.4.1 ～ R7.3.31,"3,777",3777,positive,一緒に,一緒に,not_selected,,,machine_display_alias_only_not_actor_identity,source_universe_row_not_relation_edge,whole_program_project_cost_not_actor_payment_or_award,"Authoritative mechanical source-row extraction; no registry merge, relation approval, actor payment, alliance, or political stance inference."
S002-R0106,S002,令和6年度「NPO等との協働実績調査」,2024,106,14,生活福祉部,生活福祉部,障害福祉課,障害福祉課,1,委託,NPO等へ業務委託を行った事業,delegated_public_program,1,保健、医療又は福祉の増進を図る事業,障害者の地域生活の 推進に向けた体制強 化支援事業,障害者の地域生活の推進に向けた体制強化支援事業,都道府県における広域的な観点での取組 や、地域に密接に関係する市町村への助 言や情報提供を通じて、障害者のニーズ を的確に把握し、地域で障害者を支える体 制の構築を行う事業,1,特定非営利活動法人（NPO法人）,特定非営利活動法人 名護市障がい者関係 団体協議会,特定非営利活動法人名護市障がい者関係団体協議会,S002PL066,source_partner_name_cell_unsplit,R6.4.1 ～ R7.3.31,"3,367",3367,positive,ＮＰＯ等,ＮＰＯ等,not_selected,,,machine_display_alias_only_not_actor_identity,source_universe_row_not_relation_edge,whole_program_project_cost_not_actor_payment_or_award,"Authoritative mechanical source-row extraction; no registry merge, relation approval, actor payment, alliance, or political stance inference."
S002-R0107,S002,令和6年度「NPO等との協働実績調査」,2024,107,14,生活福祉部,生活福祉部,障害福祉課,障害福祉課,1,委託,NPO等へ業務委託を行った事業,delegated_public_program,1,保健、医療又は福祉の増進を図る事業,障害者の地域生活の 推進に向けた体制強 化支援事業,障害者の地域生活の推進に向けた体制強化支援事業,都道府県における広域的な観点での取組 や、地域に密接に関係する市町村への助 言や情報提供を通じて、障害者のニーズ を的確に把握し、地域で障害者を支える体 制の構築を行う事業,3,営利を目的としない一般社団又は一般財団法人,一般社団法人 人文 福祉会,一般社団法人人文福祉会,S002PL067,source_partner_name_cell_unsplit,R6.4.1 ～ R7.3.31,"3,355",3355,positive,ＮＰＯ等,ＮＰＯ等,not_selected,,,machine_display_alias_only_not_actor_identity,source_universe_row_not_relation_edge,whole_program_project_cost_not_actor_payment_or_award,"Authoritative mechanical source-row extraction; no registry merge, relation approval, actor payment, alliance, or political stance inference."
S002-R0108,S002,令和6年度「NPO等との協働実績調査」,2024,108,14,生活福祉部,生活福祉部,障害福祉課,障害福祉課,1,委託,NPO等へ業務委託を行った事業,delegated_public_program,1,保健、医療又は福祉の増進を図る事業,障害者の地域生活の 推進に向けた体制強 化支援事業,障害者の地域生活の推進に向けた体制強化支援事業,都道府県における広域的な観点での取組 や、地域に密接に関係する市町村への助 言や情報提供を通じて、障害者のニーズ を的確に把握し、地域で障害者を支える体 制の構築を行う事業,1,特定非営利活動法人（NPO法人）,特定非営利活動法人 おきなわ障がい者相 談支援ネットワーク,特定非営利活動法人おきなわ障がい者相談支援ネットワーク,S002PL068,source_partner_name_cell_unsplit,R6.4.1 ～ R7.3.31,"4,008",4008,positive,ＮＰＯ等,ＮＰＯ等,not_selected,,,machine_display_alias_only_not_actor_identity,source_universe_row_not_relation_edge,whole_program_project_cost_not_actor_payment_or_award,"Authoritative mechanical source-row extraction; no registry merge, relation approval, actor payment, alliance, or political stance inference."
S002-R0109,S002,令和6年度「NPO等との協働実績調査」,2024,109,15,生活福祉部,生活福祉部,障害福祉課,障害福祉課,4,補助,補助金・助成金の支給又は物的支援,subsidy_assistance_or_in_kind,1,保健、医療又は福祉の増進を図る事業,障害者社会活動推進 事業,障害者社会活動推進事業,総括所見と脱施設化ガイドラインの理念を 生活に活かしていく事業,1,特定非営利活動法人（NPO法人）,特定非営利活動法人 沖縄県自立生活セン ター・イルカ,特定非営利活動法人沖縄県自立生活センター・イルカ,S002PL069,source_partner_name_cell_unsplit,R6.4.1 ～ R7.3.31,700,700,positive,ＮＰＯ等,ＮＰＯ等,not_selected,,,machine_display_alias_only_not_actor_identity,source_universe_row_not_relation_edge,whole_program_project_cost_not_actor_payment_or_award,"Authoritative mechanical source-row extraction; no registry merge, relation approval, actor payment, alliance, or political stance inference."
S002-R0110,S002,令和6年度「NPO等との協働実績調査」,2024,110,15,生活福祉部,生活福祉部,障害福祉課,障害福祉課,4,補助,補助金・助成金の支給又は物的支援,subsidy_assistance_or_in_kind,1,保健、医療又は福祉の増進を図る事業,障害者社会活動推進 事業,障害者社会活動推進事業,家族介護者リフレッシュ事業,8,その他、法人格を持たない任意団体等,全国パーキンソン病 友の会沖縄県支部,全国パーキンソン病友の会沖縄県支部,S002PL070,source_partner_name_cell_unsplit,R6.4.1 ～ R7.3.31,700,700,positive,ＮＰＯ等,ＮＰＯ等,not_selected,,,machine_display_alias_only_not_actor_identity,source_universe_row_not_relation_edge,whole_program_project_cost_not_actor_payment_or_award,"Authoritative mechanical source-row extraction; no registry merge, relation approval, actor payment, alliance, or political stance inference."
S002-R0111,S002,令和6年度「NPO等との協働実績調査」,2024,111,15,生活福祉部,生活福祉部,障害福祉課,障害福祉課,4,補助,補助金・助成金の支給又は物的支援,subsidy_assistance_or_in_kind,1,保健、医療又は福祉の増進を図る事業,障害者社会活動推進 事業,障害者社会活動推進事業,福祉機器展,4,社会福祉法人,社会福祉法人沖縄県 視覚障害者福祉協会,社会福祉法人沖縄県視覚障害者福祉協会,S002PL071,source_partner_name_cell_unsplit,R6.4.1 ～ R7.3.31,493,493,positive,ＮＰＯ等,ＮＰＯ等,not_selected,,,machine_display_alias_only_not_actor_identity,source_universe_row_not_relation_edge,whole_program_project_cost_not_actor_payment_or_award,"Authoritative mechanical source-row extraction; no registry merge, relation approval, actor payment, alliance, or political stance inference."
S002-R0112,S002,令和6年度「NPO等との協働実績調査」,2024,112,15,生活福祉部,生活福祉部,障害福祉課,障害福祉課,4,補助,補助金・助成金の支給又は物的支援,subsidy_assistance_or_in_kind,1,保健、医療又は福祉の増進を図る事業,障害者社会活動推進 事業,障害者社会活動推進事業,①沖縄県障がい者フィールドスポーツ開催 事業 ②障がい者防災ミーティング開催事業,4,社会福祉法人,社会福祉法人沖縄県 身体障害者福祉協会,社会福祉法人沖縄県身体障害者福祉協会,S002PL058,source_partner_name_cell_unsplit,R6.4.1 ～ R7.3.31,628,628,positive,ＮＰＯ等,ＮＰＯ等,not_selected,,,machine_display_alias_only_not_actor_identity,source_universe_row_not_relation_edge,whole_program_project_cost_not_actor_payment_or_award,"Authoritative mechanical source-row extraction; no registry merge, relation approval, actor payment, alliance, or political stance inference."
S002-R0113,S002,令和6年度「NPO等との協働実績調査」,2024,113,15,生活福祉部,生活福祉部,障害福祉課,障害福祉課,4,補助,補助金・助成金の支給又は物的支援,subsidy_assistance_or_in_kind,1,保健、医療又は福祉の増進を図る事業,障害者社会活動推進 事業,障害者社会活動推進事業,ピアサポート活動推進事業,1,特定非営利活動法人（NPO法人）,NPO法人沖縄県脊髄 損傷者協会,NPO法人沖縄県脊髄損傷者協会,S002PL072,source_partner_name_cell_unsplit,R6.4.1 ～ R7.3.31,700,700,positive,ＮＰＯ等,ＮＰＯ等,not_selected,,,machine_display_alias_only_not_actor_identity,source_universe_row_not_relation_edge,whole_program_project_cost_not_actor_payment_or_award,"Authoritative mechanical source-row extraction; no registry merge, relation approval, actor payment, alliance, or political stance inference."
S002-R0114,S002,令和6年度「NPO等との協働実績調査」,2024,114,15,生活福祉部,生活福祉部,障害福祉課,障害福祉課,4,補助,補助金・助成金の支給又は物的支援,subsidy_assistance_or_in_kind,1,保健、医療又は福祉の増進を図る事業,障害者社会活動推進 事業,障害者社会活動推進事業,インクルーシブを理解するホースセラピー で磨く豊かな人間関係,3,営利を目的としない一般社団又は一般財団法人,一般社団法人セレニ ティパークジャパン沖 縄,一般社団法人セレニティパークジャパン沖縄,S002PL073,source_partner_name_cell_unsplit,R6.4.1 ～ R7.3.31,696,696,positive,ＮＰＯ等,ＮＰＯ等,not_selected,,,machine_display_alias_only_not_actor_identity,source_universe_row_not_relation_edge,whole_program_project_cost_not_actor_payment_or_award,"Authoritative mechanical source-row extraction; no registry merge, relation approval, actor payment, alliance, or political stance inference."
S002-R0115,S002,令和6年度「NPO等との協働実績調査」,2024,115,15,生活福祉部,生活福祉部,障害福祉課,障害福祉課,4,補助,補助金・助成金の支給又は物的支援,subsidy_assistance_or_in_kind,1,保健、医療又は福祉の増進を図る事業,障害者社会活動推進 事業,障害者社会活動推進事業,専従通訳者研修会,8,その他、法人格を持たない任意団体等,沖縄県手話通訳問題 研究会,沖縄県手話通訳問題研究会,S002PL074,source_partner_name_cell_unsplit,R6.4.1 ～ R7.3.31,83,83,positive,ＮＰＯ等,ＮＰＯ等,not_selected,,,machine_display_alias_only_not_actor_identity,source_universe_row_not_relation_edge,whole_program_project_cost_not_actor_payment_or_award,"Authoritative mechanical source-row extraction; no registry merge, relation approval, actor payment, alliance, or political stance inference."
S002-R0116,S002,令和6年度「NPO等との協働実績調査」,2024,116,15,生活福祉部,生活福祉部,障害福祉課,障害福祉課,1,委託,NPO等へ業務委託を行った事業,delegated_public_program,1,保健、医療又は福祉の増進を図る事業,沖縄県医療的ケア児 等コーディネーター養 成研修等事業及び医 療的ケア児ワーキング 運営業務委託,沖縄県医療的ケア児等コーディネーター養成研修等事業及び医療的ケア児ワーキング運営業務委託,医療的ケア児等コーディネーター等を養成 する研修の実施及び医療的ケア児の協議 の場の運営業務。,1,特定非営利活動法人（NPO法人）,特定非営利活動法人 おきなわ障がい者相 談支援ネットワーク,特定非営利活動法人おきなわ障がい者相談支援ネットワーク,S002PL068,source_partner_name_cell_unsplit,R6.6.7 ～ R7.3.31,"1,015",1015,positive,一緒に,一緒に,not_selected,,,machine_display_alias_only_not_actor_identity,source_universe_row_not_relation_edge,whole_program_project_cost_not_actor_payment_or_award,"Authoritative mechanical source-row extraction; no registry merge, relation approval, actor payment, alliance, or political stance inference."
S002-R0117,S002,令和6年度「NPO等との協働実績調査」,2024,117,16,生活福祉部,生活福祉部,障害福祉課,障害福祉課,1,委託,NPO等へ業務委託を行った事業,delegated_public_program,1,保健、医療又は福祉の増進を図る事業,令和6年度沖縄県障害 者社会参加促進事業,令和6年度沖縄県障害者社会参加促進事業,障害者の社会参加を促進するための中心 的施策である沖縄県障害者社会参加促進 事業等の各種事業を委託し、事業の円滑 な実施及び障害者等の福祉の増進を図 る。,3,営利を目的としない一般社団又は一般財団法人,一般社団法人沖縄県 聴覚障害者協会,一般社団法人沖縄県聴覚障害者協会,S002PL075,source_partner_name_cell_unsplit,R6.4.1 ～ R7.3.31,"23,804",23804,positive,ＮＰＯ等,ＮＰＯ等,not_selected,,,machine_display_alias_only_not_actor_identity,source_universe_row_not_relation_edge,whole_program_project_cost_not_actor_payment_or_award,"Authoritative mechanical source-row extraction; no registry merge, relation approval, actor payment, alliance, or political stance inference."
S002-R0118,S002,令和6年度「NPO等との協働実績調査」,2024,118,16,生活福祉部,生活福祉部,障害福祉課,障害福祉課,1,委託,NPO等へ業務委託を行った事業,delegated_public_program,1,保健、医療又は福祉の増進を図る事業,令和6年度沖縄県障害 者社会参加促進事業,令和6年度沖縄県障害者社会参加促進事業,障害者の社会参加を促進するための中心 的施策である沖縄県障害者社会参加促進 事業等の各種事業を委託し、事業の円滑 な実施及び障害者等の福祉の増進を図 る。,4,社会福祉法人,社会福祉法人沖縄県 視覚障害者福祉協会,社会福祉法人沖縄県視覚障害者福祉協会,S002PL071,source_partner_name_cell_unsplit,R6.4.1 ～ R7.3.31,"6,998",6998,positive,ＮＰＯ等,ＮＰＯ等,not_selected,,,machine_display_alias_only_not_actor_identity,source_universe_row_not_relation_edge,whole_program_project_cost_not_actor_payment_or_award,"Authoritative mechanical source-row extraction; no registry merge, relation approval, actor payment, alliance, or political stance inference."
S002-R0119,S002,令和6年度「NPO等との協働実績調査」,2024,119,16,生活福祉部,生活福祉部,障害福祉課,障害福祉課,1,委託,NPO等へ業務委託を行った事業,delegated_public_program,1,保健、医療又は福祉の増進を図る事業,令和6年度沖縄県障害 者社会参加促進事業,令和6年度沖縄県障害者社会参加促進事業,障害者の社会参加を促進するための中心 的施策である沖縄県障害者社会参加促進 事業等の各種事業を委託し、事業の円滑 な実施及び障害者等の福祉の増進を図 る。,3,営利を目的としない一般社団又は一般財団法人,一般社団法人沖縄県 言語聴覚士会,一般社団法人沖縄県言語聴覚士会,S002PL076,source_partner_name_cell_unsplit,R6.4.1 ～ R7.3.31,"2,121",2121,positive,ＮＰＯ等,ＮＰＯ等,not_selected,,,machine_display_alias_only_not_actor_identity,source_universe_row_not_relation_edge,whole_program_project_cost_not_actor_payment_or_award,"Authoritative mechanical source-row extraction; no registry merge, relation approval, actor payment, alliance, or political stance inference."
S002-R0120,S002,令和6年度「NPO等との協働実績調査」,2024,120,16,生活福祉部,生活福祉部,障害福祉課,障害福祉課,1,委託,NPO等へ業務委託を行った事業,delegated_public_program,1,保健、医療又は福祉の増進を図る事業,令和6年度沖縄県聴覚 障害児支援中核機能 モデル事業,令和6年度沖縄県聴覚障害児支援中核機能モデル事業,聴覚障害児の支援は乳児からの切れ目の ない支援と多様な状態像への支援が求め られている。福祉部局と教育部局等が連 携を強化し、聴覚障害児支援の中核機能 を整備し、聴覚障害児と保護者に対し適切 な情報と支援を提供する。,5,学校法人、医療法人等上記1～4以外の非営利法人,国立大学法人琉球大 学,国立大学法人琉球大学,S002PL077,source_partner_name_cell_unsplit,R6.4.1 ～ R7.3.31,"7,353",7353,positive,ＮＰＯ等,ＮＰＯ等,not_selected,,,machine_display_alias_only_not_actor_identity,source_universe_row_not_relation_edge,whole_program_project_cost_not_actor_payment_or_award,"Authoritative mechanical source-row extraction; no registry merge, relation approval, actor payment, alliance, or political stance inference."
S002-R0121,S002,令和6年度「NPO等との協働実績調査」,2024,121,16,生活福祉部,生活福祉部,障害福祉課,障害福祉課,1,委託,NPO等へ業務委託を行った事業,delegated_public_program,1,保健、医療又は福祉の増進を図る事業,令和6年度字幕入り映 像ライブラリー作品制 作・頒布事業,令和6年度字幕入り映像ライブラリー作品制作・頒布事業,聴覚障害者に対する情報支援事業として 実施する字幕ビデオライブラリー事業で貸 出使用する作品について、聴覚障害者の 鑑賞に適した字幕又は手話を付した良質 な映像作品の製作を委託する。,4,社会福祉法人,社会福祉法人聴力障 害者情報文化セン ター,社会福祉法人聴力障害者情報文化センター,S002PL078,source_partner_name_cell_unsplit,R6.4.1 ～ R7.3.31,251,251,positive,ＮＰＯ等,ＮＰＯ等,not_selected,,,machine_display_alias_only_not_actor_identity,source_universe_row_not_relation_edge,whole_program_project_cost_not_actor_payment_or_award,"Authoritative mechanical source-row extraction; no registry merge, relation approval, actor payment, alliance, or political stance inference."
S002-R0122,S002,令和6年度「NPO等との協働実績調査」,2024,122,16,生活福祉部,生活福祉部,障害福祉課,障害福祉課,1,委託,NPO等へ業務委託を行った事業,delegated_public_program,1,保健、医療又は福祉の増進を図る事業,沖縄県地域における 医療と福祉の連携体 制整備事業,沖縄県地域における医療と福祉の連携体制整備事業,精神障害者の地域移行・地域定着を促進 する支援体制整備を目的とし、各圏域に コーディネーターを配置する。,3,営利を目的としない一般社団又は一般財団法人,一般社団法人 沖縄 県精神保健福祉士協 会,一般社団法人沖縄県精神保健福祉士協会,S002PL079,source_partner_name_cell_unsplit,R6.4.1 R7.3.31,"5,988",5988,positive,ＮＰＯ等,ＮＰＯ等,not_selected,,,machine_display_alias_only_not_actor_identity,source_universe_row_not_relation_edge,whole_program_project_cost_not_actor_payment_or_award,"Authoritative mechanical source-row extraction; no registry merge, relation approval, actor payment, alliance, or political stance inference."
S002-R0123,S002,令和6年度「NPO等との協働実績調査」,2024,123,16,生活福祉部,生活福祉部,障害福祉課,障害福祉課,1,委託,NPO等へ業務委託を行った事業,delegated_public_program,1,保健、医療又は福祉の増進を図る事業,沖縄県精神障害者入 院患者に対する地域 生活体験事業,沖縄県精神障害者入院患者に対する地域生活体験事業,精神疾患で入院している精神障害者を一 定期間事業所に通わせ、退院後の環境変 化への不安緩和を図り、精神障害者の社 会復帰、社会的自立を促進することを目的 とする。,2,公益社団又は公益財団法人,公益財団法人 沖縄 県精神保健福祉会連 合会,公益財団法人沖縄県精神保健福祉会連合会,S002PL080,source_partner_name_cell_unsplit,R6.4.1 R7.3.31,"2,949",2949,positive,ＮＰＯ等,ＮＰＯ等,not_selected,,,machine_display_alias_only_not_actor_identity,source_universe_row_not_relation_edge,whole_program_project_cost_not_actor_payment_or_award,"Authoritative mechanical source-row extraction; no registry merge, relation approval, actor payment, alliance, or political stance inference."
S002-R0124,S002,令和6年度「NPO等との協働実績調査」,2024,124,17,生活福祉部,生活福祉部,障害福祉課,障害福祉課,1,委託,NPO等へ業務委託を行った事業,delegated_public_program,1,保健、医療又は福祉の増進を図る事業,沖縄県精神障害者に も対応した地域包括ケ アシステム構築推進事 業（ピアサポーター養 成研修）,沖縄県精神障害者にも対応した地域包括ケアシステム構築推進事業(ピアサポーター養成研修),精神障害者の支援推進のため、ピアサ ポーターとして精神障害者の相談支援に 対応するために必要な基礎知識を身につ けたピアサポーターを養成し、地域相談支 援の充実を図ることを目的に研修を実施し ている。,3,営利を目的としない一般社団又は一般財団法人,一般社団法人 沖縄 県作業療法士協会,一般社団法人沖縄県作業療法士協会,S002PL081,source_partner_name_cell_unsplit,R6.5.13 R7.3.31,"1,230",1230,positive,ＮＰＯ等,ＮＰＯ等,not_selected,,,machine_display_alias_only_not_actor_identity,source_universe_row_not_relation_edge,whole_program_project_cost_not_actor_payment_or_award,"Authoritative mechanical source-row extraction; no registry merge, relation approval, actor payment, alliance, or political stance inference."
S002-R0125,S002,令和6年度「NPO等との協働実績調査」,2024,125,17,生活福祉部,生活福祉部,障害福祉課,障害福祉課,1,委託,NPO等へ業務委託を行った事業,delegated_public_program,1,保健、医療又は福祉の増進を図る事業,沖縄県精神障害者に も対応した地域包括ケ アシステム構築推進事 業（ピアサポート活用 事業）,沖縄県精神障害者にも対応した地域包括ケアシステム構築推進事業(ピアサポート活用事業),精神疾患のある入院患者と同じ目線で支 援を展開し、専門職とは違う共感や安心を 与えることができるピアサポーターを病院 や地域の交流会等へ派遣し、退院に向け た意欲を向上させることを目的に実施して いる。,1,特定非営利活動法人（NPO法人）,特定非営利活動法人 名護市障がい者関係 団体協議会,特定非営利活動法人名護市障がい者関係団体協議会,S002PL066,source_partner_name_cell_unsplit,R6.4.1 R7.3.31,0,0,zero,ＮＰＯ等,ＮＰＯ等,not_selected,,,machine_display_alias_only_not_actor_identity,source_universe_row_not_relation_edge,whole_program_project_cost_not_actor_payment_or_award,"Authoritative mechanical source-row extraction; no registry merge, relation approval, actor payment, alliance, or political stance inference."
S002-R0126,S002,令和6年度「NPO等との協働実績調査」,2024,126,17,生活福祉部,生活福祉部,障害福祉課,障害福祉課,1,委託,NPO等へ業務委託を行った事業,delegated_public_program,1,保健、医療又は福祉の増進を図る事業,沖縄県精神障害者に も対応した地域包括ケ アシステム構築推進事 業（ピアサポート活用 事業）,沖縄県精神障害者にも対応した地域包括ケアシステム構築推進事業(ピアサポート活用事業),精神疾患のある入院患者と同じ目線で支 援を展開し、専門職とは違う共感や安心を 与えることができるピアサポーターを病院 や地域の交流会等へ派遣し、退院に向け た意欲を向上させることを目的に実施して いる。,4,社会福祉法人,社会福祉法人 残波 かりゆし会,社会福祉法人残波かりゆし会,S002PL082,source_partner_name_cell_unsplit,R6.4.1 R7.3.31,225,225,positive,ＮＰＯ等,ＮＰＯ等,not_selected,,,machine_display_alias_only_not_actor_identity,source_universe_row_not_relation_edge,whole_program_project_cost_not_actor_payment_or_award,"Authoritative mechanical source-row extraction; no registry merge, relation approval, actor payment, alliance, or political stance inference."
S002-R0127,S002,令和6年度「NPO等との協働実績調査」,2024,127,17,生活福祉部,生活福祉部,障害福祉課,障害福祉課,1,委託,NPO等へ業務委託を行った事業,delegated_public_program,1,保健、医療又は福祉の増進を図る事業,沖縄県精神障害者に も対応した地域包括ケ アシステム構築推進事 業（ピアサポート活用 事業）,沖縄県精神障害者にも対応した地域包括ケアシステム構築推進事業(ピアサポート活用事業),精神疾患のある入院患者と同じ目線で支 援を展開し、専門職とは違う共感や安心を 与えることができるピアサポーターを病院 や地域の交流会等へ派遣し、退院に向け た意欲を向上させることを目的に実施して いる。,3,営利を目的としない一般社団又は一般財団法人,一般社団法人 沖縄 県作業療法士協会,一般社団法人沖縄県作業療法士協会,S002PL081,source_partner_name_cell_unsplit,R6.4.1 R7.3.31,25,25,positive,ＮＰＯ等,ＮＰＯ等,not_selected,,,machine_display_alias_only_not_actor_identity,source_universe_row_not_relation_edge,whole_program_project_cost_not_actor_payment_or_award,"Authoritative mechanical source-row extraction; no registry merge, relation approval, actor payment, alliance, or political stance inference."
S002-R0128,S002,令和6年度「NPO等との協働実績調査」,2024,128,17,生活福祉部,生活福祉部,障害福祉課,障害福祉課,1,委託,NPO等へ業務委託を行った事業,delegated_public_program,1,保健、医療又は福祉の増進を図る事業,沖縄県障害者ピアサ ポート研修事業,沖縄県障害者ピアサポート研修事業,自ら障害や疾病の経験をもち、その経験を 活かしながら、他の障害や疾病のある障 害者の支援を行うピアサポーター及びピア サポーターの活用方法等を理解した障害 福祉サービス事業等の管理者等の養成を 図ることにより、障害福祉サービス等にお ける質の高いピアサポート活動の取組を 支援することを目的とする。,4,社会福祉法人,社会福祉法人 沖縄 県身体障害者福祉協 会,社会福祉法人沖縄県身体障害者福祉協会,S002PL058,source_partner_name_cell_unsplit,R6.6.1 R7.3.31,"4,082",4082,positive,ＮＰＯ等,ＮＰＯ等,not_selected,,,machine_display_alias_only_not_actor_identity,source_universe_row_not_relation_edge,whole_program_project_cost_not_actor_payment_or_award,"Authoritative mechanical source-row extraction; no registry merge, relation approval, actor payment, alliance, or political stance inference."
S002-R0129,S002,令和6年度「NPO等との協働実績調査」,2024,129,17,生活福祉部,生活福祉部,障害福祉課,障害福祉課,1,委託,NPO等へ業務委託を行った事業,delegated_public_program,1,保健、医療又は福祉の増進を図る事業,沖縄県精神障害者に も対応した地域包括ケ アシステム構築推進事 業（精神障害者地域移 行・地域定着のための 多職種合同研修）,沖縄県精神障害者にも対応した地域包括ケアシステム構築推進事業(精神障害者地域移行・地域定着のための多職種合同研修),精神障害の支援推進のため、支援者が地 域移行支援に関する基礎的・専門的知識 を身につけ、業務に必要な能力の向上を 図るとともに、医療・福祉それぞれの支援 者の役割、立場について理解し、地域移 行支援に係る多職種連携体制構築を図る ための研修を実施する。,3,営利を目的としない一般社団又は一般財団法人,一般社団法人 沖縄 県精神保健福祉士協 会,一般社団法人沖縄県精神保健福祉士協会,S002PL079,source_partner_name_cell_unsplit,R6.4.1 R7.3.31,"4,800",4800,positive,ＮＰＯ等,ＮＰＯ等,not_selected,,,machine_display_alias_only_not_actor_identity,source_universe_row_not_relation_edge,whole_program_project_cost_not_actor_payment_or_award,"Authoritative mechanical source-row extraction; no registry merge, relation approval, actor payment, alliance, or political stance inference."
S002-R0130,S002,令和6年度「NPO等との協働実績調査」,2024,130,18,生活福祉部,生活福祉部,障害福祉課,障害福祉課,1,委託,NPO等へ業務委託を行った事業,delegated_public_program,1,保健、医療又は福祉の増進を図る事業,沖縄県精神障害者支 援の障害特性と支援 技法を学ぶ研修事業,沖縄県精神障害者支援の障害特性と支援技法を学ぶ研修事業,精神障害者の特性に応じた適切な支援が より一層行えるよう、精神障害者の支援に かかわる地域の支援事業所や行政職員 等に対し、精神障害者の特性と支援方法 について学ぶ研修を実施する。,3,営利を目的としない一般社団又は一般財団法人,一般社団法人 沖縄 県精神保健福祉士協 会,一般社団法人沖縄県精神保健福祉士協会,S002PL079,source_partner_name_cell_unsplit,R6.4.1 R7.3.31,"1,238",1238,positive,ＮＰＯ等,ＮＰＯ等,not_selected,,,machine_display_alias_only_not_actor_identity,source_universe_row_not_relation_edge,whole_program_project_cost_not_actor_payment_or_award,"Authoritative mechanical source-row extraction; no registry merge, relation approval, actor payment, alliance, or political stance inference."
S002-R0131,S002,令和6年度「NPO等との協働実績調査」,2024,131,18,生活福祉部,生活福祉部,障害福祉課,障害福祉課,1,委託,NPO等へ業務委託を行った事業,delegated_public_program,17,職業能力の開発又は雇用機会の拡充を支援する事業,沖縄県障害者就業・生 活支援センター事業,沖縄県障害者就業・生活支援センター事業,障害者の雇用促進等に関する法律に基づ く障害者就業・生活支援センターにおい て、就職や職場への定着が困難な障害者 及び就業経験のない障害者に対し、就業 及びこれに伴う生活習慣の形成や日常生 活の管理などの社会生活上の支援を行う ことにより、障害者の職業生活における自 立を図る。,4,社会福祉法人,社会福祉法人 名護 学院,社会福祉法人名護学院,S002PL083,source_partner_name_cell_unsplit,R6.4.1 R7.3.31,"6,932",6932,positive,ＮＰＯ等,ＮＰＯ等,not_selected,,,machine_display_alias_only_not_actor_identity,source_universe_row_not_relation_edge,whole_program_project_cost_not_actor_payment_or_award,"Authoritative mechanical source-row extraction; no registry merge, relation approval, actor payment, alliance, or political stance inference."
S002-R0132,S002,令和6年度「NPO等との協働実績調査」,2024,132,18,生活福祉部,生活福祉部,障害福祉課,障害福祉課,1,委託,NPO等へ業務委託を行った事業,delegated_public_program,17,職業能力の開発又は雇用機会の拡充を支援する事業,沖縄県障害者就業・生 活支援センター事業,沖縄県障害者就業・生活支援センター事業,障害者の雇用促進等に関する法律に基づ く障害者就業・生活支援センターにおい て、就職や職場への定着が困難な障害者 及び就業経験のない障害者に対し、就業 及びこれに伴う生活習慣の形成や日常生 活の管理などの社会生活上の支援を行う ことにより、障害者の職業生活における自 立を図る。,5,学校法人、医療法人等上記1～4以外の非営利法人,医療法人 一灯の会,医療法人一灯の会,S002PL084,source_partner_name_cell_unsplit,R6.4.1 R7.3.31,"6,932",6932,positive,ＮＰＯ等,ＮＰＯ等,not_selected,,,machine_display_alias_only_not_actor_identity,source_universe_row_not_relation_edge,whole_program_project_cost_not_actor_payment_or_award,"Authoritative mechanical source-row extraction; no registry merge, relation approval, actor payment, alliance, or political stance inference."
S002-R0133,S002,令和6年度「NPO等との協働実績調査」,2024,133,18,生活福祉部,生活福祉部,障害福祉課,障害福祉課,1,委託,NPO等へ業務委託を行った事業,delegated_public_program,17,職業能力の開発又は雇用機会の拡充を支援する事業,沖縄県障害者就業・生 活支援センター事業,沖縄県障害者就業・生活支援センター事業,障害者の雇用促進等に関する法律に基づ く障害者就業・生活支援センターにおい て、就職や職場への定着が困難な障害者 及び就業経験のない障害者に対し、就業 及びこれに伴う生活習慣の形成や日常生 活の管理などの社会生活上の支援を行う ことにより、障害者の職業生活における自 立を図る。,3,営利を目的としない一般社団又は一般財団法人,社会福祉法人 若竹 福祉会,社会福祉法人若竹福祉会,S002PL060,source_partner_name_cell_unsplit,R6.4.1 R7.3.31,"6,932",6932,positive,ＮＰＯ等,ＮＰＯ等,not_selected,,,machine_display_alias_only_not_actor_identity,source_universe_row_not_relation_edge,whole_program_project_cost_not_actor_payment_or_award,"Authoritative mechanical source-row extraction; no registry merge, relation approval, actor payment, alliance, or political stance inference."
S002-R0134,S002,令和6年度「NPO等との協働実績調査」,2024,134,18,生活福祉部,生活福祉部,障害福祉課,障害福祉課,1,委託,NPO等へ業務委託を行った事業,delegated_public_program,17,職業能力の開発又は雇用機会の拡充を支援する事業,沖縄県障害者就業・生 活支援センター事業,沖縄県障害者就業・生活支援センター事業,障害者の雇用促進等に関する法律に基づ く障害者就業・生活支援センターにおい て、就職や職場への定着が困難な障害者 及び就業経験のない障害者に対し、就業 及びこれに伴う生活習慣の形成や日常生 活の管理などの社会生活上の支援を行う ことにより、障害者の職業生活における自 立を図る。,5,学校法人、医療法人等上記1～4以外の非営利法人,医療法人 陽和会,医療法人陽和会,S002PL085,source_partner_name_cell_unsplit,R6.4.1 R7.3.31,"6,932",6932,positive,ＮＰＯ等,ＮＰＯ等,not_selected,,,machine_display_alias_only_not_actor_identity,source_universe_row_not_relation_edge,whole_program_project_cost_not_actor_payment_or_award,"Authoritative mechanical source-row extraction; no registry merge, relation approval, actor payment, alliance, or political stance inference."
S002-R0135,S002,令和6年度「NPO等との協働実績調査」,2024,135,19,生活福祉部,生活福祉部,障害福祉課,障害福祉課,1,委託,NPO等へ業務委託を行った事業,delegated_public_program,17,職業能力の開発又は雇用機会の拡充を支援する事業,沖縄県障害者就業・生 活支援センター事業,沖縄県障害者就業・生活支援センター事業,障害者の雇用促進等に関する法律に基づ く障害者就業・生活支援センターにおい て、就職や職場への定着が困難な障害者 及び就業経験のない障害者に対し、就業 及びこれに伴う生活習慣の形成や日常生 活の管理などの社会生活上の支援を行う ことにより、障害者の職業生活における自 立を図る。,3,営利を目的としない一般社団又は一般財団法人,社会福祉法人 みや こ福祉会,社会福祉法人みやこ福祉会,S002PL013,source_partner_name_cell_unsplit,R6.4.1 R7.3.31,"6,932",6932,positive,ＮＰＯ等,ＮＰＯ等,not_selected,,,machine_display_alias_only_not_actor_identity,source_universe_row_not_relation_edge,whole_program_project_cost_not_actor_payment_or_award,"Authoritative mechanical source-row extraction; no registry merge, relation approval, actor payment, alliance, or political stance inference."
S002-R0136,S002,令和6年度「NPO等との協働実績調査」,2024,136,19,生活福祉部,生活福祉部,障害福祉課,障害福祉課,1,委託,NPO等へ業務委託を行った事業,delegated_public_program,17,職業能力の開発又は雇用機会の拡充を支援する事業,沖縄県障害者就業・生 活支援センター事業,沖縄県障害者就業・生活支援センター事業,障害者の雇用促進等に関する法律に基づ く障害者就業・生活支援センターにおい て、就職や職場への定着が困難な障害者 及び就業経験のない障害者に対し、就業 及びこれに伴う生活習慣の形成や日常生 活の管理などの社会生活上の支援を行う ことにより、障害者の職業生活における自 立を図る。,3,営利を目的としない一般社団又は一般財団法人,社会福祉法人 わし の里,社会福祉法人わしの里,S002PL086,source_partner_name_cell_unsplit,R6.4.1 R7.3.31,"6,932",6932,positive,ＮＰＯ等,ＮＰＯ等,not_selected,,,machine_display_alias_only_not_actor_identity,source_universe_row_not_relation_edge,whole_program_project_cost_not_actor_payment_or_award,"Authoritative mechanical source-row extraction; no registry merge, relation approval, actor payment, alliance, or political stance inference."
S002-R0137,S002,令和6年度「NPO等との協働実績調査」,2024,137,19,生活福祉部,生活福祉部,生活安全安 心課,生活安全安心課,1,委託,NPO等へ業務委託を行った事業,delegated_public_program,18,消費者の保護を図る事業,令和６年度消費生活 相談等業務,令和6年度消費生活相談等業務,沖縄県消費生活センターにおいて、消費 者トラブル等、消費生活に係る相談を受け 付ける。,1,特定非営利活動法人（NPO法人）,特定非営利活動法人 消費者センター沖縄,特定非営利活動法人消費者センター沖縄,S002PL087,source_partner_name_cell_unsplit,R6.4.1 ～ R7.3.31,"29,714",29714,positive,行政,ＮＰＯ等,not_selected,,,machine_display_alias_only_not_actor_identity,source_universe_row_not_relation_edge,whole_program_project_cost_not_actor_payment_or_award,"Authoritative mechanical source-row extraction; no registry merge, relation approval, actor payment, alliance, or political stance inference."
S002-R0138,S002,令和6年度「NPO等との協働実績調査」,2024,138,19,生活福祉部,生活福祉部,生活安全安 心課,生活安全安心課,2,提案型公募による委託,提案型公募による委託,proposal_based_delegated_program,19,NPO等の活動や運営を支援する事業,令和６年度沖縄県NPO 等支援個別相談事業,令和6年度沖縄県NPO等支援個別相談事業,ＮＰＯ法人の活動基盤強化を図るために、 専門家による個別相談会を通じて活動、 運営、情報公開を支え、ＮＰＯ法人の情報 発信力を向上させ、社会的信頼を高めるこ とを目的とする。,1,特定非営利活動法人（NPO法人）,特定非営利活動法人 まちなか研究所わく わく,特定非営利活動法人まちなか研究所わくわく,S002PL088,source_partner_name_cell_unsplit,R6.10.2 ～ R7.3.27,"1,144",1144,positive,一緒に,一緒に,not_selected,,,machine_display_alias_only_not_actor_identity,source_universe_row_not_relation_edge,whole_program_project_cost_not_actor_payment_or_award,"Authoritative mechanical source-row extraction; no registry merge, relation approval, actor payment, alliance, or political stance inference."
S002-R0139,S002,令和6年度「NPO等との協働実績調査」,2024,139,19,生活福祉部,生活福祉部,生活安全安 心課,生活安全安心課,1,委託,NPO等へ業務委託を行った事業,delegated_public_program,19,NPO等の活動や運営を支援する事業,令和６年度協働の実 践研修会,令和6年度協働の実践研修会,多様な連携と協働の取組を促進するため に市町村職員および県職員に対して、協 働に関する意識向上を目的とする研修会 を行った。,1,特定非営利活動法人（NPO法人）,特定非営利活動法人 まちなか研究所わく わく,特定非営利活動法人まちなか研究所わくわく,S002PL088,source_partner_name_cell_unsplit,R7.1.23,128,128,positive,一緒に,一緒に,not_selected,,,machine_display_alias_only_not_actor_identity,source_universe_row_not_relation_edge,whole_program_project_cost_not_actor_payment_or_award,"Authoritative mechanical source-row extraction; no registry merge, relation approval, actor payment, alliance, or political stance inference."
S002-R0140,S002,令和6年度「NPO等との協働実績調査」,2024,140,19,生活福祉部,生活福祉部,生活安全安 心課,生活安全安心課,5,共催,NPO等と共催という形で実施,cohosting,9,地域安全及び犯罪防止に関する事業,犯罪被害者週間,犯罪被害者週間,犯罪被害者週間（11月25日から12月1日） において、犯罪被害者等の置かれている 状況について、県民の理解を深め、社会 的支援の輪を広げることを目的に県民の 集い（イベント）を開催した。,2,公益社団又は公益財団法人,公益社団法人沖縄被 害者支援ゆいセン ター,公益社団法人沖縄被害者支援ゆいセンター,S002PL089,source_partner_name_cell_unsplit,R6.11.25 ～ R6.12.1,0,0,zero,一緒に,一緒に,not_selected,,,machine_display_alias_only_not_actor_identity,source_universe_row_not_relation_edge,whole_program_project_cost_not_actor_payment_or_award,"Authoritative mechanical source-row extraction; no registry merge, relation approval, actor payment, alliance, or political stance inference."
S002-R0141,S002,令和6年度「NPO等との協働実績調査」,2024,141,20,生活福祉部,生活福祉部,生活安全安 心課,生活安全安心課,1,委託,NPO等へ業務委託を行った事業,delegated_public_program,9,地域安全及び犯罪防止に関する事業,犯罪被害者等支援事 業,犯罪被害者等支援事業,犯罪被害者を支援する体制構築のための アドバイザーの配置、相談・問い合わせに 対応した情報提供や連絡調整、被害者支 援活動員養成研修会や、市町村職員を対 象とした出前講座を開催した。,2,公益社団又は公益財団法人,公益社団法人沖縄被 害者支援ゆいセン ター,公益社団法人沖縄被害者支援ゆいセンター,S002PL089,source_partner_name_cell_unsplit,R6.4.3 ～ R7.3.31,"10,192",10192,positive,行政,ＮＰＯ等,not_selected,,,machine_display_alias_only_not_actor_identity,source_universe_row_not_relation_edge,whole_program_project_cost_not_actor_payment_or_award,"Authoritative mechanical source-row extraction; no registry merge, relation approval, actor payment, alliance, or political stance inference."
S002-R0142,S002,令和6年度「NPO等との協働実績調査」,2024,142,20,生活福祉部,生活福祉部,計量検定所,計量検定所,5,共催,NPO等と共催という形で実施,cohosting,18,消費者の保護を図る事業,計量記念日事業,計量記念日事業,パネル及び各種メーター類の展示、計量 器による実測、計量ゲーム等により、県民 への計量制度の普及や計量意識の向上 を図ることを目的とする。,8,その他、法人格を持たない任意団体等,沖縄県計量協会,沖縄県計量協会,S002PL090,source_partner_name_cell_unsplit,R6.11.7,27,27,positive,一緒に,一緒に,not_selected,,,machine_display_alias_only_not_actor_identity,source_universe_row_not_relation_edge,whole_program_project_cost_not_actor_payment_or_award,"Authoritative mechanical source-row extraction; no registry merge, relation approval, actor payment, alliance, or political stance inference."
S002-R0143,S002,令和6年度「NPO等との協働実績調査」,2024,143,20,こども未来部,こども未来部,こども若者政 策課,こども若者政策課,2,提案型公募による委託,提案型公募による委託,proposal_based_delegated_program,13,子どもの教育及び健全育成を図る事業,沖縄こども調査事業,沖縄こども調査事業,沖縄県の子ども及びその保護者の生活 実態や支援ニーズ等の把握・分析を行い、 子どもの貧困対策の効果的な実施や、施 策の評価に活用することを目的に実施す る。,3,営利を目的としない一般社団又は一般財団法人,一般社団法人Co- Link,一般社団法人Co- Link,S002PL091,source_partner_name_cell_unsplit,R6.4.25 ～ R7.3.31,"10,186",10186,positive,行政,一緒に,not_selected,,,machine_display_alias_only_not_actor_identity,source_universe_row_not_relation_edge,whole_program_project_cost_not_actor_payment_or_award,"Authoritative mechanical source-row extraction; no registry merge, relation approval, actor payment, alliance, or political stance inference."
S002-R0144,S002,令和6年度「NPO等との協働実績調査」,2024,144,20,こども未来部,こども未来部,こども若者政 策課,こども若者政策課,2,提案型公募による委託,提案型公募による委託,proposal_based_delegated_program,13,子どもの教育及び健全育成を図る事業,沖縄県こども計画策定 事業,沖縄県こども計画策定事業,こども施策の総合的かつ効果的な推進を 図るため、こども施策に関する基本的な方 針や重要事項を定める「沖縄県こども計画 （仮称）」の策定に向けて、有識者会議の 開催や子供等の意見の整理・分類等側面 支援を行う。,3,営利を目的としない一般社団又は一般財団法人,一般社団法人Co- Link,一般社団法人Co- Link,S002PL091,source_partner_name_cell_unsplit,R6.4.1 ～ R7.3.31,"5,149",5149,positive,行政,一緒に,not_selected,,,machine_display_alias_only_not_actor_identity,source_universe_row_not_relation_edge,whole_program_project_cost_not_actor_payment_or_award,"Authoritative mechanical source-row extraction; no registry merge, relation approval, actor payment, alliance, or political stance inference."
S002-R0145,S002,令和6年度「NPO等との協働実績調査」,2024,145,20,こども未来部,こども未来部,こども若者政 策課,こども若者政策課,1,委託,NPO等へ業務委託を行った事業,delegated_public_program,13,子どもの教育及び健全育成を図る事業,沖縄県拠点型こどもの 居場所運営事業（南部 圏域）,沖縄県拠点型こどもの居場所運営事業(南部圏域),困窮世帯のこどもであって、かつ不登校や 引きこもり、非行など専門的な支援を要す るこどもなどに対して、食事や生活支援、 キャリア形成支援等の専門的な支援を行 うこどもの居場所を設置し、学校への登校 や進学、就職など自立に向けた総合的な 支援を行う。,1,特定非営利活動法人（NPO法人）,特定非営利活動法人 侍学園スクオーラ・今 人,特定非営利活動法人侍学園スクオーラ・今人,S002PL092,source_partner_name_cell_unsplit,R6.4.1 ～ R7.3.31,"34,196",34196,positive,行政,ＮＰＯ等,not_selected,,,machine_display_alias_only_not_actor_identity,source_universe_row_not_relation_edge,whole_program_project_cost_not_actor_payment_or_award,"Authoritative mechanical source-row extraction; no registry merge, relation approval, actor payment, alliance, or political stance inference."
S002-R0146,S002,令和6年度「NPO等との協働実績調査」,2024,146,20,こども未来部,こども未来部,こども若者政 策課,こども若者政策課,1,委託,NPO等へ業務委託を行った事業,delegated_public_program,13,子どもの教育及び健全育成を図る事業,沖縄県子ども・若者総 合相談センター事業 （ソラエ（なは））,沖縄県子ども・若者総合相談センター事業(ソラエ(なは)),社会生活を円滑に営む上で困難を有する 子ども・若者の自立を支援するため、子ど も・若者及びその家族等からの相談に応 じ、関係機関等の紹介、その他必要な情 報の提供及び助言を行う。,1,特定非営利活動法人（NPO法人）,特定非営利活動法人 サポートセンターゆめ さき,特定非営利活動法人サポートセンターゆめさき,S002PL093,source_partner_name_cell_unsplit,R6.4.1 ～ R7.3.31,"33,113",33113,positive,一緒に,一緒に,not_selected,,,machine_display_alias_only_not_actor_identity,source_universe_row_not_relation_edge,whole_program_project_cost_not_actor_payment_or_award,"Authoritative mechanical source-row extraction; no registry merge, relation approval, actor payment, alliance, or political stance inference."
S002-R0147,S002,令和6年度「NPO等との協働実績調査」,2024,147,20,こども未来部,こども未来部,こども若者政 策課,こども若者政策課,1,委託,NPO等へ業務委託を行った事業,delegated_public_program,13,子どもの教育及び健全育成を図る事業,沖縄県子ども・若者総 合相談センター事業 （ソラエ（なご））,沖縄県子ども・若者総合相談センター事業(ソラエ(なご)),社会生活を円滑に営む上で困難を有する 子ども・若者の自立を支援するため、子ど も・若者及びその家族等からの相談に応 じ、関係機関等の紹介、その他必要な情 報の提供及び助言を行う。,5,学校法人、医療法人等上記1～4以外の非営利法人,労働者協同組合ワー カーズコープ・セン ター事業団,労働者協同組合ワーカーズコープ・センター事業団,S002PL094,source_partner_name_cell_unsplit,R6.4.1 ～ R7.3.31,"5,944",5944,positive,一緒に,一緒に,not_selected,,,machine_display_alias_only_not_actor_identity,source_universe_row_not_relation_edge,whole_program_project_cost_not_actor_payment_or_award,"Authoritative mechanical source-row extraction; no registry merge, relation approval, actor payment, alliance, or political stance inference."
S002-R0148,S002,令和6年度「NPO等との協働実績調査」,2024,148,21,こども未来部,こども未来部,こども若者政 策課,こども若者政策課,1,委託,NPO等へ業務委託を行った事業,delegated_public_program,13,子どもの教育及び健全育成を図る事業,子ども・若者社会適応 促進事業（サポステな ご）,子ども・若者社会適応促進事業(サポステなご),修学及び就業のいずれもしていない子ど も・若者、その他の子ども・若者であって社 会生活を円滑に営む上での困難を有する ものの社会的自立を促進することを目的 に社会適応プログラム等を実施する。,5,学校法人、医療法人等上記1～4以外の非営利法人,労働者協同組合ワー カーズコープ・セン ター事業団,労働者協同組合ワーカーズコープ・センター事業団,S002PL094,source_partner_name_cell_unsplit,R6.4.1 ～ R7.3.31,"2,291",2291,positive,ＮＰＯ等,ＮＰＯ等,not_selected,,,machine_display_alias_only_not_actor_identity,source_universe_row_not_relation_edge,whole_program_project_cost_not_actor_payment_or_award,"Authoritative mechanical source-row extraction; no registry merge, relation approval, actor payment, alliance, or political stance inference."
S002-R0149,S002,令和6年度「NPO等との協働実績調査」,2024,149,21,こども未来部,こども未来部,こども若者政 策課,こども若者政策課,1,委託,NPO等へ業務委託を行った事業,delegated_public_program,13,子どもの教育及び健全育成を図る事業,子ども・若者社会適応 促進事業（サポステ沖 縄）,子ども・若者社会適応促進事業(サポステ沖縄),修学及び就業のいずれもしていない子ど も・若者、その他の子ども・若者であって社 会生活を円滑に営む上での困難を有する ものの社会的自立を促進することを目的 に社会適応プログラム等を実施する。,1,特定非営利活動法人（NPO法人）,特定非営利活動法人 サポートセンターゆめ さき,特定非営利活動法人サポートセンターゆめさき,S002PL093,source_partner_name_cell_unsplit,R6.4.1 ～ R7.3.31,"2,498",2498,positive,ＮＰＯ等,ＮＰＯ等,not_selected,,,machine_display_alias_only_not_actor_identity,source_universe_row_not_relation_edge,whole_program_project_cost_not_actor_payment_or_award,"Authoritative mechanical source-row extraction; no registry merge, relation approval, actor payment, alliance, or political stance inference."
S002-R0150,S002,令和6年度「NPO等との協働実績調査」,2024,150,21,こども未来部,こども未来部,こども若者政 策課,こども若者政策課,1,委託,NPO等へ業務委託を行った事業,delegated_public_program,13,子どもの教育及び健全育成を図る事業,子ども・若者社会適応 促進事業（サポステ琉 球）,子ども・若者社会適応促進事業(サポステ琉球),修学及び就業のいずれもしていない子ど も・若者、その他の子ども・若者であって社 会生活を円滑に営む上での困難を有する ものの社会的自立を促進することを目的 に社会適応プログラム等を実施する。,1,特定非営利活動法人（NPO法人）,特定非営利活動法人 サポートセンターゆめ さき,特定非営利活動法人サポートセンターゆめさき,S002PL093,source_partner_name_cell_unsplit,R6.4.1 ～ R7.3.31,"2,449",2449,positive,ＮＰＯ等,ＮＰＯ等,not_selected,,,machine_display_alias_only_not_actor_identity,source_universe_row_not_relation_edge,whole_program_project_cost_not_actor_payment_or_award,"Authoritative mechanical source-row extraction; no registry merge, relation approval, actor payment, alliance, or political stance inference."
S002-R0151,S002,令和6年度「NPO等との協働実績調査」,2024,151,21,こども未来部,こども未来部,こども家庭課,こども家庭課,2,提案型公募による委託,提案型公募による委託,proposal_based_delegated_program,13,子どもの教育及び健全育成を図る事業,要支援家庭寄り添い 支援業務（北部）,要支援家庭寄り添い支援業務(北部),困難を抱える子ども（ヤングケアラー含む） や家庭を直接訪問し、必要な支援を届け、 必要な支援に繋げるとともに、今後の支援 体制の構築に向けて必要とされる支援体 制の検証を行う。,7,JV（複数の異なる団体等が共同で事業を行う組織）,要支援家庭寄り添い 支援事業受託コン ソーシアム（（一社） TAKE-OFF、（一社） ぷらっと）,要支援家庭寄り添い支援事業受託コンソーシアム((一社)TAKE-OFF、(一社)ぷらっと),S002PL095,official_JV_or_multi_party_source_cell_unsplit,R6.4.1 ～ R7.3.31,"14,617",14617,positive,行政,ＮＰＯ等,not_selected,,,machine_display_alias_only_not_actor_identity,source_universe_row_not_relation_edge,whole_program_project_cost_not_actor_payment_or_award,"Authoritative mechanical source-row extraction; no registry merge, relation approval, actor payment, alliance, or political stance inference."
S002-R0152,S002,令和6年度「NPO等との協働実績調査」,2024,152,21,こども未来部,こども未来部,こども家庭課,こども家庭課,2,提案型公募による委託,提案型公募による委託,proposal_based_delegated_program,13,子どもの教育及び健全育成を図る事業,要支援家庭寄り添い 支援業務（中部①）,要支援家庭寄り添い支援業務(中部1),困難を抱える子ども（ヤングケアラー含む） や家庭を直接訪問し、必要な支援を届け、 必要な支援に繋げるとともに、今後の支援 体制の構築に向けて必要とされる支援体 制の検証を行う。,7,JV（複数の異なる団体等が共同で事業を行う組織）,子どもゲンキプロジェ クト共同体（（一社）宜 野湾子どもゲンキ食 堂、（一社）3ピース 58、（一社）くじら寺子 屋）,子どもゲンキプロジェクト共同体((一社)宜野湾子どもゲンキ食堂、(一社)3ピース58、(一社)くじら寺子屋),S002PL096,official_JV_or_multi_party_source_cell_unsplit,R6.4.1 ～ R7.3.31,"14,620",14620,positive,行政,ＮＰＯ等,not_selected,,,machine_display_alias_only_not_actor_identity,source_universe_row_not_relation_edge,whole_program_project_cost_not_actor_payment_or_award,"Authoritative mechanical source-row extraction; no registry merge, relation approval, actor payment, alliance, or political stance inference."
S002-R0153,S002,令和6年度「NPO等との協働実績調査」,2024,153,21,こども未来部,こども未来部,こども家庭課,こども家庭課,2,提案型公募による委託,提案型公募による委託,proposal_based_delegated_program,13,子どもの教育及び健全育成を図る事業,要支援家庭寄り添い 支援業務（中部②）,要支援家庭寄り添い支援業務(中部2),困難を抱える子ども（ヤングケアラー含む） や家庭を直接訪問し、必要な支援を届け、 必要な支援に繋げるとともに、今後の支援 体制の構築に向けて必要とされる支援体 制の検証を行う。,3,営利を目的としない一般社団又は一般財団法人,一般社団法人みんな のももやま子ども食堂,一般社団法人みんなのももやま子ども食堂,S002PL097,source_partner_name_cell_unsplit,R6.6.14 ～ R7.3.31,"11,120",11120,positive,行政,ＮＰＯ等,not_selected,,,machine_display_alias_only_not_actor_identity,source_universe_row_not_relation_edge,whole_program_project_cost_not_actor_payment_or_award,"Authoritative mechanical source-row extraction; no registry merge, relation approval, actor payment, alliance, or political stance inference."
S002-R0154,S002,令和6年度「NPO等との協働実績調査」,2024,154,21,こども未来部,こども未来部,こども家庭課,こども家庭課,2,提案型公募による委託,提案型公募による委託,proposal_based_delegated_program,13,子どもの教育及び健全育成を図る事業,要支援家庭寄り添い 支援業務（南部①）,要支援家庭寄り添い支援業務(南部1),困難を抱える子ども（ヤングケアラー含む） や家庭を直接訪問し、必要な支援を届け、 必要な支援に繋げるとともに、今後の支援 体制の構築に向けて必要とされる支援体 制の検証を行う。,3,営利を目的としない一般社団又は一般財団法人,一般社団法人UTT,一般社団法人UTT,S002PL098,source_partner_name_cell_unsplit,R6.4.1 ～ R7.3.31,"14,620",14620,positive,行政,ＮＰＯ等,not_selected,,,machine_display_alias_only_not_actor_identity,source_universe_row_not_relation_edge,whole_program_project_cost_not_actor_payment_or_award,"Authoritative mechanical source-row extraction; no registry merge, relation approval, actor payment, alliance, or political stance inference."
S002-R0155,S002,令和6年度「NPO等との協働実績調査」,2024,155,22,こども未来部,こども未来部,こども家庭課,こども家庭課,2,提案型公募による委託,提案型公募による委託,proposal_based_delegated_program,13,子どもの教育及び健全育成を図る事業,要支援家庭寄り添い 支援業務（南部②）,要支援家庭寄り添い支援業務(南部2),困難を抱える子ども（ヤングケアラー含む） や家庭を直接訪問し、必要な支援を届け、 必要な支援に繋げるとともに、今後の支援 体制の構築に向けて必要とされる支援体 制の検証を行う。,7,JV（複数の異なる団体等が共同で事業を行う組織）,「要支援家庭寄り添い 支援業務」共同体 （（一社）カナカナ、 （特非）沖縄上等プロ ジェクト）,「要支援家庭寄り添い支援業務」共同体((一社)カナカナ、(特非)沖縄上等プロジェクト),S002PL099,official_JV_or_multi_party_source_cell_unsplit,R6.4.1 ～ R7.3.31,"14,196",14196,positive,行政,ＮＰＯ等,not_selected,,,machine_display_alias_only_not_actor_identity,source_universe_row_not_relation_edge,whole_program_project_cost_not_actor_payment_or_award,"Authoritative mechanical source-row extraction; no registry merge, relation approval, actor payment, alliance, or political stance inference."
S002-R0156,S002,令和6年度「NPO等との協働実績調査」,2024,156,22,こども未来部,こども未来部,こども家庭課,こども家庭課,2,提案型公募による委託,提案型公募による委託,proposal_based_delegated_program,13,子どもの教育及び健全育成を図る事業,要支援家庭寄り添い 支援業務（宮古）,要支援家庭寄り添い支援業務(宮古),困難を抱える子ども（ヤングケアラー含む） や家庭を直接訪問し、必要な支援を届け、 必要な支援に繋げるとともに、今後の支援 体制の構築に向けて必要とされる支援体 制の検証を行う。,3,営利を目的としない一般社団又は一般財団法人,一般社団法人宮古島 こどもこそだてワクワ ク未来会議,一般社団法人宮古島こどもこそだてワクワク未来会議,S002PL100,source_partner_name_cell_unsplit,R6.4.1 ～ R7.3.31,"11,619",11619,positive,行政,ＮＰＯ等,not_selected,,,machine_display_alias_only_not_actor_identity,source_universe_row_not_relation_edge,whole_program_project_cost_not_actor_payment_or_award,"Authoritative mechanical source-row extraction; no registry merge, relation approval, actor payment, alliance, or political stance inference."
S002-R0157,S002,令和6年度「NPO等との協働実績調査」,2024,157,22,こども未来部,こども未来部,こども家庭課,こども家庭課,2,提案型公募による委託,提案型公募による委託,proposal_based_delegated_program,13,子どもの教育及び健全育成を図る事業,要支援家庭寄り添い 支援業務（八重山）,要支援家庭寄り添い支援業務(八重山),困難を抱える子ども（ヤングケアラー含む） や家庭を直接訪問し、必要な支援を届け、 必要な支援に繋げるとともに、今後の支援 体制の構築に向けて必要とされる支援体 制の検証を行う。,8,その他、法人格を持たない任意団体等,子育てサポート団体 HUGs,子育てサポート団体HUGs,S002PL101,source_partner_name_cell_unsplit,R6.7.23 ～ R7.3.31,"7,165",7165,positive,行政,ＮＰＯ等,not_selected,,,machine_display_alias_only_not_actor_identity,source_universe_row_not_relation_edge,whole_program_project_cost_not_actor_payment_or_award,"Authoritative mechanical source-row extraction; no registry merge, relation approval, actor payment, alliance, or political stance inference."
S002-R0158,S002,令和6年度「NPO等との協働実績調査」,2024,158,22,こども未来部,こども未来部,こども家庭課,こども家庭課,2,提案型公募による委託,提案型公募による委託,proposal_based_delegated_program,13,子どもの教育及び健全育成を図る事業,離島及び広域相談体 制整備事業,離島及び広域相談体制整備事業,離島町村へこどもの貧困対策支援員を巡 回派遣するほか、電話・メール等により離 島地域を中心に県内全域を対象としてこど もの貧困問題に関する相談に対応し、困 難を抱えるこどもや家庭を必要な支援につ なげる体制の強化を図る。,3,営利を目的としない一般社団又は一般財団法人,一般社団法人UTT,一般社団法人UTT,S002PL098,source_partner_name_cell_unsplit,R6.4.1 ～ R7.3.31,"19,128",19128,positive,行政,ＮＰＯ等,not_selected,,,machine_display_alias_only_not_actor_identity,source_universe_row_not_relation_edge,whole_program_project_cost_not_actor_payment_or_award,"Authoritative mechanical source-row extraction; no registry merge, relation approval, actor payment, alliance, or political stance inference."
S002-R0159,S002,令和6年度「NPO等との協働実績調査」,2024,159,22,こども未来部,こども未来部,こども家庭課,こども家庭課,2,提案型公募による委託,提案型公募による委託,proposal_based_delegated_program,13,子どもの教育及び健全育成を図る事業,支援員及び子供の居 場所の活動支援事業 （北部地区）,支援員及び子供の居場所の活動支援事業(北部地区),市町村が配置及び設置するこどもの貧困 対策支援員及びこどもの居場所に対して、 活動状況の把握、助言、研修等やこどもの 貧困対策に関するネットワーク構築に向け た助言・調整等の広域支援を行う。,7,JV（複数の異なる団体等が共同で事業を行う組織）,沖縄子供の貧困緊急 対策事業受託コン ソーシアム（（一社） TAKE-OFFと（一社） ぷらっとの共同体）,沖縄子供の貧困緊急対策事業受託コンソーシアム((一社)TAKE-OFFと(一社)ぷらっとの共同体),S002PL102,official_JV_or_multi_party_source_cell_unsplit,R6.4.1 ～ R7.3.31,"5,813",5813,positive,行政,ＮＰＯ等,not_selected,,,machine_display_alias_only_not_actor_identity,source_universe_row_not_relation_edge,whole_program_project_cost_not_actor_payment_or_award,"Authoritative mechanical source-row extraction; no registry merge, relation approval, actor payment, alliance, or political stance inference."
S002-R0160,S002,令和6年度「NPO等との協働実績調査」,2024,160,22,こども未来部,こども未来部,こども家庭課,こども家庭課,2,提案型公募による委託,提案型公募による委託,proposal_based_delegated_program,13,子どもの教育及び健全育成を図る事業,支援員及び子供の居 場所の活動支援事業 （南部地区）,支援員及び子供の居場所の活動支援事業(南部地区),市町村が配置及び設置する子供の貧困対 策支援員及び子供の居場所に対して、活 動状況の把握、助言、研修等や子どもの 貧困対策に関するネットワーク構築に向け た助言・調整等の広域支援を行う。,1,特定非営利活動法人（NPO法人）,特定非営利活動法人 侍学園スクオーラ・今 人,特定非営利活動法人侍学園スクオーラ・今人,S002PL092,source_partner_name_cell_unsplit,R6.4.1 ～ R7.3.31,"8,081",8081,positive,行政,ＮＰＯ等,not_selected,,,machine_display_alias_only_not_actor_identity,source_universe_row_not_relation_edge,whole_program_project_cost_not_actor_payment_or_award,"Authoritative mechanical source-row extraction; no registry merge, relation approval, actor payment, alliance, or political stance inference."
S002-R0161,S002,令和6年度「NPO等との協働実績調査」,2024,161,22,こども未来部,こども未来部,こども家庭課,こども家庭課,2,提案型公募による委託,提案型公募による委託,proposal_based_delegated_program,13,子どもの教育及び健全育成を図る事業,支援員及び子供の居 場所の活動支援事業 （宮古地区）,支援員及び子供の居場所の活動支援事業(宮古地区),市町村が配置及び設置する子供の貧困対 策支援員及び子供の居場所に対して、活 動状況の把握、助言、研修等や子どもの 貧困対策に関するネットワーク構築に向け た助言・調整等の広域支援を行う。,3,営利を目的としない一般社団又は一般財団法人,一般社団法人宮古島 こどもこそだてワクワ ク未来会議,一般社団法人宮古島こどもこそだてワクワク未来会議,S002PL100,source_partner_name_cell_unsplit,R6.4.1 ～ R7.3.31,"4,446",4446,positive,行政,ＮＰＯ等,not_selected,,,machine_display_alias_only_not_actor_identity,source_universe_row_not_relation_edge,whole_program_project_cost_not_actor_payment_or_award,"Authoritative mechanical source-row extraction; no registry merge, relation approval, actor payment, alliance, or political stance inference."
S002-R0162,S002,令和6年度「NPO等との協働実績調査」,2024,162,23,こども未来部,こども未来部,こども家庭課,こども家庭課,2,提案型公募による委託,提案型公募による委託,proposal_based_delegated_program,13,子どもの教育及び健全育成を図る事業,支援員及び子供の居 場所の活動支援事業 （研修会）,支援員及び子供の居場所の活動支援事業(研修会),市町村が配置及び設置するこどもの貧困 対策支援員及びこどもの居場所に対して、 研修等を行うことにより、地域の実情に応 じたこどもの支援体制の整備を推進する。,3,営利を目的としない一般社団又は一般財団法人,一般社団法人Co- Link,一般社団法人Co- Link,S002PL091,source_partner_name_cell_unsplit,R6.4.5 ～ R7.2.28,"4,563",4563,positive,行政,ＮＰＯ等,not_selected,,,machine_display_alias_only_not_actor_identity,source_universe_row_not_relation_edge,whole_program_project_cost_not_actor_payment_or_award,"Authoritative mechanical source-row extraction; no registry merge, relation approval, actor payment, alliance, or political stance inference."
S002-R0163,S002,令和6年度「NPO等との協働実績調査」,2024,163,23,こども未来部,こども未来部,こども家庭課,こども家庭課,1,委託,NPO等へ業務委託を行った事業,delegated_public_program,13,子どもの教育及び健全育成を図る事業,沖縄県こどもの居場所 ネットワーク事業（運営 等）,沖縄県こどもの居場所ネットワーク事業(運営等),各市町村及び各地域等に設置されている こどもの居場所の連携を促すため、こども の居場所ネットワーク構築に取り組み、中 間支援等を行う。,4,社会福祉法人,社会福祉法人 沖縄 県社会福祉協議会,社会福祉法人沖縄県社会福祉協議会,S002PL046,source_partner_name_cell_unsplit,R6.4.1 ～ R7.3.31,"12,243",12243,positive,行政,ＮＰＯ等,not_selected,,,machine_display_alias_only_not_actor_identity,source_universe_row_not_relation_edge,whole_program_project_cost_not_actor_payment_or_award,"Authoritative mechanical source-row extraction; no registry merge, relation approval, actor payment, alliance, or political stance inference."
S002-R0164,S002,令和6年度「NPO等との協働実績調査」,2024,164,23,こども未来部,こども未来部,こども家庭課,こども家庭課,1,委託,NPO等へ業務委託を行った事業,delegated_public_program,1,保健、医療又は福祉の増進を図る事業,令和６年度沖縄県里 親養育包括支援事業,令和6年度沖縄県里親養育包括支援事業,里親への委託を推進するため、里親のリク ルート及びアセスメント、未委託里親に対 する研修、こどもと里親のマッチング、こど もの里親委託中における里親養育への支 援を総合的に実施することを目的とする。,4,社会福祉法人,社会福祉法人袋中園,社会福祉法人袋中園,S002PL103,source_partner_name_cell_unsplit,R6.4.1 ～ R7.3.31,"35,008",35008,positive,行政,ＮＰＯ等,not_selected,,,machine_display_alias_only_not_actor_identity,source_universe_row_not_relation_edge,whole_program_project_cost_not_actor_payment_or_award,"Authoritative mechanical source-row extraction; no registry merge, relation approval, actor payment, alliance, or political stance inference."
S002-R0165,S002,令和6年度「NPO等との協働実績調査」,2024,165,23,こども未来部,こども未来部,こども家庭課,こども家庭課,1,委託,NPO等へ業務委託を行った事業,delegated_public_program,1,保健、医療又は福祉の増進を図る事業,令和６年度こどもの権 利擁護に係る意見表 明等支援事業,令和6年度こどもの権利擁護に係る意見表明等支援事業,社会的養護に係るこどもの権利擁護の強 化を図るため、意見表明等支援員による 定期訪問等の実施により、こども自身が実 現したいことを考え、それを周囲に説明で きるようになることを支援する仕組みを構 築する。,1,特定非営利活動法人（NPO法人）,特定非営利活動法人 おきなわＣＡＰセン ター,特定非営利活動法人おきなわCAPセンター,S002PL104,source_partner_name_cell_unsplit,R6.4.1 ～ R7.3.31,"19,396",19396,positive,一緒に,ＮＰＯ等,not_selected,,,machine_display_alias_only_not_actor_identity,source_universe_row_not_relation_edge,whole_program_project_cost_not_actor_payment_or_award,"Authoritative mechanical source-row extraction; no registry merge, relation approval, actor payment, alliance, or political stance inference."
S002-R0166,S002,令和6年度「NPO等との協働実績調査」,2024,166,23,こども未来部,こども未来部,こども家庭課,こども家庭課,1,委託,NPO等へ業務委託を行った事業,delegated_public_program,1,保健、医療又は福祉の増進を図る事業,令和６年度沖縄県保 護者支援事業,令和6年度沖縄県保護者支援事業,こどもに虐待をしてしまった保護者が虐待 に頼らない育児をできるよう、プログラムの 参加を通じて、子どもへの関りを適切なも のにしていく,4,社会福祉法人,社会福祉法人友興会 ノアーズガーデン,社会福祉法人友興会ノアーズガーデン,S002PL105,source_partner_name_cell_unsplit,R6.4.1 ～ R7.3.31,"7,930",7930,positive,一緒に,ＮＰＯ等,not_selected,,,machine_display_alias_only_not_actor_identity,source_universe_row_not_relation_edge,whole_program_project_cost_not_actor_payment_or_award,"Authoritative mechanical source-row extraction; no registry merge, relation approval, actor payment, alliance, or political stance inference."
S002-R0167,S002,令和6年度「NPO等との協働実績調査」,2024,167,23,こども未来部,こども未来部,こども家庭課,こども家庭課,1,委託,NPO等へ業務委託を行った事業,delegated_public_program,1,保健、医療又は福祉の増進を図る事業,令和６年度沖縄県児 童相談所等第三者評 価業務,令和6年度沖縄県児童相談所等第三者評価業務,第三者評価を通じて、児童相談所及び一 時保護所の「機能しているところ」や「改善 すべきところ」を確認するとともに、役割や 機能を果たすためのソーシャルワークの在 り方、必要な職員配置、各機関の役割や 関係機関との連携体制等の確認、見直 し、改善等につなげていくことを目的とす る。,3,営利を目的としない一般社団又は一般財団法人,一般社団法人日本児 童相談業務評価機関,一般社団法人日本児童相談業務評価機関,S002PL106,source_partner_name_cell_unsplit,R6.5.10 ～ R7.3.31,"3,308",3308,positive,行政,ＮＰＯ等,not_selected,,,machine_display_alias_only_not_actor_identity,source_universe_row_not_relation_edge,whole_program_project_cost_not_actor_payment_or_award,"Authoritative mechanical source-row extraction; no registry merge, relation approval, actor payment, alliance, or political stance inference."
S002-R0168,S002,令和6年度「NPO等との協働実績調査」,2024,168,23,こども未来部,こども未来部,こども家庭課,こども家庭課,1,委託,NPO等へ業務委託を行った事業,delegated_public_program,13,子どもの教育及び健全育成を図る事業,令和６年度子ども虐待 防止推進事業,令和6年度子ども虐待防止推進事業,専門家による講演会等を実施し地域や関 係団体等に対して子ども虐待防止を促す とともに、市町村職員及び県民向けの研 修を行い、団体間連携体制構築や、子ども の虐待に対する意識向上を図る。,1,特定非営利活動法人（NPO法人）,特定非営利活動法人 おきなわCAPセンター,特定非営利活動法人おきなわCAPセンター,S002PL104,source_partner_name_cell_unsplit,R6.5.1 ～ R7.3.31,"5,665",5665,positive,ＮＰＯ等,ＮＰＯ等,not_selected,,,machine_display_alias_only_not_actor_identity,source_universe_row_not_relation_edge,whole_program_project_cost_not_actor_payment_or_award,"Authoritative mechanical source-row extraction; no registry merge, relation approval, actor payment, alliance, or political stance inference."
S002-R0169,S002,令和6年度「NPO等との協働実績調査」,2024,169,24,こども未来部,こども未来部,こども家庭課,こども家庭課,1,委託,NPO等へ業務委託を行った事業,delegated_public_program,13,子どもの教育及び健全育成を図る事業,令和６年度こども虐待 を防止するためのSNS 相談業務,令和6年度こども虐待を防止するためのSNS相談業務,こども達が困りごとや悩みごとを、SNS （LINE）を活用し相談できる窓口を設置し、 児童虐待の防止及び早期発見を図る。,1,特定非営利活動法人（NPO法人）,認定特定非営利活動 法人エンパワメントか ながわ,認定特定非営利活動法人エンパワメントかながわ,S002PL107,source_partner_name_cell_unsplit,R6.4.1 ～ R7.3.31,"16,687",16687,positive,ＮＰＯ等,ＮＰＯ等,not_selected,,,machine_display_alias_only_not_actor_identity,source_universe_row_not_relation_edge,whole_program_project_cost_not_actor_payment_or_award,"Authoritative mechanical source-row extraction; no registry merge, relation approval, actor payment, alliance, or political stance inference."
S002-R0170,S002,令和6年度「NPO等との協働実績調査」,2024,170,24,こども未来部,こども未来部,こども家庭課,こども家庭課,4,補助,補助金・助成金の支給又は物的支援,subsidy_assistance_or_in_kind,1,保健、医療又は福祉の増進を図る事業,児童家庭支援センター 事業費補助金,児童家庭支援センター事業費補助金,地域・家庭からの相談、市町村の後方支 援、児童相談所からの受託による指導、里 親等への支援、関係機関等との連携・連 絡調整を実施する。,4,社会福祉法人,社会福祉法人ひんぷ ん会,社会福祉法人ひんぷん会,S002PL108,source_partner_name_cell_unsplit,R6.4.1 ～ R7.3.31,"14,782",14782,positive,ＮＰＯ等,ＮＰＯ等,not_selected,,,machine_display_alias_only_not_actor_identity,source_universe_row_not_relation_edge,whole_program_project_cost_not_actor_payment_or_award,"Authoritative mechanical source-row extraction; no registry merge, relation approval, actor payment, alliance, or political stance inference."
S002-R0171,S002,令和6年度「NPO等との協働実績調査」,2024,171,24,こども未来部,こども未来部,こども家庭課,こども家庭課,4,補助,補助金・助成金の支給又は物的支援,subsidy_assistance_or_in_kind,1,保健、医療又は福祉の増進を図る事業,児童家庭支援センター 事業費補助金,児童家庭支援センター事業費補助金,〃,4,社会福祉法人,社会福祉法人沖縄県 社会福祉事業団,社会福祉法人沖縄県社会福祉事業団,S002PL109,source_partner_name_cell_unsplit,R6.4.1 ～ R7.3.31,"10,255",10255,positive,ＮＰＯ等,ＮＰＯ等,not_selected,,,machine_display_alias_only_not_actor_identity,source_universe_row_not_relation_edge,whole_program_project_cost_not_actor_payment_or_award,"Authoritative mechanical source-row extraction; no registry merge, relation approval, actor payment, alliance, or political stance inference."
S002-R0172,S002,令和6年度「NPO等との協働実績調査」,2024,172,24,こども未来部,こども未来部,こども家庭課,こども家庭課,4,補助,補助金・助成金の支給又は物的支援,subsidy_assistance_or_in_kind,1,保健、医療又は福祉の増進を図る事業,児童家庭支援センター 事業費補助金,児童家庭支援センター事業費補助金,〃,4,社会福祉法人,社会福祉法人国際福 祉会,社会福祉法人国際福祉会,S002PL110,source_partner_name_cell_unsplit,R6.4.1 ～ R7.3.31,"13,830",13830,positive,ＮＰＯ等,ＮＰＯ等,not_selected,,,machine_display_alias_only_not_actor_identity,source_universe_row_not_relation_edge,whole_program_project_cost_not_actor_payment_or_award,"Authoritative mechanical source-row extraction; no registry merge, relation approval, actor payment, alliance, or political stance inference."
S002-R0173,S002,令和6年度「NPO等との協働実績調査」,2024,173,24,こども未来部,こども未来部,こども家庭課,こども家庭課,1,委託,NPO等へ業務委託を行った事業,delegated_public_program,13,子どもの教育及び健全育成を図る事業,沖縄こどもの貧困緊急 対策事業分析・評価・ 普及事業,沖縄こどもの貧困緊急対策事業分析・評価・普及事業,地域において、困難を抱える子どもの情報 を把握し、関係者が連携して適切な機関 等へつなげる仕組みを構築するとともに、 連携手法（以下、「学校版スクリーニング」 という。）に係る成果や課題を詳細に分析 することで、今後の学校版スクリーニング をより効果的に行うことを目的として、本事 業を実施する。,5,学校法人、医療法人等上記1～4以外の非営利法人,公立大学法人大阪,公立大学法人大阪,S002PL111,source_partner_name_cell_unsplit,R6.4.1 ～ R7.3.31,"9,231",9231,positive,行政,ＮＰＯ等,not_selected,,,machine_display_alias_only_not_actor_identity,source_universe_row_not_relation_edge,whole_program_project_cost_not_actor_payment_or_award,"Authoritative mechanical source-row extraction; no registry merge, relation approval, actor payment, alliance, or political stance inference."
S002-R0174,S002,令和6年度「NPO等との協働実績調査」,2024,174,24,こども未来部,こども未来部,こども家庭課,こども家庭課,1,委託,NPO等へ業務委託を行った事業,delegated_public_program,13,子どもの教育及び健全育成を図る事業,こどもの居場所学生ボ ランティアコーディネー ト事業,こどもの居場所学生ボランティアコーディネート事業,市町村等が設置する子供の居場所等へ学 生ボランティアを派遣し、学生ボランティア が居場所で行われる食事の提供や共同調 理、生活指導、学習支援等に関する活動 に関わることにより、居場所の活動の充実 を図る。,3,営利を目的としない一般社団又は一般財団法人,一般社団法人大学コ ンソーシアム沖縄,一般社団法人大学コンソーシアム沖縄,S002PL112,source_partner_name_cell_unsplit,R6.4.1 ～ R7.3.31,"40,323",40323,positive,行政,ＮＰＯ等,not_selected,,,machine_display_alias_only_not_actor_identity,source_universe_row_not_relation_edge,whole_program_project_cost_not_actor_payment_or_award,"Authoritative mechanical source-row extraction; no registry merge, relation approval, actor payment, alliance, or political stance inference."
S002-R0175,S002,令和6年度「NPO等との協働実績調査」,2024,175,24,こども未来部,こども未来部,こども家庭課,こども家庭課,3,指定管理者制度による委任,指定管理者制度による委任,designated_management,13,子どもの教育及び健全育成を図る事業,石嶺児童園運営費,石嶺児童園運営費,沖縄県立石嶺児童園の運営を委託する。,4,社会福祉法人,社会福祉法人偕生会,社会福祉法人偕生会,S002PL113,source_partner_name_cell_unsplit,R6.4.1 ～ R7.3.31,"389,498",389498,positive,行政,ＮＰＯ等,not_selected,,,machine_display_alias_only_not_actor_identity,source_universe_row_not_relation_edge,whole_program_project_cost_not_actor_payment_or_award,"Authoritative mechanical source-row extraction; no registry merge, relation approval, actor payment, alliance, or political stance inference."
S002-R0176,S002,令和6年度「NPO等との協働実績調査」,2024,176,25,こども未来部,こども未来部,こども家庭課,こども家庭課,1,委託,NPO等へ業務委託を行った事業,delegated_public_program,1,保健、医療又は福祉の増進を図る事業,令和6年度社会的養護 自立支援拠点事業,令和6年度社会的養護自立支援拠点事業,児童養護施設等の退所者や里親への委 託を解除された者に対し、継続支援計画 の作成や担当職員による生活相談、就労 相談の実施、居宅費支援などの自立に向 けた日常的な支援を行う。,3,営利を目的としない一般社団又は一般財団法人,一般社団法人ある,一般社団法人ある,S002PL114,source_partner_name_cell_unsplit,R6.4.1 ～ R7.3.31,"30,923",30923,positive,ＮＰＯ等,ＮＰＯ等,not_selected,,,machine_display_alias_only_not_actor_identity,source_universe_row_not_relation_edge,whole_program_project_cost_not_actor_payment_or_award,"Authoritative mechanical source-row extraction; no registry merge, relation approval, actor payment, alliance, or political stance inference."
S002-R0177,S002,令和6年度「NPO等との協働実績調査」,2024,177,25,こども未来部,こども未来部,こども家庭課,こども家庭課,4,補助,補助金・助成金の支給又は物的支援,subsidy_assistance_or_in_kind,1,保健、医療又は福祉の増進を図る事業,養子縁組民間あっせ ん機関助成事業補助 金,養子縁組民間あっせん機関助成事業補助金,要親希望者や実親との相談・援助及び要 親希望者への研修等の業務を行い、若年 妊婦等の悩み相談から養子縁組へのつな ぎ・支援する。,3,営利を目的としない一般社団又は一般財団法人,一般社団法人おきな わ子ども未来ネット ワーク,一般社団法人おきなわ子ども未来ネットワーク,S002PL115,source_partner_name_cell_unsplit,R6.4.1 ～ R7.3.31,"10,347",10347,positive,ＮＰＯ等,ＮＰＯ等,not_selected,,,machine_display_alias_only_not_actor_identity,source_universe_row_not_relation_edge,whole_program_project_cost_not_actor_payment_or_award,"Authoritative mechanical source-row extraction; no registry merge, relation approval, actor payment, alliance, or political stance inference."
S002-R0178,S002,令和6年度「NPO等との協働実績調査」,2024,178,25,こども未来部,こども未来部,こども家庭課,こども家庭課,4,補助,補助金・助成金の支給又は物的支援,subsidy_assistance_or_in_kind,1,保健、医療又は福祉の増進を図る事業,児童福祉事業等県費 補助金,児童福祉事業等県費補助金,社会的養護が必要な児童を、可能な限り 家庭的な環境において安定した人間関係 の下で育てることができるよう、里親会の 事業を支援し、里親制度の普及啓発に寄 与する。,3,営利を目的としない一般社団又は一般財団法人,一般社団法人沖縄県 里親会,一般社団法人沖縄県里親会,S002PL116,source_partner_name_cell_unsplit,R6.4.1 ～ R7.3.31,377,377,positive,ＮＰＯ等,ＮＰＯ等,not_selected,,,machine_display_alias_only_not_actor_identity,source_universe_row_not_relation_edge,whole_program_project_cost_not_actor_payment_or_award,"Authoritative mechanical source-row extraction; no registry merge, relation approval, actor payment, alliance, or political stance inference."
S002-R0179,S002,令和6年度「NPO等との協働実績調査」,2024,179,25,こども未来部,こども未来部,こども家庭課,こども家庭課,1,委託,NPO等へ業務委託を行った事業,delegated_public_program,1,保健、医療又は福祉の増進を図る事業,里親研修・相互交流事 業,里親研修・相互交流事業,里親の登録及び更新に必要な研修や里親 等の資質向上に資する研修及び里親相互 の交流等、里親への支援を適切に行うこと を目的として、研修及び里親サロンを実施 する。,3,営利を目的としない一般社団又は一般財団法人,一般社団法人沖縄県 里親会,一般社団法人沖縄県里親会,S002PL116,source_partner_name_cell_unsplit,R6.4.1 ～ R7.3.31,"4,070",4070,positive,ＮＰＯ等,ＮＰＯ等,not_selected,,,machine_display_alias_only_not_actor_identity,source_universe_row_not_relation_edge,whole_program_project_cost_not_actor_payment_or_award,"Authoritative mechanical source-row extraction; no registry merge, relation approval, actor payment, alliance, or political stance inference."
S002-R0180,S002,令和6年度「NPO等との協働実績調査」,2024,180,25,こども未来部,こども未来部,こども家庭課,こども家庭課,4,補助,補助金・助成金の支給又は物的支援,subsidy_assistance_or_in_kind,1,保健、医療又は福祉の増進を図る事業,被虐待児等地域療育 支援事業,被虐待児等地域療育支援事業,特別なケアを必要としている地域の子ど もとその家庭に対して相談や支援を行う事 業。 県内４施設と１団体の各施設に療育支援 コーディネータ、心理士を配置して、養育に 関する事や子どもの情緒面や行動面で気 になる等の相談を受けています。また、専 門医がアドバイザーとして定期的に相談事 業所を訪問しており、医療の専門的な支援 が必要な児童やその家庭に対する助言等 も行っています。,4,社会福祉法人,社会福祉法人国際福 祉会,社会福祉法人国際福祉会,S002PL110,source_partner_name_cell_unsplit,R6.4.1 ～ R7.3.31,"3,727",3727,positive,ＮＰＯ等,ＮＰＯ等,not_selected,,,machine_display_alias_only_not_actor_identity,source_universe_row_not_relation_edge,whole_program_project_cost_not_actor_payment_or_award,"Authoritative mechanical source-row extraction; no registry merge, relation approval, actor payment, alliance, or political stance inference."
S002-R0181,S002,令和6年度「NPO等との協働実績調査」,2024,181,25,こども未来部,こども未来部,こども家庭課,こども家庭課,4,補助,補助金・助成金の支給又は物的支援,subsidy_assistance_or_in_kind,1,保健、医療又は福祉の増進を図る事業,被虐待児等地域療育 支援事業,被虐待児等地域療育支援事業,〃,4,社会福祉法人,社会福祉法人偕生会,社会福祉法人偕生会,S002PL113,source_partner_name_cell_unsplit,R6.4.1 ～ R7.3.31,"8,456",8456,positive,ＮＰＯ等,ＮＰＯ等,not_selected,,,machine_display_alias_only_not_actor_identity,source_universe_row_not_relation_edge,whole_program_project_cost_not_actor_payment_or_award,"Authoritative mechanical source-row extraction; no registry merge, relation approval, actor payment, alliance, or political stance inference."
S002-R0182,S002,令和6年度「NPO等との協働実績調査」,2024,182,25,こども未来部,こども未来部,こども家庭課,こども家庭課,4,補助,補助金・助成金の支給又は物的支援,subsidy_assistance_or_in_kind,1,保健、医療又は福祉の増進を図る事業,被虐待児等地域療育 支援事業,被虐待児等地域療育支援事業,〃,4,社会福祉法人,社会福祉法人基督教 児童福祉会,社会福祉法人基督教児童福祉会,S002PL117,source_partner_name_cell_unsplit,R6.4.1 ～ R7.3.31,"7,217",7217,positive,ＮＰＯ等,ＮＰＯ等,not_selected,,,machine_display_alias_only_not_actor_identity,source_universe_row_not_relation_edge,whole_program_project_cost_not_actor_payment_or_award,"Authoritative mechanical source-row extraction; no registry merge, relation approval, actor payment, alliance, or political stance inference."
S002-R0183,S002,令和6年度「NPO等との協働実績調査」,2024,183,26,こども未来部,こども未来部,こども家庭課,こども家庭課,4,補助,補助金・助成金の支給又は物的支援,subsidy_assistance_or_in_kind,1,保健、医療又は福祉の増進を図る事業,被虐待児等地域療育 支援事業,被虐待児等地域療育支援事業,〃,4,社会福祉法人,社会福祉法人豊友会,社会福祉法人豊友会,S002PL118,source_partner_name_cell_unsplit,R6.4.1 ～ R7.3.31,"4,204",4204,positive,ＮＰＯ等,ＮＰＯ等,not_selected,,,machine_display_alias_only_not_actor_identity,source_universe_row_not_relation_edge,whole_program_project_cost_not_actor_payment_or_award,"Authoritative mechanical source-row extraction; no registry merge, relation approval, actor payment, alliance, or political stance inference."
S002-R0184,S002,令和6年度「NPO等との協働実績調査」,2024,184,26,こども未来部,こども未来部,こども家庭課,こども家庭課,4,補助,補助金・助成金の支給又は物的支援,subsidy_assistance_or_in_kind,1,保健、医療又は福祉の増進を図る事業,被虐待児等地域療育 支援事業,被虐待児等地域療育支援事業,〃,3,営利を目的としない一般社団又は一般財団法人,一般社団法人沖縄県 里親会,一般社団法人沖縄県里親会,S002PL116,source_partner_name_cell_unsplit,R6.4.1 ～ R7.3.31,"8,750",8750,positive,ＮＰＯ等,ＮＰＯ等,not_selected,,,machine_display_alias_only_not_actor_identity,source_universe_row_not_relation_edge,whole_program_project_cost_not_actor_payment_or_award,"Authoritative mechanical source-row extraction; no registry merge, relation approval, actor payment, alliance, or political stance inference."
S002-R0185,S002,令和6年度「NPO等との協働実績調査」,2024,185,26,こども未来部,こども未来部,こども家庭課,こども家庭課,1,委託,NPO等へ業務委託を行った事業,delegated_public_program,2,社会教育及び生涯学習の推進を図る事業,保健に関する相談支 援事業,保健に関する相談支援事業,「こどもの居場所」や「県立高校の居場所」 などで、「性に関する正しい知識」を伝える とともに、専門相談員が、個別に相談を受 けることで、予期せぬ妊娠や誤った性行動 を予防することを目的とする。同時に、居 場所の職員等に向けての研修を行い、性 教育に関する認識を高めることができるよ う取り組むものとする。,3,営利を目的としない一般社団又は一般財団法人,一般社団法人沖縄い のちにエールを贈る 会,一般社団法人沖縄いのちにエールを贈る会,S002PL119,source_partner_name_cell_unsplit,R6.4.1 ～ R7.3.31,"23,600",23600,positive,行政,一緒に,not_selected,,,machine_display_alias_only_not_actor_identity,source_universe_row_not_relation_edge,whole_program_project_cost_not_actor_payment_or_award,"Authoritative mechanical source-row extraction; no registry merge, relation approval, actor payment, alliance, or political stance inference."
S002-R0186,S002,令和6年度「NPO等との協働実績調査」,2024,186,26,こども未来部,こども未来部,こども家庭課,こども家庭課,1,委託,NPO等へ業務委託を行った事業,delegated_public_program,1,保健、医療又は福祉の増進を図る事業,児童虐待対応職員等 法定義務研修事業,児童虐待対応職員等法定義務研修事業,児童福祉法に規定される児童福祉司等に 対する法定義務研修を実施する。,3,営利を目的としない一般社団又は一般財団法人,一般社団法人沖縄県 社会福祉士会,一般社団法人沖縄県社会福祉士会,S002PL050,source_partner_name_cell_unsplit,R6.6.20 ～ R7.3.31,"2,999",2999,positive,一緒に,一緒に,not_selected,,,machine_display_alias_only_not_actor_identity,source_universe_row_not_relation_edge,whole_program_project_cost_not_actor_payment_or_award,"Authoritative mechanical source-row extraction; no registry merge, relation approval, actor payment, alliance, or political stance inference."
S002-R0187,S002,令和6年度「NPO等との協働実績調査」,2024,187,26,こども未来部,こども未来部,子育て支援 課,子育て支援課,2,提案型公募による委託,提案型公募による委託,proposal_based_delegated_program,13,子どもの教育及び健全育成を図る事業,沖縄県放課後児童支 援員認定資格研修事 業委託,沖縄県放課後児童支援員認定資格研修事業委託,放課後児童支援員認定資格研修を実施す ることにより、当該支援員の確保及び児童 健全育成事業の円滑な運営を支援する。,1,特定非営利活動法人（NPO法人）,ＮＰＯ法人沖縄県学 童・保育支援センター,NPO法人沖縄県学童・保育支援センター,S002PL120,source_partner_name_cell_unsplit,R6.4.1 ～ R7.3.31,"5,610",5610,positive,行政,一緒に,not_selected,,,machine_display_alias_only_not_actor_identity,source_universe_row_not_relation_edge,whole_program_project_cost_not_actor_payment_or_award,"Authoritative mechanical source-row extraction; no registry merge, relation approval, actor payment, alliance, or political stance inference."
S002-R0188,S002,令和6年度「NPO等との協働実績調査」,2024,188,26,こども未来部,こども未来部,子育て支援 課,子育て支援課,2,提案型公募による委託,提案型公募による委託,proposal_based_delegated_program,13,子どもの教育及び健全育成を図る事業,沖縄県放課後児童クラ ブ公的施設活用促進 等環境整備支援事業 委託,沖縄県放課後児童クラブ公的施設活用促進等環境整備支援事業委託,県内の放課後児童クラブの公的施設活用 の促進等を通して、利用者の負担軽減等 を図るため、市町村のクラブ設置等に係る 計画策定・見直し等を支援する。,1,特定非営利活動法人（NPO法人）,ＮＰＯ法人沖縄県学 童・保育支援センター,NPO法人沖縄県学童・保育支援センター,S002PL120,source_partner_name_cell_unsplit,R6.4.1 ～ R7.3.14,"20,000",20000,positive,行政,一緒に,not_selected,,,machine_display_alias_only_not_actor_identity,source_universe_row_not_relation_edge,whole_program_project_cost_not_actor_payment_or_award,"Authoritative mechanical source-row extraction; no registry merge, relation approval, actor payment, alliance, or political stance inference."
S002-R0189,S002,令和6年度「NPO等との協働実績調査」,2024,189,26,こども未来部,こども未来部,子育て支援 課,子育て支援課,2,提案型公募による委託,提案型公募による委託,proposal_based_delegated_program,1,保健、医療又は福祉の増進を図る事業,沖縄県保育士確保対 策強化事業委託,沖縄県保育士確保対策強化事業委託,保育所入所待機児童を生じさせないため、 市町村や保育所等と連携し、保育士の確 保及び定着促進など、安定した保育の提 供体制の構築に必要な事業を総合的に実 施する。,1,特定非営利活動法人（NPO法人）,NPO法人沖縄県学 童・保育支援センター,NPO法人沖縄県学童・保育支援センター,S002PL120,source_partner_name_cell_unsplit,R6.4.1 ～ R7.3.31,"66,506",66506,positive,一緒に,ＮＰＯ等,not_selected,,,machine_display_alias_only_not_actor_identity,source_universe_row_not_relation_edge,whole_program_project_cost_not_actor_payment_or_award,"Authoritative mechanical source-row extraction; no registry merge, relation approval, actor payment, alliance, or political stance inference."
S002-R0190,S002,令和6年度「NPO等との協働実績調査」,2024,190,26,こども未来部,こども未来部,子育て支援 課,子育て支援課,1,委託,NPO等へ業務委託を行った事業,delegated_public_program,1,保健、医療又は福祉の増進を図る事業,保育士登録業務およ び国家戦略特別区域 限定保育士登録業務 事務委託,保育士登録業務および国家戦略特別区域限定保育士登録業務事務委託,保育士資格登録事業の円滑な実施を図る ため、保育士資格登録事務の一部を委託 し実施する。,4,社会福祉法人,社会福祉法人日本保 育協会,社会福祉法人日本保育協会,S002PL121,source_partner_name_cell_unsplit,R6.4.1 ～ R7.3.31,"4,112",4112,positive,ＮＰＯ等,ＮＰＯ等,not_selected,,,machine_display_alias_only_not_actor_identity,source_universe_row_not_relation_edge,whole_program_project_cost_not_actor_payment_or_award,"Authoritative mechanical source-row extraction; no registry merge, relation approval, actor payment, alliance, or political stance inference."
S002-R0191,S002,令和6年度「NPO等との協働実績調査」,2024,191,27,こども未来部,こども未来部,子育て支援 課,子育て支援課,1,委託,NPO等へ業務委託を行った事業,delegated_public_program,1,保健、医療又は福祉の増進を図る事業,沖縄県福祉人材研修 センター認可外保育施 設職員研修事業委託,沖縄県福祉人材研修センター認可外保育施設職員研修事業委託,認可外保育施設に従事する者を対象とし た研修を企画・実施することにより、保育 の質を向上させ、入所児童の処遇の向上 を図ることを目的とする。,4,社会福祉法人,社会福祉法人沖縄県 社会福祉協議会,社会福祉法人沖縄県社会福祉協議会,S002PL046,source_partner_name_cell_unsplit,R6.4.1 R7.3.31,"1,625",1625,positive,行政,行政,not_selected,,,machine_display_alias_only_not_actor_identity,source_universe_row_not_relation_edge,whole_program_project_cost_not_actor_payment_or_award,"Authoritative mechanical source-row extraction; no registry merge, relation approval, actor payment, alliance, or political stance inference."
S002-R0192,S002,令和6年度「NPO等との協働実績調査」,2024,192,27,こども未来部,こども未来部,子育て支援 課,子育て支援課,1,委託,NPO等へ業務委託を行った事業,delegated_public_program,1,保健、医療又は福祉の増進を図る事業,令和６年度沖縄県不 妊・不育専門相談セン ター事業,令和6年度沖縄県不妊・不育専門相談センター事業,不妊・不育に悩む夫婦等を対象に専門的 な相談を行い、不妊・不育の課題に適切に 対応するために体制を確立するとともに、 生涯を通じた女性の健康の保持増進を図 ることを目的とする。,2,公益社団又は公益財団法人,公益社団法人沖縄県 看護協会,公益社団法人沖縄県看護協会,S002PL052,source_partner_name_cell_unsplit,R6.4.1 ～ R7.3.31,"1,829",1829,positive,一緒に,行政,not_selected,,,machine_display_alias_only_not_actor_identity,source_universe_row_not_relation_edge,whole_program_project_cost_not_actor_payment_or_award,"Authoritative mechanical source-row extraction; no registry merge, relation approval, actor payment, alliance, or political stance inference."
S002-R0193,S002,令和6年度「NPO等との協働実績調査」,2024,193,27,こども未来部,こども未来部,子育て支援 課,子育て支援課,1,委託,NPO等へ業務委託を行った事業,delegated_public_program,1,保健、医療又は福祉の増進を図る事業,令和６年度沖縄県女 性健康支援センター事 業,令和6年度沖縄県女性健康支援センター事業,妊娠、出産等固有の機能を有し、女性特 有の身体的特徴を有することで生じる様々 な支障や心身にわたる悩みを抱える女 性、予期せぬ妊娠に悩む女性に対して、 専門的な知識を有する相談員に気軽に相 談できる体制を確保する。,3,営利を目的としない一般社団又は一般財団法人,一般社団法人沖縄県 助産師会,一般社団法人沖縄県助産師会,S002PL122,source_partner_name_cell_unsplit,R6.4.1 ～ R7.3.31,"3,331",3331,positive,一緒に,行政,not_selected,,,machine_display_alias_only_not_actor_identity,source_universe_row_not_relation_edge,whole_program_project_cost_not_actor_payment_or_award,"Authoritative mechanical source-row extraction; no registry merge, relation approval, actor payment, alliance, or political stance inference."
S002-R0194,S002,令和6年度「NPO等との協働実績調査」,2024,194,27,こども未来部,こども未来部,子育て支援 課,子育て支援課,5,共催,NPO等と共催という形で実施,cohosting,1,保健、医療又は福祉の増進を図る事業,沖縄県母子保健大会,沖縄県母子保健大会,心身ともに健やかな親と子・明るい家庭・ 健全な地域社会の実現のために、諸課題 について理解を深め、なお一層の母子保 健に対する意識を高める。 また、母子保健事業の推進に功績のあっ た個人及び団体を表彰し、沖縄県の母子 保健事業の一層の推進を図る事を目的と する。,2,公益社団又は公益財団法人,公益社団法人沖縄県 小児保健協会,公益社団法人沖縄県小児保健協会,S002PL123,source_partner_name_cell_unsplit,R7.1.16,132,132,positive,一緒に,一緒に,not_selected,,,machine_display_alias_only_not_actor_identity,source_universe_row_not_relation_edge,whole_program_project_cost_not_actor_payment_or_award,"Authoritative mechanical source-row extraction; no registry merge, relation approval, actor payment, alliance, or political stance inference."
S002-R0195,S002,令和6年度「NPO等との協働実績調査」,2024,195,27,こども未来部,こども未来部,子育て支援 課,子育て支援課,5,共催,NPO等と共催という形で実施,cohosting,1,保健、医療又は福祉の増進を図る事業,令和５年度市町村母 子保健担当者及び母 子保健推進員研修会,令和5年度市町村母子保健担当者及び母子保健推進員研修会,「健やか親子おきなわ２１（第２次）」の施策 を円滑に推進するために、地域母子保健 活動の核となる市町村母子保健関係職員 及び母子保健推進員に対して、その活動 に必要な知識の習得と、スキルの向上を 図ることを目的に研修会を開催する。,2,公益社団又は公益財団法人,公益社団法人母子保 健推進会議 沖縄県母子保健推進 員連絡協議会,公益社団法人母子保健推進会議沖縄県母子保健推進員連絡協議会,S002PL124,source_partner_name_cell_unsplit,R7.1.16,"1,004",1004,positive,一緒に,行政,not_selected,,,machine_display_alias_only_not_actor_identity,source_universe_row_not_relation_edge,whole_program_project_cost_not_actor_payment_or_award,"Authoritative mechanical source-row extraction; no registry merge, relation approval, actor payment, alliance, or political stance inference."
S002-R0196,S002,令和6年度「NPO等との協働実績調査」,2024,196,27,こども未来部,こども未来部,女性力・ダイ バーシティ推 進課,女性力・ダイバーシティ推進課,4,補助,補助金・助成金の支給又は物的支援,subsidy_assistance_or_in_kind,1,保健、医療又は福祉の増進を図る事業,配偶者暴力被害者 セーフティネット強化支 援事業,配偶者暴力被害者セーフティネット強化支援事業,配偶者からの暴力被害者等を支援する民 間シェルター等が行う先進的な取組に対 し、事業に要した経費の一部を補助する。,1,特定非営利活動法人（NPO法人）,NPO法人ひだまり,NPO法人ひだまり,S002PL125,source_partner_name_cell_unsplit,R6.4.1 ～ R7.3.31,"10,000",10000,positive,ＮＰＯ等,ＮＰＯ等,not_selected,,,machine_display_alias_only_not_actor_identity,source_universe_row_not_relation_edge,whole_program_project_cost_not_actor_payment_or_award,"Authoritative mechanical source-row extraction; no registry merge, relation approval, actor payment, alliance, or political stance inference."
S002-R0197,S002,令和6年度「NPO等との協働実績調査」,2024,197,27,こども未来部,こども未来部,女性力・ダイ バーシティ推 進課,女性力・ダイバーシティ推進課,1,委託,NPO等へ業務委託を行った事業,delegated_public_program,1,保健、医療又は福祉の増進を図る事業,女性支援等に係る相 談員養成研修事業,女性支援等に係る相談員養成研修事業,女性支援等の相談業務に従事する相談員 候補者の養成研修を実施。,2,公益社団又は公益財団法人,公益財団法人おきな わ女性財団,公益財団法人おきなわ女性財団,S002PL126,source_partner_name_cell_unsplit,R6.5.31 ～ R7.3.31,"4,238",4238,positive,ＮＰＯ等,ＮＰＯ等,not_selected,,,machine_display_alias_only_not_actor_identity,source_universe_row_not_relation_edge,whole_program_project_cost_not_actor_payment_or_award,"Authoritative mechanical source-row extraction; no registry merge, relation approval, actor payment, alliance, or political stance inference."
S002-R0198,S002,令和6年度「NPO等との協働実績調査」,2024,198,28,こども未来部,こども未来部,女性力・ダイ バーシティ推 進課,女性力・ダイバーシティ推進課,1,委託,NPO等へ業務委託を行った事業,delegated_public_program,1,保健、医療又は福祉の増進を図る事業,沖縄県ひとり親家庭等 日常生活支援事業,沖縄県ひとり親家庭等日常生活支援事業,ひとり親等に対し、家庭生活支援員を派遣 し、子育て支援や日常生活の援助を実施 する。,2,公益社団又は公益財団法人,公益社団法人沖縄県 母子寡婦福祉連合会,公益社団法人沖縄県母子寡婦福祉連合会,S002PL127,source_partner_name_cell_unsplit,R6.4.1 ～ R7.3.31,"50,286",50286,positive,ＮＰＯ等,ＮＰＯ等,not_selected,,,machine_display_alias_only_not_actor_identity,source_universe_row_not_relation_edge,whole_program_project_cost_not_actor_payment_or_award,"Authoritative mechanical source-row extraction; no registry merge, relation approval, actor payment, alliance, or political stance inference."
S002-R0199,S002,令和6年度「NPO等との協働実績調査」,2024,199,28,こども未来部,こども未来部,女性力・ダイ バーシティ推 進課,女性力・ダイバーシティ推進課,2,提案型公募による委託,提案型公募による委託,proposal_based_delegated_program,1,保健、医療又は福祉の増進を図る事業,沖縄県低所得子育て 家庭日常生活支援事 業（北部圏域）,沖縄県低所得子育て家庭日常生活支援事業(北部圏域),低所得子育て家庭等に対し、家庭生活支 援員を派遣し、子育て支援や日常生活の 援助を実施する。,2,公益社団又は公益財団法人,公益社団法人沖縄県 母子寡婦福祉連合会,公益社団法人沖縄県母子寡婦福祉連合会,S002PL127,source_partner_name_cell_unsplit,R6.4.1 ～ R7.3.31,"8,176",8176,positive,ＮＰＯ等,ＮＰＯ等,not_selected,,,machine_display_alias_only_not_actor_identity,source_universe_row_not_relation_edge,whole_program_project_cost_not_actor_payment_or_award,"Authoritative mechanical source-row extraction; no registry merge, relation approval, actor payment, alliance, or political stance inference."
S002-R0200,S002,令和6年度「NPO等との協働実績調査」,2024,200,28,こども未来部,こども未来部,女性力・ダイ バーシティ推 進課,女性力・ダイバーシティ推進課,2,提案型公募による委託,提案型公募による委託,proposal_based_delegated_program,1,保健、医療又は福祉の増進を図る事業,沖縄県低所得子育て 家庭日常生活支援事 業（中南部圏域）,沖縄県低所得子育て家庭日常生活支援事業(中南部圏域),低所得子育て家庭等に対し、家庭生活支 援員を派遣し、子育て支援や日常生活の 援助を実施する。,2,公益社団又は公益財団法人,公益社団法人那覇市 母子寡婦福祉会,公益社団法人那覇市母子寡婦福祉会,S002PL128,source_partner_name_cell_unsplit,R6.4.1 ～ R7.3.31,"23,596",23596,positive,ＮＰＯ等,ＮＰＯ等,not_selected,,,machine_display_alias_only_not_actor_identity,source_universe_row_not_relation_edge,whole_program_project_cost_not_actor_payment_or_award,"Authoritative mechanical source-row extraction; no registry merge, relation approval, actor payment, alliance, or political stance inference."
S002-R0201,S002,令和6年度「NPO等との協働実績調査」,2024,201,28,こども未来部,こども未来部,女性力・ダイ バーシティ推 進課,女性力・ダイバーシティ推進課,1,委託,NPO等へ業務委託を行った事業,delegated_public_program,1,保健、医療又は福祉の増進を図る事業,沖縄県母子家庭等自 立促進事業,沖縄県母子家庭等自立促進事業,母子家庭等の経済的自立を図り、その福 祉を増進するために、就業相談や講習会 等を実施する。,2,公益社団又は公益財団法人,公益社団法人沖縄県 母子寡婦福祉連合会,公益社団法人沖縄県母子寡婦福祉連合会,S002PL127,source_partner_name_cell_unsplit,R6.4.1 ～ R7.3.31,"21,461",21461,positive,ＮＰＯ等,ＮＰＯ等,not_selected,,,machine_display_alias_only_not_actor_identity,source_universe_row_not_relation_edge,whole_program_project_cost_not_actor_payment_or_award,"Authoritative mechanical source-row extraction; no registry merge, relation approval, actor payment, alliance, or political stance inference."
S002-R0202,S002,令和6年度「NPO等との協働実績調査」,2024,202,28,こども未来部,こども未来部,女性力・ダイ バーシティ推 進課,女性力・ダイバーシティ推進課,4,補助,補助金・助成金の支給又は物的支援,subsidy_assistance_or_in_kind,1,保健、医療又は福祉の増進を図る事業,沖縄県ひとり親家庭高 等職業訓練促進資金 貸付事業補助金 （訓練促進資金貸付 分）,沖縄県ひとり親家庭高等職業訓練促進資金貸付事業補助金(訓練促進資金貸付分),就職に有利な資格の取得を目指すひとり 親家庭の親に対し高等職業訓練促進資金 を貸付けることにより、資格の取得を促進 し、ひとり親家庭の親の自立促進を図る。,2,公益社団又は公益財団法人,公益社団法人沖縄県 母子寡婦福祉連合会,公益社団法人沖縄県母子寡婦福祉連合会,S002PL127,source_partner_name_cell_unsplit,R6.4.1 ～ R7.3.31,"1,173",1173,positive,ＮＰＯ等,ＮＰＯ等,not_selected,,,machine_display_alias_only_not_actor_identity,source_universe_row_not_relation_edge,whole_program_project_cost_not_actor_payment_or_award,"Authoritative mechanical source-row extraction; no registry merge, relation approval, actor payment, alliance, or political stance inference."
S002-R0203,S002,令和6年度「NPO等との協働実績調査」,2024,203,28,こども未来部,こども未来部,女性力・ダイ バーシティ推 進課,女性力・ダイバーシティ推進課,4,補助,補助金・助成金の支給又は物的支援,subsidy_assistance_or_in_kind,1,保健、医療又は福祉の増進を図る事業,沖縄県ひとり親家庭高 等職業訓練促進資金 貸付事業補助金 （訓練促進資金貸付 分）,沖縄県ひとり親家庭高等職業訓練促進資金貸付事業補助金(訓練促進資金貸付分),安定就労を通じた中長期的な自立支援や 住居確保を促進することを目的に、住居の 借り上げに必要となる資金の償還免除付 きの無利子無担保の住宅資金貸付を実施 する。,2,公益社団又は公益財団法人,公益社団法人沖縄県 母子寡婦福祉連合会,公益社団法人沖縄県母子寡婦福祉連合会,S002PL127,source_partner_name_cell_unsplit,R6.4.1 ～ R7.3.31,"71,550",71550,positive,ＮＰＯ等,ＮＰＯ等,not_selected,,,machine_display_alias_only_not_actor_identity,source_universe_row_not_relation_edge,whole_program_project_cost_not_actor_payment_or_award,"Authoritative mechanical source-row extraction; no registry merge, relation approval, actor payment, alliance, or political stance inference."
S002-R0204,S002,令和6年度「NPO等との協働実績調査」,2024,204,28,こども未来部,こども未来部,女性力・ダイ バーシティ推 進課,女性力・ダイバーシティ推進課,1,委託,NPO等へ業務委託を行った事業,delegated_public_program,10,人権の擁護又は平和の推進を図る事業,性の多様性に関する 理解促進に向けた啓 発業務,性の多様性に関する理解促進に向けた啓発業務,性の多様性に関する普及啓発を行うととも にパートナーシップ制度について広く県民 に周知し、スムーズな制度導入に向けた 機運醸成を図るための各種啓発活動を行 う。,1,特定非営利活動法人（NPO法人）,NPO法人レインボー ハートokinawa,NPO法人レインボーハートokinawa,S002PL129,source_partner_name_cell_unsplit,R6.12.6 ～ R7.3.19,"3,896",3896,positive,ＮＰＯ等,ＮＰＯ等,not_selected,,,machine_display_alias_only_not_actor_identity,source_universe_row_not_relation_edge,whole_program_project_cost_not_actor_payment_or_award,"Authoritative mechanical source-row extraction; no registry merge, relation approval, actor payment, alliance, or political stance inference."
S002-R0205,S002,令和6年度「NPO等との協働実績調査」,2024,205,28,こども未来部,こども未来部,女性力・ダイ バーシティ推 進課,女性力・ダイバーシティ推進課,1,委託,NPO等へ業務委託を行った事業,delegated_public_program,12,男女共同参画社会の形成の促進を図る事業,沖縄県男女共同参画 センター事業,沖縄県男女共同参画センター事業,男女共同参画センターにおける各種講 座、研修会、講演会、相談業務等の実施,2,公益社団又は公益財団法人,公益財団法人おきな わ女性財団,公益財団法人おきなわ女性財団,S002PL126,source_partner_name_cell_unsplit,R6.4.1 ～ R7.3.31,"42,656",42656,positive,行政,一緒に,not_selected,,,machine_display_alias_only_not_actor_identity,source_universe_row_not_relation_edge,whole_program_project_cost_not_actor_payment_or_award,"Authoritative mechanical source-row extraction; no registry merge, relation approval, actor payment, alliance, or political stance inference."
S002-R0206,S002,令和6年度「NPO等との協働実績調査」,2024,206,29,こども未来部,こども未来部,女性力・ダイ バーシティ推 進課,女性力・ダイバーシティ推進課,1,委託,NPO等へ業務委託を行った事業,delegated_public_program,12,男女共同参画社会の形成の促進を図る事業,女性人材育成事業 「てぃるる塾」,女性人材育成事業「てぃるる塾」,若い世代の女性のスキルアップやネット ワーク構築を目的とした講座の開催,2,公益社団又は公益財団法人,公益財団法人おきな わ女性財団,公益財団法人おきなわ女性財団,S002PL126,source_partner_name_cell_unsplit,R6.4.1 ～ R7.3.31,"7,772",7772,positive,行政,一緒に,not_selected,,,machine_display_alias_only_not_actor_identity,source_universe_row_not_relation_edge,whole_program_project_cost_not_actor_payment_or_award,"Authoritative mechanical source-row extraction; no registry merge, relation approval, actor payment, alliance, or political stance inference."
S002-R0207,S002,令和6年度「NPO等との協働実績調査」,2024,207,29,こども未来部,こども未来部,女性力・ダイ バーシティ推 進課,女性力・ダイバーシティ推進課,3,指定管理者制度による委任,指定管理者制度による委任,designated_management,12,男女共同参画社会の形成の促進を図る事業,沖縄県男女共同参画 センター指定管理,沖縄県男女共同参画センター指定管理,沖縄県男女共同参画センターの管理運営 業務,7,JV（複数の異なる団体等が共同で事業を行う組織）,公益財団法人おきな わ女性財団（沖縄県 男女共同参画セン ター管理運営団体）,公益財団法人おきなわ女性財団(沖縄県男女共同参画センター管理運営団体),S002PL130,official_JV_or_multi_party_source_cell_unsplit,R2.4.1 ～ R7.3.31,"57,374",57374,positive,行政,ＮＰＯ等,not_selected,,,machine_display_alias_only_not_actor_identity,source_universe_row_not_relation_edge,whole_program_project_cost_not_actor_payment_or_award,"Authoritative mechanical source-row extraction; no registry merge, relation approval, actor payment, alliance, or political stance inference."
S002-R0208,S002,令和6年度「NPO等との協働実績調査」,2024,208,29,こども未来部,こども未来部,女性力・ダイ バーシティ推 進課,女性力・ダイバーシティ推進課,1,委託,NPO等へ業務委託を行った事業,delegated_public_program,1,保健、医療又は福祉の増進を図る事業,令和6年度性暴力被害 者支援に係る関係機 関等従事者研修業務 委託,令和6年度性暴力被害者支援に係る関係機関等従事者研修業務委託,性暴力被害者ﾜﾝｽﾄｯﾌﾟ支援ｾﾝﾀｰの中核 機能である相談支援体制を構築するにあ たり、各種関係機関の者等が被害に遭わ れた方の心情や適切な対応等について理 解を深め、互いに連携を図る必要がある ため、性暴力被害者支援に従事する者等 を対象とした研修を実施。,2,公益社団又は公益財団法人,公益社団法人 沖縄看護協会,公益社団法人沖縄看護協会,S002PL131,source_partner_name_cell_unsplit,R6.8.20 ～ R7.3.31,852,852,positive,行政,一緒に,not_selected,,,machine_display_alias_only_not_actor_identity,source_universe_row_not_relation_edge,whole_program_project_cost_not_actor_payment_or_award,"Authoritative mechanical source-row extraction; no registry merge, relation approval, actor payment, alliance, or political stance inference."
S002-R0209,S002,令和6年度「NPO等との協働実績調査」,2024,209,29,こども未来部,こども未来部,女性力・ダイ バーシティ推 進課,女性力・ダイバーシティ推進課,1,委託,NPO等へ業務委託を行った事業,delegated_public_program,1,保健、医療又は福祉の増進を図る事業,令和6年度性暴力被害 者ﾜﾝｽﾄｯﾌﾟ支援ｾﾝﾀｰ 相談支援業務,令和6年度性暴力被害者ワンストップ支援センター相談支援業務,令和6年度性暴力被害者ﾜﾝｽﾄｯﾌﾟ支援ｾﾝ ﾀｰ相談支援業務の円滑な推進と被害者に 対する早期かつ適切な支援（電話相談、 面接・ｶｳﾝｾﾘﾝｸﾞ、同行支援）,2,公益社団又は公益財団法人,公益社団法人 沖縄看護協会,公益社団法人沖縄看護協会,S002PL131,source_partner_name_cell_unsplit,R6.4.1 ～ R7.3.31,"56,868",56868,positive,行政,行政,not_selected,,,machine_display_alias_only_not_actor_identity,source_universe_row_not_relation_edge,whole_program_project_cost_not_actor_payment_or_award,"Authoritative mechanical source-row extraction; no registry merge, relation approval, actor payment, alliance, or political stance inference."
S002-R0210,S002,令和6年度「NPO等との協働実績調査」,2024,210,29,こども未来部,こども未来部,女性力・ダイ バーシティ推 進課,女性力・ダイバーシティ推進課,1,委託,NPO等へ業務委託を行った事業,delegated_public_program,12,男女共同参画社会の形成の促進を図る事業,令和6年度つながりｻ ﾎﾟｰﾄ支援事業委託,令和6年度つながりサポート支援事業委託,孤独・孤立等で負担を抱える女性が、社会 との絆・つながりを回復することができるよ う相談会を兼ねた居場所づくりを実施。継 続的に支援が必要とされる女性について、 居場所づくりと連動して訪問相談支援を行 う。,8,その他、法人格を持たない任意団体等,女性を元気にする会,女性を元気にする会,S002PL132,source_partner_name_cell_unsplit,R6.7.1 ～ R7.3.14,"5,172",5172,positive,行政,一緒に,not_selected,,,machine_display_alias_only_not_actor_identity,source_universe_row_not_relation_edge,whole_program_project_cost_not_actor_payment_or_award,"Authoritative mechanical source-row extraction; no registry merge, relation approval, actor payment, alliance, or political stance inference."
S002-R0211,S002,令和6年度「NPO等との協働実績調査」,2024,211,29,こども未来部,こども未来部,女性力・ダイ バーシティ推 進課,女性力・ダイバーシティ推進課,1,委託,NPO等へ業務委託を行った事業,delegated_public_program,1,保健、医療又は福祉の増進を図る事業,令和6年度性暴力被害 者ﾜﾝｽﾄｯﾌﾟ支援ｾﾝﾀｰ 相談支援員養成研修 委託,令和6年度性暴力被害者ワンストップ支援センター相談支援員養成研修委託,性暴力被害者ﾜﾝｽﾄｯﾌﾟ支援ｾﾝﾀｰの中核 機能である相談支援体制を構築するにあ たり、相談支援員を育成するため、その候 補者等を対象とした研修を実施。,2,公益社団又は公益財団法人,公益社団法人 沖縄看護協会,公益社団法人沖縄看護協会,S002PL131,source_partner_name_cell_unsplit,R6.8.1 ～ R7.3.31,"3,423",3423,positive,行政,一緒に,not_selected,,,machine_display_alias_only_not_actor_identity,source_universe_row_not_relation_edge,whole_program_project_cost_not_actor_payment_or_award,"Authoritative mechanical source-row extraction; no registry merge, relation approval, actor payment, alliance, or political stance inference."
S002-R0212,S002,令和6年度「NPO等との協働実績調査」,2024,212,29,こども未来部,こども未来部,女性力・ダイ バーシティ推 進課,女性力・ダイバーシティ推進課,1,委託,NPO等へ業務委託を行った事業,delegated_public_program,1,保健、医療又は福祉の増進を図る事業,令和6年度沖縄県性暴 力被害者ﾜﾝｽﾄｯﾌﾟ支援 ｾﾝﾀｰ医療関係者研修 業務委託,令和6年度沖縄県性暴力被害者ワンストップ支援センター医療関係者研修業務委託,性暴力被害者に対して被害直後からの総 合的な支援を可能な限り１ｹ所で提供する ことを目的としている。その中でも重要な 位置づけである医療的支援を適切に行う 為に被害に遭われた方の心情や適切な対 応等について理解を深める必要があること から医療従事者を対象とした研修を実施 する。,3,営利を目的としない一般社団又は一般財団法人,一般社団法人 沖縄県医師会,一般社団法人沖縄県医師会,S002PL133,source_partner_name_cell_unsplit,R6.1.15 ～ R7.3.31,"1,404",1404,positive,行政,一緒に,not_selected,,,machine_display_alias_only_not_actor_identity,source_universe_row_not_relation_edge,whole_program_project_cost_not_actor_payment_or_award,"Authoritative mechanical source-row extraction; no registry merge, relation approval, actor payment, alliance, or political stance inference."
S002-R0213,S002,令和6年度「NPO等との協働実績調査」,2024,213,30,こども未来部,こども未来部,女性力・ダイ バーシティ推 進課,女性力・ダイバーシティ推進課,1,委託,NPO等へ業務委託を行った事業,delegated_public_program,1,保健、医療又は福祉の増進を図る事業,令和6年度DV防止対 策事業委託,令和6年度DV防止対策事業委託,DV加害者に対し暴力行為の変容を働きか けるとともに、加害防止のための予防教育 を通し、男女の人権を尊重する意識を高め ることを目的として、DV加害者更生相談窓 口の設置及びDV防止教育等を行う。,5,学校法人、医療法人等上記1～4以外の非営利法人,更生保護法人 がじゅまる沖縄,更生保護法人がじゅまる沖縄,S002PL134,source_partner_name_cell_unsplit,R6.4.1 ～ R7.3.31,"9,950",9950,positive,行政,一緒に,not_selected,,,machine_display_alias_only_not_actor_identity,source_universe_row_not_relation_edge,whole_program_project_cost_not_actor_payment_or_award,"Authoritative mechanical source-row extraction; no registry merge, relation approval, actor payment, alliance, or political stance inference."
S002-R0214,S002,令和6年度「NPO等との協働実績調査」,2024,214,30,保健医療介護 部,保健医療介護部,中部保健所,中部保健所,7,実行委員会等,委員会等にNPO等のメンバーを加えた事業,committee_participation,1,保健、医療又は福祉の増進を図る事業,難病患者ネットワーク 会議,難病患者ネットワーク会議,地域で生活する人工呼吸器装着者（児）に 対し、支援関係者が平時より連携すること で、災害対策に取り組む体制の構築を目 的とする。,1,特定非営利活動法人（NPO法人）,ＮＰＯ法人アンビシャ ス,NPO法人アンビシャス,S002PL135,source_partner_name_cell_unsplit,R6.5.9 ～ R7.2.7,386,386,positive,行政,行政,not_selected,,,machine_display_alias_only_not_actor_identity,source_universe_row_not_relation_edge,whole_program_project_cost_not_actor_payment_or_award,"Authoritative mechanical source-row extraction; no registry merge, relation approval, actor payment, alliance, or political stance inference."
S002-R0215,S002,令和6年度「NPO等との協働実績調査」,2024,215,30,保健医療介護 部,保健医療介護部,中部保健所,中部保健所,9,講師等,講演会等の講師をNPO等が担当,lecturer_or_expertise,1,保健、医療又は福祉の増進を図る事業,在宅難病患者支援者 研修会,在宅難病患者支援者研修会,在宅難病患者支援に関わる支援者がコ ミュニケーション支援に関する知識を習 得、実際の機器を体験することで支援の実 際をイメージでき、対象者への支援場面に 役立てられるようになることを目的として研 修会を開催。,1,特定非営利活動法人（NPO法人）,ＮＰＯ法人アンビシャ ス,NPO法人アンビシャス,S002PL135,source_partner_name_cell_unsplit,R6.11.15 ～ R6.11.15,386,386,positive,行政,行政,not_selected,,,machine_display_alias_only_not_actor_identity,source_universe_row_not_relation_edge,whole_program_project_cost_not_actor_payment_or_award,"Authoritative mechanical source-row extraction; no registry merge, relation approval, actor payment, alliance, or political stance inference."
S002-R0216,S002,令和6年度「NPO等との協働実績調査」,2024,216,30,保健医療介護 部,保健医療介護部,中部保健所,中部保健所,9,講師等,講演会等の講師をNPO等が担当,lecturer_or_expertise,1,保健、医療又は福祉の増進を図る事業,アルコール家族教室,アルコール家族教室,アルコール関連問題を抱えている家族が、 アルコール依存症について正しい知識を 学び、家族同士の交流を行うことで、家族 自身が回復のイメージを持つことが出来る ことを目的とする。,3,営利を目的としない一般社団又は一般財団法人,一般社団法人おきな わASK,一般社団法人おきなわASK,S002PL136,source_partner_name_cell_unsplit,R6.8.23 ～ R6.8.23,342,342,positive,行政,行政,not_selected,,,machine_display_alias_only_not_actor_identity,source_universe_row_not_relation_edge,whole_program_project_cost_not_actor_payment_or_award,"Authoritative mechanical source-row extraction; no registry merge, relation approval, actor payment, alliance, or political stance inference."
S002-R0217,S002,令和6年度「NPO等との協働実績調査」,2024,217,30,保健医療介護 部,保健医療介護部,医療政策課,医療政策課,1,委託,NPO等へ業務委託を行った事業,delegated_public_program,1,保健、医療又は福祉の増進を図る事業,臨床研修医確保対策 事業,臨床研修医確保対策事業,県外で実施される医学生・研修医を対象と した臨床研修病院の合同説明会へ、県内 すべての臨床研修病院が合同で参加し、 県内病院の臨床研修の魅力を効果的・効 率的にPRすることで、県内の臨床研修医 の確保を図る。,3,営利を目的としない一般社団又は一般財団法人,一般社団法人沖縄県 医師会,一般社団法人沖縄県医師会,S002PL133,source_partner_name_cell_unsplit,H24.4.1 ～ 終期未定,"28,581",28581,positive,ＮＰＯ等,ＮＰＯ等,not_selected,,,machine_display_alias_only_not_actor_identity,source_universe_row_not_relation_edge,whole_program_project_cost_not_actor_payment_or_award,"Authoritative mechanical source-row extraction; no registry merge, relation approval, actor payment, alliance, or political stance inference."
S002-R0218,S002,令和6年度「NPO等との協働実績調査」,2024,218,30,保健医療介護 部,保健医療介護部,医療政策課,医療政策課,1,委託,NPO等へ業務委託を行った事業,delegated_public_program,1,保健、医療又は福祉の増進を図る事業,地域医療連携体制推 進事業,地域医療連携体制推進事業,５疾病６事業等（がん対策、脳卒中対策、 急性心筋梗塞対策、糖尿病対策、救急医 療対策、災害医療対策、へき地医療対 策、周産期医療対策、小児救急医療を含 む小児医療対策など）ごとの医療連携体 制を構築することを目的とする。,3,営利を目的としない一般社団又は一般財団法人,一般社団法人沖縄県 医師会ほか７地区医 師会,一般社団法人沖縄県医師会ほか7地区医師会,S002PL137,source_partner_name_cell_unsplit,H18.4.1 ～ 終期未定,"4,685",4685,positive,ＮＰＯ等,一緒に,not_selected,,,machine_display_alias_only_not_actor_identity,source_universe_row_not_relation_edge,whole_program_project_cost_not_actor_payment_or_award,"Authoritative mechanical source-row extraction; no registry merge, relation approval, actor payment, alliance, or political stance inference."
S002-R0219,S002,令和6年度「NPO等との協働実績調査」,2024,219,30,保健医療介護 部,保健医療介護部,医療政策課,医療政策課,1,委託,NPO等へ業務委託を行った事業,delegated_public_program,8,災害救援事業,令和６年度沖縄県災 害医療コーディネート 研修実施業務,令和6年度沖縄県災害医療コーディネート研修実施業務,災害医療に携わる県及び市町村の行政職 員、保健医療関係者を対象として、大規模 災害時の医療救護活動の調整に関する研 修を実施することにより、災害医療体制の 充実・強化を図る。,1,特定非営利活動法人（NPO法人）,特定非営利活動法人 災害医療ACT研究所,特定非営利活動法人災害医療ACT研究所,S002PL138,source_partner_name_cell_unsplit,R6.11.20 ～ R7.2.28,"3,228",3228,positive,ＮＰＯ等,ＮＰＯ等,not_selected,,,machine_display_alias_only_not_actor_identity,source_universe_row_not_relation_edge,whole_program_project_cost_not_actor_payment_or_award,"Authoritative mechanical source-row extraction; no registry merge, relation approval, actor payment, alliance, or political stance inference."
S002-R0220,S002,令和6年度「NPO等との協働実績調査」,2024,220,31,保健医療介護 部,保健医療介護部,医療政策課,医療政策課,4,補助,補助金・助成金の支給又は物的支援,subsidy_assistance_or_in_kind,1,保健、医療又は福祉の増進を図る事業,地域医療構想機能連 携強化事業（おきなわ 津梁ネットワーク）,地域医療構想機能連携強化事業(おきなわ津梁ネットワーク),病院・診療所間の切れ目のない医療情報 連携を可能とするため、医療機関相互の ネットワーク構築を図るとともに、津波など による診療情報流出防止の観点から、防 災上安全な地域にデータサーバーを設置 し、診療情報等のデータを当該サーバーに 標準的な形式で保存することができるよう 設備の整備を行う。,3,営利を目的としない一般社団又は一般財団法人,一般社団法人沖縄県 医師会,一般社団法人沖縄県医師会,S002PL133,source_partner_name_cell_unsplit,H22.4.1 ～ 終期未定,"40,000",40000,positive,ＮＰＯ等,ＮＰＯ等,not_selected,,,machine_display_alias_only_not_actor_identity,source_universe_row_not_relation_edge,whole_program_project_cost_not_actor_payment_or_award,"Authoritative mechanical source-row extraction; no registry merge, relation approval, actor payment, alliance, or political stance inference."
S002-R0221,S002,令和6年度「NPO等との協働実績調査」,2024,221,31,保健医療介護 部,保健医療介護部,医療政策課,医療政策課,1,委託,NPO等へ業務委託を行った事業,delegated_public_program,1,保健、医療又は福祉の増進を図る事業,へき地医療支援機構 運営事業,へき地医療支援機構運営事業,へき地離島診療所からの代診医の派遣要 請等、広域的なへき地医療支援事業の企 画・調整等を行い、へき地医療対策の各種 事業を円滑かつ効率的に実施することを 目的とする。,2,公益社団又は公益財団法人,公益社団法人地域医 療振興協会,公益社団法人地域医療振興協会,S002PL139,source_partner_name_cell_unsplit,H19.4.1 ～ 終期未定,"33,068",33068,positive,ＮＰＯ等,ＮＰＯ等,not_selected,,,machine_display_alias_only_not_actor_identity,source_universe_row_not_relation_edge,whole_program_project_cost_not_actor_payment_or_award,"Authoritative mechanical source-row extraction; no registry merge, relation approval, actor payment, alliance, or political stance inference."
S002-R0222,S002,令和6年度「NPO等との協働実績調査」,2024,222,31,保健医療介護 部,保健医療介護部,医療政策課,医療政策課,1,委託,NPO等へ業務委託を行った事業,delegated_public_program,1,保健、医療又は福祉の増進を図る事業,勤務医等環境整備事 業,勤務医等環境整備事業,出産・育児・介護等による女性医師等の離 職防止や、復職を希望する医師の再就業 の促進を図るため、相談窓口を設け、仕事 と家庭の両立に関する相談・助言をおこな うとともに、復職を希望する医師に就業先 医療機関や復職支援研修を実施する医療 機関の紹介を行う。,3,営利を目的としない一般社団又は一般財団法人,一般社団法人沖縄県 医師会,一般社団法人沖縄県医師会,S002PL133,source_partner_name_cell_unsplit,H27.2.1 ～ 終期未定,"4,165",4165,positive,ＮＰＯ等,ＮＰＯ等,not_selected,,,machine_display_alias_only_not_actor_identity,source_universe_row_not_relation_edge,whole_program_project_cost_not_actor_payment_or_award,"Authoritative mechanical source-row extraction; no registry merge, relation approval, actor payment, alliance, or political stance inference."
S002-R0223,S002,令和6年度「NPO等との協働実績調査」,2024,223,31,保健医療介護 部,保健医療介護部,医療政策課,医療政策課,4,補助,補助金・助成金の支給又は物的支援,subsidy_assistance_or_in_kind,1,保健、医療又は福祉の増進を図る事業,医療人育成事業,医療人育成事業,沖縄県で医師臨床研修を行っている若手 医師の県内定着やスキルアップ、及び臨 床研修病院間の協力関係の構築に伴う臨 床研修環境の向上を図るため、県内全て の基幹型臨床研修病院が連携して取り組 む研修医の育成に対して支援を行う。,3,営利を目的としない一般社団又は一般財団法人,一般社団法人沖縄県 医師会,一般社団法人沖縄県医師会,S002PL133,source_partner_name_cell_unsplit,H28.4.1 ～ 終期未定,"2,737",2737,positive,ＮＰＯ等,ＮＰＯ等,not_selected,,,machine_display_alias_only_not_actor_identity,source_universe_row_not_relation_edge,whole_program_project_cost_not_actor_payment_or_award,"Authoritative mechanical source-row extraction; no registry merge, relation approval, actor payment, alliance, or political stance inference."
S002-R0224,S002,令和6年度「NPO等との協働実績調査」,2024,224,31,保健医療介護 部,保健医療介護部,医療政策課,医療政策課,1,委託,NPO等へ業務委託を行った事業,delegated_public_program,1,保健、医療又は福祉の増進を図る事業,医療機能分化連携推 進事業,医療機能分化連携推進事業,将来不足が見込まれる回復期機能病床の 整備を促進するため、回復期機能等の現 状や課題に関する調査・分析を実施すると ともに、課題解消に向けた勉強会の開催 や必要となる人材の確保に向けた研修会 等を実施する。,3,営利を目的としない一般社団又は一般財団法人,一般社団法人沖縄県 医師会,一般社団法人沖縄県医師会,S002PL133,source_partner_name_cell_unsplit,H30.10.1 ～ 終期未定,"5,418",5418,positive,ＮＰＯ等,ＮＰＯ等,not_selected,,,machine_display_alias_only_not_actor_identity,source_universe_row_not_relation_edge,whole_program_project_cost_not_actor_payment_or_award,"Authoritative mechanical source-row extraction; no registry merge, relation approval, actor payment, alliance, or political stance inference."
S002-R0225,S002,令和6年度「NPO等との協働実績調査」,2024,225,31,保健医療介護 部,保健医療介護部,薬務生活衛 生課,薬務生活衛生課,1,委託,NPO等へ業務委託を行った事業,delegated_public_program,1,保健、医療又は福祉の増進を図る事業,薬剤師確保対策モデ ル事業,薬剤師確保対策モデル事業,奨学金返還予定の薬学生又は返還中の 県外勤務の薬剤師に対し、県内での就業 を条件として奨学金返還額の一部を補助 することで、県内で就業する薬剤師の確保 を図る。,3,営利を目的としない一般社団又は一般財団法人,一般社団法人沖縄県 薬剤師会,一般社団法人沖縄県薬剤師会,S002PL140,source_partner_name_cell_unsplit,R6.4.1 ～ R7.3.31,"2,796",2796,positive,行政,行政,not_selected,,,machine_display_alias_only_not_actor_identity,source_universe_row_not_relation_edge,whole_program_project_cost_not_actor_payment_or_award,"Authoritative mechanical source-row extraction; no registry merge, relation approval, actor payment, alliance, or political stance inference."
S002-R0226,S002,令和6年度「NPO等との協働実績調査」,2024,226,32,保健医療介護 部,保健医療介護部,薬務生活衛 生課,薬務生活衛生課,4,補助,補助金・助成金の支給又は物的支援,subsidy_assistance_or_in_kind,1,保健、医療又は福祉の増進を図る事業,訪問薬剤管理指導推 進事業,訪問薬剤管理指導推進事業,訪問薬剤管理指導事業を行っている薬 局、薬剤師による業務研修等を実施し、訪 問薬剤管理指導業務を実施する薬局の増 加を図る。,3,営利を目的としない一般社団又は一般財団法人,一般社団法人沖縄県 薬剤師会,一般社団法人沖縄県薬剤師会,S002PL140,source_partner_name_cell_unsplit,R6.8.1 ～ R7.3.31,929,929,positive,ＮＰＯ等,ＮＰＯ等,not_selected,,,machine_display_alias_only_not_actor_identity,source_universe_row_not_relation_edge,whole_program_project_cost_not_actor_payment_or_award,"Authoritative mechanical source-row extraction; no registry merge, relation approval, actor payment, alliance, or political stance inference."
S002-R0227,S002,令和6年度「NPO等との協働実績調査」,2024,227,32,保健医療介護 部,保健医療介護部,薬務生活衛 生課,薬務生活衛生課,4,補助,補助金・助成金の支給又は物的支援,subsidy_assistance_or_in_kind,1,保健、医療又は福祉の増進を図る事業,薬剤師確保対策事業,薬剤師確保対策事業,沖縄県内に勤務する薬剤師を確保するた めの全国の薬科大学をはじめ、薬剤師就 職合同説明会、薬剤師国家試験合格ゼミ ナールにおける進路相談会等へ出向き、 就職斡旋を実施する。また、広告等を活用 し県内での就業を促進する。,3,営利を目的としない一般社団又は一般財団法人,一般社団法人沖縄県 薬剤師会,一般社団法人沖縄県薬剤師会,S002PL140,source_partner_name_cell_unsplit,R6.7.1 ～ R7.3.31,"1,864",1864,positive,ＮＰＯ等,ＮＰＯ等,not_selected,,,machine_display_alias_only_not_actor_identity,source_universe_row_not_relation_edge,whole_program_project_cost_not_actor_payment_or_award,"Authoritative mechanical source-row extraction; no registry merge, relation approval, actor payment, alliance, or political stance inference."
S002-R0228,S002,令和6年度「NPO等との協働実績調査」,2024,228,32,保健医療介護 部,保健医療介護部,薬務生活衛 生課,薬務生活衛生課,4,補助,補助金・助成金の支給又は物的支援,subsidy_assistance_or_in_kind,1,保健、医療又は福祉の増進を図る事業,認定薬剤師育成支援 事業,認定薬剤師育成支援事業,国が2025年までに構築を目指している地 域包括ケアシステムを推進するにあたり、 高度薬学管理機能を発揮できる薬剤師・ 薬局が必要となっている。学会等が認定す る認定（専門）薬剤師の資格取得ができる よう支援を行い、認定（専門）薬剤師の増 加を図る。,3,営利を目的としない一般社団又は一般財団法人,一般社団法人沖縄県 薬剤師会,一般社団法人沖縄県薬剤師会,S002PL140,source_partner_name_cell_unsplit,R6.8.1 ～ R7.3.31,105,105,positive,ＮＰＯ等,ＮＰＯ等,not_selected,,,machine_display_alias_only_not_actor_identity,source_universe_row_not_relation_edge,whole_program_project_cost_not_actor_payment_or_award,"Authoritative mechanical source-row extraction; no registry merge, relation approval, actor payment, alliance, or political stance inference."
S002-R0229,S002,令和6年度「NPO等との協働実績調査」,2024,229,32,保健医療介護 部,保健医療介護部,薬務生活衛 生課,薬務生活衛生課,4,補助,補助金・助成金の支給又は物的支援,subsidy_assistance_or_in_kind,19,NPO等の活動や運営を支援する事業,生活衛生営業指導セ ンター育成事業,生活衛生営業指導センター育成事業,生活衛生関係営業の経営の健全化、生活 衛生同業組合の育成等について助言・指 導を行う沖縄県生活衛生営業指導セン ターの人件費及び事業費について補助を 行う。,2,公益社団又は公益財団法人,公益財団法人沖縄県 生活衛生営業指導セ ンター,公益財団法人沖縄県生活衛生営業指導センター,S002PL141,source_partner_name_cell_unsplit,R6.4.1 ～ R7.3.31,"16,851",16851,positive,ＮＰＯ等,ＮＰＯ等,not_selected,,,machine_display_alias_only_not_actor_identity,source_universe_row_not_relation_edge,whole_program_project_cost_not_actor_payment_or_award,"Authoritative mechanical source-row extraction; no registry merge, relation approval, actor payment, alliance, or political stance inference."
S002-R0230,S002,令和6年度「NPO等との協働実績調査」,2024,230,32,保健医療介護 部,保健医療介護部,薬務生活衛 生課,薬務生活衛生課,1,委託,NPO等へ業務委託を行った事業,delegated_public_program,19,NPO等の活動や運営を支援する事業,沖縄振興開発金融公 庫及び日本政策金融 公庫（生活衛生資金貸 付）の一般貸付に係る 沖縄県知事の推せん 事務委託,沖縄振興開発金融公庫及び日本政策金融公庫(生活衛生資金貸付)の一般貸付に係る沖縄県知事の推せん事務委託,沖縄振興開発金融公庫及び日本政策金 融公庫への融資、経営指導を行っている 専門性、優位性を活かして、沖縄振興開 発金融公庫及び日本政策金融公庫（生活 衛生資金貸付）の一般貸付に係る沖縄県 知事の推せん事務の業務を実施する。,2,公益社団又は公益財団法人,公益財団法人沖縄県 生活衛生営業指導セ ンター,公益財団法人沖縄県生活衛生営業指導センター,S002PL141,source_partner_name_cell_unsplit,R6.4.1 ～ R7.3.31,152,152,positive,ＮＰＯ等,ＮＰＯ等,not_selected,,,machine_display_alias_only_not_actor_identity,source_universe_row_not_relation_edge,whole_program_project_cost_not_actor_payment_or_award,"Authoritative mechanical source-row extraction; no registry merge, relation approval, actor payment, alliance, or political stance inference."
S002-R0231,S002,令和6年度「NPO等との協働実績調査」,2024,231,32,保健医療介護 部,保健医療介護部,薬務生活衛 生課,薬務生活衛生課,1,委託,NPO等へ業務委託を行った事業,delegated_public_program,9,地域安全及び犯罪防止に関する事業,薬物乱用防止特別啓 発事業,薬物乱用防止特別啓発事業,地域における薬物乱用防止啓発活動の充 実及び強化を図るため、街頭キャンペーン や薬物乱用防止教室等を実施する。,8,その他、法人格を持たない任意団体等,沖縄県薬物乱用防止 協会,沖縄県薬物乱用防止協会,S002PL142,source_partner_name_cell_unsplit,H17.4.1 ～ 終期未定,"2,800",2800,positive,一緒に,一緒に,not_selected,,,machine_display_alias_only_not_actor_identity,source_universe_row_not_relation_edge,whole_program_project_cost_not_actor_payment_or_award,"Authoritative mechanical source-row extraction; no registry merge, relation approval, actor payment, alliance, or political stance inference."
S002-R0232,S002,令和6年度「NPO等との協働実績調査」,2024,232,32,保健医療介護 部,保健医療介護部,薬務生活衛 生課,薬務生活衛生課,1,委託,NPO等へ業務委託を行った事業,delegated_public_program,1,保健、医療又は福祉の増進を図る事業,沖縄県「薬と健康の週 間」にかかる啓発事業,沖縄県「薬と健康の週間」にかかる啓発事業,医薬品や薬剤師、登録販売者等（以下、 「薬剤師等」という。）の専門家の役割に関 する正しい知識を広く県民に浸透させるこ とにより、県民の保健衛生の維持向上に 寄与することを目的とする。,3,営利を目的としない一般社団又は一般財団法人,一般財団法人 沖縄 県薬剤師会,一般財団法人沖縄県薬剤師会,S002PL143,source_partner_name_cell_unsplit,R1.10.1 ～ 終期未定,499,499,positive,一緒に,一緒に,not_selected,,,machine_display_alias_only_not_actor_identity,source_universe_row_not_relation_edge,whole_program_project_cost_not_actor_payment_or_award,"Authoritative mechanical source-row extraction; no registry merge, relation approval, actor payment, alliance, or political stance inference."
S002-R0233,S002,令和6年度「NPO等との協働実績調査」,2024,233,33,保健医療介護 部,保健医療介護部,宮古保健所,宮古保健所,8,事業協力,共催以外の形態で協力・連携,program_cooperation,1,保健、医療又は福祉の増進を図る事業,令和6年度 難病対策 地域ネットワーク会議,令和6年度難病対策地域ネットワーク会議,医療的ケアを必要とす在宅難病等療養者 の災害時対策等について、関係機関等と 緊密な連携を図りながら個別支援体制の 構築を目指す。,1,特定非営利活動法人（NPO法人）,ＮＰＯ法人アンビシャ ス,NPO法人アンビシャス,S002PL135,source_partner_name_cell_unsplit,R6.6.25 R6.6.25,0,0,zero,行政,行政,not_selected,,,machine_display_alias_only_not_actor_identity,source_universe_row_not_relation_edge,whole_program_project_cost_not_actor_payment_or_award,"Authoritative mechanical source-row extraction; no registry merge, relation approval, actor payment, alliance, or political stance inference."
S002-R0234,S002,令和6年度「NPO等との協働実績調査」,2024,234,33,保健医療介護 部,保健医療介護部,宮古保健所,宮古保健所,1,委託,NPO等へ業務委託を行った事業,delegated_public_program,7,環境の保全を図る事業,宮古保健所庁舎敷地 内の除草及び木の剪 定作業委託,宮古保健所庁舎敷地内の除草及び木の剪定作業委託,宮古保健所庁舎敷地内の除草及び木の 剪定作業を行い、環境の美化を図る,1,特定非営利活動法人（NPO法人）,ＮＰＯ法人すこやか ネット,NPO法人すこやかネット,S002PL144,source_partner_name_cell_unsplit,R6.12.10 R6.12.10,80,80,positive,行政,ＮＰＯ等,not_selected,,,machine_display_alias_only_not_actor_identity,source_universe_row_not_relation_edge,whole_program_project_cost_not_actor_payment_or_award,"Authoritative mechanical source-row extraction; no registry merge, relation approval, actor payment, alliance, or political stance inference."
S002-R0235,S002,令和6年度「NPO等との協働実績調査」,2024,235,33,保健医療介護 部,保健医療介護部,衛生環境研 究所,衛生環境研究所,8,事業協力,共催以外の形態で協力・連携,program_cooperation,1,保健、医療又は福祉の増進を図る事業,環境DNAによるハブク ラゲのモニタリング手 法の野外研究（ハブク ラゲ等危害防止対策 事業）,環境DNAによるハブクラゲのモニタリング手法の野外研究(ハブクラゲ等危害防止対策事業),ハブクラゲ等の海洋危険生物による県民 への危害を防止する目的で、環境DNAに よるハブクラゲのモニタリング手法につい て研究する。,3,営利を目的としない一般社団又は一般財団法人,一般財団法人沖縄美 ら島財団,一般財団法人沖縄美ら島財団,S002PL145,source_partner_name_cell_unsplit,R6.12.13 ～ R7.3.31,519,519,positive,行政,一緒に,not_selected,,,machine_display_alias_only_not_actor_identity,source_universe_row_not_relation_edge,whole_program_project_cost_not_actor_payment_or_award,"Authoritative mechanical source-row extraction; no registry merge, relation approval, actor payment, alliance, or political stance inference."
S002-R0236,S002,令和6年度「NPO等との協働実績調査」,2024,236,33,保健医療介護 部,保健医療介護部,地域保健課,地域保健課,4,補助,補助金・助成金の支給又は物的支援,subsidy_assistance_or_in_kind,1,保健、医療又は福祉の増進を図る事業,小児慢性特定疾患児 人工呼吸器用外部 バッテリー等貸与事業,小児慢性特定疾患児人工呼吸器用外部バッテリー等貸与事業,小児慢性特定疾病児童等の安定した療養 生活の確保のため、人工呼吸器等を装着 する在宅療養児に対して、外部バッテリー 等の予備電源を貸与することにより、台風 等に伴う停電時の安全確保を図る。,1,特定非営利活動法人（NPO法人）,NPO法人アンビシャス,NPO法人アンビシャス,S002PL135,source_partner_name_cell_unsplit,H24.5.31 ～ 終期未定,"4,612",4612,positive,一緒に,ＮＰＯ等,not_selected,,,machine_display_alias_only_not_actor_identity,source_universe_row_not_relation_edge,whole_program_project_cost_not_actor_payment_or_award,"Authoritative mechanical source-row extraction; no registry merge, relation approval, actor payment, alliance, or political stance inference."
S002-R0237,S002,令和6年度「NPO等との協働実績調査」,2024,237,33,保健医療介護 部,保健医療介護部,地域保健課,地域保健課,4,補助,補助金・助成金の支給又は物的支援,subsidy_assistance_or_in_kind,1,保健、医療又は福祉の増進を図る事業,沖縄県小児慢性特定 疾病児自立支援事業 に係るピアカウンセリ ング業務,沖縄県小児慢性特定疾病児自立支援事業に係るピアカウンセリング業務,小児慢性特定疾病児やその家族に対し て、ピアカウンセリングによる精神的なサ ポートを行うほか、県内各地域の関係団体 を支援し、新たなピアサポーターの育成を 行うことにより、患者家族の自立促進に向 けた支援体制の構築を図る。,1,特定非営利活動法人（NPO法人）,NPO法人子ども医療 支援わらびの会,NPO法人子ども医療支援わらびの会,S002PL146,source_partner_name_cell_unsplit,H28.4.1 ～ 終期未定,"1,233",1233,positive,ＮＰＯ等,ＮＰＯ等,not_selected,,,machine_display_alias_only_not_actor_identity,source_universe_row_not_relation_edge,whole_program_project_cost_not_actor_payment_or_award,"Authoritative mechanical source-row extraction; no registry merge, relation approval, actor payment, alliance, or political stance inference."
S002-R0238,S002,令和6年度「NPO等との協働実績調査」,2024,238,33,保健医療介護 部,保健医療介護部,地域保健課,地域保健課,1,委託,NPO等へ業務委託を行った事業,delegated_public_program,1,保健、医療又は福祉の増進を図る事業,ゲートキーパー養成研 修講師派遣事業,ゲートキーパー養成研修講師派遣事業,自殺対策として、各種団体等へのゲート キーパー養成のため、講師を派遣する,3,営利を目的としない一般社団又は一般財団法人,一般社団法人沖縄県 公認心理師協会,一般社団法人沖縄県公認心理師協会,S002PL147,source_partner_name_cell_unsplit,R6.5.24 ～ R7.3.31,493,493,positive,一緒に,ＮＰＯ等,not_selected,,,machine_display_alias_only_not_actor_identity,source_universe_row_not_relation_edge,whole_program_project_cost_not_actor_payment_or_award,"Authoritative mechanical source-row extraction; no registry merge, relation approval, actor payment, alliance, or political stance inference."
S002-R0239,S002,令和6年度「NPO等との協働実績調査」,2024,239,33,保健医療介護 部,保健医療介護部,地域保健課,地域保健課,1,委託,NPO等へ業務委託を行った事業,delegated_public_program,1,保健、医療又は福祉の増進を図る事業,ゲートキーパー養成研 修講師派遣事業,ゲートキーパー養成研修講師派遣事業,自殺対策として、各種団体等へのゲート キーパー養成のため、講師を派遣する,3,営利を目的としない一般社団又は一般財団法人,一般社団法人日本産 業カウンセラー協会 沖縄支部,一般社団法人日本産業カウンセラー協会沖縄支部,S002PL148,source_partner_name_cell_unsplit,R6.5.24 ～ R7.3.31,230,230,positive,一緒に,ＮＰＯ等,not_selected,,,machine_display_alias_only_not_actor_identity,source_universe_row_not_relation_edge,whole_program_project_cost_not_actor_payment_or_award,"Authoritative mechanical source-row extraction; no registry merge, relation approval, actor payment, alliance, or political stance inference."
S002-R0240,S002,令和6年度「NPO等との協働実績調査」,2024,240,34,保健医療介護 部,保健医療介護部,地域保健課,地域保健課,1,委託,NPO等へ業務委託を行った事業,delegated_public_program,1,保健、医療又は福祉の増進を図る事業,ひきこもり支援体制構 築加速化事業,ひきこもり支援体制構築加速化事業,ひきこもり状態にある本人同士をつなげる オンライン居場所づくり及びオンライン交 流の場の設置,1,特定非営利活動法人（NPO法人）,NPO法人 はじめまし た。,NPO法人はじめました。,S002PL149,source_partner_name_cell_unsplit,R6.4.1 ～ R7.3.31,988,988,positive,ＮＰＯ等,ＮＰＯ等,not_selected,,,machine_display_alias_only_not_actor_identity,source_universe_row_not_relation_edge,whole_program_project_cost_not_actor_payment_or_award,"Authoritative mechanical source-row extraction; no registry merge, relation approval, actor payment, alliance, or political stance inference."
S002-R0241,S002,令和6年度「NPO等との協働実績調査」,2024,241,34,保健医療介護 部,保健医療介護部,地域保健課,地域保健課,4,補助,補助金・助成金の支給又は物的支援,subsidy_assistance_or_in_kind,1,保健、医療又は福祉の増進を図る事業,電話相談員人材育成 事業,電話相談員人材育成事業,沖縄いのちの電話相談員の資質向上を図 ることを目的に相談員勉強会及びスーパ バイズ相談会の実施,4,社会福祉法人,社会福祉法人沖縄い のちの電話,社会福祉法人沖縄いのちの電話,S002PL150,source_partner_name_cell_unsplit,R6.4.1 ～ R7.3.31,"1,400",1400,positive,ＮＰＯ等,ＮＰＯ等,not_selected,,,machine_display_alias_only_not_actor_identity,source_universe_row_not_relation_edge,whole_program_project_cost_not_actor_payment_or_award,"Authoritative mechanical source-row extraction; no registry merge, relation approval, actor payment, alliance, or political stance inference."
S002-R0242,S002,令和6年度「NPO等との協働実績調査」,2024,242,34,保健医療介護 部,保健医療介護部,地域保健課,地域保健課,4,補助,補助金・助成金の支給又は物的支援,subsidy_assistance_or_in_kind,1,保健、医療又は福祉の増進を図る事業,自殺対策フォーラム （普及啓発事業）,自殺対策フォーラム(普及啓発事業),自殺対策に関する県民向けフォーラムを 開催することで、県民が自殺対策に関心を 持ち、また正しい知識を獲得する目的とす る,3,営利を目的としない一般社団又は一般財団法人,一般社団法人那覇市 医師会,一般社団法人那覇市医師会,S002PL151,source_partner_name_cell_unsplit,R6.4.1 ～ R7.3.31,350,350,positive,ＮＰＯ等,ＮＰＯ等,not_selected,,,machine_display_alias_only_not_actor_identity,source_universe_row_not_relation_edge,whole_program_project_cost_not_actor_payment_or_award,"Authoritative mechanical source-row extraction; no registry merge, relation approval, actor payment, alliance, or political stance inference."
S002-R0243,S002,令和6年度「NPO等との協働実績調査」,2024,243,34,保健医療介護 部,保健医療介護部,地域保健課,地域保健課,1,委託,NPO等へ業務委託を行った事業,delegated_public_program,1,保健、医療又は福祉の増進を図る事業,地域連携による依存 症早期発見、早期対 応、継続支援モデル事 業,地域連携による依存症早期発見、早期対応、継続支援モデル事業,地域での医療連携による依存症患者の早 期発見から、早期対応、継続的なサポート を実施し、依存症患者を適切な治療、支援 に確実に結びつけることを目的とする。,5,学校法人、医療法人等上記1～4以外の非営利法人,医療法人タピック 沖縄リハビリテーショ ンセンター病院,医療法人タピック沖縄リハビリテーションセンター病院,S002PL152,source_partner_name_cell_unsplit,R6.4.1 ～ R7.3.31,"1,995",1995,positive,ＮＰＯ等,ＮＰＯ等,not_selected,,,machine_display_alias_only_not_actor_identity,source_universe_row_not_relation_edge,whole_program_project_cost_not_actor_payment_or_award,"Authoritative mechanical source-row extraction; no registry merge, relation approval, actor payment, alliance, or political stance inference."
S002-R0244,S002,令和6年度「NPO等との協働実績調査」,2024,244,34,保健医療介護 部,保健医療介護部,地域保健課,地域保健課,1,委託,NPO等へ業務委託を行った事業,delegated_public_program,1,保健、医療又は福祉の増進を図る事業,地域連携による依存 症早期発見、早期対 応、継続支援モデル事 業,地域連携による依存症早期発見、早期対応、継続支援モデル事業,地域での医療連携による依存症患者の早 期発見から、早期対応、継続的なサポート を実施し、依存症患者を適切な治療、支援 に確実に結びつけることを目的とする。,5,学校法人、医療法人等上記1～4以外の非営利法人,沖縄県医療生活協同 組合沖縄協同病院,沖縄県医療生活協同組合沖縄協同病院,S002PL153,source_partner_name_cell_unsplit,R6.4.1 ～ R7.3.31,"1,660",1660,positive,ＮＰＯ等,ＮＰＯ等,not_selected,,,machine_display_alias_only_not_actor_identity,source_universe_row_not_relation_edge,whole_program_project_cost_not_actor_payment_or_award,"Authoritative mechanical source-row extraction; no registry merge, relation approval, actor payment, alliance, or political stance inference."
S002-R0245,S002,令和6年度「NPO等との協働実績調査」,2024,245,34,保健医療介護 部,保健医療介護部,地域保健課,地域保健課,1,委託,NPO等へ業務委託を行った事業,delegated_public_program,1,保健、医療又は福祉の増進を図る事業,都道府県臓器移植連 絡調整者設置事業費,都道府県臓器移植連絡調整者設置事業費,県臓器移植コーディネーターを設置し、臓 器移植に関する関係機関との連絡調整及 び県民への普及啓発を行う。,2,公益社団又は公益財団法人,（公財）沖縄県保健医 療福祉事業団,(公財)沖縄県保健医療福祉事業団,S002PL154,source_partner_name_cell_unsplit,H10.4.1 ～ 終期未定,"3,264",3264,positive,行政,一緒に,not_selected,,,machine_display_alias_only_not_actor_identity,source_universe_row_not_relation_edge,whole_program_project_cost_not_actor_payment_or_award,"Authoritative mechanical source-row extraction; no registry merge, relation approval, actor payment, alliance, or political stance inference."
S002-R0246,S002,令和6年度「NPO等との協働実績調査」,2024,246,34,保健医療介護 部,保健医療介護部,地域保健課,地域保健課,9,講師等,講演会等の講師をNPO等が担当,lecturer_or_expertise,10,人権の擁護又は平和の推進を図る事業,ハンセン病問題から学 ぶ人権啓発講演会,ハンセン病問題から学ぶ人権啓発講演会,小中学校においてハンセン病問題に関す る人権啓発講演会を実施。,6,自治会,沖縄愛楽園自治会,沖縄愛楽園自治会,S002PL155,source_partner_name_cell_unsplit,H29.4.1 ～ 終期未定,0,0,zero,行政,一緒に,not_selected,,,machine_display_alias_only_not_actor_identity,source_universe_row_not_relation_edge,whole_program_project_cost_not_actor_payment_or_award,"Authoritative mechanical source-row extraction; no registry merge, relation approval, actor payment, alliance, or political stance inference."
S002-R0247,S002,令和6年度「NPO等との協働実績調査」,2024,247,34,保健医療介護 部,保健医療介護部,地域保健課,地域保健課,1,委託,NPO等へ業務委託を行った事業,delegated_public_program,1,保健、医療又は福祉の増進を図る事業,沖縄県精神科救急医 療体制整備事業,沖縄県精神科救急医療体制整備事業,沖縄県内において、緊急な医療を必要と する全ての精神障害者等が、迅速かつ適 正な医療を受けられるように、沖縄県が精 神科救急医療体制を確保することを目的 とする。,3,営利を目的としない一般社団又は一般財団法人,一般財団法人沖縄県 精神保健福祉協会,一般財団法人沖縄県精神保健福祉協会,S002PL156,source_partner_name_cell_unsplit,H10.6.1 ～ 終期未定,"14,775",14775,positive,行政,ＮＰＯ等,not_selected,,,machine_display_alias_only_not_actor_identity,source_universe_row_not_relation_edge,whole_program_project_cost_not_actor_payment_or_award,"Authoritative mechanical source-row extraction; no registry merge, relation approval, actor payment, alliance, or political stance inference."
S002-R0248,S002,令和6年度「NPO等との協働実績調査」,2024,248,35,保健医療介護 部,保健医療介護部,地域保健課,地域保健課,1,委託,NPO等へ業務委託を行った事業,delegated_public_program,1,保健、医療又は福祉の増進を図る事業,沖縄県精神科救急医 療体制整備事業,沖縄県精神科救急医療体制整備事業,沖縄県内において、緊急な医療を必要と する全ての精神障害者等が、迅速かつ適 正な医療を受けられるように、沖縄県が精 神科救急医療体制を確保することを目的 とする。,8,その他、法人格を持たない任意団体等,沖縄県精神科病院協 会,沖縄県精神科病院協会,S002PL157,source_partner_name_cell_unsplit,H10.6.1 ～ 終期未定,"23,143",23143,positive,行政,ＮＰＯ等,not_selected,,,machine_display_alias_only_not_actor_identity,source_universe_row_not_relation_edge,whole_program_project_cost_not_actor_payment_or_award,"Authoritative mechanical source-row extraction; no registry merge, relation approval, actor payment, alliance, or political stance inference."
S002-R0249,S002,令和6年度「NPO等との協働実績調査」,2024,249,35,保健医療介護 部,保健医療介護部,地域保健課,地域保健課,4,補助,補助金・助成金の支給又は物的支援,subsidy_assistance_or_in_kind,1,保健、医療又は福祉の増進を図る事業,精神保健福祉普及大 会,精神保健福祉普及大会,地域社会における精神保健及び精神障害 者の福祉に関する理解を深め、精神障害 者の早期治療並びにその社会復帰及び自 立と社会参加の促進を図ることを目的に 開催,3,営利を目的としない一般社団又は一般財団法人,一般財団法人沖縄県 精神保健福祉協会,一般財団法人沖縄県精神保健福祉協会,S002PL156,source_partner_name_cell_unsplit,R6.4.1 ～ R7.3.31,780,780,positive,ＮＰＯ等,ＮＰＯ等,not_selected,,,machine_display_alias_only_not_actor_identity,source_universe_row_not_relation_edge,whole_program_project_cost_not_actor_payment_or_award,"Authoritative mechanical source-row extraction; no registry merge, relation approval, actor payment, alliance, or political stance inference."
S002-R0250,S002,令和6年度「NPO等との協働実績調査」,2024,250,35,保健医療介護 部,保健医療介護部,地域保健課,地域保健課,1,委託,NPO等へ業務委託を行った事業,delegated_public_program,1,保健、医療又は福祉の増進を図る事業,ＭＳＭを対象としたＨＩ Ｖ／エイズ等の性感染 症に関する普及啓発 事業,MSMを対象としたHI V/エイズ等の性感染症に関する普及啓発事業,県内ではＨＩＶ感染者・エイズ患者の報告 数が多く、2005年以降は男性が7～9割を 占める。男性間性的接触者（ＭＳＭ）など 個別施策層に焦点をあて、普及啓発活動 の強化、保健所等における検査・検査体 制の周知を図る,1,特定非営利活動法人（NPO法人）,ｎａｎｋｒ沖縄,nankr沖縄,S002PL158,source_partner_name_cell_unsplit,R6.8.1 ～ R7.2.28,500,500,positive,ＮＰＯ等,ＮＰＯ等,not_selected,,,machine_display_alias_only_not_actor_identity,source_universe_row_not_relation_edge,whole_program_project_cost_not_actor_payment_or_award,"Authoritative mechanical source-row extraction; no registry merge, relation approval, actor payment, alliance, or political stance inference."
S002-R0251,S002,令和6年度「NPO等との協働実績調査」,2024,251,35,保健医療介護 部,保健医療介護部,地域保健課,地域保健課,4,補助,補助金・助成金の支給又は物的支援,subsidy_assistance_or_in_kind,1,保健、医療又は福祉の増進を図る事業,原子爆弾被爆者健康 診断実施事業、原爆 被爆者諸手当支給事 業,原子爆弾被爆者健康診断実施事業、原爆被爆者諸手当支給事業,・被爆者健康診断時の立ち合い補助業務 ・介護保険利用助成金の申請手続の補助 業務 ・他県照会等に係る調査への情報提供等,8,その他、法人格を持たない任意団体等,沖縄県原爆被爆者協 議会,沖縄県原爆被爆者協議会,S002PL159,source_partner_name_cell_unsplit,～ 終期未定,713,713,positive,ＮＰＯ等,ＮＰＯ等,not_selected,,,machine_display_alias_only_not_actor_identity,source_universe_row_not_relation_edge,whole_program_project_cost_not_actor_payment_or_award,"Authoritative mechanical source-row extraction; no registry merge, relation approval, actor payment, alliance, or political stance inference."
S002-R0252,S002,令和6年度「NPO等との協働実績調査」,2024,252,35,保健医療介護 部,保健医療介護部,地域保健課,地域保健課,1,委託,NPO等へ業務委託を行った事業,delegated_public_program,1,保健、医療又は福祉の増進を図る事業,難病相談支援センター 事業,難病相談支援センター事業,地域で生活する難病患者・家族等への相 談支援や地域交流活動の促進、就労支援 等を推進する。,1,特定非営利活動法人（NPO法人）,ＮＰＯ法人アンビシャ ス,NPO法人アンビシャス,S002PL135,source_partner_name_cell_unsplit,R6.4.1 ～ R7.3.31,"9,726",9726,positive,ＮＰＯ等,ＮＰＯ等,not_selected,,,machine_display_alias_only_not_actor_identity,source_universe_row_not_relation_edge,whole_program_project_cost_not_actor_payment_or_award,"Authoritative mechanical source-row extraction; no registry merge, relation approval, actor payment, alliance, or political stance inference."
S002-R0253,S002,令和6年度「NPO等との協働実績調査」,2024,253,35,保健医療介護 部,保健医療介護部,地域保健課,地域保健課,4,補助,補助金・助成金の支給又は物的支援,subsidy_assistance_or_in_kind,1,保健、医療又は福祉の増進を図る事業,難病患者人工呼吸器 用外部バッテリー等貸 与事業,難病患者人工呼吸器用外部バッテリー等貸与事業,難病患者等の安定した療養生活の質の向 上を図るため、在宅難病患者等へ人工呼 吸器用の外部バッテリー等を在宅難病患 者支援機関を通して貸与することにより、 台風襲来時等に伴う停電時の電源確保を 図る。,1,特定非営利活動法人（NPO法人）,ＮＰＯ法人アンビシャ ス,NPO法人アンビシャス,S002PL135,source_partner_name_cell_unsplit,H24.5.31 ～ 終期未定,"1,470",1470,positive,行政,ＮＰＯ等,not_selected,,,machine_display_alias_only_not_actor_identity,source_universe_row_not_relation_edge,whole_program_project_cost_not_actor_payment_or_award,"Authoritative mechanical source-row extraction; no registry merge, relation approval, actor payment, alliance, or political stance inference."
S002-R0254,S002,令和6年度「NPO等との協働実績調査」,2024,254,35,保健医療介護 部,保健医療介護部,健康長寿課,健康長寿課,1,委託,NPO等へ業務委託を行った事業,delegated_public_program,1,保健、医療又は福祉の増進を図る事業,節度ある適度な飲酒 サポート事業,節度ある適度な飲酒サポート事業,・職場におけるアルコール対策調査の実 施 ・出前講座の実施,3,営利を目的としない一般社団又は一般財団法人,一般社団法人おきな わASK,一般社団法人おきなわASK,S002PL136,source_partner_name_cell_unsplit,R6.5 ～ R7.3,994,994,positive,行政,一緒に,not_selected,,,machine_display_alias_only_not_actor_identity,source_universe_row_not_relation_edge,whole_program_project_cost_not_actor_payment_or_award,"Authoritative mechanical source-row extraction; no registry merge, relation approval, actor payment, alliance, or political stance inference."
S002-R0255,S002,令和6年度「NPO等との協働実績調査」,2024,255,35,保健医療介護 部,保健医療介護部,健康長寿課,健康長寿課,1,委託,NPO等へ業務委託を行った事業,delegated_public_program,1,保健、医療又は福祉の増進を図る事業,がん検診充実強化促 進事業,がん検診充実強化促進事業,がん検診の精度向上ため、検診機関（医 療機関）における実態を把握し、改善に向 けた助言等を行うとともに、がん検診従事 者の人材育成を行うための研修会等を開 催する。,3,営利を目的としない一般社団又は一般財団法人,一般社団法人沖縄県 医師会,一般社団法人沖縄県医師会,S002PL133,source_partner_name_cell_unsplit,H30 ～ 終期未定,"17,000",17000,positive,行政,一緒に,not_selected,,,machine_display_alias_only_not_actor_identity,source_universe_row_not_relation_edge,whole_program_project_cost_not_actor_payment_or_award,"Authoritative mechanical source-row extraction; no registry merge, relation approval, actor payment, alliance, or political stance inference."
S002-R0256,S002,令和6年度「NPO等との協働実績調査」,2024,256,36,保健医療介護 部,保健医療介護部,健康長寿課,健康長寿課,1,委託,NPO等へ業務委託を行った事業,delegated_public_program,1,保健、医療又は福祉の増進を図る事業,飲食店受動喫煙状況 調査,飲食店受動喫煙状況調査,改正健康増進法の周知と法の適正運用を 図るため、県内飲食店（那覇市を除く）にお ける禁煙状況を把握し、必要な受動喫煙 対策につなげる事を目的に調査を実施。,3,営利を目的としない一般社団又は一般財団法人,一般社団法人沖縄県 食品衛生協会,一般社団法人沖縄県食品衛生協会,S002PL160,source_partner_name_cell_unsplit,R2.5.1 ～ 終期未定,"1,240",1240,positive,一緒に,行政,not_selected,,,machine_display_alias_only_not_actor_identity,source_universe_row_not_relation_edge,whole_program_project_cost_not_actor_payment_or_award,"Authoritative mechanical source-row extraction; no registry merge, relation approval, actor payment, alliance, or political stance inference."
S002-R0257,S002,令和6年度「NPO等との協働実績調査」,2024,257,36,保健医療介護 部,保健医療介護部,健康長寿課,健康長寿課,1,委託,NPO等へ業務委託を行った事業,delegated_public_program,1,保健、医療又は福祉の増進を図る事業,いきいき健康づくりヘ ルスアップ事業,いきいき健康づくりヘルスアップ事業,生活習慣病の発症及び重症化予防を目指 し、バランスの良い食生活の普及のため、 地域での食生活改善を基本とした実践活 動を推進する。,8,その他、法人格を持たない任意団体等,沖縄県食生活改善推 進員連絡協議会,沖縄県食生活改善推進員連絡協議会,S002PL161,source_partner_name_cell_unsplit,H20.11 ～ 終期未定,160,160,positive,ＮＰＯ等,ＮＰＯ等,not_selected,,,machine_display_alias_only_not_actor_identity,source_universe_row_not_relation_edge,whole_program_project_cost_not_actor_payment_or_award,"Authoritative mechanical source-row extraction; no registry merge, relation approval, actor payment, alliance, or political stance inference."
S002-R0258,S002,令和6年度「NPO等との協働実績調査」,2024,258,36,保健医療介護 部,保健医療介護部,健康長寿課,健康長寿課,5,共催,NPO等と共催という形で実施,cohosting,1,保健、医療又は福祉の増進を図る事業,第3回うりずんフェスタ,第3回うりずんフェスタ,健康的な生活習慣の普及啓発を図るた め、県民向けの健康づくり啓発イベント「う りずんフェスタ」を開催する。,3,営利を目的としない一般社団又は一般財団法人,一般社団法人沖縄県 医師会,一般社団法人沖縄県医師会,S002PL133,source_partner_name_cell_unsplit,R5 ～ 終期未定,"2,935",2935,positive,一緒に,一緒に,not_selected,,,machine_display_alias_only_not_actor_identity,source_universe_row_not_relation_edge,whole_program_project_cost_not_actor_payment_or_award,"Authoritative mechanical source-row extraction; no registry merge, relation approval, actor payment, alliance, or political stance inference."
S002-R0259,S002,令和6年度「NPO等との協働実績調査」,2024,259,36,保健医療介護 部,保健医療介護部,健康長寿課,健康長寿課,5,共催,NPO等と共催という形で実施,cohosting,1,保健、医療又は福祉の増進を図る事業,第4回うりずんフェスタ,第4回うりずんフェスタ,健康的な生活習慣の普及啓発を図るた め、県民向けの健康づくり啓発イベント「う りずんフェスタ」へブースを出展し、歯科疾 患の予防に関する啓発活動を実施。,3,営利を目的としない一般社団又は一般財団法人,一般社団法人沖縄県 歯科医師会,一般社団法人沖縄県歯科医師会,S002PL162,source_partner_name_cell_unsplit,R6 ～ 終期未定,0,0,zero,一緒に,一緒に,not_selected,,,machine_display_alias_only_not_actor_identity,source_universe_row_not_relation_edge,whole_program_project_cost_not_actor_payment_or_award,"Authoritative mechanical source-row extraction; no registry merge, relation approval, actor payment, alliance, or political stance inference."
S002-R0260,S002,令和6年度「NPO等との協働実績調査」,2024,260,36,保健医療介護 部,保健医療介護部,健康長寿課,健康長寿課,8,事業協力,共催以外の形態で協力・連携,program_cooperation,1,保健、医療又は福祉の増進を図る事業,第48回沖縄の産業ま つり,第48回沖縄の産業まつり,沖縄の産業まつりへブース出展し、啓発活 動を実施 （健康関連の啓発活動で出展し、那覇地 区薬剤師会は骨密度測定、お薬相談等を 実施）,3,営利を目的としない一般社団又は一般財団法人,一般社団法人那覇地 区薬剤師会,一般社団法人那覇地区薬剤師会,S002PL163,source_partner_name_cell_unsplit,R6 ～ 終期未定,0,0,zero,行政,一緒に,not_selected,,,machine_display_alias_only_not_actor_identity,source_universe_row_not_relation_edge,whole_program_project_cost_not_actor_payment_or_award,"Authoritative mechanical source-row extraction; no registry merge, relation approval, actor payment, alliance, or political stance inference."
S002-R0261,S002,令和6年度「NPO等との協働実績調査」,2024,261,36,保健医療介護 部,保健医療介護部,健康長寿課,健康長寿課,8,事業協力,共催以外の形態で協力・連携,program_cooperation,1,保健、医療又は福祉の増進を図る事業,第48回沖縄の産業ま つり,第48回沖縄の産業まつり,沖縄の産業まつりへブース出展し、啓発活 動を実施 （健康関連の啓発活動で出展し、歯科医 師会は歯科医師のお仕事紹介等を実施）,3,営利を目的としない一般社団又は一般財団法人,一般社団法人沖縄県 歯科医師会,一般社団法人沖縄県歯科医師会,S002PL162,source_partner_name_cell_unsplit,R6 ～ 終期未定,0,0,zero,行政,一緒に,not_selected,,,machine_display_alias_only_not_actor_identity,source_universe_row_not_relation_edge,whole_program_project_cost_not_actor_payment_or_award,"Authoritative mechanical source-row extraction; no registry merge, relation approval, actor payment, alliance, or political stance inference."
S002-R0262,S002,令和6年度「NPO等との協働実績調査」,2024,262,36,保健医療介護 部,保健医療介護部,健康長寿課,健康長寿課,8,事業協力,共催以外の形態で協力・連携,program_cooperation,1,保健、医療又は福祉の増進を図る事業,おきなわ花と食のフェ スティバルへの出展協 力,おきなわ花と食のフェスティバルへの出展協力,おきなわ花と食のフェスティバルへブース 出展し、啓発活動を実施 （食育及び健康関連の啓発活動で出展し、 栄養士会はお箸文化の紹介等を実施）,2,公益社団又は公益財団法人,公益社団法人沖縄県 栄養士会,公益社団法人沖縄県栄養士会,S002PL164,source_partner_name_cell_unsplit,R5 ～ 終期未定,78,78,positive,行政,一緒に,not_selected,,,machine_display_alias_only_not_actor_identity,source_universe_row_not_relation_edge,whole_program_project_cost_not_actor_payment_or_award,"Authoritative mechanical source-row extraction; no registry merge, relation approval, actor payment, alliance, or political stance inference."
S002-R0263,S002,令和6年度「NPO等との協働実績調査」,2024,263,36,保健医療介護 部,保健医療介護部,健康長寿課,健康長寿課,1,委託,NPO等へ業務委託を行った事業,delegated_public_program,1,保健、医療又は福祉の増進を図る事業,出前・歯と口の健康講 座事業,出前・歯と口の健康講座事業,歯と口の健康に関する知識を普及し、むし 歯や歯周病の具体的な予防方法を普及す るため、出前の講座を行う,3,営利を目的としない一般社団又は一般財団法人,一般社団法人沖縄県 歯科衛生士会,一般社団法人沖縄県歯科衛生士会,S002PL165,source_partner_name_cell_unsplit,H27 ～ 終期未定,"1,500",1500,positive,行政,一緒に,not_selected,,,machine_display_alias_only_not_actor_identity,source_universe_row_not_relation_edge,whole_program_project_cost_not_actor_payment_or_award,"Authoritative mechanical source-row extraction; no registry merge, relation approval, actor payment, alliance, or political stance inference."
S002-R0264,S002,令和6年度「NPO等との協働実績調査」,2024,264,37,保健医療介護 部,保健医療介護部,健康長寿課,健康長寿課,1,委託,NPO等へ業務委託を行った事業,delegated_public_program,1,保健、医療又は福祉の増進を図る事業,沖縄県歯科口腔保健 啓発月間事業,沖縄県歯科口腔保健啓発月間事業,県民の歯科口腔保健に対する関心と理解 を深めるためにイベントや講演会等啓発 活動を行う,3,営利を目的としない一般社団又は一般財団法人,一般社団法人沖縄県 歯科衛生士会,一般社団法人沖縄県歯科衛生士会,S002PL165,source_partner_name_cell_unsplit,R5 ～ 終期未定,"2,500",2500,positive,行政,一緒に,not_selected,,,machine_display_alias_only_not_actor_identity,source_universe_row_not_relation_edge,whole_program_project_cost_not_actor_payment_or_award,"Authoritative mechanical source-row extraction; no registry merge, relation approval, actor payment, alliance, or political stance inference."
S002-R0265,S002,令和6年度「NPO等との協働実績調査」,2024,265,37,保健医療介護 部,保健医療介護部,健康長寿課,健康長寿課,1,委託,NPO等へ業務委託を行った事業,delegated_public_program,1,保健、医療又は福祉の増進を図る事業,親子で歯っぴープロ ジェクト（5歳児版）,親子で歯っぴープロジェクト(5歳児版),①就学時健診での歯科保健指導内容の 標準化 ②モデル３市（名護市、豊見城市、糸満 市）での学年に応じた歯科保健学習用資 料の活用促進等,2,公益社団又は公益財団法人,公益社団法人沖縄県 小児保健協会,公益社団法人沖縄県小児保健協会,S002PL123,source_partner_name_cell_unsplit,R3 ～ R7,"10,892",10892,positive,行政,一緒に,not_selected,,,machine_display_alias_only_not_actor_identity,source_universe_row_not_relation_edge,whole_program_project_cost_not_actor_payment_or_award,"Authoritative mechanical source-row extraction; no registry merge, relation approval, actor payment, alliance, or political stance inference."
S002-R0266,S002,令和6年度「NPO等との協働実績調査」,2024,266,37,保健医療介護 部,保健医療介護部,健康長寿課,健康長寿課,1,委託,NPO等へ業務委託を行った事業,delegated_public_program,1,保健、医療又は福祉の増進を図る事業,かかりつけ歯科医推進 事業,かかりつけ歯科医推進事業,かかりつけ歯科医を推進し、県民が定期 歯科検診や歯石除去等を受けることを目 的とする,3,営利を目的としない一般社団又は一般財団法人,一般社団法人沖縄県 歯科医師会,一般社団法人沖縄県歯科医師会,S002PL162,source_partner_name_cell_unsplit,R4 ～ 終期未定,"3,274",3274,positive,行政,一緒に,not_selected,,,machine_display_alias_only_not_actor_identity,source_universe_row_not_relation_edge,whole_program_project_cost_not_actor_payment_or_award,"Authoritative mechanical source-row extraction; no registry merge, relation approval, actor payment, alliance, or political stance inference."
S002-R0267,S002,令和6年度「NPO等との協働実績調査」,2024,267,37,保健医療介護 部,保健医療介護部,健康長寿課,健康長寿課,1,委託,NPO等へ業務委託を行った事業,delegated_public_program,1,保健、医療又は福祉の増進を図る事業,障害児者歯科保健対 策支援事業,障害児者歯科保健対策支援事業,障害者入所施設で歯科健診等の実施,3,営利を目的としない一般社団又は一般財団法人,一般社団法人沖縄県 歯科医師会,一般社団法人沖縄県歯科医師会,S002PL162,source_partner_name_cell_unsplit,R5 ～ R9,"2,132",2132,positive,行政,一緒に,not_selected,,,machine_display_alias_only_not_actor_identity,source_universe_row_not_relation_edge,whole_program_project_cost_not_actor_payment_or_award,"Authoritative mechanical source-row extraction; no registry merge, relation approval, actor payment, alliance, or political stance inference."
S002-R0268,S002,令和6年度「NPO等との協働実績調査」,2024,268,37,保健医療介護 部,保健医療介護部,地域包括ケ ア推進課,地域包括ケア推進課,1,委託,NPO等へ業務委託を行った事業,delegated_public_program,1,保健、医療又は福祉の増進を図る事業,訪問看護支援事業,訪問看護支援事業,在宅医療・介護サービスの充実に向けて､ 訪問看護師の人材育成と在宅ケアサービ スの質向上を支援・推進するための拠点・ 支援体制整備を行う。,2,公益社団又は公益財団法人,公益社団法人沖縄県 看護協会,公益社団法人沖縄県看護協会,S002PL052,source_partner_name_cell_unsplit,R6.4.1 ～ R7.3.31,"13,623",13623,positive,一緒に,ＮＰＯ等,not_selected,,,machine_display_alias_only_not_actor_identity,source_universe_row_not_relation_edge,whole_program_project_cost_not_actor_payment_or_award,"Authoritative mechanical source-row extraction; no registry merge, relation approval, actor payment, alliance, or political stance inference."
S002-R0269,S002,令和6年度「NPO等との協働実績調査」,2024,269,37,保健医療介護 部,保健医療介護部,地域包括ケ ア推進課,地域包括ケア推進課,1,委託,NPO等へ業務委託を行った事業,delegated_public_program,1,保健、医療又は福祉の増進を図る事業,高齢者虐待対応力向 上事業,高齢者虐待対応力向上事業,高齢者虐待や高齢者権利擁護に対する取 り組みを推進し、対応力の向上を図るた め、市町村職員を対象とした高齢者虐待 困難事例等に関する相談窓口の設置、高 齢者虐待対応・防止研修会の実施する。,3,営利を目的としない一般社団又は一般財団法人,一般社団法人沖縄県 社会福祉士会,一般社団法人沖縄県社会福祉士会,S002PL050,source_partner_name_cell_unsplit,R6.4.1 ～ R7.3.31,"4,128",4128,positive,一緒に,一緒に,not_selected,,,machine_display_alias_only_not_actor_identity,source_universe_row_not_relation_edge,whole_program_project_cost_not_actor_payment_or_award,"Authoritative mechanical source-row extraction; no registry merge, relation approval, actor payment, alliance, or political stance inference."
S002-R0270,S002,令和6年度「NPO等との協働実績調査」,2024,270,37,保健医療介護 部,保健医療介護部,地域包括ケ ア推進課,地域包括ケア推進課,1,委託,NPO等へ業務委託を行った事業,delegated_public_program,1,保健、医療又は福祉の増進を図る事業,沖縄県生活支援コー ディネーター養成研修 等事業,沖縄県生活支援コーディネーター養成研修等事業,介護保険法に基づく生活支援体制整備事 業に関わる生活支援コーディネーターの養 成研修等を体系的（基礎、応用等）に実施 する。,1,特定非営利活動法人（NPO法人）,特定非営利活動法人 全国コミュニティーラ イフサポートセンター,特定非営利活動法人全国コミュニティーライフサポートセンター,S002PL166,source_partner_name_cell_unsplit,R6.5.9 ～ R7.3.31,"6,097",6097,positive,一緒に,一緒に,not_selected,,,machine_display_alias_only_not_actor_identity,source_universe_row_not_relation_edge,whole_program_project_cost_not_actor_payment_or_award,"Authoritative mechanical source-row extraction; no registry merge, relation approval, actor payment, alliance, or political stance inference."
S002-R0271,S002,令和6年度「NPO等との協働実績調査」,2024,271,37,保健医療介護 部,保健医療介護部,地域包括ケ ア推進課,地域包括ケア推進課,4,補助,補助金・助成金の支給又は物的支援,subsidy_assistance_or_in_kind,1,保健、医療又は福祉の増進を図る事業,社会参加促進事業,社会参加促進事業,沖縄県老人クラブ連合会が行う各種事業 を補助することにより、老人クラブの活性 化を図り、高齢者の社会参加を促進する。,2,公益社団又は公益財団法人,公益財団法人沖縄県 老人クラブ連合会,公益財団法人沖縄県老人クラブ連合会,S002PL167,source_partner_name_cell_unsplit,R6.4.1 ～ R7.3.31,"22,403",22403,positive,ＮＰＯ等,ＮＰＯ等,not_selected,,,machine_display_alias_only_not_actor_identity,source_universe_row_not_relation_edge,whole_program_project_cost_not_actor_payment_or_award,"Authoritative mechanical source-row extraction; no registry merge, relation approval, actor payment, alliance, or political stance inference."
S002-R0272,S002,令和6年度「NPO等との協働実績調査」,2024,272,38,保健医療介護 部,保健医療介護部,地域包括ケ ア推進課,地域包括ケア推進課,1,委託,NPO等へ業務委託を行った事業,delegated_public_program,1,保健、医療又は福祉の増進を図る事業,在宅医療介護連携支 援事業,在宅医療介護連携支援事業,在宅医療需要に対応するため、在宅医療 の実態を把握し、患者が住み慣れた地域 で安心して療養生活を送ることができるよ う、在宅医療提供体制の構築を図る。,3,営利を目的としない一般社団又は一般財団法人,一般社団法人沖縄県 医師会,一般社団法人沖縄県医師会,S002PL133,source_partner_name_cell_unsplit,R6.4.1 ～ R7.3.31,"13,155",13155,positive,一緒に,一緒に,not_selected,,,machine_display_alias_only_not_actor_identity,source_universe_row_not_relation_edge,whole_program_project_cost_not_actor_payment_or_award,"Authoritative mechanical source-row extraction; no registry merge, relation approval, actor payment, alliance, or political stance inference."
S002-R0273,S002,令和6年度「NPO等との協働実績調査」,2024,273,38,保健医療介護 部,保健医療介護部,地域包括ケ ア推進課,地域包括ケア推進課,1,委託,NPO等へ業務委託を行った事業,delegated_public_program,1,保健、医療又は福祉の増進を図る事業,入退院支援連携デザ イン事業,入退院支援連携デザイン事業,市町村の地域包括ケアシステムの構築に 向けて、入退院支援連携に関する取組を 支援する。,3,営利を目的としない一般社団又は一般財団法人,一般社団法人沖縄県 医療ソーシャルワー カー協会,一般社団法人沖縄県医療ソーシャルワーカー協会,S002PL168,source_partner_name_cell_unsplit,R6.4.1 ～ R7.3.31,"4,954",4954,positive,一緒に,一緒に,not_selected,,,machine_display_alias_only_not_actor_identity,source_universe_row_not_relation_edge,whole_program_project_cost_not_actor_payment_or_award,"Authoritative mechanical source-row extraction; no registry merge, relation approval, actor payment, alliance, or political stance inference."
S002-R0274,S002,令和6年度「NPO等との協働実績調査」,2024,274,38,保健医療介護 部,保健医療介護部,地域包括ケ ア推進課,地域包括ケア推進課,1,委託,NPO等へ業務委託を行った事業,delegated_public_program,1,保健、医療又は福祉の増進を図る事業,在宅・介護施設等療養 者への継続的な在宅 歯科診療の提供のた めの他職種連携事業,在宅・介護施設等療養者への継続的な在宅歯科診療の提供のための他職種連携事業,在宅並びに介護施設等で療養する者に対 し、訪問歯科診療を中断することなく実施 するため、他職種連携の基盤構築に向け た取組を支援する。,3,営利を目的としない一般社団又は一般財団法人,一般社団法人沖縄県 歯科医師会,一般社団法人沖縄県歯科医師会,S002PL162,source_partner_name_cell_unsplit,R6.5.8 ～ R7.3.31,"2,400",2400,positive,一緒に,一緒に,not_selected,,,machine_display_alias_only_not_actor_identity,source_universe_row_not_relation_edge,whole_program_project_cost_not_actor_payment_or_award,"Authoritative mechanical source-row extraction; no registry merge, relation approval, actor payment, alliance, or political stance inference."
S002-R0275,S002,令和6年度「NPO等との協働実績調査」,2024,275,38,保健医療介護 部,保健医療介護部,地域包括ケ ア推進課,地域包括ケア推進課,1,委託,NPO等へ業務委託を行った事業,delegated_public_program,1,保健、医療又は福祉の増進を図る事業,多職種連携ケアマネジ メント基盤強化促進事 業,多職種連携ケアマネジメント基盤強化促進事業,地域ケア個別会議を構成する専門職人材 の資質向上等を目的に市町村・地域包括 支援センター職員・専門職の実務研修を 実施する。,2,公益社団又は公益財団法人,公益社団法人沖縄県 理学療法士協会,公益社団法人沖縄県理学療法士協会,S002PL169,source_partner_name_cell_unsplit,R5.4.1 ～ R7.3.31,"2,000",2000,positive,一緒に,ＮＰＯ等,not_selected,,,machine_display_alias_only_not_actor_identity,source_universe_row_not_relation_edge,whole_program_project_cost_not_actor_payment_or_award,"Authoritative mechanical source-row extraction; no registry merge, relation approval, actor payment, alliance, or political stance inference."
S002-R0276,S002,令和6年度「NPO等との協働実績調査」,2024,276,38,保健医療介護 部,保健医療介護部,地域包括ケ ア推進課,地域包括ケア推進課,1,委託,NPO等へ業務委託を行った事業,delegated_public_program,1,保健、医療又は福祉の増進を図る事業,地域支援事業等市町 村支援アドバイザリー 事業,地域支援事業等市町村支援アドバイザリー事業,市町村において、地域支援事業を効果的 に実施出来るよう、医療・介護の専門職を 派遣し伴走的支援を行うとともに、市町村 等職員の資質向上を支援するための研修 を実施する。,2,公益社団又は公益財団法人,公益社団法人沖縄県 理学療法士協会,公益社団法人沖縄県理学療法士協会,S002PL169,source_partner_name_cell_unsplit,R5.4.1 ～ R7.3.31,"6,428",6428,positive,一緒に,ＮＰＯ等,not_selected,,,machine_display_alias_only_not_actor_identity,source_universe_row_not_relation_edge,whole_program_project_cost_not_actor_payment_or_award,"Authoritative mechanical source-row extraction; no registry merge, relation approval, actor payment, alliance, or political stance inference."
S002-R0277,S002,令和6年度「NPO等との協働実績調査」,2024,277,38,保健医療介護 部,保健医療介護部,地域包括ケ ア推進課,地域包括ケア推進課,1,委託,NPO等へ業務委託を行った事業,delegated_public_program,1,保健、医療又は福祉の増進を図る事業,地域リハビリ専門職等 広域調整等事業,地域リハビリ専門職等広域調整等事業,市町村における地域リハビリテーション活 動支援事業に関するコーディネート業務、 リハビリ専門職等に対する研修を実施す る。,3,営利を目的としない一般社団又は一般財団法人,一般社団法人沖縄県 リハビリテーション専 門職協会,一般社団法人沖縄県リハビリテーション専門職協会,S002PL170,source_partner_name_cell_unsplit,R6.4.1 ～ R7.3.31,"2,634",2634,positive,一緒に,ＮＰＯ等,not_selected,,,machine_display_alias_only_not_actor_identity,source_universe_row_not_relation_edge,whole_program_project_cost_not_actor_payment_or_award,"Authoritative mechanical source-row extraction; no registry merge, relation approval, actor payment, alliance, or political stance inference."
S002-R0278,S002,令和6年度「NPO等との協働実績調査」,2024,278,38,保健医療介護 部,保健医療介護部,地域包括ケ ア推進課,地域包括ケア推進課,1,委託,NPO等へ業務委託を行った事業,delegated_public_program,1,保健、医療又は福祉の増進を図る事業,沖縄県認知症疾患医 療センター運営事業,沖縄県認知症疾患医療センター運営事業,保健医療、介護機関等と連携を図りなが ら、認知症疾患に関する鑑別診断、急性 期治療、専門医療相談、診断後の相談支 援等を実施するとともに、地域保健医療等 関係者への研修等を実施する。,5,学校法人、医療法人等上記1～4以外の非営利法人,国立大学法人琉球大 学 琉球大学病院,国立大学法人琉球大学琉球大学病院,S002PL171,source_partner_name_cell_unsplit,R6.4.1 ～ R7.3.31,"10,074",10074,positive,一緒に,一緒に,not_selected,,,machine_display_alias_only_not_actor_identity,source_universe_row_not_relation_edge,whole_program_project_cost_not_actor_payment_or_award,"Authoritative mechanical source-row extraction; no registry merge, relation approval, actor payment, alliance, or political stance inference."
S002-R0279,S002,令和6年度「NPO等との協働実績調査」,2024,279,39,保健医療介護 部,保健医療介護部,地域包括ケ ア推進課,地域包括ケア推進課,1,委託,NPO等へ業務委託を行った事業,delegated_public_program,1,保健、医療又は福祉の増進を図る事業,沖縄県認知症疾患医 療センター運営事業,沖縄県認知症疾患医療センター運営事業,保健医療、介護機関等と連携を図りなが ら、認知症疾患に関する鑑別診断、急性 期治療、専門医療相談、診断後の相談支 援等を実施するとともに、地域保健医療等 関係者への研修等を実施する。,5,学校法人、医療法人等上記1～4以外の非営利法人,医療法人タピック 宮里病院,医療法人タピック宮里病院,S002PL172,source_partner_name_cell_unsplit,R6.4.1 ～ R7.3.31,"5,621",5621,positive,一緒に,一緒に,not_selected,,,machine_display_alias_only_not_actor_identity,source_universe_row_not_relation_edge,whole_program_project_cost_not_actor_payment_or_award,"Authoritative mechanical source-row extraction; no registry merge, relation approval, actor payment, alliance, or political stance inference."
S002-R0280,S002,令和6年度「NPO等との協働実績調査」,2024,280,39,保健医療介護 部,保健医療介護部,地域包括ケ ア推進課,地域包括ケア推進課,1,委託,NPO等へ業務委託を行った事業,delegated_public_program,1,保健、医療又は福祉の増進を図る事業,沖縄県認知症疾患医 療センター運営事業,沖縄県認知症疾患医療センター運営事業,保健医療、介護機関等と連携を図りなが ら、認知症疾患に関する鑑別診断、急性 期治療、専門医療相談、診断後の相談支 援等を実施するとともに、地域保健医療等 関係者への研修等を実施する。,5,学校法人、医療法人等上記1～4以外の非営利法人,医療法人タピック 沖縄リハビリテーショ ン病院,医療法人タピック沖縄リハビリテーション病院,S002PL173,source_partner_name_cell_unsplit,R6.4.1 ～ R7.3.31,"5,621",5621,positive,一緒に,一緒に,not_selected,,,machine_display_alias_only_not_actor_identity,source_universe_row_not_relation_edge,whole_program_project_cost_not_actor_payment_or_award,"Authoritative mechanical source-row extraction; no registry merge, relation approval, actor payment, alliance, or political stance inference."
S002-R0281,S002,令和6年度「NPO等との協働実績調査」,2024,281,39,保健医療介護 部,保健医療介護部,地域包括ケ ア推進課,地域包括ケア推進課,1,委託,NPO等へ業務委託を行った事業,delegated_public_program,1,保健、医療又は福祉の増進を図る事業,沖縄県認知症疾患医 療センター運営事業,沖縄県認知症疾患医療センター運営事業,保健医療、介護機関等と連携を図りなが ら、認知症疾患に関する鑑別診断、急性 期治療、専門医療相談、診断後の相談支 援等を実施するとともに、地域保健医療等 関係者への研修等を実施する。,5,学校法人、医療法人等上記1～4以外の非営利法人,医療法人社団輔仁会 嬉野が丘サマリヤ人 病院,医療法人社団輔仁会嬉野が丘サマリヤ人病院,S002PL174,source_partner_name_cell_unsplit,R6.4.1 ～ R7.3.31,"5,621",5621,positive,一緒に,一緒に,not_selected,,,machine_display_alias_only_not_actor_identity,source_universe_row_not_relation_edge,whole_program_project_cost_not_actor_payment_or_award,"Authoritative mechanical source-row extraction; no registry merge, relation approval, actor payment, alliance, or political stance inference."
S002-R0282,S002,令和6年度「NPO等との協働実績調査」,2024,282,39,保健医療介護 部,保健医療介護部,地域包括ケ ア推進課,地域包括ケア推進課,1,委託,NPO等へ業務委託を行った事業,delegated_public_program,1,保健、医療又は福祉の増進を図る事業,沖縄県認知症疾患医 療センター運営事業,沖縄県認知症疾患医療センター運営事業,保健医療、介護機関等と連携を図りなが ら、認知症疾患に関する鑑別診断、急性 期治療、専門医療相談、診断後の相談支 援等を実施するとともに、地域保健医療等 関係者への研修等を実施する。,5,学校法人、医療法人等上記1～4以外の非営利法人,医療法人天仁会 天久台病院,医療法人天仁会天久台病院,S002PL175,source_partner_name_cell_unsplit,R6.4.1 ～ R7.3.31,"5,621",5621,positive,一緒に,一緒に,not_selected,,,machine_display_alias_only_not_actor_identity,source_universe_row_not_relation_edge,whole_program_project_cost_not_actor_payment_or_award,"Authoritative mechanical source-row extraction; no registry merge, relation approval, actor payment, alliance, or political stance inference."
S002-R0283,S002,令和6年度「NPO等との協働実績調査」,2024,283,39,保健医療介護 部,保健医療介護部,地域包括ケ ア推進課,地域包括ケア推進課,1,委託,NPO等へ業務委託を行った事業,delegated_public_program,1,保健、医療又は福祉の増進を図る事業,沖縄県認知症疾患医 療センター運営事業,沖縄県認知症疾患医療センター運営事業,保健医療、介護機関等と連携を図りなが ら、認知症疾患に関する鑑別診断、急性 期治療、専門医療相談、診断後の相談支 援等を実施するとともに、地域保健医療等 関係者への研修等を実施する。,5,学校法人、医療法人等上記1～4以外の非営利法人,医療法人たぶの木 うむやすみゃあす・ん 診療所,医療法人たぶの木うむやすみゃあす・ん診療所,S002PL176,source_partner_name_cell_unsplit,R6.4.1 ～ R7.3.31,"2,464",2464,positive,一緒に,一緒に,not_selected,,,machine_display_alias_only_not_actor_identity,source_universe_row_not_relation_edge,whole_program_project_cost_not_actor_payment_or_award,"Authoritative mechanical source-row extraction; no registry merge, relation approval, actor payment, alliance, or political stance inference."
S002-R0284,S002,令和6年度「NPO等との協働実績調査」,2024,284,39,保健医療介護 部,保健医療介護部,地域包括ケ ア推進課,地域包括ケア推進課,1,委託,NPO等へ業務委託を行った事業,delegated_public_program,1,保健、医療又は福祉の増進を図る事業,沖縄県若年性認知症 支援推進事業,沖縄県若年性認知症支援推進事業,若年性認知症支援コーディネーターの配 置等を通して、孤立しやすい若年性認知 症の人やその家族が、お互いに支え合う ことのできるネットワークを構築するととも に、研修開催やリーフレットの活用等によ り若年性認知症に関する理解の促進及び 普及啓発を行う。,5,学校法人、医療法人等上記1～4以外の非営利法人,特定医療法人アガペ 会,特定医療法人アガペ会,S002PL177,source_partner_name_cell_unsplit,R6.4.1 ～ R7.3.31,"14,085",14085,positive,一緒に,一緒に,not_selected,,,machine_display_alias_only_not_actor_identity,source_universe_row_not_relation_edge,whole_program_project_cost_not_actor_payment_or_award,"Authoritative mechanical source-row extraction; no registry merge, relation approval, actor payment, alliance, or political stance inference."
S002-R0285,S002,令和6年度「NPO等との協働実績調査」,2024,285,39,保健医療介護 部,保健医療介護部,地域包括ケ ア推進課,地域包括ケア推進課,1,委託,NPO等へ業務委託を行った事業,delegated_public_program,1,保健、医療又は福祉の増進を図る事業,認知症サポート医養成 研修事業,認知症サポート医養成研修事業,認知症の人の診療に習熟し、かかりつけ 医等への助言その他の支援を行い、専門 医療機関や地域包括支援センター等との 連携の推進役となる認知症サポート医を 養成する。,5,学校法人、医療法人等上記1～4以外の非営利法人,国立研究開発法人 国立長寿医療研究セ ンター,国立研究開発法人国立長寿医療研究センター,S002PL178,source_partner_name_cell_unsplit,R6.5.13 ～ R7.3.31,400,400,positive,一緒に,ＮＰＯ等,not_selected,,,machine_display_alias_only_not_actor_identity,source_universe_row_not_relation_edge,whole_program_project_cost_not_actor_payment_or_award,"Authoritative mechanical source-row extraction; no registry merge, relation approval, actor payment, alliance, or political stance inference."
S002-R0286,S002,令和6年度「NPO等との協働実績調査」,2024,286,40,保健医療介護 部,保健医療介護部,地域包括ケ ア推進課,地域包括ケア推進課,1,委託,NPO等へ業務委託を行った事業,delegated_public_program,1,保健、医療又は福祉の増進を図る事業,認知症初期集中支援 チーム員研修事業業 務委託,認知症初期集中支援チーム員研修事業業務委託,地域において、認知症の早期診断･早期 対応に向けた支援体制の構築を図るた め、認知症の人やその家族に早期に関わ る認知症初期集中支援チーム員としての 必要な知識・技能を習得するための研修 を実施する。,5,学校法人、医療法人等上記1～4以外の非営利法人,国立研究開発法人 国立長寿医療研究セ ンター,国立研究開発法人国立長寿医療研究センター,S002PL178,source_partner_name_cell_unsplit,R6.6.6 ～ R7.3.31,760,760,positive,一緒に,ＮＰＯ等,not_selected,,,machine_display_alias_only_not_actor_identity,source_universe_row_not_relation_edge,whole_program_project_cost_not_actor_payment_or_award,"Authoritative mechanical source-row extraction; no registry merge, relation approval, actor payment, alliance, or political stance inference."
S002-R0287,S002,令和6年度「NPO等との協働実績調査」,2024,287,40,保健医療介護 部,保健医療介護部,地域包括ケ ア推進課,地域包括ケア推進課,1,委託,NPO等へ業務委託を行った事業,delegated_public_program,1,保健、医療又は福祉の増進を図る事業,認知症地域支援推進 員研修事業,認知症地域支援推進員研修事業,認知症の人が住み慣れた地域で安心して 暮らし続けるために、医療機関や介護 サービス及び地域の支援機関の間の連携 を図るための支援や、認知症の人やその 家族に対する相談支援等を行う認知症地 域支援推進員への研修を実施する。,5,学校法人、医療法人等上記1～4以外の非営利法人,社会福祉法人浴風会 認知症介護研究・研 修東京センター,社会福祉法人浴風会認知症介護研究・研修東京センター,S002PL179,source_partner_name_cell_unsplit,R6.5.13 ～ R7.3.31,"2,280",2280,positive,一緒に,ＮＰＯ等,not_selected,,,machine_display_alias_only_not_actor_identity,source_universe_row_not_relation_edge,whole_program_project_cost_not_actor_payment_or_award,"Authoritative mechanical source-row extraction; no registry merge, relation approval, actor payment, alliance, or political stance inference."
S002-R0288,S002,令和6年度「NPO等との協働実績調査」,2024,288,40,保健医療介護 部,保健医療介護部,地域包括ケ ア推進課,地域包括ケア推進課,1,委託,NPO等へ業務委託を行った事業,delegated_public_program,1,保健、医療又は福祉の増進を図る事業,沖縄県看護職員認知 症対応力向上研修事 業,沖縄県看護職員認知症対応力向上研修事業,看護職員に対し、医療機関等に入院から 退院までのプロセスに沿った必要な基本 知識や、個々の認知症の特徴等に対する 実践的な対応力を習得し、同じ医療機関 等の看護職員に対し伝達をすることで、医 療機関内等での認知症ケアの適切な実施 とマネジメント体制の構築を目的とする。,2,公益社団又は公益財団法人,公益社団法人沖縄県 看護協会,公益社団法人沖縄県看護協会,S002PL052,source_partner_name_cell_unsplit,R6.4.1 ～ R7.3.31,"1,130",1130,positive,行政,一緒に,not_selected,,,machine_display_alias_only_not_actor_identity,source_universe_row_not_relation_edge,whole_program_project_cost_not_actor_payment_or_award,"Authoritative mechanical source-row extraction; no registry merge, relation approval, actor payment, alliance, or political stance inference."
S002-R0289,S002,令和6年度「NPO等との協働実績調査」,2024,289,40,保健医療介護 部,保健医療介護部,地域包括ケ ア推進課,地域包括ケア推進課,1,委託,NPO等へ業務委託を行った事業,delegated_public_program,1,保健、医療又は福祉の増進を図る事業,沖縄県薬剤師認知症 対応力向上研修事業,沖縄県薬剤師認知症対応力向上研修事業,薬局・薬剤師に対し、認知症の人本人とそ の家族を支えるために必要な基本知識 や、医療と介護の連携の重要性等を習得 するための研修を実施することにより、認 知症の疑いのある人に早期に気づき、か かりつけ医等と連携して対応するとともに、 その後も認知症の人の状況に応じた薬学 的管理を適切に行い、認知症の人への支 援体制構築の担い手となることを目的とす る。,3,営利を目的としない一般社団又は一般財団法人,一般社団法人 沖縄 県薬剤師会,一般社団法人沖縄県薬剤師会,S002PL140,source_partner_name_cell_unsplit,R6.8.6 ～ R7.3.31,295,295,positive,行政,一緒に,not_selected,,,machine_display_alias_only_not_actor_identity,source_universe_row_not_relation_edge,whole_program_project_cost_not_actor_payment_or_award,"Authoritative mechanical source-row extraction; no registry merge, relation approval, actor payment, alliance, or political stance inference."
S002-R0290,S002,令和6年度「NPO等との協働実績調査」,2024,290,40,保健医療介護 部,保健医療介護部,地域包括ケ ア推進課,地域包括ケア推進課,1,委託,NPO等へ業務委託を行った事業,delegated_public_program,1,保健、医療又は福祉の増進を図る事業,沖縄県歯科医師認知 症対応力向上研修事 業,沖縄県歯科医師認知症対応力向上研修事業,歯科医師に対し、認知症の人本人とその 家族を支えるために必要な基本知識や、 医療と介護の連携の重要性等を習得する ための研修を実施することにより、認知症 の疑いのある人に早期に気づき、かかりつ け医等と連携して対応するとともに、その 後も認知症の人の状況に応じた歯科治 療・口腔管理を適切に行い、認知症の人 への支援体制構築の担い手となることを 目的とする。,3,営利を目的としない一般社団又は一般財団法人,一般社団法人 沖縄 県歯科医師会,一般社団法人沖縄県歯科医師会,S002PL162,source_partner_name_cell_unsplit,R6.8.27 ～ R7.3.31,629,629,positive,行政,一緒に,not_selected,,,machine_display_alias_only_not_actor_identity,source_universe_row_not_relation_edge,whole_program_project_cost_not_actor_payment_or_award,"Authoritative mechanical source-row extraction; no registry merge, relation approval, actor payment, alliance, or political stance inference."
S002-R0291,S002,令和6年度「NPO等との協働実績調査」,2024,291,41,保健医療介護 部,保健医療介護部,地域包括ケ ア推進課,地域包括ケア推進課,1,委託,NPO等へ業務委託を行った事業,delegated_public_program,1,保健、医療又は福祉の増進を図る事業,成年後見制度利用促 進事業,成年後見制度利用促進事業,市町村等の成年後見制度に対する取り組 みを推進することを目的として、相談窓口 の設置、研修会等を実施する。,3,営利を目的としない一般社団又は一般財団法人,一般社団法人沖縄県 社会福祉士会,一般社団法人沖縄県社会福祉士会,S002PL050,source_partner_name_cell_unsplit,R6.4.1 ～ R7.3.31,"1,887",1887,positive,一緒に,一緒に,not_selected,,,machine_display_alias_only_not_actor_identity,source_universe_row_not_relation_edge,whole_program_project_cost_not_actor_payment_or_award,"Authoritative mechanical source-row extraction; no registry merge, relation approval, actor payment, alliance, or political stance inference."
S002-R0292,S002,令和6年度「NPO等との協働実績調査」,2024,292,41,保健医療介護 部,保健医療介護部,地域包括ケ ア推進課,地域包括ケア推進課,1,委託,NPO等へ業務委託を行った事業,delegated_public_program,1,保健、医療又は福祉の増進を図る事業,高齢者自身の取組み 支援事業,高齢者自身の取組み支援事業,高齢者の生きがいと健康づくりを推進する ため、全国健康福祉祭（ねんりんピック）選 手等派遣事業、沖縄ねんりんピック開催事 業、かりゆし美術展開催事業、沖縄県かり ゆし長寿大学校運営事業等を実施する。,4,社会福祉法人,社会福祉法人沖縄県 社会福祉協議会,社会福祉法人沖縄県社会福祉協議会,S002PL046,source_partner_name_cell_unsplit,R6.4.1 ～ R7.3.31,"59,373",59373,positive,行政,一緒に,not_selected,,,machine_display_alias_only_not_actor_identity,source_universe_row_not_relation_edge,whole_program_project_cost_not_actor_payment_or_award,"Authoritative mechanical source-row extraction; no registry merge, relation approval, actor payment, alliance, or political stance inference."
S002-R0293,S002,令和6年度「NPO等との協働実績調査」,2024,293,41,保健医療介護 部,保健医療介護部,地域包括ケ ア推進課,地域包括ケア推進課,7,実行委員会等,委員会等にNPO等のメンバーを加えた事業,committee_participation,1,保健、医療又は福祉の増進を図る事業,「超高齢社会に対応す る公共私の連携」に関 する万国津梁会議,「超高齢社会に対応する公共私の連携」に関する万国津梁会議,県が広域的立場から市町村と多様な主体 とを接続する枠組みを構築し、高齢者の生 活課題に対応する多様な主体による連 携・協働サービスの創出を支援するための 仕組みを議論する有識者会議を開催し た。,1,特定非営利活動法人（NPO法人）,特定非営利活動法人 いきがいLABO,特定非営利活動法人いきがいLABO,S002PL180,source_partner_name_cell_unsplit,R6.10.21 ～ R7.3.14,34,34,positive,行政,行政,not_selected,,,machine_display_alias_only_not_actor_identity,source_universe_row_not_relation_edge,whole_program_project_cost_not_actor_payment_or_award,"Authoritative mechanical source-row extraction; no registry merge, relation approval, actor payment, alliance, or political stance inference."
S002-R0294,S002,令和6年度「NPO等との協働実績調査」,2024,294,41,保健医療介護 部,保健医療介護部,地域包括ケ ア推進課,地域包括ケア推進課,7,実行委員会等,委員会等にNPO等のメンバーを加えた事業,committee_participation,1,保健、医療又は福祉の増進を図る事業,高齢者の生活課題の 解決に向けた官民連 携ワーキンググループ,高齢者の生活課題の解決に向けた官民連携ワーキンググループ,高齢者の生活課題の解決に向け、多様な 主体の連携・協働によるサービス開発の 可能性及び事業化に向けた課題解決の糸 口を整理するためのワーキンググループ を開催した。,1,特定非営利活動法人（NPO法人）,特定非営利活動法人 グランアーク,特定非営利活動法人グランアーク,S002PL181,source_partner_name_cell_unsplit,R6.11.26 ～ R7.3.21,0,0,zero,行政,行政,not_selected,,,machine_display_alias_only_not_actor_identity,source_universe_row_not_relation_edge,whole_program_project_cost_not_actor_payment_or_award,"Authoritative mechanical source-row extraction; no registry merge, relation approval, actor payment, alliance, or political stance inference."
S002-R0295,S002,令和6年度「NPO等との協働実績調査」,2024,295,41,保健医療介護 部,保健医療介護部,地域包括ケ ア推進課,地域包括ケア推進課,1,委託,NPO等へ業務委託を行った事業,delegated_public_program,1,保健、医療又は福祉の増進を図る事業,病院勤務の医療従事 者向け及び病院勤務 以外の看護師等認知 症対応力向上研修事 業,病院勤務の医療従事者向け及び病院勤務以外の看護師等認知症対応力向上研修事業,病院勤務の医療従事者及び病院勤務以 外の看護師等に対し、認知症の人や家族 を支えるために必要な基本知識や認知症 ケアの原則、医療と介護の連携の重要性 等の知識について習得するための研修を 実施することにより、認知症の疑いのある 人に早期に気づき、地域における認知症 の人への支援体制構築の担い手になるこ とを目的とする。,2,公益社団又は公益財団法人,公益社団法人沖縄県 看護協会,公益社団法人沖縄県看護協会,S002PL052,source_partner_name_cell_unsplit,R6.4.1 ～ R7.3.31,"1,146",1146,positive,行政,一緒に,not_selected,,,machine_display_alias_only_not_actor_identity,source_universe_row_not_relation_edge,whole_program_project_cost_not_actor_payment_or_award,"Authoritative mechanical source-row extraction; no registry merge, relation approval, actor payment, alliance, or political stance inference."
S002-R0296,S002,令和6年度「NPO等との協働実績調査」,2024,296,41,保健医療介護 部,保健医療介護部,地域包括ケ ア推進課,地域包括ケア推進課,1,委託,NPO等へ業務委託を行った事業,delegated_public_program,1,保健、医療又は福祉の増進を図る事業,認知症サポート医フォ ローアップ研修事業,認知症サポート医フォローアップ研修事業,認知症サポート医等が、認知症の診断・治 療・ケア等に関する研修、症例検討、グ ループ討議を通じて、地域における認知症 の人への支援体制の充実・強化を図るこ と、また、本研修の機会を活用し、地域に おける認知症サポート医等の連携強化を 図ることを目的とする。,5,学校法人、医療法人等上記1～4以外の非営利法人,国立大学法人琉球大 学 琉球大学病院,国立大学法人琉球大学琉球大学病院,S002PL171,source_partner_name_cell_unsplit,R6.10.15 ～ R7.3.31,486,486,positive,一緒に,一緒に,not_selected,,,machine_display_alias_only_not_actor_identity,source_universe_row_not_relation_edge,whole_program_project_cost_not_actor_payment_or_award,"Authoritative mechanical source-row extraction; no registry merge, relation approval, actor payment, alliance, or political stance inference."
S002-R0297,S002,令和6年度「NPO等との協働実績調査」,2024,297,42,保健医療介護 部,保健医療介護部,地域包括ケ ア推進課,地域包括ケア推進課,1,委託,NPO等へ業務委託を行った事業,delegated_public_program,1,保健、医療又は福祉の増進を図る事業,認知症介護指導者 フォローアップ研修事 業,認知症介護指導者フォローアップ研修事業,認知症介護指導者養成研修修了後1年以 上を経過し、認知症介護実践者研修の講 師等に従事する方等に対して、最新の認 知症介護に関する高度な専門的知識・技 術の習得と、高齢者介護実務者に対する 研修プログラム作成方法及び教育技術の 向上を目的に研修を実施する。,5,学校法人、医療法人等上記1～4以外の非営利法人,社会福祉法人浴風会 認知症介護研究・研 修東京センター,社会福祉法人浴風会認知症介護研究・研修東京センター,S002PL179,source_partner_name_cell_unsplit,R6.8.15 ～ R7.3.31,380,380,positive,一緒に,ＮＰＯ等,not_selected,,,machine_display_alias_only_not_actor_identity,source_universe_row_not_relation_edge,whole_program_project_cost_not_actor_payment_or_award,"Authoritative mechanical source-row extraction; no registry merge, relation approval, actor payment, alliance, or political stance inference."
S002-R0298,S002,令和6年度「NPO等との協働実績調査」,2024,298,42,保健医療介護 部,保健医療介護部,沖縄県立総 合精神保健 福祉センター,沖縄県立総合精神保健福祉センター,9,講師等,講演会等の講師をNPO等が担当,lecturer_or_expertise,1,保健、医療又は福祉の増進を図る事業,令和６年度 精神保健 福祉担当職員初任者 研修,令和6年度精神保健福祉担当職員初任者研修,市町村や保健所及び福祉事務所におい て、新たに精神保健福祉業務に従事する 職員が、精神保健福祉に関する基礎的な 知識を習得することにより、精神障害者へ の理解を深め、精神保健福祉活動を円滑 に行えるようにする。,1,特定非営利活動法人（NPO法人）,NPO法人名護市障害 者関係団体協議会 地域生活支援セン ターウェーブ,NPO法人名護市障害者関係団体協議会地域生活支援センターウェーブ,S002PL182,source_partner_name_cell_unsplit,R6.5.15 R6.5.15,12,12,positive,行政,行政,not_selected,,,machine_display_alias_only_not_actor_identity,source_universe_row_not_relation_edge,whole_program_project_cost_not_actor_payment_or_award,"Authoritative mechanical source-row extraction; no registry merge, relation approval, actor payment, alliance, or political stance inference."
S002-R0299,S002,令和6年度「NPO等との協働実績調査」,2024,299,42,保健医療介護 部,保健医療介護部,沖縄県立総 合精神保健 福祉センター,沖縄県立総合精神保健福祉センター,5,共催,NPO等と共催という形で実施,cohosting,1,保健、医療又は福祉の増進を図る事業,令和６年度 かかりつ け医等心の健康対応 力向上研修,令和6年度かかりつけ医等心の健康対応力向上研修,自殺予防の観点から、内科医等のかか りつけ医によるうつ病の早期発見及び早 期治療が可能となる技術を向上させ、かつ 精神科医との連携により、自殺予防対策 の推進を図る。,3,営利を目的としない一般社団又は一般財団法人,一般社団法人 沖縄 県医師会,一般社団法人沖縄県医師会,S002PL133,source_partner_name_cell_unsplit,R7.1.18 R7.1.18,0,0,zero,一緒に,一緒に,not_selected,,,machine_display_alias_only_not_actor_identity,source_universe_row_not_relation_edge,whole_program_project_cost_not_actor_payment_or_award,"Authoritative mechanical source-row extraction; no registry merge, relation approval, actor payment, alliance, or political stance inference."
S002-R0300,S002,令和6年度「NPO等との協働実績調査」,2024,300,42,保健医療介護 部,保健医療介護部,沖縄県立総 合精神保健 福祉センター,沖縄県立総合精神保健福祉センター,10,その他,上記以外の協働形態,other_collaboration,1,保健、医療又は福祉の増進を図る事業,令和６年度 かかりつ け医等心の健康対応 力向上研修企画委員 会,令和6年度かかりつけ医等心の健康対応力向上研修企画委員会,かかりつけ医等心の健康対応力向上研 修の実施にあたり、円滑に事業を推進す るため、企画・立案、広報活動等について 効果的な方法を検討する。,3,営利を目的としない一般社団又は一般財団法人,一般社団法人 沖縄 県医師会、各地区医 師会（北部・中部・南 部・那覇市・浦添市） （委員として会員の推 薦・選出）,一般社団法人沖縄県医師会、各地区医師会(北部・中部・南部・那覇市・浦添市)(委員として会員の推薦・選出),S002PL183,source_partner_name_cell_unsplit,R6.6 R7.2.26,51,51,positive,行政,行政,not_selected,,,machine_display_alias_only_not_actor_identity,source_universe_row_not_relation_edge,whole_program_project_cost_not_actor_payment_or_award,"Authoritative mechanical source-row extraction; no registry merge, relation approval, actor payment, alliance, or political stance inference."
S002-R0301,S002,令和6年度「NPO等との協働実績調査」,2024,301,42,保健医療介護 部,保健医療介護部,沖縄県立総 合精神保健 福祉センター,沖縄県立総合精神保健福祉センター,9,講師等,講演会等の講師をNPO等が担当,lecturer_or_expertise,1,保健、医療又は福祉の増進を図る事業,思春期自殺予防研修,思春期自殺予防研修,近年増加している若年者の自殺対策とし て、学校職員等が、不安や生きづらさを抱 え希死念慮の訴えや自傷行為等のある児 童生徒について理解を深め、適切な支援 ができることを目的とする。,3,営利を目的としない一般社団又は一般財団法人,一般社団法人 高橋 聡美研究室,一般社団法人高橋聡美研究室,S002PL184,source_partner_name_cell_unsplit,R6.8.9 R6.8.9,114,114,positive,行政,行政,not_selected,,,machine_display_alias_only_not_actor_identity,source_universe_row_not_relation_edge,whole_program_project_cost_not_actor_payment_or_award,"Authoritative mechanical source-row extraction; no registry merge, relation approval, actor payment, alliance, or political stance inference."
S002-R0302,S002,令和6年度「NPO等との協働実績調査」,2024,302,42,保健医療介護 部,保健医療介護部,沖縄県立総 合精神保健 福祉センター,沖縄県立総合精神保健福祉センター,6,後援,NPO等の事業を後援という形で支援,endorsement_or_support,19,NPO等の活動や運営を支援する事業,創設30周年記念フォー ラム,創設30周年記念フォーラム,当事者の発表、前代表「沖縄ダルク30年 の歩み」、精神科医「外側から見た沖縄ダ ルクの歩み」等,3,営利を目的としない一般社団又は一般財団法人,一般社団法人 沖縄 ダルクサントゥアリオ,一般社団法人沖縄ダルクサントゥアリオ,S002PL185,source_partner_name_cell_unsplit,R6.10.23 R6.10.23,0,0,zero,ＮＰＯ等,ＮＰＯ等,not_selected,,,machine_display_alias_only_not_actor_identity,source_universe_row_not_relation_edge,whole_program_project_cost_not_actor_payment_or_award,"Authoritative mechanical source-row extraction; no registry merge, relation approval, actor payment, alliance, or political stance inference."
S002-R0303,S002,令和6年度「NPO等との協働実績調査」,2024,303,42,保健医療介護 部,保健医療介護部,保健医療総 務課,保健医療総務課,1,委託,NPO等へ業務委託を行った事業,delegated_public_program,1,保健、医療又は福祉の増進を図る事業,助産師活用促進事業,助産師活用促進事業,産科医療機関相互の助産師交流研修の 実施を支援することで助産実践能力の向 上、周産期医療体制の充実を図る。,2,公益社団又は公益財団法人,公益社団法人沖縄県 看護協会,公益社団法人沖縄県看護協会,S002PL052,source_partner_name_cell_unsplit,R6.4.1 ～ R7.3.31,"2,337",2337,positive,一緒に,ＮＰＯ等,not_selected,,,machine_display_alias_only_not_actor_identity,source_universe_row_not_relation_edge,whole_program_project_cost_not_actor_payment_or_award,"Authoritative mechanical source-row extraction; no registry merge, relation approval, actor payment, alliance, or political stance inference."
S002-R0304,S002,令和6年度「NPO等との協働実績調査」,2024,304,43,保健医療介護 部,保健医療介護部,保健医療総 務課,保健医療総務課,1,委託,NPO等へ業務委託を行った事業,delegated_public_program,1,保健、医療又は福祉の増進を図る事業,看護師等就労促進事 業,看護師等就労促進事業,未就業看護師等に対する講演会、就労斡 旋等を実施し、就労促進を図るとともに就 労看護師等への相談援助等を行う。,2,公益社団又は公益財団法人,公益社団法人沖縄県 看護協会,公益社団法人沖縄県看護協会,S002PL052,source_partner_name_cell_unsplit,R6.4.1 ～ R7.3.31,"15,498",15498,positive,一緒に,ＮＰＯ等,not_selected,,,machine_display_alias_only_not_actor_identity,source_universe_row_not_relation_edge,whole_program_project_cost_not_actor_payment_or_award,"Authoritative mechanical source-row extraction; no registry merge, relation approval, actor payment, alliance, or political stance inference."
S002-R0305,S002,令和6年度「NPO等との協働実績調査」,2024,305,43,保健医療介護 部,保健医療介護部,保健医療総 務課,保健医療総務課,1,委託,NPO等へ業務委託を行った事業,delegated_public_program,1,保健、医療又は福祉の増進を図る事業,潜在看護職の再就職 支援事業,潜在看護職の再就職支援事業,看護師人材確保のため、看護師資格を有 しながら現在就業していない潜在看護師 に対して、看護技術トレーニング等を行い 復職支援を行う。,2,公益社団又は公益財団法人,公益社団法人沖縄県 看護協会,公益社団法人沖縄県看護協会,S002PL052,source_partner_name_cell_unsplit,R6.4.1 ～ R7.3.31,"10,547",10547,positive,一緒に,ＮＰＯ等,not_selected,,,machine_display_alias_only_not_actor_identity,source_universe_row_not_relation_edge,whole_program_project_cost_not_actor_payment_or_award,"Authoritative mechanical source-row extraction; no registry merge, relation approval, actor payment, alliance, or political stance inference."
S002-R0306,S002,令和6年度「NPO等との協働実績調査」,2024,306,43,保健医療介護 部,保健医療介護部,保健医療総 務課,保健医療総務課,1,委託,NPO等へ業務委託を行った事業,delegated_public_program,1,保健、医療又は福祉の増進を図る事業,看護職の就労環境改 善支援事業,看護職の就労環境改善支援事業,看護職のワークライフ・バランスの推進を 図るため、就労環境改善相談窓口の設 置、医療機関看護管理者に対し勤務環境 改善アドバイザー派遣による指導及び相 談対応、看護業務の効率化や職場風土改 善の研修を開催する。,2,公益社団又は公益財団法人,公益社団法人沖縄県 看護協会,公益社団法人沖縄県看護協会,S002PL052,source_partner_name_cell_unsplit,R6.4.1 ～ R7.3.31,"6,220",6220,positive,一緒に,ＮＰＯ等,not_selected,,,machine_display_alias_only_not_actor_identity,source_universe_row_not_relation_edge,whole_program_project_cost_not_actor_payment_or_award,"Authoritative mechanical source-row extraction; no registry merge, relation approval, actor payment, alliance, or political stance inference."
S002-R0307,S002,令和6年度「NPO等との協働実績調査」,2024,307,43,保健医療介護 部,保健医療介護部,保健医療総 務課,保健医療総務課,1,委託,NPO等へ業務委託を行った事業,delegated_public_program,1,保健、医療又は福祉の増進を図る事業,看護教員養成講習会 事業,看護教員養成講習会事業,看護教育に携わる者に対して、必要な知 識や技術を習得させ、看護教育の質向上 を図るため、専任教員養成講習会及び実 習指導者講習会を実施する。,2,公益社団又は公益財団法人,公益社団法人沖縄県 看護協会,公益社団法人沖縄県看護協会,S002PL052,source_partner_name_cell_unsplit,R6.4.1 ～ R7.3.31,"8,759",8759,positive,一緒に,ＮＰＯ等,not_selected,,,machine_display_alias_only_not_actor_identity,source_universe_row_not_relation_edge,whole_program_project_cost_not_actor_payment_or_award,"Authoritative mechanical source-row extraction; no registry merge, relation approval, actor payment, alliance, or political stance inference."
S002-R0308,S002,令和6年度「NPO等との協働実績調査」,2024,308,43,保健医療介護 部,保健医療介護部,保健医療総 務課,保健医療総務課,1,委託,NPO等へ業務委託を行った事業,delegated_public_program,1,保健、医療又は福祉の増進を図る事業,専任教員再教育事業,専任教員再教育事業,看護教員の質向上を図るため、看護師等 養成所の教員を対象とした研修を実施す る。,2,公益社団又は公益財団法人,公益社団法人沖縄県 看護協会,公益社団法人沖縄県看護協会,S002PL052,source_partner_name_cell_unsplit,R6.4.1 ～ R7.3.31,"1,252",1252,positive,一緒に,ＮＰＯ等,not_selected,,,machine_display_alias_only_not_actor_identity,source_universe_row_not_relation_edge,whole_program_project_cost_not_actor_payment_or_award,"Authoritative mechanical source-row extraction; no registry merge, relation approval, actor payment, alliance, or political stance inference."
S002-R0309,S002,令和6年度「NPO等との協働実績調査」,2024,309,43,保健医療介護 部,保健医療介護部,保健医療総 務課,保健医療総務課,1,委託,NPO等へ業務委託を行った事業,delegated_public_program,1,保健、医療又は福祉の増進を図る事業,新人看護職員研修事 業,新人看護職員研修事業,自施設単独で新人看護職員研修を完結で きない医療機関等の新人看護師を対象 に、「新人看護職員研修ガイドライン」に 沿った「多施設合同研修」を実施すること で看護の質の向上及び早期離職防止を図 る。,2,公益社団又は公益財団法人,公益社団法人沖縄県 看護協会,公益社団法人沖縄県看護協会,S002PL052,source_partner_name_cell_unsplit,R6.4.1 ～ R7.3.31,"3,224",3224,positive,一緒に,ＮＰＯ等,not_selected,,,machine_display_alias_only_not_actor_identity,source_universe_row_not_relation_edge,whole_program_project_cost_not_actor_payment_or_award,"Authoritative mechanical source-row extraction; no registry merge, relation approval, actor payment, alliance, or political stance inference."
S002-R0310,S002,令和6年度「NPO等との協働実績調査」,2024,310,43,保健医療介護 部,保健医療介護部,保健医療総 務課,保健医療総務課,1,委託,NPO等へ業務委託を行った事業,delegated_public_program,1,保健、医療又は福祉の増進を図る事業,特定町村人材確保対 策事業,特定町村人材確保対策事業,離島及びへき地の町村に対し、人材確保 支援計画を策定し、保健師確保対策の支 援に取り組み、離島及びへき地における 地域保健対策の円滑な実施を図る。,2,公益社団又は公益財団法人,公益社団法人沖縄県 看護協会,公益社団法人沖縄県看護協会,S002PL052,source_partner_name_cell_unsplit,R6.4.1 ～ R7.3.31,"6,573",6573,positive,一緒に,ＮＰＯ等,not_selected,,,machine_display_alias_only_not_actor_identity,source_universe_row_not_relation_edge,whole_program_project_cost_not_actor_payment_or_award,"Authoritative mechanical source-row extraction; no registry merge, relation approval, actor payment, alliance, or political stance inference."
S002-R0311,S002,令和6年度「NPO等との協働実績調査」,2024,311,43,保健医療介護 部,保健医療介護部,南部保健所,南部保健所,1,委託,NPO等へ業務委託を行った事業,delegated_public_program,7,環境の保全を図る事業,沖縄県南部保健・福祉 合同庁舎構内の除 草、低木樹木剪定、運 搬処分の委託,沖縄県南部保健・福祉合同庁舎構内の除草、低木樹木剪定、運搬処分の委託,沖縄県南部保健・福祉合同庁舎構内の除 草・剪定・清掃作業を行い、環境の美化及 び利便性の向上を図る,2,公益社団又は公益財団法人,公益社団法人豊見城 市シルバー人材セン ター,公益社団法人豊見城市シルバー人材センター,S002PL186,source_partner_name_cell_unsplit,R6.8.22 ～ R6.8.24,108,108,positive,行政,ＮＰＯ等,not_selected,,,machine_display_alias_only_not_actor_identity,source_universe_row_not_relation_edge,whole_program_project_cost_not_actor_payment_or_award,"Authoritative mechanical source-row extraction; no registry merge, relation approval, actor payment, alliance, or political stance inference."
S002-R0312,S002,令和6年度「NPO等との協働実績調査」,2024,312,44,保健医療介護 部,保健医療介護部,南部保健所,南部保健所,9,講師等,講演会等の講師をNPO等が担当,lecturer_or_expertise,1,保健、医療又は福祉の増進を図る事業,難病療養者支援関係 者研修会,難病療養者支援関係者研修会,管内市町村及び支援関係者が、災害時対 応について学ぶことで、在宅において人工 呼吸器を要する状態にある療養者(児)及 び家族の自助を支援できるようになる,1,特定非営利活動法人（NPO法人）,認定NPO法人アンビ シャス,認定NPO法人アンビシャス,S002PL187,source_partner_name_cell_unsplit,R6.7.19 ～ R6.7.19,12,12,positive,行政,行政,not_selected,,,machine_display_alias_only_not_actor_identity,source_universe_row_not_relation_edge,whole_program_project_cost_not_actor_payment_or_award,"Authoritative mechanical source-row extraction; no registry merge, relation approval, actor payment, alliance, or political stance inference."
S002-R0313,S002,令和6年度「NPO等との協働実績調査」,2024,313,44,保健医療介護 部,保健医療介護部,南部保健所,南部保健所,9,講師等,講演会等の講師をNPO等が担当,lecturer_or_expertise,1,保健、医療又は福祉の増進を図る事業,小児慢性特定疾病・指 定難病学習会及び交 流会,小児慢性特定疾病・指定難病学習会及び交流会,療養者（児）およびその家族に対して在宅 での電源確保についての情報提供や、療 養者（児）及び家族相互の交流や情報交 換の機会を設けることにより、対象者が在 宅で必要な電源や災害対策について理解 し、災害に備え適切な対応がとれるように なることを目的とする。,1,特定非営利活動法人（NPO法人）,認定NPO法人アンビ シャス,認定NPO法人アンビシャス,S002PL187,source_partner_name_cell_unsplit,R7.2.4 ～ R7.2.4,12,12,positive,行政,行政,not_selected,,,machine_display_alias_only_not_actor_identity,source_universe_row_not_relation_edge,whole_program_project_cost_not_actor_payment_or_award,"Authoritative mechanical source-row extraction; no registry merge, relation approval, actor payment, alliance, or political stance inference."
S002-R0314,S002,令和6年度「NPO等との協働実績調査」,2024,314,44,保健医療介護 部,保健医療介護部,高齢者介護 課,高齢者介護課,1,委託,NPO等へ業務委託を行った事業,delegated_public_program,1,保健、医療又は福祉の増進を図る事業,沖縄県介護実習・普及 センター運営事業,沖縄県介護実習・普及センター運営事業,介護機器の普及を図るとともに、県民の健 康増進に資するため、高齢者の介護研 修・実習の実施、県民に対する介護意識 の啓発及び介護機器の展示・相談等を実 施する。,4,社会福祉法人,社会福祉法人沖縄県 社会福祉協議会,社会福祉法人沖縄県社会福祉協議会,S002PL046,source_partner_name_cell_unsplit,R6.4.1 ～ R7.3.31,"11,888",11888,positive,行政,一緒に,not_selected,,,machine_display_alias_only_not_actor_identity,source_universe_row_not_relation_edge,whole_program_project_cost_not_actor_payment_or_award,"Authoritative mechanical source-row extraction; no registry merge, relation approval, actor payment, alliance, or political stance inference."
S002-R0315,S002,令和6年度「NPO等との協働実績調査」,2024,315,44,保健医療介護 部,保健医療介護部,高齢者介護 課,高齢者介護課,1,委託,NPO等へ業務委託を行った事業,delegated_public_program,1,保健、医療又は福祉の増進を図る事業,介護支援専門員資質 向上事業,介護支援専門員資質向上事業,介護支援専門員の専門職としての資質の 維持・向上を図るため、「介護支援専門員 資質向上事業の実施について」（H26.7.4老 発第0704第2号厚労省老健局通知）に基 づき、法定研修を体系的に実施する。,3,営利を目的としない一般社団又は一般財団法人,一般社団法人沖縄県 介護支援専門員協会,一般社団法人沖縄県介護支援専門員協会,S002PL188,source_partner_name_cell_unsplit,R6.4.1 ～ R7.3.31,"46,652",46652,positive,一緒に,一緒に,not_selected,,,machine_display_alias_only_not_actor_identity,source_universe_row_not_relation_edge,whole_program_project_cost_not_actor_payment_or_award,"Authoritative mechanical source-row extraction; no registry merge, relation approval, actor payment, alliance, or political stance inference."
S002-R0316,S002,令和6年度「NPO等との協働実績調査」,2024,316,44,保健医療介護 部,保健医療介護部,高齢者介護 課,高齢者介護課,1,委託,NPO等へ業務委託を行った事業,delegated_public_program,1,保健、医療又は福祉の増進を図る事業,主任介護支援専門員 フォローアップ研修事 業,主任介護支援専門員フォローアップ研修事業,主任介護支援専門員に求められる相談業 務、介護支援専門員の指導・教育等の能 力の向上、また法定研修において講師及 びファシリテーターを担う者を養成する研 修を実施する。,3,営利を目的としない一般社団又は一般財団法人,一般社団法人沖縄県 介護支援専門員協会,一般社団法人沖縄県介護支援専門員協会,S002PL188,source_partner_name_cell_unsplit,R6.4.1 ～ R7.3.31,"1,772",1772,positive,一緒に,一緒に,not_selected,,,machine_display_alias_only_not_actor_identity,source_universe_row_not_relation_edge,whole_program_project_cost_not_actor_payment_or_award,"Authoritative mechanical source-row extraction; no registry merge, relation approval, actor payment, alliance, or political stance inference."
S002-R0317,S002,令和6年度「NPO等との協働実績調査」,2024,317,44,保健医療介護 部,保健医療介護部,高齢者介護 課,高齢者介護課,1,委託,NPO等へ業務委託を行った事業,delegated_public_program,1,保健、医療又は福祉の増進を図る事業,介護人材キャリアアッ プ研修支援事業,介護人材キャリアアップ研修支援事業,保健・医療・福祉・介護サービス分野に従 事する中堅職員や介護サービス分野への 再就業を希望する者で、介護支援専門員 の資格取得など、適切なキャリアパス、ス キルアップを促進するための研修を実施 することで、介護人材の安定的な定着を図 る。,4,社会福祉法人,社会福祉法人沖縄県 社会福祉協議会,社会福祉法人沖縄県社会福祉協議会,S002PL046,source_partner_name_cell_unsplit,R6.4.1 ～ R7.3.31,"6,708",6708,positive,一緒に,一緒に,not_selected,,,machine_display_alias_only_not_actor_identity,source_universe_row_not_relation_edge,whole_program_project_cost_not_actor_payment_or_award,"Authoritative mechanical source-row extraction; no registry merge, relation approval, actor payment, alliance, or political stance inference."
S002-R0318,S002,令和6年度「NPO等との協働実績調査」,2024,318,44,保健医療介護 部,保健医療介護部,高齢者介護 課,高齢者介護課,1,委託,NPO等へ業務委託を行った事業,delegated_public_program,1,保健、医療又は福祉の増進を図る事業,多職種連携ケアマネジ メント研修事業,多職種連携ケアマネジメント研修事業,地域包括ケアシステムの構築の一端を担 うことを目的とし、多職種間におけるケアマ ネジメントへの理解と、連携の強化を図る 研修を実施する。,3,営利を目的としない一般社団又は一般財団法人,一般社団法人沖縄県 介護支援専門員協会,一般社団法人沖縄県介護支援専門員協会,S002PL188,source_partner_name_cell_unsplit,R6.4.1 ～ R7.3.31,"1,172",1172,positive,一緒に,一緒に,not_selected,,,machine_display_alias_only_not_actor_identity,source_universe_row_not_relation_edge,whole_program_project_cost_not_actor_payment_or_award,"Authoritative mechanical source-row extraction; no registry merge, relation approval, actor payment, alliance, or political stance inference."
S002-R0319,S002,令和6年度「NPO等との協働実績調査」,2024,319,45,保健医療介護 部,保健医療介護部,高齢者介護 課,高齢者介護課,1,委託,NPO等へ業務委託を行った事業,delegated_public_program,1,保健、医療又は福祉の増進を図る事業,沖縄県認定調査員等 研修事業委託,沖縄県認定調査員等研修事業委託,要介護認定の適正な実施に資するため、 認定調査員、介護認定審査会委員及び主 治医等に対して研修を実施する。,3,営利を目的としない一般社団又は一般財団法人,一般財団法人福祉 サービス評価機構,一般財団法人福祉サービス評価機構,S002PL189,source_partner_name_cell_unsplit,R6.9.27 ～ R7.3.31,"1,260",1260,positive,一緒に,一緒に,not_selected,,,machine_display_alias_only_not_actor_identity,source_universe_row_not_relation_edge,whole_program_project_cost_not_actor_payment_or_award,"Authoritative mechanical source-row extraction; no registry merge, relation approval, actor payment, alliance, or political stance inference."
S002-R0320,S002,令和6年度「NPO等との協働実績調査」,2024,320,45,保健医療介護 部,保健医療介護部,高齢者介護 課,高齢者介護課,1,委託,NPO等へ業務委託を行った事業,delegated_public_program,1,保健、医療又は福祉の増進を図る事業,介護職員処遇改善加 算等の取得促進支援 事業,介護職員処遇改善加算等の取得促進支援事業,介護サービス事業所にたいし、賃金改善 に充てることを目的とする「介護職員処遇 改善加算」及び「介護職員等特定処遇改 善加算」の取得要件等整備に係る支援を 行うことで、介護人材の処遇改善を図る。,2,公益社団又は公益財団法人,公益財団法人介護労 働安定センター沖縄 支部,公益財団法人介護労働安定センター沖縄支部,S002PL190,source_partner_name_cell_unsplit,R6.4.24 ～ R7.2.28,"2,816",2816,positive,一緒に,一緒に,not_selected,,,machine_display_alias_only_not_actor_identity,source_universe_row_not_relation_edge,whole_program_project_cost_not_actor_payment_or_award,"Authoritative mechanical source-row extraction; no registry merge, relation approval, actor payment, alliance, or political stance inference."
S002-R0321,S002,令和6年度「NPO等との協働実績調査」,2024,321,45,保健医療介護 部,保健医療介護部,高齢者介護 課,高齢者介護課,1,委託,NPO等へ業務委託を行った事業,delegated_public_program,1,保健、医療又は福祉の増進を図る事業,高齢者権利擁護推進 員養成研修,高齢者権利擁護推進員養成研修,介護保険施設、事業所等において指導的 立場にある者を 対象に、「高齢者虐待の 防止、高齢者の養護者に対する支援等に 関する法律」の趣旨の理解及び利用者の 権利擁護の視点に立った介護に関する実 践的手法を修得させ、介護現場での権利 擁護のための取組を指導する人材を養成 するための研修を実施する。,4,社会福祉法人,一般社団法人沖縄県 社会福祉士会,一般社団法人沖縄県社会福祉士会,S002PL050,source_partner_name_cell_unsplit,R6.7.26 ～ R7.3.31,"1,690",1690,positive,行政,一緒に,not_selected,,,machine_display_alias_only_not_actor_identity,source_universe_row_not_relation_edge,whole_program_project_cost_not_actor_payment_or_award,"Authoritative mechanical source-row extraction; no registry merge, relation approval, actor payment, alliance, or political stance inference."
S002-R0322,S002,令和6年度「NPO等との協働実績調査」,2024,322,45,保健医療介護 部,保健医療介護部,高齢者介護 課,高齢者介護課,1,委託,NPO等へ業務委託を行った事業,delegated_public_program,1,保健、医療又は福祉の増進を図る事業,沖縄県看護実務者研 修事業,沖縄県看護実務者研修事業,介護施設の看護職員を対象として、高齢 者が尊厳を保持し、自立した日常生活を営 むことができるよう支援するための実践 的、専門的手法を習得し、高齢者の権利 擁護のために必要な援助等を地域におい て実践できる人材を養成するための研修 を実施する。,2,公益社団又は公益財団法人,公益社団法人沖縄県 看護協会,公益社団法人沖縄県看護協会,S002PL052,source_partner_name_cell_unsplit,R6.8.1 ～ R7.3.31,655,655,positive,行政,一緒に,not_selected,,,machine_display_alias_only_not_actor_identity,source_universe_row_not_relation_edge,whole_program_project_cost_not_actor_payment_or_award,"Authoritative mechanical source-row extraction; no registry merge, relation approval, actor payment, alliance, or political stance inference."
S002-R0323,S002,令和6年度「NPO等との協働実績調査」,2024,323,45,保健医療介護 部,保健医療介護部,高齢者介護 課,高齢者介護課,1,委託,NPO等へ業務委託を行った事業,delegated_public_program,1,保健、医療又は福祉の増進を図る事業,沖縄県看護職人材育 成研修事業,沖縄県看護職人材育成研修事業,介護施設等に勤務する看護職員を対象 に、高齢者ケアに必要な知識及び技術を 修得させ、看護実践能力の向上を図ること 目的とした研修を地区別に実施する。,2,公益社団又は公益財団法人,公益社団法人沖縄県 看護協会,公益社団法人沖縄県看護協会,S002PL052,source_partner_name_cell_unsplit,R6.4.15 ～ R7.3.31,"2,730",2730,positive,行政,一緒に,not_selected,,,machine_display_alias_only_not_actor_identity,source_universe_row_not_relation_edge,whole_program_project_cost_not_actor_payment_or_award,"Authoritative mechanical source-row extraction; no registry merge, relation approval, actor payment, alliance, or political stance inference."
S002-R0324,S002,令和6年度「NPO等との協働実績調査」,2024,324,45,保健医療介護 部,保健医療介護部,高齢者介護 課,高齢者介護課,1,委託,NPO等へ業務委託を行った事業,delegated_public_program,1,保健、医療又は福祉の増進を図る事業,沖縄県地域密着サー ビス外部評価調査員 養成研修事業業務委 託,沖縄県地域密着サービス外部評価調査員養成研修事業業務委託,沖縄県地域密着型サービス外部評価実施 要綱に基づき、グループホーム事業者に 対する外部評価を行う評価調査員の新規 養成研修を行う。,3,営利を目的としない一般社団又は一般財団法人,一般財団法人福祉 サービス評価機構,一般財団法人福祉サービス評価機構,S002PL189,source_partner_name_cell_unsplit,R6.10.21 ～ R7.3.31,"1,000",1000,positive,一緒に,一緒に,not_selected,,,machine_display_alias_only_not_actor_identity,source_universe_row_not_relation_edge,whole_program_project_cost_not_actor_payment_or_award,"Authoritative mechanical source-row extraction; no registry merge, relation approval, actor payment, alliance, or political stance inference."
S002-R0325,S002,令和6年度「NPO等との協働実績調査」,2024,325,45,保健医療介護 部,保健医療介護部,高齢者介護 課,高齢者介護課,1,委託,NPO等へ業務委託を行った事業,delegated_public_program,1,保健、医療又は福祉の増進を図る事業,沖縄県地域密着型 サービス外部評価調 査員養成研修事業業 務委託,沖縄県地域密着型サービス外部評価調査員養成研修事業業務委託,沖縄県における地域密着型サービス外部 評価制度の推進及び円滑な実施を図るた め、本制度における評価事務を実施する 現任評価調査員に対するフォローアップ研 修を行う。,1,特定非営利活動法人（NPO法人）,特定非営利活動法人 介護と福祉の調査機 関おきなわ,特定非営利活動法人介護と福祉の調査機関おきなわ,S002PL049,source_partner_name_cell_unsplit,R7.1.6 ～ R7.2.28,285,285,positive,一緒に,一緒に,not_selected,,,machine_display_alias_only_not_actor_identity,source_universe_row_not_relation_edge,whole_program_project_cost_not_actor_payment_or_award,"Authoritative mechanical source-row extraction; no registry merge, relation approval, actor payment, alliance, or political stance inference."
S002-R0326,S002,令和6年度「NPO等との協働実績調査」,2024,326,46,保健医療介護 部,保健医療介護部,高齢者介護 課,高齢者介護課,1,委託,NPO等へ業務委託を行った事業,delegated_public_program,1,保健、医療又は福祉の増進を図る事業,沖縄県看護指導者養 成研修事業,沖縄県看護指導者養成研修事業,介護施設において看護の指導的立場にあ る者を対象として、高齢者が尊厳を保持 し、自立した日常生活を営むことができる よう支援し、権利擁護に必要な援助等を行 うための専門的知識・技術を習得させるた めの研修を実施する。,2,公益社団又は公益財団法人,公益社団法人日本看 護協会,公益社団法人日本看護協会,S002PL191,source_partner_name_cell_unsplit,R6.5.17 ～ R7.3.31,100,100,positive,行政,一緒に,not_selected,,,machine_display_alias_only_not_actor_identity,source_universe_row_not_relation_edge,whole_program_project_cost_not_actor_payment_or_award,"Authoritative mechanical source-row extraction; no registry merge, relation approval, actor payment, alliance, or political stance inference."
S002-R0327,S002,令和6年度「NPO等との協働実績調査」,2024,327,46,保健医療介護 部,保健医療介護部,高齢者介護 課,高齢者介護課,1,委託,NPO等へ業務委託を行った事業,delegated_public_program,1,保健、医療又は福祉の増進を図る事業,介護サービス情報の 公表に係る調査業務 委託,介護サービス情報の公表に係る調査業務委託,介護サービス情報の公表制度の実施によ る介護サービス全体の質の向上並びに利 用者による主体的な選択ができる環境等 の実現に資するため、事業者による公表 内容の確認のための調査を行う。,1,特定非営利活動法人（NPO法人）,特定非営利活動法人 介護と福祉の調査機 関おきなわ,特定非営利活動法人介護と福祉の調査機関おきなわ,S002PL049,source_partner_name_cell_unsplit,R6.12.13 ～ R7.3.31,"1,960",1960,positive,一緒に,一緒に,not_selected,,,machine_display_alias_only_not_actor_identity,source_universe_row_not_relation_edge,whole_program_project_cost_not_actor_payment_or_award,"Authoritative mechanical source-row extraction; no registry merge, relation approval, actor payment, alliance, or political stance inference."
S002-R0328,S002,令和6年度「NPO等との協働実績調査」,2024,328,46,保健医療介護 部,保健医療介護部,高齢者介護 課,高齢者介護課,1,委託,NPO等へ業務委託を行った事業,delegated_public_program,16,経済活動の活性化を図る事業,介護役職者向けマネ ジメント研修事業,介護役職者向けマネジメント研修事業,介護施設等の経営者及び役職者を対象 に、将来を見据えた経営・組織戦略の構築 及び多様な人材の確保・定着に資するた めの研修事業を実施する。,3,営利を目的としない一般社団又は一般財団法人,一般社団法人 沖縄 県中小企業診断士協 会,一般社団法人沖縄県中小企業診断士協会,S002PL192,source_partner_name_cell_unsplit,R6.4.19 ～ R7.3.31,"3,999",3999,positive,行政,一緒に,not_selected,,,machine_display_alias_only_not_actor_identity,source_universe_row_not_relation_edge,whole_program_project_cost_not_actor_payment_or_award,"Authoritative mechanical source-row extraction; no registry merge, relation approval, actor payment, alliance, or political stance inference."
S002-R0329,S002,令和6年度「NPO等との協働実績調査」,2024,329,46,保健医療介護 部,保健医療介護部,高齢者介護 課,高齢者介護課,1,委託,NPO等へ業務委託を行った事業,delegated_public_program,1,保健、医療又は福祉の増進を図る事業,サービス提供責任者 適正実施研修,サービス提供責任者適正実施研修,サービス提供責任者に求められる適切な アセスメントや、それに基づく訪問介護計 画作成、訪問介護員の指導・教育等の能 力の向上を図るための研修を実施する。,3,営利を目的としない一般社団又は一般財団法人,一般社団法人 沖縄 県介護福祉士会,一般社団法人沖縄県介護福祉士会,S002PL193,source_partner_name_cell_unsplit,R6.4.1 ～ R7.3.31,"1,246",1246,positive,行政,ＮＰＯ等,not_selected,,,machine_display_alias_only_not_actor_identity,source_universe_row_not_relation_edge,whole_program_project_cost_not_actor_payment_or_award,"Authoritative mechanical source-row extraction; no registry merge, relation approval, actor payment, alliance, or political stance inference."
S002-R0330,S002,令和6年度「NPO等との協働実績調査」,2024,330,46,保健医療介護 部,保健医療介護部,高齢者介護 課,高齢者介護課,1,委託,NPO等へ業務委託を行った事業,delegated_public_program,1,保健、医療又は福祉の増進を図る事業,テーマ別技術向上研 修,テーマ別技術向上研修,訪問介護事業所や介護施設等に勤める現 任の介護職員に対し、介護の現場で必要 となる知識や技術を身につけるための研 修を階層別、テーマ毎に実施する。,5,学校法人、医療法人等上記1～4以外の非営利法人,学校法人 大庭学園,学校法人大庭学園,S002PL194,source_partner_name_cell_unsplit,R6.4.1 ～ R7.3.31,768,768,positive,行政,ＮＰＯ等,not_selected,,,machine_display_alias_only_not_actor_identity,source_universe_row_not_relation_edge,whole_program_project_cost_not_actor_payment_or_award,"Authoritative mechanical source-row extraction; no registry merge, relation approval, actor payment, alliance, or political stance inference."
S002-R0331,S002,令和6年度「NPO等との協働実績調査」,2024,331,46,保健医療介護 部,保健医療介護部,高齢者介護 課,高齢者介護課,1,委託,NPO等へ業務委託を行った事業,delegated_public_program,1,保健、医療又は福祉の増進を図る事業,外国人介護人材受入 支援事業,外国人介護人材受入支援事業,県内で就労する介護職種の技能実習生や 介護分野における1号特定技能外国人の 介護技能を向上させるため、日本語及び 介護技術の集合研修を実施する。,2,公益社団又は公益財団法人,公益財団法人介護労 働安定センター沖縄 支部,公益財団法人介護労働安定センター沖縄支部,S002PL190,source_partner_name_cell_unsplit,R6.5.31 ～ R7.3.31,"2,229",2229,positive,行政,一緒に,not_selected,,,machine_display_alias_only_not_actor_identity,source_universe_row_not_relation_edge,whole_program_project_cost_not_actor_payment_or_award,"Authoritative mechanical source-row extraction; no registry merge, relation approval, actor payment, alliance, or political stance inference."
S002-R0332,S002,令和6年度「NPO等との協働実績調査」,2024,332,46,保健医療介護 部,保健医療介護部,高齢者介護 課,高齢者介護課,1,委託,NPO等へ業務委託を行った事業,delegated_public_program,1,保健、医療又は福祉の増進を図る事業,多職種連携ケアマネジ メント支援事業,多職種連携ケアマネジメント支援事業,保険者が実施する介護予防及び介護給付 にかかるケアプラン点検業務に関し、技術 的支援を実施する。,3,営利を目的としない一般社団又は一般財団法人,一般社団法人沖縄県 介護支援専門員協会,一般社団法人沖縄県介護支援専門員協会,S002PL188,source_partner_name_cell_unsplit,R6.4.1 ～ R7.3.31,"4,500",4500,positive,一緒に,一緒に,not_selected,,,machine_display_alias_only_not_actor_identity,source_universe_row_not_relation_edge,whole_program_project_cost_not_actor_payment_or_award,"Authoritative mechanical source-row extraction; no registry merge, relation approval, actor payment, alliance, or political stance inference."
S002-R0333,S002,令和6年度「NPO等との協働実績調査」,2024,333,46,保健医療介護 部,保健医療介護部,北部保健所,北部保健所,9,講師等,講演会等の講師をNPO等が担当,lecturer_or_expertise,1,保健、医療又は福祉の増進を図る事業,小児慢性特定疾病児 童等自立支援事業相 互交流支援事業,小児慢性特定疾病児童等自立支援事業相互交流支援事業,「きょうだい児の気持ちと関わり方」をテー マに講義や交流の場を設け参加者がきょ うだい児の気持ちを理解し関わり方を学ぶ ことや参加者同士が気持ちを分かち合うこ とで子育てに対する不安の軽減を目的と する,3,営利を目的としない一般社団又は一般財団法人,一般社団法人ちゅら まーる在宅看護セン ターはなはな,一般社団法人ちゅらまーる在宅看護センターはなはな,S002PL195,source_partner_name_cell_unsplit,R6.6.21 ～ R6.6.21,12,12,positive,行政,行政,not_selected,,,machine_display_alias_only_not_actor_identity,source_universe_row_not_relation_edge,whole_program_project_cost_not_actor_payment_or_award,"Authoritative mechanical source-row extraction; no registry merge, relation approval, actor payment, alliance, or political stance inference."
S002-R0334,S002,令和6年度「NPO等との協働実績調査」,2024,334,47,保健医療介護 部,保健医療介護部,北部保健所,北部保健所,1,委託,NPO等へ業務委託を行った事業,delegated_public_program,7,環境の保全を図る事業,北部保健・福祉合同庁 舎構内の除草等作業,北部保健・福祉合同庁舎構内の除草等作業,北部保健・福祉合同庁舎構内の除草等を 行い環境の美化及び利便性の向上を図る,2,公益社団又は公益財団法人,公益社団法人名護市 シルバー人材セン ター,公益社団法人名護市シルバー人材センター,S002PL196,source_partner_name_cell_unsplit,R6.6.22 ～ R7.1.25,252,252,positive,行政,ＮＰＯ等,not_selected,,,machine_display_alias_only_not_actor_identity,source_universe_row_not_relation_edge,whole_program_project_cost_not_actor_payment_or_award,"Authoritative mechanical source-row extraction; no registry merge, relation approval, actor payment, alliance, or political stance inference."
S002-R0335,S002,令和6年度「NPO等との協働実績調査」,2024,335,47,農林水産部,農林水産部,農政経済課,農政経済課,1,委託,NPO等へ業務委託を行った事業,delegated_public_program,17,職業能力の開発又は雇用機会の拡充を支援する事業,農地利用集積事業費 （農業経営者サポート 事業）,農地利用集積事業費(農業経営者サポート事業),農業を担う人材を幅広く確保・育成し、円 滑な就農促進を図るため、就農相談窓口 を設置し、相談対応、就農相談会等就農 等に関する情報の提供等を行う。,2,公益社団又は公益財団法人,公益財団法人沖縄県 農業振興公社,公益財団法人沖縄県農業振興公社,S002PL197,source_partner_name_cell_unsplit,Ｒ４ ～ 終期未定,"4,682",4682,positive,行政,ＮＰＯ等,not_selected,,,machine_display_alias_only_not_actor_identity,source_universe_row_not_relation_edge,whole_program_project_cost_not_actor_payment_or_award,"Authoritative mechanical source-row extraction; no registry merge, relation approval, actor payment, alliance, or political stance inference."
S002-R0336,S002,令和6年度「NPO等との協働実績調査」,2024,336,47,農林水産部,農林水産部,営農支援課,営農支援課,4,補助,補助金・助成金の支給又は物的支援,subsidy_assistance_or_in_kind,17,職業能力の開発又は雇用機会の拡充を支援する事業,新農業人材育成確保 対策事業,新農業人材育成確保対策事業,将来農業を志す多様な人材を創出する ため、農業体験学習や相談から就農に至 るまでの道筋を支援する各種取り組を行 い、新規就農者の増加を図る。,2,公益社団又は公益財団法人,公益財団法人沖縄県 農業振興公社,公益財団法人沖縄県農業振興公社,S002PL197,source_partner_name_cell_unsplit,R4 ～ R6,"5,000",5000,positive,行政,行政,not_selected,,,machine_display_alias_only_not_actor_identity,source_universe_row_not_relation_edge,whole_program_project_cost_not_actor_payment_or_award,"Authoritative mechanical source-row extraction; no registry merge, relation approval, actor payment, alliance, or political stance inference."
S002-R0337,S002,令和6年度「NPO等との協働実績調査」,2024,337,47,農林水産部,農林水産部,営農支援課,営農支援課,4,補助,補助金・助成金の支給又は物的支援,subsidy_assistance_or_in_kind,5,農山漁村又は離島・過疎地域の振興を図る事業,産地人材ネットワーク 育成確保対策事業,産地人材ネットワーク育成確保対策事業,農業者の高齢化、世代交代が進む中青 年農業者の早期経営強化及び産地の維 持・発展を図るため。青年農業者間のネッ トワークの拡大や熟練農業者との世代間 交流(技術継承)の取組を促進する。,2,公益社団又は公益財団法人,公益財団法人沖縄県 農業振興公社,公益財団法人沖縄県農業振興公社,S002PL197,source_partner_name_cell_unsplit,R4 ～ R6,"11,296",11296,positive,行政,行政,not_selected,,,machine_display_alias_only_not_actor_identity,source_universe_row_not_relation_edge,whole_program_project_cost_not_actor_payment_or_award,"Authoritative mechanical source-row extraction; no registry merge, relation approval, actor payment, alliance, or political stance inference."
S002-R0338,S002,令和6年度「NPO等との協働実績調査」,2024,338,47,農林水産部,農林水産部,営農支援課,営農支援課,1,委託,NPO等へ業務委託を行った事業,delegated_public_program,5,農山漁村又は離島・過疎地域の振興を図る事業,新規畑人資金支援事 業,新規畑人資金支援事業,次世代の農業者となることを志向する者に 対して、就農前の研修を後押しする資金及 び就農開始直後の経営確立を支援する資 金を交付し、経営感覚に優れた次世代の 担い手を育成・確保する。,2,公益社団又は公益財団法人,公益財団法人沖縄県 農業振興公社,公益財団法人沖縄県農業振興公社,S002PL197,source_partner_name_cell_unsplit,R4 ～ R7,"9,121",9121,positive,行政,行政,not_selected,,,machine_display_alias_only_not_actor_identity,source_universe_row_not_relation_edge,whole_program_project_cost_not_actor_payment_or_award,"Authoritative mechanical source-row extraction; no registry merge, relation approval, actor payment, alliance, or political stance inference."
S002-R0339,S002,令和6年度「NPO等との協働実績調査」,2024,339,47,農林水産部,農林水産部,営農支援課,営農支援課,1,委託,NPO等へ業務委託を行った事業,delegated_public_program,5,農山漁村又は離島・過疎地域の振興を図る事業,産地へ広がる総合的 病害虫管理技術普及 事業,産地へ広がる総合的病害虫管理技術普及事業,安定的な農業生産を維持しつつ、環境負 荷や化学農薬の削減を図るため、天敵利 用技術を中心とした総合的病害虫管理 （IPM）技術の普及拡大を図る。,2,公益社団又は公益財団法人,沖縄県植物防疫協会,沖縄県植物防疫協会,S002PL198,source_partner_name_cell_unsplit,R3 ～ R7,900,900,positive,行政,行政,not_selected,,,machine_display_alias_only_not_actor_identity,source_universe_row_not_relation_edge,whole_program_project_cost_not_actor_payment_or_award,"Authoritative mechanical source-row extraction; no registry merge, relation approval, actor payment, alliance, or political stance inference."
S002-R0340,S002,令和6年度「NPO等との協働実績調査」,2024,340,47,農林水産部,農林水産部,森林管理課,森林管理課,2,提案型公募による委託,提案型公募による委託,proposal_based_delegated_program,13,子どもの教育及び健全育成を図る事業,沖縄県ウッドスタート 推進委託業務,沖縄県ウッドスタート推進委託業務,森林資源の循環利用について考える機会 創出のため、保育従事者や学生を対象と した保育環境セミナーを開催するとともに、 県民の森や首里城公園において木育イベ ントを実施した。,2,公益社団又は公益財団法人,特定非営利活動法人 芸術と遊び創造協会,特定非営利活動法人芸術と遊び創造協会,S002PL199,source_partner_name_cell_unsplit,R6.5.28 ～ R7.3.21,"2,970",2970,positive,一緒に,一緒に,not_selected,,,machine_display_alias_only_not_actor_identity,source_universe_row_not_relation_edge,whole_program_project_cost_not_actor_payment_or_award,"Authoritative mechanical source-row extraction; no registry merge, relation approval, actor payment, alliance, or political stance inference."
S002-R0341,S002,令和6年度「NPO等との協働実績調査」,2024,341,47,農林水産部,農林水産部,水産課,水産課,1,委託,NPO等へ業務委託を行った事業,delegated_public_program,16,経済活動の活性化を図る事業,糸満漁港管理運営事 務所委託事業,糸満漁港管理運営事務所委託事業,糸満漁港管理運営事務所の清掃、建 物・備品の維持管理及び巡回警備等の業 務を行う。,3,営利を目的としない一般社団又は一般財団法人,一般財団法人沖縄県 水産公社,一般財団法人沖縄県水産公社,S002PL200,source_partner_name_cell_unsplit,S62.4 ～ 終期未定,890,890,positive,行政,行政,not_selected,,,machine_display_alias_only_not_actor_identity,source_universe_row_not_relation_edge,whole_program_project_cost_not_actor_payment_or_award,"Authoritative mechanical source-row extraction; no registry merge, relation approval, actor payment, alliance, or political stance inference."
S002-R0342,S002,令和6年度「NPO等との協働実績調査」,2024,342,48,農林水産部,農林水産部,水産課,水産課,1,委託,NPO等へ業務委託を行った事業,delegated_public_program,16,経済活動の活性化を図る事業,高度衛生管理型荷捌 施設委託事業,高度衛生管理型荷捌施設委託事業,高度衛生管理型荷捌施設の清掃、建 物・備品の維持管理及び巡回警備等の業 務を行う。,3,営利を目的としない一般社団又は一般財団法人,一般財団法人沖縄県 水産公社,一般財団法人沖縄県水産公社,S002PL200,source_partner_name_cell_unsplit,R4.5 ～ 終期未定,"2,963",2963,positive,行政,行政,not_selected,,,machine_display_alias_only_not_actor_identity,source_universe_row_not_relation_edge,whole_program_project_cost_not_actor_payment_or_award,"Authoritative mechanical source-row extraction; no registry merge, relation approval, actor payment, alliance, or political stance inference."
S002-R0343,S002,令和6年度「NPO等との協働実績調査」,2024,343,48,農林水産部,農林水産部,水産課,水産課,1,委託,NPO等へ業務委託を行った事業,delegated_public_program,9,地域安全及び犯罪防止に関する事業,漁業指導監督用通信 委託,漁業指導監督用通信委託,交通安全対策基本法第４条に基づく地 方公共団体の責務を全うするため、海上 交通においての生命と財産の保護を行う 方法の一つとして、沖縄県は、無線通信業 務を行っている。本業務は、漁業指導監督 通信、気象通報、漁海況予報情報、漁業 取締の通信、海難事故、米軍演習情報以 外に、緊急事態に対する対処等の安全確 保に関する通信を行う。,3,営利を目的としない一般社団又は一般財団法人,一般社団法人沖縄県 漁業無線協会,一般社団法人沖縄県漁業無線協会,S002PL201,source_partner_name_cell_unsplit,H1．4 ～ 終期未定,"53,000",53000,positive,行政,行政,not_selected,,,machine_display_alias_only_not_actor_identity,source_universe_row_not_relation_edge,whole_program_project_cost_not_actor_payment_or_award,"Authoritative mechanical source-row extraction; no registry merge, relation approval, actor payment, alliance, or political stance inference."
S002-R0344,S002,令和6年度「NPO等との協働実績調査」,2024,344,48,農林水産部,農林水産部,水産課,水産課,1,委託,NPO等へ業務委託を行った事業,delegated_public_program,9,地域安全及び犯罪防止に関する事業,沖合操業の安全確保 支援事業委託業務,沖合操業の安全確保支援事業委託業務,気象や米軍訓練、航行警報等の安全情 報の受信や、事故、船員発病などの緊急 時の通信連絡に必要な高出力無線機の 整備を支援することにより、沖合で操業す る漁船の安全確保に資する。これにより本 県水産業の健全な発展と水産物の安定供 給を図る。,3,営利を目的としない一般社団又は一般財団法人,一般社団法人沖縄県 漁業無線協会,一般社団法人沖縄県漁業無線協会,S002PL201,source_partner_name_cell_unsplit,H24.4 ～ 終期未定,"2,602",2602,positive,行政,行政,not_selected,,,machine_display_alias_only_not_actor_identity,source_universe_row_not_relation_edge,whole_program_project_cost_not_actor_payment_or_award,"Authoritative mechanical source-row extraction; no registry merge, relation approval, actor payment, alliance, or political stance inference."
S002-R0345,S002,令和6年度「NPO等との協働実績調査」,2024,345,48,農林水産部,農林水産部,水産課,水産課,1,委託,NPO等へ業務委託を行った事業,delegated_public_program,9,地域安全及び犯罪防止に関する事業,漁業指導監督用通信 委託,漁業指導監督用通信委託,交通安全対策基本法第４条に基づく地 方公共団体の責務を全うするため、海上 交通においての生命と財産の保護を行う 方法の一つとして、沖縄県は、無線通信業 務を行っている。本事業は、電波法改正に より無線機器の規格が見直されたことか ら、通信を行うための機器を換装すること を目的としている。,3,営利を目的としない一般社団又は一般財団法人,一般社団法人沖縄県 漁業無線協会,一般社団法人沖縄県漁業無線協会,S002PL201,source_partner_name_cell_unsplit,R4．4 ～ R7.3,"203,266",203266,positive,行政,行政,not_selected,,,machine_display_alias_only_not_actor_identity,source_universe_row_not_relation_edge,whole_program_project_cost_not_actor_payment_or_award,"Authoritative mechanical source-row extraction; no registry merge, relation approval, actor payment, alliance, or political stance inference."
S002-R0346,S002,令和6年度「NPO等との協働実績調査」,2024,346,48,農林水産部,農林水産部,北部農林水 産振興セン ター農業改 良普及課,北部農林水産振興センター農業改良普及課,9,講師等,講演会等の講師をNPO等が担当,lecturer_or_expertise,7,環境の保全を図る事業,令和６年度第34回「土 壌保全の日」,令和6年度第34回「土壌保全の日」,農家や農業関係者を対象に、農地からの 赤土流出防止対策の実施を啓発し、農業 経営と自然保護の両立を目指す。,1,特定非営利活動法人（NPO法人）,NPO法人おきなわグ リーンネットワーク,NPO法人おきなわグリーンネットワーク,S002PL202,source_partner_name_cell_unsplit,R6.6.5 ～ R6.6.5,14,14,positive,行政,行政,not_selected,,,machine_display_alias_only_not_actor_identity,source_universe_row_not_relation_edge,whole_program_project_cost_not_actor_payment_or_award,"Authoritative mechanical source-row extraction; no registry merge, relation approval, actor payment, alliance, or political stance inference."
S002-R0347,S002,令和6年度「NPO等との協働実績調査」,2024,347,48,商工労働部,商工労働部,グローバル マーケット 戦略課,グローバルマーケット戦略課,7,実行委員会等,委員会等にNPO等のメンバーを加えた事業,committee_participation,16,経済活動の活性化を図る事業,国際航空物流機能強 化推進事業（沖縄大交 易会開催負担金）,国際航空物流機能強化推進事業(沖縄大交易会開催負担金),沖縄国際物流ハブを活用した県産品及び 全国特産品の輸出促進を図ることを目的 に、事前マッチング型においては、日本最 大級の「食」をテーマとした国際商談会で ある沖縄大交易会の開催支援に取り組ん だ。具体的には、実行委員会への負担金 支払いのほか、総会、幹事会、部会等へ の参加や事前準備のための事務調整等を 行った。,7,JV（複数の異なる団体等が共同で事業を行う組織）,沖縄大交易会実行委 員会,沖縄大交易会実行委員会,S002PL203,official_JV_or_multi_party_source_cell_unsplit,R6.4.9 ～ R7.3.31,"62,000",62000,positive,一緒に,一緒に,not_selected,,,machine_display_alias_only_not_actor_identity,source_universe_row_not_relation_edge,whole_program_project_cost_not_actor_payment_or_award,"Authoritative mechanical source-row extraction; no registry merge, relation approval, actor payment, alliance, or political stance inference."
S002-R0348,S002,令和6年度「NPO等との協働実績調査」,2024,348,49,商工労働部,商工労働部,ものづくり振 興課,ものづくり振興課,1,委託,NPO等へ業務委託を行った事業,delegated_public_program,16,経済活動の活性化を図る事業,令和６年度バイオ関連 産業事業化促進事業 （補助事業支援）委託 業務,令和6年度バイオ関連産業事業化促進事業(補助事業支援)委託業務,補助事業者にハンズオン支援を行い、技 術開発等において必要な支援を行う。,2,公益社団又は公益財団法人,公益財団法人沖縄科 学技術振興センター,公益財団法人沖縄科学技術振興センター,S002PL021,source_partner_name_cell_unsplit,R6.4.16 ～ R7.3.17,"10,190",10190,positive,行政,ＮＰＯ等,not_selected,,,machine_display_alias_only_not_actor_identity,source_universe_row_not_relation_edge,whole_program_project_cost_not_actor_payment_or_award,"Authoritative mechanical source-row extraction; no registry merge, relation approval, actor payment, alliance, or political stance inference."
S002-R0349,S002,令和6年度「NPO等との協働実績調査」,2024,349,49,商工労働部,商工労働部,ものづくり振 興課,ものづくり振興課,1,委託,NPO等へ業務委託を行った事業,delegated_public_program,16,経済活動の活性化を図る事業,令和６年度健康・医療 分野を軸とした産業拠 点の形成に向けた基 本計画等検討業務,令和6年度健康・医療分野を軸とした産業拠点の形成に向けた基本計画等検討業務,令和４年７月に策定した「バイオ関連産業 振興計画（健康・医療分野）」で位置づけら れた拠点構想に基づき、健康・医療分野を 軸とする新たな産業拠点の形成に向けた 調査を行う。,3,営利を目的としない一般社団又は一般財団法人,一般財団法人地方自 治体公民連携研究財 団,一般財団法人地方自治体公民連携研究財団,S002PL204,source_partner_name_cell_unsplit,R6.9.27 ～ R7.3.28,"19,419",19419,positive,行政,一緒に,not_selected,,,machine_display_alias_only_not_actor_identity,source_universe_row_not_relation_edge,whole_program_project_cost_not_actor_payment_or_award,"Authoritative mechanical source-row extraction; no registry merge, relation approval, actor payment, alliance, or political stance inference."
S002-R0350,S002,令和6年度「NPO等との協働実績調査」,2024,350,49,商工労働部,商工労働部,ものづくり振 興課,ものづくり振興課,1,委託,NPO等へ業務委託を行った事業,delegated_public_program,16,経済活動の活性化を図る事業,令和６年度健康食品ブ ランド力強化普及支援 事業委託業務,令和6年度健康食品ブランド力強化普及支援事業委託業務,県産健康食品のブランド力を強化し販路 拡大等を図るため、沖縄県独自の認証制 度のプロモーションや機能性食品開発支 援、県産素材のエビデンス調査・活用支援 等を行う。,3,営利を目的としない一般社団又は一般財団法人,一般社団法人沖縄健 康産業協議会,一般社団法人沖縄健康産業協議会,S002PL205,source_partner_name_cell_unsplit,R6.4.1 ～ R7.3.14,"20,750",20750,positive,行政,ＮＰＯ等,not_selected,,,machine_display_alias_only_not_actor_identity,source_universe_row_not_relation_edge,whole_program_project_cost_not_actor_payment_or_award,"Authoritative mechanical source-row extraction; no registry merge, relation approval, actor payment, alliance, or political stance inference."
S002-R0351,S002,令和6年度「NPO等との協働実績調査」,2024,351,49,商工労働部,商工労働部,ＩＴイノベー ション推進課,ITイノベーション推進課,2,提案型公募による委託,提案型公募による委託,proposal_based_delegated_program,16,経済活動の活性化を図る事業,令和６年度経済金融 活性化促進事業,令和6年度経済金融活性化促進事業,北部圏域の自立的発展に向け、経済金 融活性化特別地区制度をインセンティブと した立地を促進するため、対象産業である 金融関連産業や情報通信関連産業の人 材確保や人材育成に関する取組について 支援を行う。,1,特定非営利活動法人（NPO法人）,特定非営利活動法人 NDA,特定非営利活動法人NDA,S002PL206,source_partner_name_cell_unsplit,R6.5.1 ～ R7.3.31,"10,043",10043,positive,一緒に,一緒に,not_selected,,,machine_display_alias_only_not_actor_identity,source_universe_row_not_relation_edge,whole_program_project_cost_not_actor_payment_or_award,"Authoritative mechanical source-row extraction; no registry merge, relation approval, actor payment, alliance, or political stance inference."
S002-R0352,S002,令和6年度「NPO等との協働実績調査」,2024,352,49,商工労働部,商工労働部,雇用政策課,雇用政策課,2,提案型公募による委託,提案型公募による委託,proposal_based_delegated_program,17,職業能力の開発又は雇用機会の拡充を支援する事業,沖縄型総合就業支援 拠点形成事業,沖縄型総合就業支援拠点形成事業,就職・雇用等に関する求職者や事業主等 の様々なニーズに対応するため、生活か ら就労までをワンストップで支援する総合 的な就業支援拠点、グッジョブセンターお きなわの管理運営を行う。,2,公益社団又は公益財団法人,公益財団法人沖縄県 労働者福祉基金協会,公益財団法人沖縄県労働者福祉基金協会,S002PL056,source_partner_name_cell_unsplit,R6.4.1 ～ R7.3.31,"59,617",59617,positive,行政,行政,not_selected,,,machine_display_alias_only_not_actor_identity,source_universe_row_not_relation_edge,whole_program_project_cost_not_actor_payment_or_award,"Authoritative mechanical source-row extraction; no registry merge, relation approval, actor payment, alliance, or political stance inference."
S002-R0353,S002,令和6年度「NPO等との協働実績調査」,2024,353,49,商工労働部,商工労働部,雇用政策課,雇用政策課,4,補助,補助金・助成金の支給又は物的支援,subsidy_assistance_or_in_kind,17,職業能力の開発又は雇用機会の拡充を支援する事業,高齢者雇用対策事業,高齢者雇用対策事業,高齢者の社会参加の促進及びシルバー事 業の健全な発展を図るための補助。,2,公益社団又は公益財団法人,公益社団法人沖縄県 シルバー人材セン ター連合,公益社団法人沖縄県シルバー人材センター連合,S002PL207,source_partner_name_cell_unsplit,R6.4.1 ～ R7.3.31,"13,489",13489,positive,ＮＰＯ等,ＮＰＯ等,not_selected,,,machine_display_alias_only_not_actor_identity,source_universe_row_not_relation_edge,whole_program_project_cost_not_actor_payment_or_award,"Authoritative mechanical source-row extraction; no registry merge, relation approval, actor payment, alliance, or political stance inference."
S002-R0354,S002,令和6年度「NPO等との協働実績調査」,2024,354,49,商工労働部,商工労働部,雇用政策課,雇用政策課,2,提案型公募による委託,提案型公募による委託,proposal_based_delegated_program,17,職業能力の開発又は雇用機会の拡充を支援する事業,正規雇用化サポート事 業,正規雇用化サポート事業,正規雇用を検討している企業に専門家等 の派遣により、正規雇用の促進を図る。,3,営利を目的としない一般社団又は一般財団法人,一般社団法人沖縄県 中小企業診断士協会,一般社団法人沖縄県中小企業診断士協会,S002PL192,source_partner_name_cell_unsplit,R6.4.1 ～ R7.3.31,"32,702",32702,positive,行政,行政,not_selected,,,machine_display_alias_only_not_actor_identity,source_universe_row_not_relation_edge,whole_program_project_cost_not_actor_payment_or_award,"Authoritative mechanical source-row extraction; no registry merge, relation approval, actor payment, alliance, or political stance inference."
S002-R0355,S002,令和6年度「NPO等との協働実績調査」,2024,355,49,商工労働部,商工労働部,雇用政策課,雇用政策課,2,提案型公募による委託,提案型公募による委託,proposal_based_delegated_program,17,職業能力の開発又は雇用機会の拡充を支援する事業,就職困難者等就労支 援事業,就職困難者等就労支援事業,長期未就労、コミュニケーション難などの 困難に直面し、本人の力だけでは個々の 支援策を的確に活用して自立することが 難しい求職者に対し、専門の相談員が個 別的・継続的な支援を行い、相談者の就 労に繋げる。,2,公益社団又は公益財団法人,公益財団法人沖縄県 労働者福祉基金協会,公益財団法人沖縄県労働者福祉基金協会,S002PL056,source_partner_name_cell_unsplit,R6.4.1 ～ R7.3.31,"108,448",108448,positive,行政,行政,not_selected,,,machine_display_alias_only_not_actor_identity,source_universe_row_not_relation_edge,whole_program_project_cost_not_actor_payment_or_award,"Authoritative mechanical source-row extraction; no registry merge, relation approval, actor payment, alliance, or political stance inference."
S002-R0356,S002,令和6年度「NPO等との協働実績調査」,2024,356,50,商工労働部,商工労働部,労働政策課,労働政策課,1,委託,NPO等へ業務委託を行った事業,delegated_public_program,17,職業能力の開発又は雇用機会の拡充を支援する事業,働く女性応援事業,働く女性応援事業,女性労働者の多様な働き方を総合的に支 援することにより、働きがいをもって仕事に 取り組むことができる環境作りを推進し、 雇用の質の向上を図る。,2,公益社団又は公益財団法人,（公財）沖縄県労働福 祉基金協会,(公財)沖縄県労働福祉基金協会,S002PL208,source_partner_name_cell_unsplit,R6.4.1 ～ R7.3.31,"26,635",26635,positive,行政,ＮＰＯ等,not_selected,,,machine_display_alias_only_not_actor_identity,source_universe_row_not_relation_edge,whole_program_project_cost_not_actor_payment_or_award,"Authoritative mechanical source-row extraction; no registry merge, relation approval, actor payment, alliance, or political stance inference."
S002-R0357,S002,令和6年度「NPO等との協働実績調査」,2024,357,50,商工労働部,商工労働部,労働政策課,労働政策課,1,委託,NPO等へ業務委託を行った事業,delegated_public_program,17,職業能力の開発又は雇用機会の拡充を支援する事業,労働相談事業,労働相談事業,労働者及び使用者からの労働問題全般に 関する相談に対し、助言等を行うとともに セミナーの実施により労働関係法令に関 する基礎的知識の普及を図ることで労使 関係の安定を促進する。,2,公益社団又は公益財団法人,（公財）沖縄県労働福 祉基金協会,(公財)沖縄県労働福祉基金協会,S002PL208,source_partner_name_cell_unsplit,R6.4.1 ～ R7.3.31,"20,111",20111,positive,行政,ＮＰＯ等,not_selected,,,machine_display_alias_only_not_actor_identity,source_universe_row_not_relation_edge,whole_program_project_cost_not_actor_payment_or_award,"Authoritative mechanical source-row extraction; no registry merge, relation approval, actor payment, alliance, or political stance inference."
S002-R0358,S002,令和6年度「NPO等との協働実績調査」,2024,358,50,商工労働部,商工労働部,労働政策課,労働政策課,1,委託,NPO等へ業務委託を行った事業,delegated_public_program,17,職業能力の開発又は雇用機会の拡充を支援する事業,若年無業者等職業基 礎訓練事業,若年無業者等職業基礎訓練事業,若年無業者等に対し、基礎的な職業訓練 により就労に必要な知識、技能を習得させ ることで無業者状態から就労移行を図る。,8,その他、法人格を持たない任意団体等,労働者協同組合ワー カーズコープ・セン ター事業団,労働者協同組合ワーカーズコープ・センター事業団,S002PL094,source_partner_name_cell_unsplit,R6.7.1 ～ R6.10.31,"1,045",1045,positive,行政,行政,not_selected,,,machine_display_alias_only_not_actor_identity,source_universe_row_not_relation_edge,whole_program_project_cost_not_actor_payment_or_award,"Authoritative mechanical source-row extraction; no registry merge, relation approval, actor payment, alliance, or political stance inference."
S002-R0359,S002,令和6年度「NPO等との協働実績調査」,2024,359,50,商工労働部,商工労働部,労働政策課,労働政策課,1,委託,NPO等へ業務委託を行った事業,delegated_public_program,17,職業能力の開発又は雇用機会の拡充を支援する事業,若年無業者等職業基 礎訓練事業,若年無業者等職業基礎訓練事業,若年無業者等に対し、基礎的な職業訓練 により就労に必要な知識、技能を習得させ ることで無業者状態から就労移行を図る。,8,その他、法人格を持たない任意団体等,労働者協同組合ワー カーズコープ・セン ター事業団,労働者協同組合ワーカーズコープ・センター事業団,S002PL094,source_partner_name_cell_unsplit,R6.11.1 ～ R7.2.28,926,926,positive,行政,行政,not_selected,,,machine_display_alias_only_not_actor_identity,source_universe_row_not_relation_edge,whole_program_project_cost_not_actor_payment_or_award,"Authoritative mechanical source-row extraction; no registry merge, relation approval, actor payment, alliance, or political stance inference."
S002-R0360,S002,令和6年度「NPO等との協働実績調査」,2024,360,50,商工労働部,商工労働部,労働政策課,労働政策課,1,委託,NPO等へ業務委託を行った事業,delegated_public_program,17,職業能力の開発又は雇用機会の拡充を支援する事業,若年無業者等職業基 礎訓練事業,若年無業者等職業基礎訓練事業,若年無業者等に対し、基礎的な職業訓練 により就労に必要な知識、技能を習得させ ることで無業者状態から就労移行を図る。,1,特定非営利活動法人（NPO法人）,特定非営利活動法人 サポートセンターゆめ さき,特定非営利活動法人サポートセンターゆめさき,S002PL093,source_partner_name_cell_unsplit,R6.8.1 ～ R6.11.30,"3,336",3336,positive,行政,行政,not_selected,,,machine_display_alias_only_not_actor_identity,source_universe_row_not_relation_edge,whole_program_project_cost_not_actor_payment_or_award,"Authoritative mechanical source-row extraction; no registry merge, relation approval, actor payment, alliance, or political stance inference."
S002-R0361,S002,令和6年度「NPO等との協働実績調査」,2024,361,50,商工労働部,商工労働部,労働政策課,労働政策課,1,委託,NPO等へ業務委託を行った事業,delegated_public_program,17,職業能力の開発又は雇用機会の拡充を支援する事業,若年無業者等職業基 礎訓練事業,若年無業者等職業基礎訓練事業,若年無業者等に対し、基礎的な職業訓練 により就労に必要な知識、技能を習得させ ることで無業者状態から就労移行を図る。,1,特定非営利活動法人（NPO法人）,特定非営利活動法人 サポートセンターゆめ さき,特定非営利活動法人サポートセンターゆめさき,S002PL093,source_partner_name_cell_unsplit,R6.8.1 ～ R6.11.30,"2,599",2599,positive,行政,行政,not_selected,,,machine_display_alias_only_not_actor_identity,source_universe_row_not_relation_edge,whole_program_project_cost_not_actor_payment_or_award,"Authoritative mechanical source-row extraction; no registry merge, relation approval, actor payment, alliance, or political stance inference."
S002-R0362,S002,令和6年度「NPO等との協働実績調査」,2024,362,50,商工労働部,商工労働部,労働政策課,労働政策課,1,委託,NPO等へ業務委託を行った事業,delegated_public_program,17,職業能力の開発又は雇用機会の拡充を支援する事業,若年無業者等職業基 礎訓練事業,若年無業者等職業基礎訓練事業,若年無業者等に対し、基礎的な職業訓練 により就労に必要な知識、技能を習得させ ることで無業者状態から就労移行を図る。,1,特定非営利活動法人（NPO法人）,特定非営利活動法人 サポートセンターゆめ さき,特定非営利活動法人サポートセンターゆめさき,S002PL093,source_partner_name_cell_unsplit,R6.12.1 ～ R7.3.24,"1,437",1437,positive,行政,行政,not_selected,,,machine_display_alias_only_not_actor_identity,source_universe_row_not_relation_edge,whole_program_project_cost_not_actor_payment_or_award,"Authoritative mechanical source-row extraction; no registry merge, relation approval, actor payment, alliance, or political stance inference."
S002-R0363,S002,令和6年度「NPO等との協働実績調査」,2024,363,50,商工労働部,商工労働部,労働政策課,労働政策課,1,委託,NPO等へ業務委託を行った事業,delegated_public_program,17,職業能力の開発又は雇用機会の拡充を支援する事業,若年無業者等職業基 礎訓練事業,若年無業者等職業基礎訓練事業,若年無業者等に対し、基礎的な職業訓練 により就労に必要な知識、技能を習得させ ることで無業者状態から就労移行を図る。,1,特定非営利活動法人（NPO法人）,特定非営利活動法人 サポートセンターゆめ さき,特定非営利活動法人サポートセンターゆめさき,S002PL093,source_partner_name_cell_unsplit,R6.12.1 ～ R7.3.24,"2,896",2896,positive,行政,行政,not_selected,,,machine_display_alias_only_not_actor_identity,source_universe_row_not_relation_edge,whole_program_project_cost_not_actor_payment_or_award,"Authoritative mechanical source-row extraction; no registry merge, relation approval, actor payment, alliance, or political stance inference."
S002-R0364,S002,令和6年度「NPO等との協働実績調査」,2024,364,51,商工労働部,商工労働部,工業技術セ ンター,工業技術センター,7,実行委員会等,委員会等にNPO等のメンバーを加えた事業,committee_participation,15,科学技術及び研究活動の振興を図る事業,沖縄県商工労働部試 験研究評価会議個別 評価部会,沖縄県商工労働部試験研究評価会議個別評価部会,県立試験研究機関が実施する研究課題及 び研究事業体系等について、有識者等 （外部専門家）が評価を行う。,2,公益社団又は公益財団法人,公益社団法人沖縄県 工業連合会,公益社団法人沖縄県工業連合会,S002PL209,source_partner_name_cell_unsplit,H25 ～ 終期未定,22,22,positive,行政,行政,not_selected,,,machine_display_alias_only_not_actor_identity,source_universe_row_not_relation_edge,whole_program_project_cost_not_actor_payment_or_award,"Authoritative mechanical source-row extraction; no registry merge, relation approval, actor payment, alliance, or political stance inference."
S002-R0365,S002,令和6年度「NPO等との協働実績調査」,2024,365,51,商工労働部,商工労働部,工業技術セ ンター,工業技術センター,8,事業協力,共催以外の形態で協力・連携,program_cooperation,15,科学技術及び研究活動の振興を図る事業,未来の科学の夢絵画 展（県内展）審査会,未来の科学の夢絵画展(県内展)審査会,未来の科学や発明の夢を、自由な発想に よって絵に表現し、子供達の科学的な探 求心と想像力の伸長を図ることを目的に、 審査会を開催する。,3,営利を目的としない一般社団又は一般財団法人,一般社団法人沖縄県 発明協会,一般社団法人沖縄県発明協会,S002PL210,source_partner_name_cell_unsplit,終期未定,0,0,zero,ＮＰＯ等,ＮＰＯ等,not_selected,,,machine_display_alias_only_not_actor_identity,source_universe_row_not_relation_edge,whole_program_project_cost_not_actor_payment_or_award,"Authoritative mechanical source-row extraction; no registry merge, relation approval, actor payment, alliance, or political stance inference."
S002-R0366,S002,令和6年度「NPO等との協働実績調査」,2024,366,51,商工労働部,商工労働部,工業技術セ ンター,工業技術センター,8,事業協力,共催以外の形態で協力・連携,program_cooperation,16,経済活動の活性化を図る事業,観光土産品認定審査 会,観光土産品認定審査会,観光土産品の表示の適正化を図るため、 県内の観光土産品の認定審査会を実施す る。,3,営利を目的としない一般社団又は一般財団法人,沖縄県観光おみやげ 品公正取引協議会,沖縄県観光おみやげ品公正取引協議会,S002PL211,source_partner_name_cell_unsplit,終期未定,0,0,zero,ＮＰＯ等,ＮＰＯ等,not_selected,,,machine_display_alias_only_not_actor_identity,source_universe_row_not_relation_edge,whole_program_project_cost_not_actor_payment_or_award,"Authoritative mechanical source-row extraction; no registry merge, relation approval, actor payment, alliance, or political stance inference."
S002-R0367,S002,令和6年度「NPO等との協働実績調査」,2024,367,51,商工労働部,商工労働部,工業技術セ ンター,工業技術センター,6,後援,NPO等の事業を後援という形で支援,endorsement_or_support,16,経済活動の活性化を図る事業,沖縄県溶接技術競技 会,沖縄県溶接技術競技会,沖縄県の溶接作業に携わる技能者の技術 向上と県内溶接技術の振興を図ることを 目的に技術を競う,3,営利を目的としない一般社団又は一般財団法人,一般社団法人 沖縄 県溶接協会,一般社団法人沖縄県溶接協会,S002PL212,source_partner_name_cell_unsplit,S47 ～ 終期未定,0,0,zero,ＮＰＯ等,ＮＰＯ等,not_selected,,,machine_display_alias_only_not_actor_identity,source_universe_row_not_relation_edge,whole_program_project_cost_not_actor_payment_or_award,"Authoritative mechanical source-row extraction; no registry merge, relation approval, actor payment, alliance, or political stance inference."
S002-R0368,S002,令和6年度「NPO等との協働実績調査」,2024,368,51,商工労働部,商工労働部,工業技術セ ンター,工業技術センター,8,事業協力,共催以外の形態で協力・連携,program_cooperation,16,経済活動の活性化を図る事業,溶接技能者評価試験,溶接技能者評価試験,鋼構造物製作時の溶接作業に従事する技 能者の資格を認証するための評価試験,3,営利を目的としない一般社団又は一般財団法人,一般社団法人 沖縄 県溶接協会,一般社団法人沖縄県溶接協会,S002PL212,source_partner_name_cell_unsplit,S47 ～ 終期未定,0,0,zero,ＮＰＯ等,ＮＰＯ等,not_selected,,,machine_display_alias_only_not_actor_identity,source_universe_row_not_relation_edge,whole_program_project_cost_not_actor_payment_or_award,"Authoritative mechanical source-row extraction; no registry merge, relation approval, actor payment, alliance, or political stance inference."
S002-R0369,S002,令和6年度「NPO等との協働実績調査」,2024,369,51,商工労働部,商工労働部,工業技術セ ンター,工業技術センター,5,共催,NPO等と共催という形で実施,cohosting,15,科学技術及び研究活動の振興を図る事業,高校生ものづくりコン テスト沖縄県予選大会 （溶接競技部門）,高校生ものづくりコンテスト沖縄県予選大会(溶接競技部門),高校生の溶接技術の習得およびその向上 を図ることを目的に、同一の課題で技術を 競う,8,その他、法人格を持たない任意団体等,沖縄県工業教育研究 会,沖縄県工業教育研究会,S002PL213,source_partner_name_cell_unsplit,H22 ～ 終期未定,0,0,zero,ＮＰＯ等,ＮＰＯ等,not_selected,,,machine_display_alias_only_not_actor_identity,source_universe_row_not_relation_edge,whole_program_project_cost_not_actor_payment_or_award,"Authoritative mechanical source-row extraction; no registry merge, relation approval, actor payment, alliance, or political stance inference."
S002-R0370,S002,令和6年度「NPO等との協働実績調査」,2024,370,51,商工労働部,商工労働部,工芸振興セ ンター,工芸振興センター,2,提案型公募による委託,提案型公募による委託,proposal_based_delegated_program,16,経済活動の活性化を図る事業,高度工芸技術者養成 事業,高度工芸技術者養成事業,織物・紅型・漆芸・木工芸の各分野におけ る工芸技術者等に対して技術研修を行 い、工芸産業を担う高度な技術を持った中 核人材の育成を図る。,1,特定非営利活動法人（NPO法人）,特定非営利活動法人 沖縄県工芸産業協働 センター,特定非営利活動法人沖縄県工芸産業協働センター,S002PL214,source_partner_name_cell_unsplit,R6.4.1 ～ R7.3.31,"30,012",30012,positive,行政,ＮＰＯ等,not_selected,,,machine_display_alias_only_not_actor_identity,source_universe_row_not_relation_edge,whole_program_project_cost_not_actor_payment_or_award,"Authoritative mechanical source-row extraction; no registry merge, relation approval, actor payment, alliance, or political stance inference."
S002-R0371,S002,令和6年度「NPO等との協働実績調査」,2024,371,51,商工労働部,商工労働部,工芸振興セ ンター,工芸振興センター,2,提案型公募による委託,提案型公募による委託,proposal_based_delegated_program,16,経済活動の活性化を図る事業,金細工工芸縫製研修 事業,金細工工芸縫製研修事業,既存の織物など伝統工芸品における二次 加工技術としてニーズが高い、工芸縫製 及び近年市場ニーズが高い金細工に関す る技術者を育成する。,1,特定非営利活動法人（NPO法人）,特定非営利活動法人 沖縄県工芸産業協働 センター,特定非営利活動法人沖縄県工芸産業協働センター,S002PL214,source_partner_name_cell_unsplit,R6.5.7 ～ R7.3.26,"7,513",7513,positive,行政,ＮＰＯ等,not_selected,,,machine_display_alias_only_not_actor_identity,source_universe_row_not_relation_edge,whole_program_project_cost_not_actor_payment_or_award,"Authoritative mechanical source-row extraction; no registry merge, relation approval, actor payment, alliance, or political stance inference."
S002-R0372,S002,令和6年度「NPO等との協働実績調査」,2024,372,52,文化観光ス ポーツ部,文化観光スポーツ部,観光振興課,観光振興課,1,委託,NPO等へ業務委託を行った事業,delegated_public_program,4,観光の振興を図る事業,令和６年度国内需要 安定化事業委託業務,令和6年度国内需要安定化事業委託業務,国内観光客の安定的かつ継続的な確保に 向け、航空会社等との連携により各就航 地等で戦略的な観光プロモーション活動を 展開し、沖縄観光客のリピーター化を促進 するとともに、沖縄観光需要の新規創出等 につながる取組みを実施する。,3,営利を目的としない一般社団又は一般財団法人,（一財）沖縄観光コン ベンションビューロー,(一財)沖縄観光コンベンションビューロー,S002PL215,source_partner_name_cell_unsplit,R6.4.1 ～ R7.3.31,"181,696",181696,positive,行政,行政,not_selected,,,machine_display_alias_only_not_actor_identity,source_universe_row_not_relation_edge,whole_program_project_cost_not_actor_payment_or_award,"Authoritative mechanical source-row extraction; no registry merge, relation approval, actor payment, alliance, or political stance inference."
S002-R0373,S002,令和6年度「NPO等との協働実績調査」,2024,373,52,文化観光ス ポーツ部,文化観光スポーツ部,観光振興課,観光振興課,1,委託,NPO等へ業務委託を行った事業,delegated_public_program,4,観光の振興を図る事業,令和６年度沖縄観光 誘致対策事業委託業 務,令和6年度沖縄観光誘致対策事業委託業務,沖縄県への誘致促進を図るため、国内外 での誘客プロモーション及び観光関連業 界・団体と連携し、各種取組を実施する。,3,営利を目的としない一般社団又は一般財団法人,（一財）沖縄観光コン ベンションビューロー,(一財)沖縄観光コンベンションビューロー,S002PL215,source_partner_name_cell_unsplit,R6.4.1 ～ R7.3.31,"70,255",70255,positive,行政,行政,not_selected,,,machine_display_alias_only_not_actor_identity,source_universe_row_not_relation_edge,whole_program_project_cost_not_actor_payment_or_award,"Authoritative mechanical source-row extraction; no registry merge, relation approval, actor payment, alliance, or political stance inference."
S002-R0374,S002,令和6年度「NPO等との協働実績調査」,2024,374,52,文化観光ス ポーツ部,文化観光スポーツ部,観光振興課,観光振興課,1,委託,NPO等へ業務委託を行った事業,delegated_public_program,4,観光の振興を図る事業,沖縄観光人材不足緊 急対策事業,沖縄観光人材不足緊急対策事業,観光事業者の収益力を向上させるため に、デジタル技術を活用し、業務効率を高 め、顧客体験の満足度を図ることで、沖縄 観光の持続可能な発展を促進する。,3,営利を目的としない一般社団又は一般財団法人,観光事業者収益力向 上サポートコンソーシ アム（（一財）沖縄観 光コンベンション ビューロー、（一財）沖 縄ITイノベーション戦 略センター） ※共同企業体,観光事業者収益力向上サポートコンソーシアム((一財)沖縄観光コンベンションビューロー、(一財)沖縄ITイノベーション戦略センター)※共同企業体,S002PL216,source_partner_name_cell_unsplit,R6.4.1 ～ R7.3.31,"75,169",75169,positive,行政,行政,not_selected,,,machine_display_alias_only_not_actor_identity,source_universe_row_not_relation_edge,whole_program_project_cost_not_actor_payment_or_award,"Authoritative mechanical source-row extraction; no registry merge, relation approval, actor payment, alliance, or political stance inference."
S002-R0375,S002,令和6年度「NPO等との協働実績調査」,2024,375,52,文化観光ス ポーツ部,文化観光スポーツ部,観光振興課,観光振興課,4,補助,補助金・助成金の支給又は物的支援,subsidy_assistance_or_in_kind,4,観光の振興を図る事業,観光情報基盤構築事 業,観光情報基盤構築事業,観光客が利用する検索サイト等において、 観光客が必要とする公共交通機関や観光 施設等の情報が掲載出来るように、必要 な観光情報を整理し、オープンデータとし て提供する。,3,営利を目的としない一般社団又は一般財団法人,一般社団法人OTTOP,一般社団法人OTTOP,S002PL217,source_partner_name_cell_unsplit,R6 ～ R9,"4,540",4540,positive,一緒に,一緒に,not_selected,,,machine_display_alias_only_not_actor_identity,source_universe_row_not_relation_edge,whole_program_project_cost_not_actor_payment_or_award,"Authoritative mechanical source-row extraction; no registry merge, relation approval, actor payment, alliance, or political stance inference."
S002-R0376,S002,令和6年度「NPO等との協働実績調査」,2024,376,52,文化観光ス ポーツ部,文化観光スポーツ部,観光振興課,観光振興課,1,委託,NPO等へ業務委託を行った事業,delegated_public_program,4,観光の振興を図る事業,フィルムツーリズム推 進事業,フィルムツーリズム推進事業,映像コンテンツを通して沖縄の認知度、好 意度及び来訪意欲を高め、誘客を促進す るための経費,3,営利を目的としない一般社団又は一般財団法人,一般財団法人沖縄観 光コンベンション ビューロー,一般財団法人沖縄観光コンベンションビューロー,S002PL218,source_partner_name_cell_unsplit,R6.4.1 ～ R7.3.31,"29,161",29161,positive,行政,行政,not_selected,,,machine_display_alias_only_not_actor_identity,source_universe_row_not_relation_edge,whole_program_project_cost_not_actor_payment_or_award,"Authoritative mechanical source-row extraction; no registry merge, relation approval, actor payment, alliance, or political stance inference."
S002-R0377,S002,令和6年度「NPO等との協働実績調査」,2024,377,52,文化観光ス ポーツ部,文化観光スポーツ部,観光振興課,観光振興課,4,補助,補助金・助成金の支給又は物的支援,subsidy_assistance_or_in_kind,4,観光の振興を図る事業,観光情報基盤構築事 業,観光情報基盤構築事業,観光客が利用する検索サイト等において、 観光客が必要とする公共交通機関や観光 施設等の情報が掲載出来るように、必要 な観光情報を整理し、オープンデータとし て提供する。,3,営利を目的としない一般社団又は一般財団法人,一般社団法人OTTOP,一般社団法人OTTOP,S002PL217,source_partner_name_cell_unsplit,R6 ～ R9,"4,540",4540,positive,一緒に,一緒に,not_selected,,,machine_display_alias_only_not_actor_identity,source_universe_row_not_relation_edge,whole_program_project_cost_not_actor_payment_or_award,"Authoritative mechanical source-row extraction; no registry merge, relation approval, actor payment, alliance, or political stance inference."
S002-R0378,S002,令和6年度「NPO等との協働実績調査」,2024,378,52,文化観光ス ポーツ部,文化観光スポーツ部,観光振興課,観光振興課,1,委託,NPO等へ業務委託を行った事業,delegated_public_program,4,観光の振興を図る事業,令和６年度国内需要 安定化事業委託業務,令和6年度国内需要安定化事業委託業務,国内観光客の安定的かつ継続的な確保に 向け、航空会社等との連携により各就航 地等で戦略的な観光プロモーション活動を 展開し、沖縄観光客のリピーター化を促進 するとともに、沖縄観光需要の新規創出等 につながる取組みを実施する。,3,営利を目的としない一般社団又は一般財団法人,（一財）沖縄観光コン ベンションビューロー,(一財)沖縄観光コンベンションビューロー,S002PL215,source_partner_name_cell_unsplit,R6.4.1 ～ R7.3.31,"181,696",181696,positive,行政,行政,not_selected,,,machine_display_alias_only_not_actor_identity,source_universe_row_not_relation_edge,whole_program_project_cost_not_actor_payment_or_award,"Authoritative mechanical source-row extraction; no registry merge, relation approval, actor payment, alliance, or political stance inference."
S002-R0379,S002,令和6年度「NPO等との協働実績調査」,2024,379,53,文化観光ス ポーツ部,文化観光スポーツ部,観光振興課,観光振興課,1,委託,NPO等へ業務委託を行った事業,delegated_public_program,4,観光の振興を図る事業,令和６年度沖縄観光 誘致対策事業委託業 務,令和6年度沖縄観光誘致対策事業委託業務,沖縄県への誘致促進を図るため、国内外 での誘客プロモーション及び観光関連業 界・団体と連携し、各種取組を実施する。,3,営利を目的としない一般社団又は一般財団法人,（一財）沖縄観光コン ベンションビューロー,(一財)沖縄観光コンベンションビューロー,S002PL215,source_partner_name_cell_unsplit,R6.4.1 ～ R7.3.31,"70,255",70255,positive,行政,行政,not_selected,,,machine_display_alias_only_not_actor_identity,source_universe_row_not_relation_edge,whole_program_project_cost_not_actor_payment_or_award,"Authoritative mechanical source-row extraction; no registry merge, relation approval, actor payment, alliance, or political stance inference."
S002-R0380,S002,令和6年度「NPO等との協働実績調査」,2024,380,53,文化観光ス ポーツ部,文化観光スポーツ部,MICE推進課,MICE推進課,1,委託,NPO等へ業務委託を行った事業,delegated_public_program,4,観光の振興を図る事業,戦略的MICE誘致促進 事業,戦略的MICE誘致促進事業,MICEの誘致・広報活動、開催支援、受入 体制整備等を実施する。,3,営利を目的としない一般社団又は一般財団法人,一般財団法人沖縄観 光コンベンション ビューロー,一般財団法人沖縄観光コンベンションビューロー,S002PL218,source_partner_name_cell_unsplit,R6.4.1 R7.3.31,"182,000",182000,positive,行政,ＮＰＯ等,not_selected,,,machine_display_alias_only_not_actor_identity,source_universe_row_not_relation_edge,whole_program_project_cost_not_actor_payment_or_award,"Authoritative mechanical source-row extraction; no registry merge, relation approval, actor payment, alliance, or political stance inference."
S002-R0381,S002,令和6年度「NPO等との協働実績調査」,2024,381,53,文化観光ス ポーツ部,文化観光スポーツ部,MICE推進課,MICE推進課,1,委託,NPO等へ業務委託を行った事業,delegated_public_program,4,観光の振興を図る事業,観光誘致対策事業 （MICE推進課）,観光誘致対策事業(MICE推進課),MICEの需要開拓、開催支援等を実施す る。,3,営利を目的としない一般社団又は一般財団法人,一般財団法人沖縄観 光コンベンション ビューロー,一般財団法人沖縄観光コンベンションビューロー,S002PL218,source_partner_name_cell_unsplit,R6.4.1 R7.3.31,"15,500",15500,positive,行政,ＮＰＯ等,not_selected,,,machine_display_alias_only_not_actor_identity,source_universe_row_not_relation_edge,whole_program_project_cost_not_actor_payment_or_award,"Authoritative mechanical source-row extraction; no registry merge, relation approval, actor payment, alliance, or political stance inference."
S002-R0382,S002,令和6年度「NPO等との協働実績調査」,2024,382,53,文化観光ス ポーツ部,文化観光スポーツ部,MICE推進課,MICE推進課,1,委託,NPO等へ業務委託を行った事業,delegated_public_program,4,観光の振興を図る事業,戦略的MICE誘致促進 事業（海外事務所 MICE誘致活動強化事 業）,戦略的MICE誘致促進事業(海外事務所MICE誘致活動強化事業),海外のMICE主催者等に対する誘致活動 やMICE商談会等への出展などにより、海 外の企業、学協会、政府系機関等が主催 するMICEの誘致や国際的なMICE都市とし ての認知度の向上を目指す。,2,公益社団又は公益財団法人,公益財団法人沖縄県 産業振興公社,公益財団法人沖縄県産業振興公社,S002PL219,source_partner_name_cell_unsplit,R6.10.1 R7.3.31,"6,000",6000,positive,行政,ＮＰＯ等,not_selected,,,machine_display_alias_only_not_actor_identity,source_universe_row_not_relation_edge,whole_program_project_cost_not_actor_payment_or_award,"Authoritative mechanical source-row extraction; no registry merge, relation approval, actor payment, alliance, or political stance inference."
S002-R0383,S002,令和6年度「NPO等との協働実績調査」,2024,383,53,文化観光ス ポーツ部,文化観光スポーツ部,MICE推進課,MICE推進課,1,委託,NPO等へ業務委託を行った事業,delegated_public_program,4,観光の振興を図る事業,MICE受入体制強化等 事業,MICE受入体制強化等事業,MICE人材育成、アドバイザー派遣、開催 歓迎支援を実施する。県内の受入体制情 報の整理と情報の発信。,3,営利を目的としない一般社団又は一般財団法人,一般財団法人沖縄観 光コンベンション ビューロー,一般財団法人沖縄観光コンベンションビューロー,S002PL218,source_partner_name_cell_unsplit,R6.4.1 R7.3.31,"70,250",70250,positive,行政,ＮＰＯ等,not_selected,,,machine_display_alias_only_not_actor_identity,source_universe_row_not_relation_edge,whole_program_project_cost_not_actor_payment_or_award,"Authoritative mechanical source-row extraction; no registry merge, relation approval, actor payment, alliance, or political stance inference."
S002-R0384,S002,令和6年度「NPO等との協働実績調査」,2024,384,53,文化観光ス ポーツ部,文化観光スポーツ部,MICE推進課,MICE推進課,1,委託,NPO等へ業務委託を行った事業,delegated_public_program,4,観光の振興を図る事業,展示会等誘致促進事 業,展示会等誘致促進事業,展示会・商談会等の誘致、開催支援を行う とともに、MICEネットワークを活用した専門 人材の育成及び展示会の受入体制の強 化に取り組む。,2,公益社団又は公益財団法人,公益財団法人沖縄県 産業振興公社,公益財団法人沖縄県産業振興公社,S002PL219,source_partner_name_cell_unsplit,R6.4.1 R7.3.31,"19,210",19210,positive,行政,ＮＰＯ等,not_selected,,,machine_display_alias_only_not_actor_identity,source_universe_row_not_relation_edge,whole_program_project_cost_not_actor_payment_or_award,"Authoritative mechanical source-row extraction; no registry merge, relation approval, actor payment, alliance, or political stance inference."
S002-R0385,S002,令和6年度「NPO等との協働実績調査」,2024,385,53,文化観光ス ポーツ部,文化観光スポーツ部,MICE推進課,MICE推進課,1,委託,NPO等へ業務委託を行った事業,delegated_public_program,7,環境の保全を図る事業,令和６年度大型MICＥ 施設建設用地環境整 備業務（R6その２）,令和6年度大型MICE施設建設用地環境整備業務(R6その2),大型MICE施設建設用地（与那原側）の外 周及びフェンス内側約1ｍまでの範囲にお ける除草（処理を含む）と投棄物の処理に 係る業務,2,公益社団又は公益財団法人,公益社団法人 西原 町シルバー人材セン ター,公益社団法人西原町シルバー人材センター,S002PL220,source_partner_name_cell_unsplit,R7.2.27 R7.3.25,"1,671",1671,positive,行政,ＮＰＯ等,not_selected,,,machine_display_alias_only_not_actor_identity,source_universe_row_not_relation_edge,whole_program_project_cost_not_actor_payment_or_award,"Authoritative mechanical source-row extraction; no registry merge, relation approval, actor payment, alliance, or political stance inference."
S002-R0386,S002,令和6年度「NPO等との協働実績調査」,2024,386,53,文化観光ス ポーツ部,文化観光スポーツ部,文化振興課,文化振興課,1,委託,NPO等へ業務委託を行った事業,delegated_public_program,6,学術、文化、芸術又はスポーツの振興を図る事業,沖縄文化芸術の創造 発信支援事業業務委 託,沖縄文化芸術の創造発信支援事業業務委託,県内の文化芸術活動の持続的発展につな がる取組を公募し、文化の専門人材の目 利きのもとで審査・採択し、支援する。,8,その他、法人格を持たない任意団体等,公益財団法人沖縄県 文化振興会,公益財団法人沖縄県文化振興会,S002PL221,source_partner_name_cell_unsplit,R6.4.1 ～ R7.3.31,"38,585",38585,positive,一緒に,ＮＰＯ等,not_selected,,,machine_display_alias_only_not_actor_identity,source_universe_row_not_relation_edge,whole_program_project_cost_not_actor_payment_or_award,"Authoritative mechanical source-row extraction; no registry merge, relation approval, actor payment, alliance, or political stance inference."
S002-R0387,S002,令和6年度「NPO等との協働実績調査」,2024,387,54,文化観光ス ポーツ部,文化観光スポーツ部,文化振興課,文化振興課,4,補助,補助金・助成金の支給又は物的支援,subsidy_assistance_or_in_kind,6,学術、文化、芸術又はスポーツの振興を図る事業,沖縄文化芸術の創造 発信支援事業,沖縄文化芸術の創造発信支援事業,琉球漆器螺鈿伝統技術を若者へ広げるた めの「Gateway作品」試作事業,8,その他、法人格を持たない任意団体等,Maeda Lacquer Project（漆工房・前田 貝揃案）,Maeda Lacquer Project(漆工房・前田貝揃案),S002PL222,source_partner_name_cell_unsplit,R6.6.28 ～ R7.2.28,"3,981",3981,positive,ＮＰＯ等,ＮＰＯ等,not_selected,,,machine_display_alias_only_not_actor_identity,source_universe_row_not_relation_edge,whole_program_project_cost_not_actor_payment_or_award,"Authoritative mechanical source-row extraction; no registry merge, relation approval, actor payment, alliance, or political stance inference."
S002-R0388,S002,令和6年度「NPO等との協働実績調査」,2024,388,54,文化観光ス ポーツ部,文化観光スポーツ部,文化振興課,文化振興課,4,補助,補助金・助成金の支給又は物的支援,subsidy_assistance_or_in_kind,6,学術、文化、芸術又はスポーツの振興を図る事業,沖縄文化芸術の創造 発信支援事業,沖縄文化芸術の創造発信支援事業,沖縄芝居における大道具製作の技能伝承,2,公益社団又は公益財団法人,沖縄芝居研究会,沖縄芝居研究会,S002PL223,source_partner_name_cell_unsplit,R6.6.28 ～ R7.2.28,"3,783",3783,positive,ＮＰＯ等,ＮＰＯ等,not_selected,,,machine_display_alias_only_not_actor_identity,source_universe_row_not_relation_edge,whole_program_project_cost_not_actor_payment_or_award,"Authoritative mechanical source-row extraction; no registry merge, relation approval, actor payment, alliance, or political stance inference."
S002-R0389,S002,令和6年度「NPO等との協働実績調査」,2024,389,54,文化観光ス ポーツ部,文化観光スポーツ部,文化振興課,文化振興課,4,補助,補助金・助成金の支給又は物的支援,subsidy_assistance_or_in_kind,6,学術、文化、芸術又はスポーツの振興を図る事業,沖縄文化芸術の創造 発信支援事業,沖縄文化芸術の創造発信支援事業,仲尾次豊年踊り次世代継承のためのWeb 発信事業,6,自治会,仲尾次区,仲尾次区,S002PL224,source_partner_name_cell_unsplit,R6.6.28 ～ R7.2.28,920,920,positive,ＮＰＯ等,ＮＰＯ等,not_selected,,,machine_display_alias_only_not_actor_identity,source_universe_row_not_relation_edge,whole_program_project_cost_not_actor_payment_or_award,"Authoritative mechanical source-row extraction; no registry merge, relation approval, actor payment, alliance, or political stance inference."
S002-R0390,S002,令和6年度「NPO等との協働実績調査」,2024,390,54,文化観光ス ポーツ部,文化観光スポーツ部,文化振興課,文化振興課,4,補助,補助金・助成金の支給又は物的支援,subsidy_assistance_or_in_kind,6,学術、文化、芸術又はスポーツの振興を図る事業,沖縄文化芸術の創造 発信支援事業,沖縄文化芸術の創造発信支援事業,クラシックでしまくとぅばワークショップ事業,3,営利を目的としない一般社団又は一般財団法人,一般社団法人ビュー ローダンケ,一般社団法人ビューローダンケ,S002PL225,source_partner_name_cell_unsplit,R6.6.28 ～ R7.2.28,"2,312",2312,positive,ＮＰＯ等,ＮＰＯ等,not_selected,,,machine_display_alias_only_not_actor_identity,source_universe_row_not_relation_edge,whole_program_project_cost_not_actor_payment_or_award,"Authoritative mechanical source-row extraction; no registry merge, relation approval, actor payment, alliance, or political stance inference."
S002-R0391,S002,令和6年度「NPO等との協働実績調査」,2024,391,54,文化観光ス ポーツ部,文化観光スポーツ部,文化振興課,文化振興課,4,補助,補助金・助成金の支給又は物的支援,subsidy_assistance_or_in_kind,6,学術、文化、芸術又はスポーツの振興を図る事業,沖縄文化芸術の創造 発信支援事業,沖縄文化芸術の創造発信支援事業,次世代と考える身体的・心理的に安心でき る創作環境の提案と実施,8,その他、法人格を持たない任意団体等,演劇ユニット多々ら,演劇ユニット多々ら,S002PL226,source_partner_name_cell_unsplit,R6.6.28 ～ R7.2.28,"1,612",1612,positive,ＮＰＯ等,ＮＰＯ等,not_selected,,,machine_display_alias_only_not_actor_identity,source_universe_row_not_relation_edge,whole_program_project_cost_not_actor_payment_or_award,"Authoritative mechanical source-row extraction; no registry merge, relation approval, actor payment, alliance, or political stance inference."
S002-R0392,S002,令和6年度「NPO等との協働実績調査」,2024,392,54,文化観光ス ポーツ部,文化観光スポーツ部,文化振興課,文化振興課,4,補助,補助金・助成金の支給又は物的支援,subsidy_assistance_or_in_kind,6,学術、文化、芸術又はスポーツの振興を図る事業,沖縄文化芸術の創造 発信支援事業,沖縄文化芸術の創造発信支援事業,沖縄・アジア平和音楽祭2025 ～文化交 流を通じた国際共生を目指して～,8,その他、法人格を持たない任意団体等,2.24 音楽祭実行委員 会,2.24音楽祭実行委員会,S002PL227,source_partner_name_cell_unsplit,R6.6.28 ～ R7.2.28,"5,000",5000,positive,ＮＰＯ等,ＮＰＯ等,not_selected,,,machine_display_alias_only_not_actor_identity,source_universe_row_not_relation_edge,whole_program_project_cost_not_actor_payment_or_award,"Authoritative mechanical source-row extraction; no registry merge, relation approval, actor payment, alliance, or political stance inference."
S002-R0393,S002,令和6年度「NPO等との協働実績調査」,2024,393,54,文化観光ス ポーツ部,文化観光スポーツ部,文化振興課,文化振興課,4,補助,補助金・助成金の支給又は物的支援,subsidy_assistance_or_in_kind,6,学術、文化、芸術又はスポーツの振興を図る事業,沖縄文化芸術の創造 発信支援事業,沖縄文化芸術の創造発信支援事業,「Uni-q（ゆにーく）」演劇プロジェクト vol.2 ～Uni-q きょーげん（狂言）～,3,営利を目的としない一般社団又は一般財団法人,一般社団法人UNIVA,一般社団法人UNIVA,S002PL228,source_partner_name_cell_unsplit,R6.6.28 ～ R7.2.28,"1,505",1505,positive,ＮＰＯ等,ＮＰＯ等,not_selected,,,machine_display_alias_only_not_actor_identity,source_universe_row_not_relation_edge,whole_program_project_cost_not_actor_payment_or_award,"Authoritative mechanical source-row extraction; no registry merge, relation approval, actor payment, alliance, or political stance inference."
S002-R0394,S002,令和6年度「NPO等との協働実績調査」,2024,394,54,文化観光ス ポーツ部,文化観光スポーツ部,文化振興課,文化振興課,4,補助,補助金・助成金の支給又は物的支援,subsidy_assistance_or_in_kind,6,学術、文化、芸術又はスポーツの振興を図る事業,沖縄文化芸術の創造 発信支援事業,沖縄文化芸術の創造発信支援事業,沖縄ファミリーヒストリープロジェクト,8,その他、法人格を持たない任意団体等,沖縄ファミリーヒスト リープロジェクト実行 委員会,沖縄ファミリーヒストリープロジェクト実行委員会,S002PL229,source_partner_name_cell_unsplit,R6.6.28 ～ R7.2.28,"3,585",3585,positive,ＮＰＯ等,ＮＰＯ等,not_selected,,,machine_display_alias_only_not_actor_identity,source_universe_row_not_relation_edge,whole_program_project_cost_not_actor_payment_or_award,"Authoritative mechanical source-row extraction; no registry merge, relation approval, actor payment, alliance, or political stance inference."
S002-R0395,S002,令和6年度「NPO等との協働実績調査」,2024,395,55,文化観光ス ポーツ部,文化観光スポーツ部,文化振興課,文化振興課,4,補助,補助金・助成金の支給又は物的支援,subsidy_assistance_or_in_kind,6,学術、文化、芸術又はスポーツの振興を図る事業,沖縄文化芸術の創造 発信支援事業,沖縄文化芸術の創造発信支援事業,「戦争体験の継承」平和劇ロングラン公演 プロジェクト,8,その他、法人格を持たない任意団体等,「沖縄戦と平和劇」実 行委員会,「沖縄戦と平和劇」実行委員会,S002PL230,source_partner_name_cell_unsplit,R6.6.28 ～ R7.2.28,"4,892",4892,positive,ＮＰＯ等,ＮＰＯ等,not_selected,,,machine_display_alias_only_not_actor_identity,source_universe_row_not_relation_edge,whole_program_project_cost_not_actor_payment_or_award,"Authoritative mechanical source-row extraction; no registry merge, relation approval, actor payment, alliance, or political stance inference."
S002-R0396,S002,令和6年度「NPO等との協働実績調査」,2024,396,55,文化観光ス ポーツ部,文化観光スポーツ部,文化振興課,文化振興課,4,補助,補助金・助成金の支給又は物的支援,subsidy_assistance_or_in_kind,6,学術、文化、芸術又はスポーツの振興を図る事業,沖縄文化芸術の創造 発信支援事業,沖縄文化芸術の創造発信支援事業,琉球弧の「みき」継承プロジェクト,1,特定非営利活動法人（NPO法人）,特定非営利活動法人 来間島大学まなび やー,特定非営利活動法人来間島大学まなびやー,S002PL231,source_partner_name_cell_unsplit,R6.6.28 ～ R7.2.28,"2,137",2137,positive,ＮＰＯ等,ＮＰＯ等,not_selected,,,machine_display_alias_only_not_actor_identity,source_universe_row_not_relation_edge,whole_program_project_cost_not_actor_payment_or_award,"Authoritative mechanical source-row extraction; no registry merge, relation approval, actor payment, alliance, or political stance inference."
S002-R0397,S002,令和6年度「NPO等との協働実績調査」,2024,397,55,文化観光ス ポーツ部,文化観光スポーツ部,文化振興課,文化振興課,4,補助,補助金・助成金の支給又は物的支援,subsidy_assistance_or_in_kind,6,学術、文化、芸術又はスポーツの振興を図る事業,沖縄文化芸術の創造 発信支援事業,沖縄文化芸術の創造発信支援事業,崎枝地域の歴史を記録した本と写真を活 用した後世に継ぐための環境整備事業,6,自治会,崎枝公民館,崎枝公民館,S002PL232,source_partner_name_cell_unsplit,R6.6.28 ～ R7.2.28,"1,281",1281,positive,ＮＰＯ等,ＮＰＯ等,not_selected,,,machine_display_alias_only_not_actor_identity,source_universe_row_not_relation_edge,whole_program_project_cost_not_actor_payment_or_award,"Authoritative mechanical source-row extraction; no registry merge, relation approval, actor payment, alliance, or political stance inference."
S002-R0398,S002,令和6年度「NPO等との協働実績調査」,2024,398,55,文化観光ス ポーツ部,文化観光スポーツ部,文化振興課,文化振興課,4,補助,補助金・助成金の支給又は物的支援,subsidy_assistance_or_in_kind,6,学術、文化、芸術又はスポーツの振興を図る事業,沖縄文化芸術の創造 発信支援事業,沖縄文化芸術の創造発信支援事業,ステップアップ！With Art うらそえ,8,その他、法人格を持たない任意団体等,With Art うらそえを考 える会,With Artうらそえを考える会,S002PL233,source_partner_name_cell_unsplit,R6.6.28 ～ R7.2.28,344,344,positive,ＮＰＯ等,ＮＰＯ等,not_selected,,,machine_display_alias_only_not_actor_identity,source_universe_row_not_relation_edge,whole_program_project_cost_not_actor_payment_or_award,"Authoritative mechanical source-row extraction; no registry merge, relation approval, actor payment, alliance, or political stance inference."
S002-R0399,S002,令和6年度「NPO等との協働実績調査」,2024,399,55,文化観光ス ポーツ部,文化観光スポーツ部,文化振興課,文化振興課,4,補助,補助金・助成金の支給又は物的支援,subsidy_assistance_or_in_kind,6,学術、文化、芸術又はスポーツの振興を図る事業,沖縄文化芸術の創造 発信支援事業,沖縄文化芸術の創造発信支援事業,個人的な体験から沖縄を表現する新たな 言葉を獲得するための市民運動,8,その他、法人格を持たない任意団体等,あなたの沖縄,あなたの沖縄,S002PL234,source_partner_name_cell_unsplit,R6.6.28 ～ R7.2.28,549,549,positive,ＮＰＯ等,ＮＰＯ等,not_selected,,,machine_display_alias_only_not_actor_identity,source_universe_row_not_relation_edge,whole_program_project_cost_not_actor_payment_or_award,"Authoritative mechanical source-row extraction; no registry merge, relation approval, actor payment, alliance, or political stance inference."
S002-R0400,S002,令和6年度「NPO等との協働実績調査」,2024,400,55,文化観光ス ポーツ部,文化観光スポーツ部,文化振興課,文化振興課,4,補助,補助金・助成金の支給又は物的支援,subsidy_assistance_or_in_kind,6,学術、文化、芸術又はスポーツの振興を図る事業,沖縄文化芸術の創造 発信支援事業,沖縄文化芸術の創造発信支援事業,「琉球の薬草を楽しむ暮らし」推進事業,8,その他、法人格を持たない任意団体等,琉球薬草探究会,琉球薬草探究会,S002PL235,source_partner_name_cell_unsplit,R6.6.28 ～ R7.2.28,763,763,positive,ＮＰＯ等,ＮＰＯ等,not_selected,,,machine_display_alias_only_not_actor_identity,source_universe_row_not_relation_edge,whole_program_project_cost_not_actor_payment_or_award,"Authoritative mechanical source-row extraction; no registry merge, relation approval, actor payment, alliance, or political stance inference."
S002-R0401,S002,令和6年度「NPO等との協働実績調査」,2024,401,55,文化観光ス ポーツ部,文化観光スポーツ部,文化振興課,文化振興課,4,補助,補助金・助成金の支給又は物的支援,subsidy_assistance_or_in_kind,6,学術、文化、芸術又はスポーツの振興を図る事業,しまくとぅば普及継承事 業,しまくとぅば普及継承事業,・小学校や幼稚園等での講座を実施（15カ 所） ・沖縄県立博物館・美術館で県民向けに、 しまくとぅばに関する講座の実施（7回）,1,特定非営利活動法人（NPO法人）,NPO法人沖縄県沖縄 語普及協議会,NPO法人沖縄県沖縄語普及協議会,S002PL236,source_partner_name_cell_unsplit,R6.6.21 ～ R7.2.18,849,849,positive,ＮＰＯ等,ＮＰＯ等,not_selected,,,machine_display_alias_only_not_actor_identity,source_universe_row_not_relation_edge,whole_program_project_cost_not_actor_payment_or_award,"Authoritative mechanical source-row extraction; no registry merge, relation approval, actor payment, alliance, or political stance inference."
S002-R0402,S002,令和6年度「NPO等との協働実績調査」,2024,402,55,文化観光ス ポーツ部,文化観光スポーツ部,文化振興課,文化振興課,4,補助,補助金・助成金の支給又は物的支援,subsidy_assistance_or_in_kind,6,学術、文化、芸術又はスポーツの振興を図る事業,しまくとぅば普及継承事 業,しまくとぅば普及継承事業,・しまくとぅばによる鼎談を実施（3回） ・しまくとぅば継承のための講座を実施,8,その他、法人格を持たない任意団体等,しまくとぅばプロジェク ト,しまくとぅばプロジェクト,S002PL237,source_partner_name_cell_unsplit,R6.6.18 ～ R7.2.28,"1,000",1000,positive,ＮＰＯ等,ＮＰＯ等,not_selected,,,machine_display_alias_only_not_actor_identity,source_universe_row_not_relation_edge,whole_program_project_cost_not_actor_payment_or_award,"Authoritative mechanical source-row extraction; no registry merge, relation approval, actor payment, alliance, or political stance inference."
S002-R0403,S002,令和6年度「NPO等との協働実績調査」,2024,403,56,文化観光ス ポーツ部,文化観光スポーツ部,文化振興課,文化振興課,4,補助,補助金・助成金の支給又は物的支援,subsidy_assistance_or_in_kind,6,学術、文化、芸術又はスポーツの振興を図る事業,しまくとぅば普及継承事 業,しまくとぅば普及継承事業,・学校や家庭で気軽に使える「しまくとぅば プログラム」を作成し、広報、配布する。 ・教員向けに、授業で使えるしまくとぅばワ ンポイント指導を実施する（３～４回程度） ・公民館等で子ども・保護者向けのしまく とぅばで楽しめるワークショップ等（３～４回 程度）,1,特定非営利活動法人（NPO法人）,NPO法人たのしい教 育研究所,NPO法人たのしい教育研究所,S002PL238,source_partner_name_cell_unsplit,R6.6.18 ～ R7.1.31,"1,000",1000,positive,ＮＰＯ等,ＮＰＯ等,not_selected,,,machine_display_alias_only_not_actor_identity,source_universe_row_not_relation_edge,whole_program_project_cost_not_actor_payment_or_award,"Authoritative mechanical source-row extraction; no registry merge, relation approval, actor payment, alliance, or political stance inference."
S002-R0404,S002,令和6年度「NPO等との協働実績調査」,2024,404,56,文化観光ス ポーツ部,文化観光スポーツ部,文化振興課,文化振興課,4,補助,補助金・助成金の支給又は物的支援,subsidy_assistance_or_in_kind,6,学術、文化、芸術又はスポーツの振興を図る事業,しまくとぅば普及継承事 業,しまくとぅば普及継承事業,浦添市沢岻小学校内にある子ども農園で 稲作水田の基礎づくりを構築中。米を作る 工程から収穫までを、全てしまくとぅばで学 び、地域のしまくとぅば話者と連携し、持続 可能な米作りを通じた言葉の継承プログラ ムとして次世代へ引き継いでいく。,1,特定非営利活動法人（NPO法人）,特定非営利法人 Okinawa Hands-On NPO,特定非営利法人Okinawa Hands-On NPO,S002PL239,source_partner_name_cell_unsplit,R6.7.1 ～ R7.2.28,"1,000",1000,positive,ＮＰＯ等,ＮＰＯ等,not_selected,,,machine_display_alias_only_not_actor_identity,source_universe_row_not_relation_edge,whole_program_project_cost_not_actor_payment_or_award,"Authoritative mechanical source-row extraction; no registry merge, relation approval, actor payment, alliance, or political stance inference."
S002-R0405,S002,令和6年度「NPO等との協働実績調査」,2024,405,56,文化観光ス ポーツ部,文化観光スポーツ部,文化振興課,文化振興課,4,補助,補助金・助成金の支給又は物的支援,subsidy_assistance_or_in_kind,6,学術、文化、芸術又はスポーツの振興を図る事業,しまくとぅば普及継承事 業,しまくとぅば普及継承事業,琉球舞踊の講演を実施し、しまくとぅばに触 れることにより、沖縄語を学ぶ,8,その他、法人格を持たない任意団体等,浦添市古典芸能琉球 舞踊協会,浦添市古典芸能琉球舞踊協会,S002PL240,source_partner_name_cell_unsplit,R6.7.15 ～ R7.1.5,"1,000",1000,positive,ＮＰＯ等,ＮＰＯ等,not_selected,,,machine_display_alias_only_not_actor_identity,source_universe_row_not_relation_edge,whole_program_project_cost_not_actor_payment_or_award,"Authoritative mechanical source-row extraction; no registry merge, relation approval, actor payment, alliance, or political stance inference."
S002-R0406,S002,令和6年度「NPO等との協働実績調査」,2024,406,56,文化観光ス ポーツ部,文化観光スポーツ部,文化振興課,文化振興課,4,補助,補助金・助成金の支給又は物的支援,subsidy_assistance_or_in_kind,6,学術、文化、芸術又はスポーツの振興を図る事業,しまくとぅば普及継承事 業,しまくとぅば普及継承事業,沖縄とハワイのしまくとぅばを用いたオリジ ナルソング「しまぬあいくとぅば‐アロハイサ イ‐」を保育園や幼稚園、小学校、福祉施 設で子供たちに活用してもらう活動を実施 する。,8,その他、法人格を持たない任意団体等,Kilua Hula Studio,Kilua Hula Studio,S002PL241,source_partner_name_cell_unsplit,R6.6.24 ～ R7.2.28,997,997,positive,ＮＰＯ等,ＮＰＯ等,not_selected,,,machine_display_alias_only_not_actor_identity,source_universe_row_not_relation_edge,whole_program_project_cost_not_actor_payment_or_award,"Authoritative mechanical source-row extraction; no registry merge, relation approval, actor payment, alliance, or political stance inference."
S002-R0407,S002,令和6年度「NPO等との協働実績調査」,2024,407,56,文化観光ス ポーツ部,文化観光スポーツ部,文化振興課,文化振興課,4,補助,補助金・助成金の支給又は物的支援,subsidy_assistance_or_in_kind,6,学術、文化、芸術又はスポーツの振興を図る事業,しまくとぅば普及継承事 業,しまくとぅば普及継承事業,「みゃーくふつ祭り2025」を開催し、みゃーく ふつの普及促進と学習・交流を図る。,8,その他、法人格を持たない任意団体等,みゃーくふつの会,みゃーくふつの会,S002PL242,source_partner_name_cell_unsplit,R6.11.12 ～ R7.2.28,810,810,positive,ＮＰＯ等,ＮＰＯ等,not_selected,,,machine_display_alias_only_not_actor_identity,source_universe_row_not_relation_edge,whole_program_project_cost_not_actor_payment_or_award,"Authoritative mechanical source-row extraction; no registry merge, relation approval, actor payment, alliance, or political stance inference."
S002-R0408,S002,令和6年度「NPO等との協働実績調査」,2024,408,56,文化観光ス ポーツ部,文化観光スポーツ部,文化振興課,文化振興課,1,委託,NPO等へ業務委託を行った事業,delegated_public_program,6,学術、文化、芸術又はスポーツの振興を図る事業,地域の文化芸術振興 事業（北部・離島）,地域の文化芸術振興事業(北部・離島),都市部と比較して文化芸術公演に触れる 機会の少ない北部・離島地域において地 域住民に対して専門家による鑑賞の機会 の提供を行う。,1,特定非営利活動法人（NPO法人）,特定非営利法人 琉 球交響楽団,特定非営利法人琉球交響楽団,S002PL243,source_partner_name_cell_unsplit,R6.6.21 ～ R7.2.28,"3,000",3000,positive,一緒に,ＮＰＯ等,not_selected,,,machine_display_alias_only_not_actor_identity,source_universe_row_not_relation_edge,whole_program_project_cost_not_actor_payment_or_award,"Authoritative mechanical source-row extraction; no registry merge, relation approval, actor payment, alliance, or political stance inference."
S002-R0409,S002,令和6年度「NPO等との協働実績調査」,2024,409,56,文化観光ス ポーツ部,文化観光スポーツ部,文化振興課,文化振興課,1,委託,NPO等へ業務委託を行った事業,delegated_public_program,4,観光の振興を図る事業,文化資源を活用した沖 縄観光の魅力アップ支 援事業,文化資源を活用した沖縄観光の魅力アップ支援事業,沖縄の特色ある伝統行事や伝統芸能に代 表される多様で豊かな文化資源を活用し て、新たな観光コンテンツを創出し、観光 誘客を図る。,2,公益社団又は公益財団法人,公益財団法人沖縄県 文化振興会,公益財団法人沖縄県文化振興会,S002PL221,source_partner_name_cell_unsplit,R6.4.1 ～ R7.3.31,"15,344",15344,positive,一緒に,ＮＰＯ等,not_selected,,,machine_display_alias_only_not_actor_identity,source_universe_row_not_relation_edge,whole_program_project_cost_not_actor_payment_or_award,"Authoritative mechanical source-row extraction; no registry merge, relation approval, actor payment, alliance, or political stance inference."
S002-R0410,S002,令和6年度「NPO等との協働実績調査」,2024,410,57,文化観光ス ポーツ部,文化観光スポーツ部,文化振興課,文化振興課,1,委託,NPO等へ業務委託を行った事業,delegated_public_program,6,学術、文化、芸術又はスポーツの振興を図る事業,琉球歴史文化芸術興 隆事業（細節：担い手 確保・県外PR事業）,琉球歴史文化芸術興隆事業(細節:担い手確保・県外PR事業),・沖縄の伝統文化の認知度向上及び理解 を促進するため、県外において、沖縄の伝 統文化の公演を行う ・県内の若年層を対象に、沖縄の伝統文 化の公演等の鑑賞機会を提供するととも に、沖縄の文化や歴史に関する周知広報 を行う,2,公益社団又は公益財団法人,公益財団法人国立劇 場おきなわ運営財団,公益財団法人国立劇場おきなわ運営財団,S002PL244,source_partner_name_cell_unsplit,R6.4.1 ～ R7.2.21,"10,136",10136,positive,ＮＰＯ等,ＮＰＯ等,not_selected,,,machine_display_alias_only_not_actor_identity,source_universe_row_not_relation_edge,whole_program_project_cost_not_actor_payment_or_award,"Authoritative mechanical source-row extraction; no registry merge, relation approval, actor payment, alliance, or political stance inference."
S002-R0411,S002,令和6年度「NPO等との協働実績調査」,2024,411,57,文化観光ス ポーツ部,文化観光スポーツ部,空手振興課,空手振興課,1,委託,NPO等へ業務委託を行った事業,delegated_public_program,6,学術、文化、芸術又はスポーツの振興を図る事業,沖縄空手案内センター 事業,沖縄空手案内センター事業,沖縄空手に関する情報の発信及び国内外 からの問い合わせ対応、国内外の空手愛 好家と県内道場及び県内空手家を繋ぎ交 流を促進し、沖縄伝統空手の普及啓発を 目的とする。,3,営利を目的としない一般社団又は一般財団法人,一般社団法人 沖縄 伝統空手道振興会,一般社団法人沖縄伝統空手道振興会,S002PL245,source_partner_name_cell_unsplit,R6.4.1 ～ R7.3.31,"10,358",10358,positive,行政,一緒に,not_selected,,,machine_display_alias_only_not_actor_identity,source_universe_row_not_relation_edge,whole_program_project_cost_not_actor_payment_or_award,"Authoritative mechanical source-row extraction; no registry merge, relation approval, actor payment, alliance, or political stance inference."
S002-R0412,S002,令和6年度「NPO等との協働実績調査」,2024,412,57,文化観光ス ポーツ部,文化観光スポーツ部,空手振興課,空手振興課,4,補助,補助金・助成金の支給又は物的支援,subsidy_assistance_or_in_kind,6,学術、文化、芸術又はスポーツの振興を図る事業,沖縄空手産業連携構 築支援事業,沖縄空手産業連携構築支援事業,沖縄伝統空手道振興会におけるライセン スビジネス等の産業連携事業構築に向け た調査検討と取組推進を図る。,3,営利を目的としない一般社団又は一般財団法人,一般社団法人 沖縄 伝統空手道振興会,一般社団法人沖縄伝統空手道振興会,S002PL245,source_partner_name_cell_unsplit,R6.4.25 ～ R7.1.10,"1,727",1727,positive,ＮＰＯ等,ＮＰＯ等,not_selected,,,machine_display_alias_only_not_actor_identity,source_universe_row_not_relation_edge,whole_program_project_cost_not_actor_payment_or_award,"Authoritative mechanical source-row extraction; no registry merge, relation approval, actor payment, alliance, or political stance inference."
S002-R0413,S002,令和6年度「NPO等との協働実績調査」,2024,413,57,文化観光ス ポーツ部,文化観光スポーツ部,空手振興課,空手振興課,1,委託,NPO等へ業務委託を行った事業,delegated_public_program,6,学術、文化、芸術又はスポーツの振興を図る事業,空手ツーリズム受入体 制構築事業,空手ツーリズム受入体制構築事業,沖縄空手を文化観光資源として活用した 「空手ツーリズム」を推進し、国内外からの 空手愛好家や観光客の受入体制構築及 び強化を図る各取組を行う。,3,営利を目的としない一般社団又は一般財団法人,一般社団法人 沖縄 伝統空手道振興会,一般社団法人沖縄伝統空手道振興会,S002PL245,source_partner_name_cell_unsplit,R6.4.1 ～ R7.3.31,"26,295",26295,positive,行政,一緒に,not_selected,,,machine_display_alias_only_not_actor_identity,source_universe_row_not_relation_edge,whole_program_project_cost_not_actor_payment_or_award,"Authoritative mechanical source-row extraction; no registry merge, relation approval, actor payment, alliance, or political stance inference."
S002-R0414,S002,令和6年度「NPO等との協働実績調査」,2024,414,57,文化観光ス ポーツ部,文化観光スポーツ部,空手振興課,空手振興課,1,委託,NPO等へ業務委託を行った事業,delegated_public_program,6,学術、文化、芸術又はスポーツの振興を図る事業,沖縄空手イベント開催 事業,沖縄空手イベント開催事業,10月25日の「空手の日」を記念して、奉納 演武祭及び記念演武祭を行い、「空手の 日」及び「空手発祥の地・沖縄」を国内外に 発信する。,3,営利を目的としない一般社団又は一般財団法人,一般社団法人 沖縄 伝統空手道振興会,一般社団法人沖縄伝統空手道振興会,S002PL245,source_partner_name_cell_unsplit,R6.4.1 ～ R7.3.24,"15,000",15000,positive,行政,一緒に,not_selected,,,machine_display_alias_only_not_actor_identity,source_universe_row_not_relation_edge,whole_program_project_cost_not_actor_payment_or_award,"Authoritative mechanical source-row extraction; no registry merge, relation approval, actor payment, alliance, or political stance inference."
S002-R0415,S002,令和6年度「NPO等との協働実績調査」,2024,415,57,文化観光ス ポーツ部,文化観光スポーツ部,空手振興課,空手振興課,1,委託,NPO等へ業務委託を行った事業,delegated_public_program,6,学術、文化、芸術又はスポーツの振興を図る事業,沖縄空手流派指導体 制構築事業,沖縄空手流派指導体制構築事業,沖縄空手の精緻な技法や精神性の保存・ 継承に向けて、若手指導者や後継者を継 続的に育成する。,3,営利を目的としない一般社団又は一般財団法人,一般社団法人 沖縄 伝統空手道振興会,一般社団法人沖縄伝統空手道振興会,S002PL245,source_partner_name_cell_unsplit,R6.4.1 ～ R7.3.31,"9,556",9556,positive,行政,一緒に,not_selected,,,machine_display_alias_only_not_actor_identity,source_universe_row_not_relation_edge,whole_program_project_cost_not_actor_payment_or_award,"Authoritative mechanical source-row extraction; no registry merge, relation approval, actor payment, alliance, or political stance inference."
S002-R0416,S002,令和6年度「NPO等との協働実績調査」,2024,416,57,文化観光ス ポーツ部,文化観光スポーツ部,空手振興課,空手振興課,1,委託,NPO等へ業務委託を行った事業,delegated_public_program,6,学術、文化、芸術又はスポーツの振興を図る事業,沖縄空手県内普及促 進事業,沖縄空手県内普及促進事業,県内の小中高校・保育所等やニーズを有 する団体へ空手指導者等を派遣して現地 又は沖縄空手会館で沖縄空手を学ぶ出前 講座や実技指導等を実施する。,3,営利を目的としない一般社団又は一般財団法人,一般社団法人 沖縄 伝統空手道振興会,一般社団法人沖縄伝統空手道振興会,S002PL245,source_partner_name_cell_unsplit,R6.4.1 ～ R7.3.31,"10,049",10049,positive,行政,一緒に,not_selected,,,machine_display_alias_only_not_actor_identity,source_universe_row_not_relation_edge,whole_program_project_cost_not_actor_payment_or_award,"Authoritative mechanical source-row extraction; no registry merge, relation approval, actor payment, alliance, or political stance inference."
S002-R0417,S002,令和6年度「NPO等との協働実績調査」,2024,417,57,文化観光ス ポーツ部,文化観光スポーツ部,空手振興課,空手振興課,1,委託,NPO等へ業務委託を行った事業,delegated_public_program,6,学術、文化、芸術又はスポーツの振興を図る事業,沖縄空手会館ミュージ アム事業,沖縄空手会館ミュージアム事業,沖縄空手会館のミュージアムの諸活動の 充実強化の一環として、収蔵資料の整理、 新たな資料（古新聞の空手関連記事等） の収集と成果展、年1回の企画展、内外の 博物館や教育機関と連携した巡回展等を 開催し、「空手発祥の地・沖縄」を発信す る。,3,営利を目的としない一般社団又は一般財団法人,一般社団法人 沖縄 伝統空手道振興会,一般社団法人沖縄伝統空手道振興会,S002PL245,source_partner_name_cell_unsplit,R6.4.1 ～ R7.3.31,"10,885",10885,positive,行政,一緒に,not_selected,,,machine_display_alias_only_not_actor_identity,source_universe_row_not_relation_edge,whole_program_project_cost_not_actor_payment_or_award,"Authoritative mechanical source-row extraction; no registry merge, relation approval, actor payment, alliance, or political stance inference."
S002-R0418,S002,令和6年度「NPO等との協働実績調査」,2024,418,58,文化観光ス ポーツ部,文化観光スポーツ部,空手振興課,空手振興課,1,委託,NPO等へ業務委託を行った事業,delegated_public_program,6,学術、文化、芸術又はスポーツの振興を図る事業,沖縄空手次世代道場 継承事業,沖縄空手次世代道場継承事業,沖縄空手の道場継承を促進するため、効 果的な道場運営に係る知識や方法、後継 者の育成方法等をまとめた道場継承プロ グラムを策定し沖縄空手の次世代への保 存・継承を図る。,3,営利を目的としない一般社団又は一般財団法人,一般社団法人 沖縄 伝統空手道振興会,一般社団法人沖縄伝統空手道振興会,S002PL245,source_partner_name_cell_unsplit,R6.4.1 ～ R7.3.31,"6,910",6910,positive,行政,一緒に,not_selected,,,machine_display_alias_only_not_actor_identity,source_universe_row_not_relation_edge,whole_program_project_cost_not_actor_payment_or_award,"Authoritative mechanical source-row extraction; no registry merge, relation approval, actor payment, alliance, or political stance inference."
S002-R0419,S002,令和6年度「NPO等との協働実績調査」,2024,419,58,文化観光ス ポーツ部,文化観光スポーツ部,空手振興課,空手振興課,6,後援,NPO等の事業を後援という形で支援,endorsement_or_support,6,学術、文化、芸術又はスポーツの振興を図る事業,第４回チャレンジング・ パーソン空手,第4回チャレンジング・パーソン空手,知的障がいのある方々が沖縄伝統である 空手を通して地域社会に参加して自立成 長を目的とする。,8,その他、法人格を持たない任意団体等,沖縄県特別支援学校 卒業生 保護者連絡 協議会,沖縄県特別支援学校卒業生保護者連絡協議会,S002PL246,source_partner_name_cell_unsplit,R6.5.9 ～ R6.7.7,0,0,zero,ＮＰＯ等,ＮＰＯ等,not_selected,,,machine_display_alias_only_not_actor_identity,source_universe_row_not_relation_edge,whole_program_project_cost_not_actor_payment_or_award,"Authoritative mechanical source-row extraction; no registry merge, relation approval, actor payment, alliance, or political stance inference."
S002-R0420,S002,令和6年度「NPO等との協働実績調査」,2024,420,58,文化観光ス ポーツ部,文化観光スポーツ部,空手振興課,空手振興課,6,後援,NPO等の事業を後援という形で支援,endorsement_or_support,6,学術、文化、芸術又はスポーツの振興を図る事業,第九回世界武道祭,第九回世界武道祭,伝統空手発祥の地・沖縄にて伝統空手を 通じて人的交流・技術交流・精神交流・文 化交流を深める場を創出するとともに先人 たちが体系化し今日まで受け継がれてき た沖縄伝統空手を今後も正しく継承し、将 来にわたっての振興を図る。,8,その他、法人格を持たない任意団体等,国際沖縄剛柔流空手 道連盟,国際沖縄剛柔流空手道連盟,S002PL247,source_partner_name_cell_unsplit,R6.5.21 ～ R6.7.27,0,0,zero,ＮＰＯ等,ＮＰＯ等,not_selected,,,machine_display_alias_only_not_actor_identity,source_universe_row_not_relation_edge,whole_program_project_cost_not_actor_payment_or_award,"Authoritative mechanical source-row extraction; no registry merge, relation approval, actor payment, alliance, or political stance inference."
S002-R0421,S002,令和6年度「NPO等との協働実績調査」,2024,421,58,文化観光ス ポーツ部,文化観光スポーツ部,空手振興課,空手振興課,6,後援,NPO等の事業を後援という形で支援,endorsement_or_support,6,学術、文化、芸術又はスポーツの振興を図る事業,第１回劉衛流国際交 流空手道選手権大会,第1回劉衛流国際交流空手道選手権大会,海外の空手仲間と楽しくコミュニケーション を図り、国際交流を深める中から、世界の 恒久平和に寄与するとともに、空手道の技 術向上を目指す。,8,その他、法人格を持たない任意団体等,一般社団法人劉衛流 龍鳳会,一般社団法人劉衛流龍鳳会,S002PL248,source_partner_name_cell_unsplit,R6.6.3 ～ R7.8.17,0,0,zero,ＮＰＯ等,ＮＰＯ等,not_selected,,,machine_display_alias_only_not_actor_identity,source_universe_row_not_relation_edge,whole_program_project_cost_not_actor_payment_or_award,"Authoritative mechanical source-row extraction; no registry merge, relation approval, actor payment, alliance, or political stance inference."
S002-R0422,S002,令和6年度「NPO等との協働実績調査」,2024,422,58,文化観光ス ポーツ部,文化観光スポーツ部,空手振興課,空手振興課,6,後援,NPO等の事業を後援という形で支援,endorsement_or_support,6,学術、文化、芸術又はスポーツの振興を図る事業,第11回沖縄県古武道 選手権大会,第11回沖縄県古武道選手権大会,沖縄の伝統武道である古武道の普及発展 並びに文化としての古武道の継承者育 成、愛好者の拡大を目的とする。,8,その他、法人格を持たない任意団体等,沖縄県空手道連盟,沖縄県空手道連盟,S002PL249,source_partner_name_cell_unsplit,R6.9.2 ～ R6.9.29,0,0,zero,ＮＰＯ等,ＮＰＯ等,not_selected,,,machine_display_alias_only_not_actor_identity,source_universe_row_not_relation_edge,whole_program_project_cost_not_actor_payment_or_award,"Authoritative mechanical source-row extraction; no registry merge, relation approval, actor payment, alliance, or political stance inference."
S002-R0423,S002,令和6年度「NPO等との協働実績調査」,2024,423,58,文化観光ス ポーツ部,文化観光スポーツ部,空手振興課,空手振興課,6,後援,NPO等の事業を後援という形で支援,endorsement_or_support,6,学術、文化、芸術又はスポーツの振興を図る事業,2024沖縄伝統空手道 古武道少年少女全国 大会,2024沖縄伝統空手道古武道少年少女全国大会,沖縄伝統空手道・古武道の継承・発展と青 少年の健全育成を目的とする。,8,その他、法人格を持たない任意団体等,沖縄県空手道連合会,沖縄県空手道連合会,S002PL250,source_partner_name_cell_unsplit,R6.9.26 ～ R6.11.7,0,0,zero,ＮＰＯ等,ＮＰＯ等,not_selected,,,machine_display_alias_only_not_actor_identity,source_universe_row_not_relation_edge,whole_program_project_cost_not_actor_payment_or_award,"Authoritative mechanical source-row extraction; no registry merge, relation approval, actor payment, alliance, or political stance inference."
S002-R0424,S002,令和6年度「NPO等との協働実績調査」,2024,424,58,文化観光ス ポーツ部,文化観光スポーツ部,空手振興課,空手振興課,6,後援,NPO等の事業を後援という形で支援,endorsement_or_support,6,学術、文化、芸術又はスポーツの振興を図る事業,第40回沖縄県空手道・ 古武道演武大会及び 第19回団体組手選手 権大会,第40回沖縄県空手道・古武道演武大会及び第19回団体組手選手権大会,沖縄の伝統武道である空手道・古武道を 修練する子どもから大人まで全ての愛好 家に活躍の場を与えるとともに、青少年の 健全な育成に寄与することを目的とする。,8,その他、法人格を持たない任意団体等,沖縄県空手道連盟,沖縄県空手道連盟,S002PL249,source_partner_name_cell_unsplit,R7.2.8 ～ R7.3.2,0,0,zero,ＮＰＯ等,ＮＰＯ等,not_selected,,,machine_display_alias_only_not_actor_identity,source_universe_row_not_relation_edge,whole_program_project_cost_not_actor_payment_or_award,"Authoritative mechanical source-row extraction; no registry merge, relation approval, actor payment, alliance, or political stance inference."
S002-R0425,S002,令和6年度「NPO等との協働実績調査」,2024,425,58,文化観光ス ポーツ部,文化観光スポーツ部,空手振興課,空手振興課,6,後援,NPO等の事業を後援という形で支援,endorsement_or_support,6,学術、文化、芸術又はスポーツの振興を図る事業,令和６年度琉球大学っ サテライトキャンパス 出前講座「生活文化に おける沖縄伝統空手と 健康」,令和6年度琉球大学っサテライトキャンパス出前講座「生活文化における沖縄伝統空手と健康」,沖縄伝統空手をほしぞら公民から全世界 へ発信！ 熱意ある空手家が、空手による健康や体 力への増進を図るための専門的知識や技 術をお伝えします。,5,学校法人、医療法人等上記1～4以外の非営利法人,国立大学法人琉球大 学地域連携推進機構,国立大学法人琉球大学地域連携推進機構,S002PL251,source_partner_name_cell_unsplit,R7.3.11 ～ R7.3.30,0,0,zero,ＮＰＯ等,ＮＰＯ等,not_selected,,,machine_display_alias_only_not_actor_identity,source_universe_row_not_relation_edge,whole_program_project_cost_not_actor_payment_or_award,"Authoritative mechanical source-row extraction; no registry merge, relation approval, actor payment, alliance, or political stance inference."
S002-R0426,S002,令和6年度「NPO等との協働実績調査」,2024,426,59,文化観光ス ポーツ部,文化観光スポーツ部,博物館・美術 館,博物館・美術館,2,提案型公募による委託,提案型公募による委託,proposal_based_delegated_program,6,学術、文化、芸術又はスポーツの振興を図る事業,令和６年度琉球王国 文化遺産集積・再興事 業復元製作・発信委託 業務,令和6年度琉球王国文化遺産集積・再興事業復元製作・発信委託業務,模造復元に係る科学分析、材料調達、試 作、発信,7,JV（複数の異なる団体等が共同で事業を行う組織）,一般財団法人沖縄美 ら島財団・株式会社 国建共同企業体,一般財団法人沖縄美ら島財団・株式会社国建共同企業体,S002PL252,official_JV_or_multi_party_source_cell_unsplit,R6.10.18 ～ R7.3.31,"69,949",69949,positive,行政,ＮＰＯ等,not_selected,,,machine_display_alias_only_not_actor_identity,source_universe_row_not_relation_edge,whole_program_project_cost_not_actor_payment_or_award,"Authoritative mechanical source-row extraction; no registry merge, relation approval, actor payment, alliance, or political stance inference."
S002-R0427,S002,令和6年度「NPO等との協働実績調査」,2024,427,59,文化観光ス ポーツ部,文化観光スポーツ部,スポーツ振興 課,スポーツ振興課,1,委託,NPO等へ業務委託を行った事業,delegated_public_program,6,学術、文化、芸術又はスポーツの振興を図る事業,令和６年度総合型地 域スポーツクラブ育成 業務委託,令和6年度総合型地域スポーツクラブ育成業務委託,地域に根ざした総合型地域スポーツクラブ が、継続的かつ安定した運営ができるよ う、助言・指導を行う。,2,公益社団又は公益財団法人,公益財団法人沖縄県 スポーツ協会,公益財団法人沖縄県スポーツ協会,S002PL253,source_partner_name_cell_unsplit,R6.4.1 ～ R7.3.31,"2,113",2113,positive,一緒に,ＮＰＯ等,not_selected,,,machine_display_alias_only_not_actor_identity,source_universe_row_not_relation_edge,whole_program_project_cost_not_actor_payment_or_award,"Authoritative mechanical source-row extraction; no registry merge, relation approval, actor payment, alliance, or political stance inference."
S002-R0428,S002,令和6年度「NPO等との協働実績調査」,2024,428,59,文化観光ス ポーツ部,文化観光スポーツ部,スポーツ振興 課,スポーツ振興課,1,委託,NPO等へ業務委託を行った事業,delegated_public_program,6,学術、文化、芸術又はスポーツの振興を図る事業,第27回沖縄県スポー ツ・レクリエーション祭 開催委託業務,第27回沖縄県スポーツ・レクリエーション祭開催委託業務,公益財団法人沖縄県スポーツ協会,2,公益社団又は公益財団法人,公益財団法人沖縄県 スポーツ協会,公益財団法人沖縄県スポーツ協会,S002PL253,source_partner_name_cell_unsplit,R6.5.1 ～ R7.3.31,"3,287",3287,positive,一緒に,ＮＰＯ等,not_selected,,,machine_display_alias_only_not_actor_identity,source_universe_row_not_relation_edge,whole_program_project_cost_not_actor_payment_or_award,"Authoritative mechanical source-row extraction; no registry merge, relation approval, actor payment, alliance, or political stance inference."
S002-R0429,S002,令和6年度「NPO等との協働実績調査」,2024,429,59,文化観光ス ポーツ部,文化観光スポーツ部,スポーツ振興 課,スポーツ振興課,1,委託,NPO等へ業務委託を行った事業,delegated_public_program,6,学術、文化、芸術又はスポーツの振興を図る事業,第27回沖縄県スポー ツ・レクリエーション祭 開催委託業務,第27回沖縄県スポーツ・レクリエーション祭開催委託業務,第27回沖縄県スポーツ・レクリエーション 祭開催委託業務,8,その他、法人格を持たない任意団体等,沖縄県レクリエーショ ン協会,沖縄県レクリエーション協会,S002PL254,source_partner_name_cell_unsplit,R6.5.1 ～ R7.3.31,550,550,positive,一緒に,ＮＰＯ等,not_selected,,,machine_display_alias_only_not_actor_identity,source_universe_row_not_relation_edge,whole_program_project_cost_not_actor_payment_or_award,"Authoritative mechanical source-row extraction; no registry merge, relation approval, actor payment, alliance, or political stance inference."
S002-R0430,S002,令和6年度「NPO等との協働実績調査」,2024,430,59,文化観光ス ポーツ部,文化観光スポーツ部,スポーツ振興 課,スポーツ振興課,4,補助,補助金・助成金の支給又は物的支援,subsidy_assistance_or_in_kind,6,学術、文化、芸術又はスポーツの振興を図る事業,スポーツコミッション沖 縄体制整備事業,スポーツコミッション沖縄体制整備事業,スポーツを目的とした来訪者の円滑な受 入を行うワンストップ機能を持ったスポーツ コミッション沖縄を設置し、各種問い合わせ に対するきめ細やかな対応を行う。,2,公益社団又は公益財団法人,公益財団法人沖縄県 スポーツ協会,公益財団法人沖縄県スポーツ協会,S002PL253,source_partner_name_cell_unsplit,R6.4.1 ～ R7.3.31,"27,000",27000,positive,一緒に,ＮＰＯ等,not_selected,,,machine_display_alias_only_not_actor_identity,source_universe_row_not_relation_edge,whole_program_project_cost_not_actor_payment_or_award,"Authoritative mechanical source-row extraction; no registry merge, relation approval, actor payment, alliance, or political stance inference."
S002-R0431,S002,令和6年度「NPO等との協働実績調査」,2024,431,59,文化観光ス ポーツ部,文化観光スポーツ部,交流推進課,交流推進課,1,委託,NPO等へ業務委託を行った事業,delegated_public_program,11,国際協力及び国際交流に関する事業,令和6年度多文化共生 社会の構築に関する 万国津梁会議運営等 支援業務委託,令和6年度多文化共生社会の構築に関する万国津梁会議運営等支援業務委託,在住外国人が住みやすい地域づくりや県 民の異文化理解・国際理解の促進につい ての総合的かつ多角的な視点からの提言 の具体化に向けて、有識者で構成する万 国津梁会議の開催及び取りまとめを行う。,1,特定非営利活動法人（NPO法人）,特定非営利活動法人 沖縄NGOセンター,特定非営利活動法人沖縄NGOセンター,S002PL255,source_partner_name_cell_unsplit,R6.7.4 ～ R7.3.31,"5,140",5140,positive,行政,一緒に,selected,R10R005,R10AM007,machine_display_alias_only_not_actor_identity,source_universe_row_not_relation_edge,whole_program_project_cost_not_actor_payment_or_award,"Authoritative mechanical source-row extraction; no registry merge, relation approval, actor payment, alliance, or political stance inference."
S002-R0432,S002,令和6年度「NPO等との協働実績調査」,2024,432,59,文化観光ス ポーツ部,文化観光スポーツ部,交流推進課,交流推進課,2,提案型公募による委託,提案型公募による委託,proposal_based_delegated_program,11,国際協力及び国際交流に関する事業,令和６年度おきなわ国 際協力人材育成事業 委託業務,令和6年度おきなわ国際協力人材育成事業委託業務,県内高校生を開発途上国等に派遣して ODA現場の視察等を行う。併せて県内高 校等において国際協力に係る出前講座を 実施し、県内学生の国際協力への理解促 進を図る。,7,JV（複数の異なる団体等が共同で事業を行う組織）,令和６年度おきなわ 国際協力人材育成事 業共同企業体 （公 社）青年海外協力協 会沖縄事務所、（株） ＪＴＢ沖縄,令和6年度おきなわ国際協力人材育成事業共同企業体(公社)青年海外協力協会沖縄事務所、(株)JTB沖縄,S002PL256,official_JV_or_multi_party_source_cell_unsplit,R6.5.15 ～ R7.2.28,"21,799",21799,positive,行政,ＮＰＯ等,selected,R10R011,R10AM016,machine_display_alias_only_not_actor_identity,source_universe_row_not_relation_edge,whole_program_project_cost_not_actor_payment_or_award,"Authoritative mechanical source-row extraction; no registry merge, relation approval, actor payment, alliance, or political stance inference."
S002-R0433,S002,令和6年度「NPO等との協働実績調査」,2024,433,59,文化観光ス ポーツ部,文化観光スポーツ部,交流推進課,交流推進課,1,委託,NPO等へ業務委託を行った事業,delegated_public_program,11,国際協力及び国際交流に関する事業,令和６年度次世代ウチ ナーネットワーク継承 基盤構築事業 （ウチナーネットワー クコンシェルジュ運営 業務）,令和6年度次世代ウチナーネットワーク継承基盤構築事業(ウチナーネットワークコンシェルジュ運営業務),次世代へウチナーネットワークを安定的に 継承するためのプラットフォーム「ウチナー ネットワークコンシェルジュ（ＵＮＣ）を運営 する。,3,営利を目的としない一般社団又は一般財団法人,一般社団法人世界若 者ウチナーンチュ連 合会,一般社団法人世界若者ウチナーンチュ連合会,S002PL257,source_partner_name_cell_unsplit,R6.4.1 ～ R7.3.31,"10,329",10329,positive,行政,ＮＰＯ等,selected,R10R012,R10AM017,machine_display_alias_only_not_actor_identity,source_universe_row_not_relation_edge,whole_program_project_cost_not_actor_payment_or_award,"Authoritative mechanical source-row extraction; no registry merge, relation approval, actor payment, alliance, or political stance inference."
S002-R0434,S002,令和6年度「NPO等との協働実績調査」,2024,434,60,文化観光ス ポーツ部,文化観光スポーツ部,交流推進課,交流推進課,1,委託,NPO等へ業務委託を行った事業,delegated_public_program,11,国際協力及び国際交流に関する事業,令和６年度次世代ウチ ナーネットワーク継承 基盤構築構築事業委 託業務 （ウチナーンチュ子弟 等留学生受入業務）,令和6年度次世代ウチナーネットワーク継承基盤構築構築事業委託業務(ウチナーンチュ子弟等留学生受入業務),海外に移住したウチナーンチュの子弟や 相互交換留学をしているアジア地域(福建 省・台湾)から優秀な人物を県内大学や企 業等で就学・研修させ、各国・地域と沖縄 との架け橋となる人材を育成し、またウチ ナーネットワークにおける活動促進の仕組 み作りを行う。,7,JV（複数の異なる団体等が共同で事業を行う組織）,Team OKIYUA （株）沖縄映像セン ター、（一社）世界若 者ウチナーンチュ連 合会,Team OKIYUA(株)沖縄映像センター、(一社)世界若者ウチナーンチュ連合会,S002PL258,official_JV_or_multi_party_source_cell_unsplit,R6.4.1 ～ R7.3.31,"39,739",39739,positive,行政,ＮＰＯ等,selected,R10R013,R10AM018,machine_display_alias_only_not_actor_identity,source_universe_row_not_relation_edge,whole_program_project_cost_not_actor_payment_or_award,"Authoritative mechanical source-row extraction; no registry merge, relation approval, actor payment, alliance, or political stance inference."
S002-R0435,S002,令和6年度「NPO等との協働実績調査」,2024,435,60,文化観光ス ポーツ部,文化観光スポーツ部,交流推進課,交流推進課,2,提案型公募による委託,提案型公募による委託,proposal_based_delegated_program,11,国際協力及び国際交流に関する事業,令和６年度レッツスタ ディー！ウチナーネッ トワーク事業,令和6年度レッツスタディー!ウチナーネットワーク事業,県内小中高を中心とした出前講座の実 施、出前講座を行う指導者の養成、移民 の歴史啓発イベント等の実施など,2,公益社団又は公益財団法人,公益社団法人青年海 外協力協会 沖縄事 務所,公益社団法人青年海外協力協会沖縄事務所,S002PL259,source_partner_name_cell_unsplit,R6.5.24 ～ R7.2.28,"7,171",7171,positive,行政,ＮＰＯ等,selected,R10R014,R10AM019,machine_display_alias_only_not_actor_identity,source_universe_row_not_relation_edge,whole_program_project_cost_not_actor_payment_or_award,"Authoritative mechanical source-row extraction; no registry merge, relation approval, actor payment, alliance, or political stance inference."
S002-R0436,S002,令和6年度「NPO等との協働実績調査」,2024,436,60,文化観光ス ポーツ部,文化観光スポーツ部,交流推進課,交流推進課,2,提案型公募による委託,提案型公募による委託,proposal_based_delegated_program,11,国際協力及び国際交流に関する事業,令和６年度ウチナー ジュニアスタディー事 業委託,令和6年度ウチナージュニアスタディー事業委託,世界の沖縄県系人子弟と沖縄県内の同世 代の学生が生活を共にしながら沖縄の歴 史や文化、自然等を学ぶことで、強い絆を 構築するとともに、県系人子弟については ルーツである沖縄への理解を深め、県内 学生については国際的な視野を広げるこ とで世界のウチナーネットワークを担う次 世代を育成する,7,JV（複数の異なる団体等が共同で事業を行う組織）,令和６年度ウチナー ジュニアスタディー事 業に係る共同企業体 (公社)青年海外協力 協会沖縄事務所、東 武トップツアーズ(株) 沖縄支店,令和6年度ウチナージュニアスタディー事業に係る共同企業体(公社)青年海外協力協会沖縄事務所、東武トップツアーズ(株)沖縄支店,S002PL260,official_JV_or_multi_party_source_cell_unsplit,R6.4.30 ～ R7.2.28,"15,442",15442,positive,行政,ＮＰＯ等,selected,R10R015,R10AM020,machine_display_alias_only_not_actor_identity,source_universe_row_not_relation_edge,whole_program_project_cost_not_actor_payment_or_award,"Authoritative mechanical source-row extraction; no registry merge, relation approval, actor payment, alliance, or political stance inference."
S002-R0437,S002,令和6年度「NPO等との協働実績調査」,2024,437,60,文化観光ス ポーツ部,文化観光スポーツ部,交流推進課,交流推進課,4,補助,補助金・助成金の支給又は物的支援,subsidy_assistance_or_in_kind,11,国際協力及び国際交流に関する事業,国際交流・協力推進事 業,国際交流・協力推進事業,21世紀ビジョンで掲げる「世界に開かれた 交流と共生の島」実現のため、国際交流・ 協力事業を実施している（公財）沖縄県国 際交流・人材育成財団が行う国際交流・協 力事業に要する経費に対し、補助金を交 付する。,2,公益社団又は公益財団法人,（公財）沖縄県国際交 流・人材育成財団,(公財)沖縄県国際交流・人材育成財団,S002PL261,source_partner_name_cell_unsplit,R6.4.1 ～ R7.3.31,"17,932",17932,positive,ＮＰＯ等,ＮＰＯ等,selected,R10R016,R10AM021,machine_display_alias_only_not_actor_identity,source_universe_row_not_relation_edge,whole_program_project_cost_not_actor_payment_or_award,"Authoritative mechanical source-row extraction; no registry merge, relation approval, actor payment, alliance, or political stance inference."
S002-R0438,S002,令和6年度「NPO等との協働実績調査」,2024,438,60,文化観光ス ポーツ部,文化観光スポーツ部,交流推進課,交流推進課,2,提案型公募による委託,提案型公募による委託,proposal_based_delegated_program,11,国際協力及び国際交流に関する事業,令和６年度長野県へ の生徒派遣交流事業,令和6年度長野県への生徒派遣交流事業,沖縄県内の中学生を長野県に派遣し、歴 史（移民）、自然、文化学習等を行うことで 長野県についての理解を深めるとともに、 長野県内の中学生と交流を行い、将来に わたるこども・若者の交流を促進する。ま た、沖縄県と長野県それぞれの異なる移 民の歴史を学ぶことで、それぞれの移民 政策がもたらした影響や沖縄県が持つ独 自のウチナーネットワークについて学ぶこ とを目的とする。,7,JV（複数の異なる団体等が共同で事業を行う組織）,令和６年度長野県へ の生徒派遣交流事業 共同企業体 (公社) 青年海外協力協会沖 縄事務所、東武トップ ツアーズ(株)沖縄支 店,令和6年度長野県への生徒派遣交流事業共同企業体(公社)青年海外協力協会沖縄事務所、東武トップツアーズ(株)沖縄支店,S002PL262,official_JV_or_multi_party_source_cell_unsplit,R6.12.23 ～ R7.3.31,"5,999",5999,positive,行政,ＮＰＯ等,not_selected,,,machine_display_alias_only_not_actor_identity,source_universe_row_not_relation_edge,whole_program_project_cost_not_actor_payment_or_award,"Authoritative mechanical source-row extraction; no registry merge, relation approval, actor payment, alliance, or political stance inference."
S002-R0439,S002,令和6年度「NPO等との協働実績調査」,2024,439,60,土木建築部,土木建築部,技術・建設業 課,技術・建設業課,1,委託,NPO等へ業務委託を行った事業,delegated_public_program,3,地域づくりの推進を図る事業,建設資材単価及び建 設廃棄物関係調査業 務委託,建設資材単価及び建設廃棄物関係調査業務委託,公共工事の積算に必要な設計単価の基 礎資料とするため地区別単価及び廃棄物 処分料等の実態の把握を行う。,3,営利を目的としない一般社団又は一般財団法人,一般財団法人経済調 査会,一般財団法人経済調査会,S002PL263,source_partner_name_cell_unsplit,R6.4.27 ～ R7.3.31,"32,274",32274,positive,ＮＰＯ等,ＮＰＯ等,not_selected,,,machine_display_alias_only_not_actor_identity,source_universe_row_not_relation_edge,whole_program_project_cost_not_actor_payment_or_award,"Authoritative mechanical source-row extraction; no registry merge, relation approval, actor payment, alliance, or political stance inference."
S002-R0440,S002,令和6年度「NPO等との協働実績調査」,2024,440,61,土木建築部,土木建築部,技術・建設業 課,技術・建設業課,1,委託,NPO等へ業務委託を行った事業,delegated_public_program,3,地域づくりの推進を図る事業,公共事業労務費調査 委託業務,公共事業労務費調査委託業務,公共工事の積算に必要な労務単価の基 礎資料とするため労働者に支払われた職 種別の賃金の把握を行う。,3,営利を目的としない一般社団又は一般財団法人,一般財団法人経済調 査会,一般財団法人経済調査会,S002PL263,source_partner_name_cell_unsplit,R6.8.14 ～ R7.1.31,"6,710",6710,positive,ＮＰＯ等,ＮＰＯ等,not_selected,,,machine_display_alias_only_not_actor_identity,source_universe_row_not_relation_edge,whole_program_project_cost_not_actor_payment_or_award,"Authoritative mechanical source-row extraction; no registry merge, relation approval, actor payment, alliance, or political stance inference."
S002-R0441,S002,令和6年度「NPO等との協働実績調査」,2024,441,61,土木建築部,土木建築部,技術・建設業 課,技術・建設業課,1,委託,NPO等へ業務委託を行った事業,delegated_public_program,7,環境の保全を図る事業,沖縄県リサイクル資材 評価認定制度運営業 務委託,沖縄県リサイクル資材評価認定制度運営業務委託,平成16年度に制定した「沖縄県リサイクル 資材評価認定制度（ゆいくる）の運営等を 行う。,2,公益社団又は公益財団法人,公益財団法人沖縄県 建設技術センター,公益財団法人沖縄県建設技術センター,S002PL020,source_partner_name_cell_unsplit,R6.5.10 ～ R7.3.31,"15,785",15785,positive,ＮＰＯ等,ＮＰＯ等,not_selected,,,machine_display_alias_only_not_actor_identity,source_universe_row_not_relation_edge,whole_program_project_cost_not_actor_payment_or_award,"Authoritative mechanical source-row extraction; no registry merge, relation approval, actor payment, alliance, or political stance inference."
S002-R0442,S002,令和6年度「NPO等との協働実績調査」,2024,442,61,土木建築部,土木建築部,技術・建設業 課,技術・建設業課,1,委託,NPO等へ業務委託を行った事業,delegated_public_program,7,環境の保全を図る事業,フライアッシュコンク リートに関する講習会 支援業務委託,フライアッシュコンクリートに関する講習会支援業務委託,令和５年度に改訂した「沖縄県におけるフ ライアッシュコンクリートの配合及び施工指 針」のポイントや指針で示す配合の考え 方、コンクリートの表層品質確保に有効と 考えられたコンクリートの打込み締固めの テクニック等に関する講習会の業務を支援 する。,2,公益社団又は公益財団法人,公益財団法人沖縄県 建設技術センター,公益財団法人沖縄県建設技術センター,S002PL020,source_partner_name_cell_unsplit,R6.6.4 ～ R6.12.27,"3,223",3223,positive,ＮＰＯ等,ＮＰＯ等,not_selected,,,machine_display_alias_only_not_actor_identity,source_universe_row_not_relation_edge,whole_program_project_cost_not_actor_payment_or_award,"Authoritative mechanical source-row extraction; no registry merge, relation approval, actor payment, alliance, or political stance inference."
S002-R0443,S002,令和6年度「NPO等との協働実績調査」,2024,443,61,土木建築部,土木建築部,技術・建設業 課,技術・建設業課,1,委託,NPO等へ業務委託を行った事業,delegated_public_program,14,情報化社会の発展を図る事業,電子納品保管管理業 務委託,電子納品保管管理業務委託,「公共施設情報管理システム（OCTC）」を 活用し、電子納品（成果品データ）の保管 管理及び電子化されていない過去の成果 品（マイクロフィルム等）を電子化し、本シ ステムに登録する。,2,公益社団又は公益財団法人,公益財団法人沖縄県 建設技術センター,公益財団法人沖縄県建設技術センター,S002PL020,source_partner_name_cell_unsplit,R6.8.7 ～ R7.3.31,"4,598",4598,positive,ＮＰＯ等,ＮＰＯ等,not_selected,,,machine_display_alias_only_not_actor_identity,source_universe_row_not_relation_edge,whole_program_project_cost_not_actor_payment_or_award,"Authoritative mechanical source-row extraction; no registry merge, relation approval, actor payment, alliance, or political stance inference."
S002-R0444,S002,令和6年度「NPO等との協働実績調査」,2024,444,61,土木建築部,土木建築部,技術・建設業 課,技術・建設業課,1,委託,NPO等へ業務委託を行った事業,delegated_public_program,14,情報化社会の発展を図る事業,プログラムサポート サービス,プログラムサポートサービス,コアシステムのプログラムサポート,3,営利を目的としない一般社団又は一般財団法人,一般財団法人日本建 設情報総合センター,一般財団法人日本建設情報総合センター,S002PL264,source_partner_name_cell_unsplit,R6.4.1 ～ R7.3.31,"2,723",2723,positive,行政,ＮＰＯ等,not_selected,,,machine_display_alias_only_not_actor_identity,source_universe_row_not_relation_edge,whole_program_project_cost_not_actor_payment_or_award,"Authoritative mechanical source-row extraction; no registry merge, relation approval, actor payment, alliance, or political stance inference."
S002-R0445,S002,令和6年度「NPO等との協働実績調査」,2024,445,61,土木建築部,土木建築部,技術・建設業 課,技術・建設業課,1,委託,NPO等へ業務委託を行った事業,delegated_public_program,14,情報化社会の発展を図る事業,営繕積算システム等 整備業務,営繕積算システム等整備業務,営繕積算システム関連委員会等の運営、 システムの開発・管理等を行う。,3,営利を目的としない一般社団又は一般財団法人,一般財団法人建築コ スト管理システム研 究所,一般財団法人建築コスト管理システム研究所,S002PL265,source_partner_name_cell_unsplit,R6.7.1 ～ R7.3.31,"1,035",1035,positive,行政,ＮＰＯ等,not_selected,,,machine_display_alias_only_not_actor_identity,source_universe_row_not_relation_edge,whole_program_project_cost_not_actor_payment_or_award,"Authoritative mechanical source-row extraction; no registry merge, relation approval, actor payment, alliance, or political stance inference."
S002-R0446,S002,令和6年度「NPO等との協働実績調査」,2024,446,61,土木建築部,土木建築部,技術・建設業 課,技術・建設業課,1,委託,NPO等へ業務委託を行った事業,delegated_public_program,14,情報化社会の発展を図る事業,沖縄県土木工事積算 システムメンテナンス 委託業務,沖縄県土木工事積算システムメンテナンス委託業務,県職員が土木工事等の積算を行うため積 算システムを導入しており、当該システム のメンテナンスを行う。,3,営利を目的としない一般社団又は一般財団法人,一般財団法人日本建 設情報総合センター,一般財団法人日本建設情報総合センター,S002PL264,source_partner_name_cell_unsplit,R6.4.1 ～ R7.3.31,"30,690",30690,positive,ＮＰＯ等,ＮＰＯ等,not_selected,,,machine_display_alias_only_not_actor_identity,source_universe_row_not_relation_edge,whole_program_project_cost_not_actor_payment_or_award,"Authoritative mechanical source-row extraction; no registry merge, relation approval, actor payment, alliance, or political stance inference."
S002-R0447,S002,令和6年度「NPO等との協働実績調査」,2024,447,61,土木建築部,土木建築部,技術・建設業 課,技術・建設業課,1,委託,NPO等へ業務委託を行った事業,delegated_public_program,14,情報化社会の発展を図る事業,土木工事積算システ ム資材等単価データ ファイル作成業務（そ の１）,土木工事積算システム資材等単価データファイル作成業務(その1),積算システムによる積算作業に必要な資 材等の単価データファイルを作成し、積算 システムへ登録を行う。,3,営利を目的としない一般社団又は一般財団法人,一般財団法人経済調 査会,一般財団法人経済調査会,S002PL263,source_partner_name_cell_unsplit,R6.4.15 ～ R7.3.31,"7,326",7326,positive,ＮＰＯ等,ＮＰＯ等,not_selected,,,machine_display_alias_only_not_actor_identity,source_universe_row_not_relation_edge,whole_program_project_cost_not_actor_payment_or_award,"Authoritative mechanical source-row extraction; no registry merge, relation approval, actor payment, alliance, or political stance inference."
S002-R0448,S002,令和6年度「NPO等との協働実績調査」,2024,448,62,土木建築部,土木建築部,技術・建設業 課,技術・建設業課,1,委託,NPO等へ業務委託を行った事業,delegated_public_program,14,情報化社会の発展を図る事業,土木工事積算システ ム資材等単価データ ファイル作成業務（そ の２）,土木工事積算システム資材等単価データファイル作成業務(その2),積算システムによる積算作業に必要な資 材等の単価データファイルの作成を行う。,3,営利を目的としない一般社団又は一般財団法人,一般財団法人建設物 価調査会,一般財団法人建設物価調査会,S002PL266,source_partner_name_cell_unsplit,R6.4.15 ～ R7.3.31,"5,940",5940,positive,ＮＰＯ等,ＮＰＯ等,not_selected,,,machine_display_alias_only_not_actor_identity,source_universe_row_not_relation_edge,whole_program_project_cost_not_actor_payment_or_award,"Authoritative mechanical source-row extraction; no registry merge, relation approval, actor payment, alliance, or political stance inference."
S002-R0449,S002,令和6年度「NPO等との協働実績調査」,2024,449,62,土木建築部,土木建築部,技術・建設業 課,技術・建設業課,2,提案型公募による委託,提案型公募による委託,proposal_based_delegated_program,16,経済活動の活性化を図る事業,沖縄県建設業経営力 強化支援事業業務委 託,沖縄県建設業経営力強化支援事業業務委託,県内建設業者の経営改善や経営革新等 の取組を支援する。また各種セミナーを開 催し、建設業者の自立や活性化を促進す る。,3,営利を目的としない一般社団又は一般財団法人,一般社団法人沖縄県 中小企業診断士協会,一般社団法人沖縄県中小企業診断士協会,S002PL192,source_partner_name_cell_unsplit,R6.4.1 ～ R7.3.31,"13,118",13118,positive,ＮＰＯ等,ＮＰＯ等,not_selected,,,machine_display_alias_only_not_actor_identity,source_universe_row_not_relation_edge,whole_program_project_cost_not_actor_payment_or_award,"Authoritative mechanical source-row extraction; no registry merge, relation approval, actor payment, alliance, or political stance inference."
S002-R0450,S002,令和6年度「NPO等との協働実績調査」,2024,450,62,土木建築部,土木建築部,技術・建設業 課,技術・建設業課,1,委託,NPO等へ業務委託を行った事業,delegated_public_program,16,経済活動の活性化を図る事業,建設業情報管理シス テム電算処理業務委 託,建設業情報管理システム電算処理業務委託,旧建設省の「建設業許可審査事務のＯＡ 化構想に基づき各都道府県が出資して設 立した(一財)建設業情報管理センターと、 国土交通省及び各都道府県をＬＧＷＡＮで 結び、建設業許可及び経営事項審査デー タの電算処理を行う。,3,営利を目的としない一般社団又は一般財団法人,一般財団法人建設業 情報管理センター,一般財団法人建設業情報管理センター,S002PL267,source_partner_name_cell_unsplit,R6.4.3 ～ R7.3.31,"6,591",6591,positive,ＮＰＯ等,ＮＰＯ等,not_selected,,,machine_display_alias_only_not_actor_identity,source_universe_row_not_relation_edge,whole_program_project_cost_not_actor_payment_or_award,"Authoritative mechanical source-row extraction; no registry merge, relation approval, actor payment, alliance, or political stance inference."
S002-R0451,S002,令和6年度「NPO等との協働実績調査」,2024,451,62,土木建築部,土木建築部,技術・建設業 課,技術・建設業課,1,委託,NPO等へ業務委託を行った事業,delegated_public_program,16,経済活動の活性化を図る事業,建設業許可・経営事項 審査電子申請システ ム電算処理業務委託,建設業許可・経営事項審査電子申請システム電算処理業務委託,旧建設省の「建設業許可審査事務のＯＡ 化構想に基づき各都道府県が出資して設 立した(一財)建設業情報管理センターと、 国土交通省及び各都道府県をＬＧＷＡＮで 結び、建設業許可及び経営事項審査電子 申請データの電算処理を行う。,3,営利を目的としない一般社団又は一般財団法人,一般財団法人建設業 情報管理センター,一般財団法人建設業情報管理センター,S002PL267,source_partner_name_cell_unsplit,R6.4.1 ～ R7.3.31,"3,273",3273,positive,ＮＰＯ等,ＮＰＯ等,not_selected,,,machine_display_alias_only_not_actor_identity,source_universe_row_not_relation_edge,whole_program_project_cost_not_actor_payment_or_award,"Authoritative mechanical source-row extraction; no registry merge, relation approval, actor payment, alliance, or political stance inference."
S002-R0452,S002,令和6年度「NPO等との協働実績調査」,2024,452,62,土木建築部,土木建築部,技術・建設業 課,技術・建設業課,2,提案型公募による委託,提案型公募による委託,proposal_based_delegated_program,17,職業能力の開発又は雇用機会の拡充を支援する事業,沖縄県建設産業ビジョ ン推進事業業務委託,沖縄県建設産業ビジョン推進事業業務委託,建設産業ビジョン2018及びアクションプロ グラムの推進に係る進捗確認、効果検証 のための各種調査、分析・検討業務を行 い、建設産業の活性化を促進する。 また、建設現場親子バスツアーの実施、イ ベントへの出展等に取り組み、建設産業の 魅力発信に繋げる。,3,営利を目的としない一般社団又は一般財団法人,一般社団法人沖縄し またて協会,一般社団法人沖縄しまたて協会,S002PL268,source_partner_name_cell_unsplit,R6.6.3 ～ R7.3.31,"9,880",9880,positive,ＮＰＯ等,ＮＰＯ等,not_selected,,,machine_display_alias_only_not_actor_identity,source_universe_row_not_relation_edge,whole_program_project_cost_not_actor_payment_or_award,"Authoritative mechanical source-row extraction; no registry merge, relation approval, actor payment, alliance, or political stance inference."
S002-R0453,S002,令和6年度「NPO等との協働実績調査」,2024,453,62,土木建築部,土木建築部,技術・建設業 課,技術・建設業課,1,委託,NPO等へ業務委託を行った事業,delegated_public_program,3,地域づくりの推進を図る事業,建設コンサルタント業 務発注に係る検討委 員会等運営支援業務 委託,建設コンサルタント業務発注に係る検討委員会等運営支援業務委託,「建設コンサルタント業務コスト調査」の調 査結果等を基に、建設工事にかかるコン サルタント業務の最低制限価格の見直し について審議する検討委員会等の運営を 支援する。,3,営利を目的としない一般社団又は一般財団法人,一般財団法人経済調 査会,一般財団法人経済調査会,S002PL263,source_partner_name_cell_unsplit,R6.6.4 ～ R6.9.30,"3,245",3245,positive,ＮＰＯ等,ＮＰＯ等,not_selected,,,machine_display_alias_only_not_actor_identity,source_universe_row_not_relation_edge,whole_program_project_cost_not_actor_payment_or_award,"Authoritative mechanical source-row extraction; no registry merge, relation approval, actor payment, alliance, or political stance inference."
S002-R0454,S002,令和6年度「NPO等との協働実績調査」,2024,454,62,土木建築部,土木建築部,技術・建設業 課,技術・建設業課,1,委託,NPO等へ業務委託を行った事業,delegated_public_program,3,地域づくりの推進を図る事業,建設工事発注に係る 検討委員会等運営支 援業務委託,建設工事発注に係る検討委員会等運営支援業務委託,「建設工事コスト調査」の調査結果等を基 に、建設工事にかかるコンサルタント業務 の最低制限価格の見直しについて審議す る検討委員会等の運営を支援する。,3,営利を目的としない一般社団又は一般財団法人,一般財団法人経済調 査会,一般財団法人経済調査会,S002PL263,source_partner_name_cell_unsplit,R6.10.30 ～ R7.3.28,"7,623",7623,positive,ＮＰＯ等,ＮＰＯ等,not_selected,,,machine_display_alias_only_not_actor_identity,source_universe_row_not_relation_edge,whole_program_project_cost_not_actor_payment_or_award,"Authoritative mechanical source-row extraction; no registry merge, relation approval, actor payment, alliance, or political stance inference."
S002-R0455,S002,令和6年度「NPO等との協働実績調査」,2024,455,63,土木建築部,土木建築部,技術・建設業 課,技術・建設業課,5,共催,NPO等と共催という形で実施,cohosting,9,地域安全及び犯罪防止に関する事業,建設工事の安全対策 研修会,建設工事の安全対策研修会,建設工事現場における労働災害の防止対 策に万全を期すため、建設監督業務等に 携わる職員を対象に安全対策についての 研修会を実施する。,2,公益社団又は公益財団法人,公益財団法人沖縄県 建設技術センター,公益財団法人沖縄県建設技術センター,S002PL020,source_partner_name_cell_unsplit,R6.9.6,0,0,zero,ＮＰＯ等,ＮＰＯ等,not_selected,,,machine_display_alias_only_not_actor_identity,source_universe_row_not_relation_edge,whole_program_project_cost_not_actor_payment_or_award,"Authoritative mechanical source-row extraction; no registry merge, relation approval, actor payment, alliance, or political stance inference."
S002-R0456,S002,令和6年度「NPO等との協働実績調査」,2024,456,63,土木建築部,土木建築部,技術・建設業 課,技術・建設業課,5,共催,NPO等と共催という形で実施,cohosting,14,情報化社会の発展を図る事業,沖縄県CALSセミナー （電子納品）,沖縄県CALSセミナー(電子納品),沖縄県土木建築部が推進するCLAS/EC の普及啓発と電子成果物の品質確保を図 るため、受発注者双方を対象として電子納 品に関する研修会を実施する。,2,公益社団又は公益財団法人,公益財団法人沖縄県 建設技術センター,公益財団法人沖縄県建設技術センター,S002PL020,source_partner_name_cell_unsplit,R6.7.23,0,0,zero,一緒に,一緒に,not_selected,,,machine_display_alias_only_not_actor_identity,source_universe_row_not_relation_edge,whole_program_project_cost_not_actor_payment_or_award,"Authoritative mechanical source-row extraction; no registry merge, relation approval, actor payment, alliance, or political stance inference."
S002-R0457,S002,令和6年度「NPO等との協働実績調査」,2024,457,63,土木建築部,土木建築部,技術・建設業 課,技術・建設業課,5,共催,NPO等と共催という形で実施,cohosting,3,地域づくりの推進を図る事業,工事に係る総合評価 落札方式技術審査等 講習会,工事に係る総合評価落札方式技術審査等講習会,工事発注業務に携わる県・市町村職員を 対象として、総合評価落札方式の概要、運 用の改定内容、手続き、評価項目の設 定、審査等に関する講習会を実施する。,2,公益社団又は公益財団法人,公益財団法人沖縄県 建設技術センター,公益財団法人沖縄県建設技術センター,S002PL020,source_partner_name_cell_unsplit,R6.6.7,0,0,zero,一緒に,一緒に,not_selected,,,machine_display_alias_only_not_actor_identity,source_universe_row_not_relation_edge,whole_program_project_cost_not_actor_payment_or_award,"Authoritative mechanical source-row extraction; no registry merge, relation approval, actor payment, alliance, or political stance inference."
S002-R0458,S002,令和6年度「NPO等との協働実績調査」,2024,458,63,土木建築部,土木建築部,道路管理課,道路管理課,1,委託,NPO等へ業務委託を行った事業,delegated_public_program,4,観光の振興を図る事業,道路植栽に係る官民 連携制度実施等検討 業務委託（R6）,道路植栽に係る官民連携制度実施等検討業務委託(R6),地域や企業の参画による官民連携制度の 運用や道路ボランティア制度の見直し等の 検討を行う。,2,公益社団又は公益財団法人,公益社団法人 沖縄 県緑化推進委員会,公益社団法人沖縄県緑化推進委員会,S002PL027,source_partner_name_cell_unsplit,R6.8.19 ～ R7.3.25,990,990,positive,行政,ＮＰＯ等,not_selected,,,machine_display_alias_only_not_actor_identity,source_universe_row_not_relation_edge,whole_program_project_cost_not_actor_payment_or_award,"Authoritative mechanical source-row extraction; no registry merge, relation approval, actor payment, alliance, or political stance inference."
S002-R0459,S002,令和6年度「NPO等との協働実績調査」,2024,459,63,土木建築部,土木建築部,建築指導課,建築指導課,1,委託,NPO等へ業務委託を行った事業,delegated_public_program,7,環境の保全を図る事業,沖縄の気候風土適応 住宅検討事業委託業 務（Ｒ６）,沖縄の気候風土適応住宅検討事業委託業務(R6),改正省エネ法等における気候風土住宅の 調査・整理を行い、所管行政庁が定める気 候風土適応住宅の基準を検討することに より、建築物省エネ法の円滑な運用を図る 業務,1,特定非営利活動法人（NPO法人）,特定非営利活動法人 蒸暑地域住まいの研 究会,特定非営利活動法人蒸暑地域住まいの研究会,S002PL269,source_partner_name_cell_unsplit,R6.7.12 ～ R7.2.28,"2,968",2968,positive,行政,ＮＰＯ等,not_selected,,,machine_display_alias_only_not_actor_identity,source_universe_row_not_relation_edge,whole_program_project_cost_not_actor_payment_or_award,"Authoritative mechanical source-row extraction; no registry merge, relation approval, actor payment, alliance, or political stance inference."
S002-R0460,S002,令和6年度「NPO等との協働実績調査」,2024,460,63,土木建築部,土木建築部,建築指導課,建築指導課,2,提案型公募による委託,提案型公募による委託,proposal_based_delegated_program,3,地域づくりの推進を図る事業,令和6年度簡易診断技 術者派遣等事業委託 業務,令和6年度簡易診断技術者派遣等事業委託業務,建築物の耐震化に対する県民の意識の向 上を図るとともに、建築物の耐震並びに防 災・減災対策を推進する事業,1,特定非営利活動法人（NPO法人）,特定非営利活動法人 沖縄県建築設計サ ポートセンター,特定非営利活動法人沖縄県建築設計サポートセンター,S002PL270,source_partner_name_cell_unsplit,R6.9.3 ～ R7.3.7,"13,051",13051,positive,行政,ＮＰＯ等,not_selected,,,machine_display_alias_only_not_actor_identity,source_universe_row_not_relation_edge,whole_program_project_cost_not_actor_payment_or_award,"Authoritative mechanical source-row extraction; no registry merge, relation approval, actor payment, alliance, or political stance inference."
S002-R0461,S002,令和6年度「NPO等との協働実績調査」,2024,461,63,土木建築部,土木建築部,建築指導課,建築指導課,1,委託,NPO等へ業務委託を行った事業,delegated_public_program,8,災害救援事業,令和6年度被災建築物 の応急危険度判定体 制整備業務,令和6年度被災建築物の応急危険度判定体制整備業務,応急危険度判定士を養成するための講習 会、模擬訓練及び判定コーディネーター養 成講習会を実施する業務,2,公益社団又は公益財団法人,公益社団法人沖縄県 建築士会,公益社団法人沖縄県建築士会,S002PL271,source_partner_name_cell_unsplit,R6.8.23 ～ R7.3.19,"2,515",2515,positive,行政,ＮＰＯ等,not_selected,,,machine_display_alias_only_not_actor_identity,source_universe_row_not_relation_edge,whole_program_project_cost_not_actor_payment_or_award,"Authoritative mechanical source-row extraction; no registry merge, relation approval, actor payment, alliance, or political stance inference."
S002-R0462,S002,令和6年度「NPO等との協働実績調査」,2024,462,63,土木建築部,土木建築部,建築指導課,建築指導課,1,委託,NPO等へ業務委託を行った事業,delegated_public_program,18,消費者の保護を図る事業,宅地建物取引士証作 成交付業務委託,宅地建物取引士証作成交付業務委託,宅地建物取引業法第２２条の２第２項にお いて規定される講習において、講習申込 者の宅地建物取引士証を作成し、交付す る業務,2,公益社団又は公益財団法人,公益社団法人沖縄県 宅地建物取引業協会,公益社団法人沖縄県宅地建物取引業協会,S002PL272,source_partner_name_cell_unsplit,R6.4.1 ～ R7.3.31,977,977,positive,行政,ＮＰＯ等,not_selected,,,machine_display_alias_only_not_actor_identity,source_universe_row_not_relation_edge,whole_program_project_cost_not_actor_payment_or_award,"Authoritative mechanical source-row extraction; no registry merge, relation approval, actor payment, alliance, or political stance inference."
S002-R0463,S002,令和6年度「NPO等との協働実績調査」,2024,463,63,土木建築部,土木建築部,建築指導課,建築指導課,1,委託,NPO等へ業務委託を行った事業,delegated_public_program,18,消費者の保護を図る事業,宅地建物取引士証作 成交付業務委託,宅地建物取引士証作成交付業務委託,宅地建物取引業法第２２条の２第２項にお いて規定される講習において、講習申込 者の宅地建物取引士証を作成し、交付す る業務,2,公益社団又は公益財団法人,公益社団法人全日本 不動産協会沖縄県本 部,公益社団法人全日本不動産協会沖縄県本部,S002PL273,source_partner_name_cell_unsplit,R6.4.1 ～ R7.3.31,87,87,positive,行政,ＮＰＯ等,not_selected,,,machine_display_alias_only_not_actor_identity,source_universe_row_not_relation_edge,whole_program_project_cost_not_actor_payment_or_award,"Authoritative mechanical source-row extraction; no registry merge, relation approval, actor payment, alliance, or political stance inference."
S002-R0464,S002,令和6年度「NPO等との協働実績調査」,2024,464,64,土木建築部,土木建築部,首里城復興 課,首里城復興課,1,委託,NPO等へ業務委託を行った事業,delegated_public_program,3,地域づくりの推進を図る事業,令和６年度首里杜地 区交通・観光マネジメ ント調査等業務委託,令和6年度首里杜地区交通・観光マネジメント調査等業務委託,首里杜地区整備基本計画に基づく、首里 杜地区の交通・観光マネジメントに関わる 分野の実施内容を具体化することを目的 とする。,1,特定非営利活動法人（NPO法人）,特定非営利活動法人 首里まちづくり研究会,特定非営利活動法人首里まちづくり研究会,S002PL274,source_partner_name_cell_unsplit,R6.10.5 ～ R7.3.31,"1,650",1650,positive,一緒に,一緒に,not_selected,,,machine_display_alias_only_not_actor_identity,source_universe_row_not_relation_edge,whole_program_project_cost_not_actor_payment_or_award,"Authoritative mechanical source-row extraction; no registry merge, relation approval, actor payment, alliance, or political stance inference."
S002-R0465,S002,令和6年度「NPO等との協働実績調査」,2024,465,64,土木建築部,土木建築部,首里城復興 課,首里城復興課,10,その他,上記以外の協働形態,other_collaboration,3,地域づくりの推進を図る事業,首里城公園龍潭周辺 公衆トイレ新築工事監 理業務,首里城公園龍潭周辺公衆トイレ新築工事監理業務,首里城公園龍潭周辺公衆トイレの整備に かかる監理業務,1,特定非営利活動法人（NPO法人）,NPO法人 バリアフ リーネットワーク会議,NPO法人バリアフリーネットワーク会議,S002PL275,source_partner_name_cell_unsplit,R6.1.23 ～ R6.7.12,0,0,zero,行政,行政,not_selected,,,machine_display_alias_only_not_actor_identity,source_universe_row_not_relation_edge,whole_program_project_cost_not_actor_payment_or_award,"Authoritative mechanical source-row extraction; no registry merge, relation approval, actor payment, alliance, or political stance inference."
S002-R0466,S002,令和6年度「NPO等との協働実績調査」,2024,466,64,土木建築部,土木建築部,首里城復興 課,首里城復興課,10,その他,上記以外の協働形態,other_collaboration,3,地域づくりの推進を図る事業,首里城公園龍潭周辺 公衆トイレ新築工事監 理業務,首里城公園龍潭周辺公衆トイレ新築工事監理業務,首里城公園龍潭周辺公衆トイレの整備に かかる監理業務,1,特定非営利活動法人（NPO法人）,NPO法人 レインボー ハートokinawa,NPO法人レインボーハートokinawa,S002PL129,source_partner_name_cell_unsplit,R6.1.23 ～ R6.7.12,0,0,zero,行政,行政,not_selected,,,machine_display_alias_only_not_actor_identity,source_universe_row_not_relation_edge,whole_program_project_cost_not_actor_payment_or_award,"Authoritative mechanical source-row extraction; no registry merge, relation approval, actor payment, alliance, or political stance inference."
S002-R0467,S002,令和6年度「NPO等との協働実績調査」,2024,467,64,土木建築部,土木建築部,首里城復興 課,首里城復興課,8,事業協力,共催以外の形態で協力・連携,program_cooperation,6,学術、文化、芸術又はスポーツの振興を図る事業,令和５年度中城御殿 御内原・表御殿西側エ リア実施設計業務委託,令和5年度中城御殿御内原・表御殿西側エリア実施設計業務委託,中城御殿跡地整備基本計画に基づき、中 城御殿跡地整備にかかる建築実施設計業 務,1,特定非営利活動法人（NPO法人）,NPO法人 バリアフ リーネットワーク会議,NPO法人バリアフリーネットワーク会議,S002PL275,source_partner_name_cell_unsplit,R5.9.26 ～ R6.9.30,835,835,positive,行政,行政,not_selected,,,machine_display_alias_only_not_actor_identity,source_universe_row_not_relation_edge,whole_program_project_cost_not_actor_payment_or_award,"Authoritative mechanical source-row extraction; no registry merge, relation approval, actor payment, alliance, or political stance inference."
S002-R0468,S002,令和6年度「NPO等との協働実績調査」,2024,468,64,土木建築部,土木建築部,北部土木事 務所,北部土木事務所,1,委託,NPO等へ業務委託を行った事業,delegated_public_program,3,地域づくりの推進を図る事業,北部管内植栽管理業 務委託（R6-2）,北部管内植栽管理業務委託(R6-2),県が管理する道路周辺の植栽作業（除 草）,4,社会福祉法人,社会福祉法人 豊饒 会,社会福祉法人豊饒会,S002PL276,source_partner_name_cell_unsplit,R6.4.1 ～ R7.3.31,"5,003",5003,positive,行政,ＮＰＯ等,not_selected,,,machine_display_alias_only_not_actor_identity,source_universe_row_not_relation_edge,whole_program_project_cost_not_actor_payment_or_award,"Authoritative mechanical source-row extraction; no registry merge, relation approval, actor payment, alliance, or political stance inference."
S002-R0469,S002,令和6年度「NPO等との協働実績調査」,2024,469,64,土木建築部,土木建築部,北部土木事 務所,北部土木事務所,1,委託,NPO等へ業務委託を行った事業,delegated_public_program,3,地域づくりの推進を図る事業,北部管内植栽管理業 務委託（R6-3）,北部管内植栽管理業務委託(R6-3),県が管理する道路周辺の植栽作業（除 草）,2,公益社団又は公益財団法人,公益社団法人 名護 市シルバー人材セン ター,公益社団法人名護市シルバー人材センター,S002PL196,source_partner_name_cell_unsplit,R6.4.1 ～ R7.3.31,"2,411",2411,positive,行政,ＮＰＯ等,not_selected,,,machine_display_alias_only_not_actor_identity,source_universe_row_not_relation_edge,whole_program_project_cost_not_actor_payment_or_award,"Authoritative mechanical source-row extraction; no registry merge, relation approval, actor payment, alliance, or political stance inference."
S002-R0470,S002,令和6年度「NPO等との協働実績調査」,2024,470,64,土木建築部,土木建築部,北部土木事 務所,北部土木事務所,1,委託,NPO等へ業務委託を行った事業,delegated_public_program,19,NPO等の活動や運営を支援する事業,北部管内道路及び河 川ボランティア支援業 務委託（R6）,北部管内道路及び河川ボランティア支援業務委託(R6),県が管理する道路の清掃活動等に取り組 むボランティア団体支援を行うもの,2,公益社団又は公益財団法人,公益社団法人 沖縄 県緑化推進委員会,公益社団法人沖縄県緑化推進委員会,S002PL027,source_partner_name_cell_unsplit,R6.6.4 ～ R7.3.31,"10,978",10978,positive,行政,ＮＰＯ等,not_selected,,,machine_display_alias_only_not_actor_identity,source_universe_row_not_relation_edge,whole_program_project_cost_not_actor_payment_or_award,"Authoritative mechanical source-row extraction; no registry merge, relation approval, actor payment, alliance, or political stance inference."
S002-R0471,S002,令和6年度「NPO等との協働実績調査」,2024,471,64,土木建築部,土木建築部,北部土木事 務所,北部土木事務所,1,委託,NPO等へ業務委託を行った事業,delegated_public_program,3,地域づくりの推進を図る事業,北部管内フラワークリ エイション業務委託 （R6-4）,北部管内フラワークリエイション業務委託(R6-4),県が管理する道路周辺の植栽作業（花壇 植栽）,4,社会福祉法人,社会福祉法人 豊饒 会,社会福祉法人豊饒会,S002PL276,source_partner_name_cell_unsplit,R6.6.18 ～ R7.3.28,"6,338",6338,positive,行政,ＮＰＯ等,not_selected,,,machine_display_alias_only_not_actor_identity,source_universe_row_not_relation_edge,whole_program_project_cost_not_actor_payment_or_award,"Authoritative mechanical source-row extraction; no registry merge, relation approval, actor payment, alliance, or political stance inference."
S002-R0472,S002,令和6年度「NPO等との協働実績調査」,2024,472,64,土木建築部,土木建築部,中部土木事 務所（河川都 市班）,中部土木事務所(河川都市班),1,委託,NPO等へ業務委託を行った事業,delegated_public_program,17,職業能力の開発又は雇用機会の拡充を支援する事業,街路事業草刈清掃業 務委託（Ｒ６）,街路事業草刈清掃業務委託(R6),県が管理する計画道路のための取得済み 県有地の草刈・清掃作業,2,公益社団又は公益財団法人,公益社団法人 沖縄 市シルバー人材セン ター,公益社団法人沖縄市シルバー人材センター,S002PL277,source_partner_name_cell_unsplit,R6.7.3 ～ R7.3.14,"3,190",3190,positive,行政,ＮＰＯ等,not_selected,,,machine_display_alias_only_not_actor_identity,source_universe_row_not_relation_edge,whole_program_project_cost_not_actor_payment_or_award,"Authoritative mechanical source-row extraction; no registry merge, relation approval, actor payment, alliance, or political stance inference."
S002-R0473,S002,令和6年度「NPO等との協働実績調査」,2024,473,65,土木建築部,土木建築部,中部土木事 務所(維持管 理班),中部土木事務所(維持管理班),1,委託,NPO等へ業務委託を行った事業,delegated_public_program,17,職業能力の開発又は雇用機会の拡充を支援する事業,中城湾港（西原与那原 地区）臨港道路樹木管 理業務委託（Ｒ６）,中城湾港(西原与那原地区)臨港道路樹木管理業務委託(R6),県が管理する臨港道路周辺の樹木管理 （除草、低木剪定、枯葉集積等）,2,公益社団又は公益財団法人,（公社）西原町シル バー人材センター,(公社)西原町シルバー人材センター,S002PL278,source_partner_name_cell_unsplit,R6.6.6 ～ R7.3.31,"2,977",2977,positive,行政,ＮＰＯ等,not_selected,,,machine_display_alias_only_not_actor_identity,source_universe_row_not_relation_edge,whole_program_project_cost_not_actor_payment_or_award,"Authoritative mechanical source-row extraction; no registry merge, relation approval, actor payment, alliance, or political stance inference."
S002-R0474,S002,令和6年度「NPO等との協働実績調査」,2024,474,65,土木建築部,土木建築部,中部土木事 務所(維持管 理班),中部土木事務所(維持管理班),1,委託,NPO等へ業務委託を行った事業,delegated_public_program,17,職業能力の開発又は雇用機会の拡充を支援する事業,中城湾港（新港地区） 清掃及び道路等樹木 管理業務委託（Ｒ６）,中城湾港(新港地区)清掃及び道路等樹木管理業務委託(R6),県が管理する臨港道路周辺の樹木管理 （除草、低木剪定、枯葉集積等）,2,公益社団又は公益財団法人,公益社団法人 沖縄 市シルバー人材セン ター,公益社団法人沖縄市シルバー人材センター,S002PL277,source_partner_name_cell_unsplit,R6.4.1 ～ R7.3.31,"8,490",8490,positive,行政,ＮＰＯ等,not_selected,,,machine_display_alias_only_not_actor_identity,source_universe_row_not_relation_edge,whole_program_project_cost_not_actor_payment_or_award,"Authoritative mechanical source-row extraction; no registry merge, relation approval, actor payment, alliance, or political stance inference."
S002-R0475,S002,令和6年度「NPO等との協働実績調査」,2024,475,65,土木建築部,土木建築部,中部土木事 務所(維持管 理班),中部土木事務所(維持管理班),1,委託,NPO等へ業務委託を行った事業,delegated_public_program,17,職業能力の開発又は雇用機会の拡充を支援する事業,中城湾港（新港地区） 公園トイレ清掃業務委 託（Ｒ６）,中城湾港(新港地区)公園トイレ清掃業務委託(R6),県が管理する公園トイレ清掃作業,2,公益社団又は公益財団法人,公益社団法人 うるま 市シルバー人材セン ター,公益社団法人うるま市シルバー人材センター,S002PL279,source_partner_name_cell_unsplit,R6.4.1 ～ R7.3.31,"1,997",1997,positive,行政,ＮＰＯ等,not_selected,,,machine_display_alias_only_not_actor_identity,source_universe_row_not_relation_edge,whole_program_project_cost_not_actor_payment_or_award,"Authoritative mechanical source-row extraction; no registry merge, relation approval, actor payment, alliance, or political stance inference."
S002-R0476,S002,令和6年度「NPO等との協働実績調査」,2024,476,65,土木建築部,土木建築部,中部土木事 務所 （倉敷ダム管 理所）,中部土木事務所(倉敷ダム管理所),1,委託,NPO等へ業務委託を行った事業,delegated_public_program,17,職業能力の開発又は雇用機会の拡充を支援する事業,倉敷ダム周辺管理業 務委託（令和６年度 分）,倉敷ダム周辺管理業務委託(令和6年度分),県管理倉敷ダム施設内の除草、清掃等業 務を行うもの,2,公益社団又は公益財団法人,公益社団法人 沖縄 市シルバー人材セン ター,公益社団法人沖縄市シルバー人材センター,S002PL277,source_partner_name_cell_unsplit,R4.4.1 ～ R7.3.31,"11,385",11385,positive,行政,ＮＰＯ等,not_selected,,,machine_display_alias_only_not_actor_identity,source_universe_row_not_relation_edge,whole_program_project_cost_not_actor_payment_or_award,"Authoritative mechanical source-row extraction; no registry merge, relation approval, actor payment, alliance, or political stance inference."
S002-R0477,S002,令和6年度「NPO等との協働実績調査」,2024,477,65,土木建築部,土木建築部,中部土木事 務所(維持管 理班),中部土木事務所(維持管理班),1,委託,NPO等へ業務委託を行った事業,delegated_public_program,4,観光の振興を図る事業,中部管内道路及び河 川ボランティア支援業 務委託（Ｒ６）,中部管内道路及び河川ボランティア支援業務委託(R6),県が管理する道路の清掃活動等に取り組 むボランティア団体支援を行うもの,2,公益社団又は公益財団法人,公益社団法人 沖縄 県緑化推進委員会,公益社団法人沖縄県緑化推進委員会,S002PL027,source_partner_name_cell_unsplit,R6.6.21 ～ R7.3.26,"25,410",25410,positive,行政,ＮＰＯ等,not_selected,,,machine_display_alias_only_not_actor_identity,source_universe_row_not_relation_edge,whole_program_project_cost_not_actor_payment_or_award,"Authoritative mechanical source-row extraction; no registry merge, relation approval, actor payment, alliance, or political stance inference."
S002-R0478,S002,令和6年度「NPO等との協働実績調査」,2024,478,65,土木建築部,土木建築部,南部土木事 務所 （維持管理 班）,南部土木事務所(維持管理班),1,委託,NPO等へ業務委託を行った事業,delegated_public_program,16,経済活動の活性化を図る事業,南部管内特殊車両通 行許可申請等審査支 援業務委託(R6),南部管内特殊車両通行許可申請等審査支援業務委託(R6),本業務は、道路法第47条の2に基づく特殊 車両通行許可申請書の通行経路、通行車 両等の確認及び許可条件付与等の審査、 審査書類の作成･整理･報告を行うと共に、 審査の基礎資料となる道路情報便覧にお ける未収録箇所（区間、橋梁等）の基礎情 報の収集、及び資料作成･データ入力を行 うものとする。,2,公益社団又は公益財団法人,公益財団法人 沖縄県建設技術セン ター,公益財団法人沖縄県建設技術センター,S002PL020,source_partner_name_cell_unsplit,R6.4.16 ～ R7.3.31,"4,587",4587,positive,一緒に,一緒に,not_selected,,,machine_display_alias_only_not_actor_identity,source_universe_row_not_relation_edge,whole_program_project_cost_not_actor_payment_or_award,"Authoritative mechanical source-row extraction; no registry merge, relation approval, actor payment, alliance, or political stance inference."
S002-R0479,S002,令和6年度「NPO等との協働実績調査」,2024,479,65,土木建築部,土木建築部,南部土木事 務所 （維持管理 班）,南部土木事務所(維持管理班),1,委託,NPO等へ業務委託を行った事業,delegated_public_program,16,経済活動の活性化を図る事業,道路防災保全事業等 技術審査支援業務委 託(R6),道路防災保全事業等技術審査支援業務委託(R6),本業務は、「公共工事の品質確保の促進 に関する法律」に基づく総合評価方式一般 競争入札において、競争参加資格確認申 請書等の審査を行う。,2,公益社団又は公益財団法人,公益財団法人 沖縄県建設技術セン ター,公益財団法人沖縄県建設技術センター,S002PL020,source_partner_name_cell_unsplit,R6.7.31 ～ R7.4.23,990,990,positive,一緒に,一緒に,not_selected,,,machine_display_alias_only_not_actor_identity,source_universe_row_not_relation_edge,whole_program_project_cost_not_actor_payment_or_award,"Authoritative mechanical source-row extraction; no registry merge, relation approval, actor payment, alliance, or political stance inference."
S002-R0480,S002,令和6年度「NPO等との協働実績調査」,2024,480,65,土木建築部,土木建築部,南部土木事 務所 （維持管理 班）,南部土木事務所(維持管理班),1,委託,NPO等へ業務委託を行った事業,delegated_public_program,16,経済活動の活性化を図る事業,県道131号線（八重瀬 町東風平）台帳調書作 成業務委託,県道131号線(八重瀬町東風平)台帳調書作成業務委託,県道131号線において、道路台帳調書を作 成する業務である。,2,公益社団又は公益財団法人,公益財団法人 沖縄県建設技術セン ター,公益財団法人沖縄県建設技術センター,S002PL020,source_partner_name_cell_unsplit,R6.8.8 ～ R7.3.18,"2,343",2343,positive,一緒に,一緒に,not_selected,,,machine_display_alias_only_not_actor_identity,source_universe_row_not_relation_edge,whole_program_project_cost_not_actor_payment_or_award,"Authoritative mechanical source-row extraction; no registry merge, relation approval, actor payment, alliance, or political stance inference."
S002-R0481,S002,令和6年度「NPO等との協働実績調査」,2024,481,66,土木建築部,土木建築部,南部土木事 務所 （維持管理 班）,南部土木事務所(維持管理班),1,委託,NPO等へ業務委託を行った事業,delegated_public_program,7,環境の保全を図る事業,南部管内道路及び河 川ボランティア支援業 務委託（Ｒ６）,南部管内道路及び河川ボランティア支援業務委託(R6),本業務は、緑の美ら島づくりをめざし、県 民と協働による継続的な緑化の推進を目 的に、道路や河川の美化活動を行ってい るボランティア団体の支援を行う業務であ る。,2,公益社団又は公益財団法人,公益社団法人 沖縄県緑化推進委員 会,公益社団法人沖縄県緑化推進委員会,S002PL027,source_partner_name_cell_unsplit,R6.6.19 ～ R7.3.31,"33,312",33312,positive,一緒に,一緒に,not_selected,,,machine_display_alias_only_not_actor_identity,source_universe_row_not_relation_edge,whole_program_project_cost_not_actor_payment_or_award,"Authoritative mechanical source-row extraction; no registry merge, relation approval, actor payment, alliance, or political stance inference."
S002-R0482,S002,令和6年度「NPO等との協働実績調査」,2024,482,66,土木建築部,土木建築部,南部土木事 務所 （維持管理 班）,南部土木事務所(維持管理班),1,委託,NPO等へ業務委託を行った事業,delegated_public_program,7,環境の保全を図る事業,フラワークリエイション 業務委託（南部管内 R6-1）,フラワークリエイション業務委託(南部管内R6-1),道路等へ飾花を行うため 障害者に可能 な作業を提供し、障害者の社会参加及び 雇用の促進を図る業務。,3,営利を目的としない一般社団又は一般財団法人,一般財団法人 沖縄県セルプセン ター,一般財団法人沖縄県セルプセンター,S002PL280,source_partner_name_cell_unsplit,R6.5.16 ～ R7.3.21,"13,981",13981,positive,一緒に,一緒に,not_selected,,,machine_display_alias_only_not_actor_identity,source_universe_row_not_relation_edge,whole_program_project_cost_not_actor_payment_or_award,"Authoritative mechanical source-row extraction; no registry merge, relation approval, actor payment, alliance, or political stance inference."
S002-R0483,S002,令和6年度「NPO等との協働実績調査」,2024,483,66,土木建築部,土木建築部,南部土木事 務所 （ダム管理担 当）,南部土木事務所(ダム管理担当),1,委託,NPO等へ業務委託を行った事業,delegated_public_program,17,職業能力の開発又は雇用機会の拡充を支援する事業,金城ダム環境管理業 務委託（R6）,金城ダム環境管理業務委託(R6),金城ダム地内の環境維持管理,2,公益社団又は公益財団法人,（公社）那覇市シル バー人材センター,(公社)那覇市シルバー人材センター,S002PL281,source_partner_name_cell_unsplit,R6.4.25 ～ R6.9.30,"1,608",1608,positive,行政,ＮＰＯ等,not_selected,,,machine_display_alias_only_not_actor_identity,source_universe_row_not_relation_edge,whole_program_project_cost_not_actor_payment_or_award,"Authoritative mechanical source-row extraction; no registry merge, relation approval, actor payment, alliance, or political stance inference."
S002-R0484,S002,令和6年度「NPO等との協働実績調査」,2024,484,66,土木建築部,土木建築部,南部土木事 務所 （ダム管理担 当）,南部土木事務所(ダム管理担当),1,委託,NPO等へ業務委託を行った事業,delegated_public_program,17,職業能力の開発又は雇用機会の拡充を支援する事業,金城ダム環境管理業 務委託（R6）その２,金城ダム環境管理業務委託(R6)その2,同上,2,公益社団又は公益財団法人,同上,同上,S002PL282,source_partner_name_cell_unsplit,R6.10.1 ～ R7.3.24,"1,771",1771,positive,行政,ＮＰＯ等,not_selected,,,machine_display_alias_only_not_actor_identity,source_universe_row_not_relation_edge,whole_program_project_cost_not_actor_payment_or_award,"Authoritative mechanical source-row extraction; no registry merge, relation approval, actor payment, alliance, or political stance inference."
S002-R0485,S002,令和6年度「NPO等との協働実績調査」,2024,485,66,土木建築部,土木建築部,宮古土木事 務所,宮古土木事務所,1,委託,NPO等へ業務委託を行った事業,delegated_public_program,4,観光の振興を図る事業,池間大橋橋詰広場外2 箇所維持管理業務委 託(R6),池間大橋橋詰広場外2箇所維持管理業務委託(R6),県が管理する道路周辺の植栽作業(路面 清掃、除草、低木選定、花壇植栽),1,特定非営利活動法人（NPO法人）,特定非営利活動法人 マーズ,特定非営利活動法人マーズ,S002PL283,source_partner_name_cell_unsplit,R6.5.23 ～ R7.3.21,"2,450",2450,positive,行政,ＮＰＯ等,not_selected,,,machine_display_alias_only_not_actor_identity,source_universe_row_not_relation_edge,whole_program_project_cost_not_actor_payment_or_award,"Authoritative mechanical source-row extraction; no registry merge, relation approval, actor payment, alliance, or political stance inference."
S002-R0486,S002,令和6年度「NPO等との協働実績調査」,2024,486,66,土木建築部,土木建築部,宮古土木事 務所,宮古土木事務所,1,委託,NPO等へ業務委託を行った事業,delegated_public_program,4,観光の振興を図る事業,比嘉ロードパーク外4 箇所維持管理業務委 託(R6),比嘉ロードパーク外4箇所維持管理業務委託(R6),県が管理する道路周辺の植栽作業(路面 清掃、除草、低木選定、花壇植栽),4,社会福祉法人,社会福祉法人みやこ 福祉会,社会福祉法人みやこ福祉会,S002PL013,source_partner_name_cell_unsplit,R6.5.16 ～ R7.3.21,"6,116",6116,positive,行政,ＮＰＯ等,not_selected,,,machine_display_alias_only_not_actor_identity,source_universe_row_not_relation_edge,whole_program_project_cost_not_actor_payment_or_award,"Authoritative mechanical source-row extraction; no registry merge, relation approval, actor payment, alliance, or political stance inference."
S002-R0487,S002,令和6年度「NPO等との協働実績調査」,2024,487,66,土木建築部,土木建築部,宮古土木事 務所,宮古土木事務所,1,委託,NPO等へ業務委託を行った事業,delegated_public_program,4,観光の振興を図る事業,保良西里線外道路維 持管理業務委託(R6),保良西里線外道路維持管理業務委託(R6),県が管理する道路周辺の植栽作業(路面 清掃、除草、低木選定、花壇植栽),2,公益社団又は公益財団法人,公益社団法人宮古島 市シルバー人材セン ター,公益社団法人宮古島市シルバー人材センター,S002PL284,source_partner_name_cell_unsplit,R6.5.18 ～ R7.3.21,"9,592",9592,positive,行政,ＮＰＯ等,not_selected,,,machine_display_alias_only_not_actor_identity,source_universe_row_not_relation_edge,whole_program_project_cost_not_actor_payment_or_award,"Authoritative mechanical source-row extraction; no registry merge, relation approval, actor payment, alliance, or political stance inference."
S002-R0488,S002,令和6年度「NPO等との協働実績調査」,2024,488,66,土木建築部,土木建築部,宮古土木事 務所,宮古土木事務所,1,委託,NPO等へ業務委託を行った事業,delegated_public_program,4,観光の振興を図る事業,宮古管内道路ボラン ティア支援業務委託 (R6),宮古管内道路ボランティア支援業務委託(R6),県が管理する道路の清掃活動等に取り組 むボランティア団体支援を行うもの,2,公益社団又は公益財団法人,公益社団法人沖縄県 緑化推進委員会,公益社団法人沖縄県緑化推進委員会,S002PL027,source_partner_name_cell_unsplit,R6.5.30 ～ R7.3.31,"14,047",14047,positive,行政,ＮＰＯ等,not_selected,,,machine_display_alias_only_not_actor_identity,source_universe_row_not_relation_edge,whole_program_project_cost_not_actor_payment_or_award,"Authoritative mechanical source-row extraction; no registry merge, relation approval, actor payment, alliance, or political stance inference."
S002-R0489,S002,令和6年度「NPO等との協働実績調査」,2024,489,66,土木建築部,土木建築部,宮古土木事 務所,宮古土木事務所,1,委託,NPO等へ業務委託を行った事業,delegated_public_program,4,観光の振興を図る事業,宮古管内道路修景業 務委託(R6-1),宮古管内道路修景業務委託(R6-1),県が管理する道路の草花植栽、鉢植製 作、管理等を行うもの。,4,社会福祉法人,社会福祉法人みやこ 福祉会,社会福祉法人みやこ福祉会,S002PL013,source_partner_name_cell_unsplit,R6.5.17 ～ R7.3.21,"4,169",4169,positive,行政,ＮＰＯ等,not_selected,,,machine_display_alias_only_not_actor_identity,source_universe_row_not_relation_edge,whole_program_project_cost_not_actor_payment_or_award,"Authoritative mechanical source-row extraction; no registry merge, relation approval, actor payment, alliance, or political stance inference."
S002-R0490,S002,令和6年度「NPO等との協働実績調査」,2024,490,67,土木建築部,土木建築部,八重山土木 事務所,八重山土木事務所,1,委託,NPO等へ業務委託を行った事業,delegated_public_program,4,観光の振興を図る事業,県単道路維持費,県単道路維持費,県が管理する道路の清掃活動等に取り組 むボランティア団体支援を行うもの,2,公益社団又は公益財団法人,公益社団法人 沖縄 県緑化推進委員会,公益社団法人沖縄県緑化推進委員会,S002PL027,source_partner_name_cell_unsplit,R6.8.22 ～ R7.3.31,"6,974",6974,positive,行政,ＮＰＯ等,not_selected,,,machine_display_alias_only_not_actor_identity,source_universe_row_not_relation_edge,whole_program_project_cost_not_actor_payment_or_award,"Authoritative mechanical source-row extraction; no registry merge, relation approval, actor payment, alliance, or political stance inference."
S002-R0491,S002,令和6年度「NPO等との協働実績調査」,2024,491,67,土木建築部,土木建築部,都市公園課,都市公園課,3,指定管理者制度による委任,指定管理者制度による委任,designated_management,4,観光の振興を図る事業,国営公園管理費（水族 館等）,国営公園管理費(水族館等),沖縄県国営沖縄記念公園内施設（海洋博 覧会地区内施設）の管理運営,3,営利を目的としない一般社団又は一般財団法人,一般財団法人沖縄美 ら島財団,一般財団法人沖縄美ら島財団,S002PL145,source_partner_name_cell_unsplit,H31.2 ～ R10.3,"923,976",923976,positive,一緒に,ＮＰＯ等,not_selected,,,machine_display_alias_only_not_actor_identity,source_universe_row_not_relation_edge,whole_program_project_cost_not_actor_payment_or_award,"Authoritative mechanical source-row extraction; no registry merge, relation approval, actor payment, alliance, or political stance inference."
S002-R0492,S002,令和6年度「NPO等との協働実績調査」,2024,492,67,土木建築部,土木建築部,都市公園課,都市公園課,3,指定管理者制度による委任,指定管理者制度による委任,designated_management,4,観光の振興を図る事業,国営公園管理費（首里 城）,国営公園管理費(首里城),沖縄県国営沖縄記念公園内施設（首里城 地区内施設）の管理運営,3,営利を目的としない一般社団又は一般財団法人,一般財団法人沖縄美 ら島財団,一般財団法人沖縄美ら島財団,S002PL145,source_partner_name_cell_unsplit,H31.2 ～ R8.3,"210,457",210457,positive,一緒に,ＮＰＯ等,not_selected,,,machine_display_alias_only_not_actor_identity,source_universe_row_not_relation_edge,whole_program_project_cost_not_actor_payment_or_award,"Authoritative mechanical source-row extraction; no registry merge, relation approval, actor payment, alliance, or political stance inference."
S002-R0493,S002,令和6年度「NPO等との協働実績調査」,2024,493,67,土木建築部,土木建築部,都市公園課,都市公園課,3,指定管理者制度による委任,指定管理者制度による委任,designated_management,4,観光の振興を図る事業,公園指定管理費,公園指定管理費,県営首里城公園の管理運営,3,営利を目的としない一般社団又は一般財団法人,一般財団法人沖縄美 ら島財団,一般財団法人沖縄美ら島財団,S002PL145,source_partner_name_cell_unsplit,H31.4 ～ R8.3,"232,609",232609,positive,一緒に,ＮＰＯ等,not_selected,,,machine_display_alias_only_not_actor_identity,source_universe_row_not_relation_edge,whole_program_project_cost_not_actor_payment_or_award,"Authoritative mechanical source-row extraction; no registry merge, relation approval, actor payment, alliance, or political stance inference."
S002-R0494,S002,令和6年度「NPO等との協働実績調査」,2024,494,67,土木建築部,土木建築部,都市公園課,都市公園課,1,委託,NPO等へ業務委託を行った事業,delegated_public_program,4,観光の振興を図る事業,沖縄国際海洋博覧会 50周年記念事業,沖縄国際海洋博覧会50周年記念事業,令和7年度に開催する沖縄国際海洋博覧 会50周年記念事業企画展の総合企画業 務,3,営利を目的としない一般社団又は一般財団法人,一般財団法人沖縄美 ら島財団,一般財団法人沖縄美ら島財団,S002PL145,source_partner_name_cell_unsplit,R7.2 ～ R7.3,"10,669",10669,positive,一緒に,一緒に,not_selected,,,machine_display_alias_only_not_actor_identity,source_universe_row_not_relation_edge,whole_program_project_cost_not_actor_payment_or_award,"Authoritative mechanical source-row extraction; no registry merge, relation approval, actor payment, alliance, or political stance inference."
S002-R0495,S002,令和6年度「NPO等との協働実績調査」,2024,495,67,土木建築部,土木建築部,都市公園課,都市公園課,3,指定管理者制度による委任,指定管理者制度による委任,designated_management,4,観光の振興を図る事業,公園指定管理費,公園指定管理費,県営海軍壕公園の管理運営,3,営利を目的としない一般社団又は一般財団法人,一般財団法人沖縄観 光コンベンション ビューロー,一般財団法人沖縄観光コンベンションビューロー,S002PL218,source_partner_name_cell_unsplit,H18.4 ～ R12.3,"111,085",111085,positive,一緒に,ＮＰＯ等,not_selected,,,machine_display_alias_only_not_actor_identity,source_universe_row_not_relation_edge,whole_program_project_cost_not_actor_payment_or_award,"Authoritative mechanical source-row extraction; no registry merge, relation approval, actor payment, alliance, or political stance inference."
S002-R0496,S002,令和6年度「NPO等との協働実績調査」,2024,496,67,土木建築部,土木建築部,都市公園課,都市公園課,3,指定管理者制度による委任,指定管理者制度による委任,designated_management,10,人権の擁護又は平和の推進を図る事業,公園指定管理費,公園指定管理費,県営平和祈念公園の管理運営,3,営利を目的としない一般社団又は一般財団法人,公益財団法人沖縄県 平和祈念財団,公益財団法人沖縄県平和祈念財団,S002PL009,source_partner_name_cell_unsplit,H18.4 ～ R12.3,"241,109",241109,positive,一緒に,ＮＰＯ等,not_selected,,,machine_display_alias_only_not_actor_identity,source_universe_row_not_relation_edge,whole_program_project_cost_not_actor_payment_or_award,"Authoritative mechanical source-row extraction; no registry merge, relation approval, actor payment, alliance, or political stance inference."
S002-R0497,S002,令和6年度「NPO等との協働実績調査」,2024,497,67,県議会事務局,県議会事務局,総務課,総務課,1,委託,NPO等へ業務委託を行った事業,delegated_public_program,7,環境の保全を図る事業,県議会庁舎敷地内花 壇管理業務,県議会庁舎敷地内花壇管理業務,庁舎敷地内の美化を図り、景観を良好に 維持する作業 （地拵え、草花植付、施肥、除草、病害虫 防除、花柄摘み など）,4,社会福祉法人,（福）基督教児童福祉 会愛隣園,(福)基督教児童福祉会愛隣園,S002PL285,source_partner_name_cell_unsplit,R6.9.1 ～ R7.3.31,712,712,positive,行政,行政,not_selected,,,machine_display_alias_only_not_actor_identity,source_universe_row_not_relation_edge,whole_program_project_cost_not_actor_payment_or_award,"Authoritative mechanical source-row extraction; no registry merge, relation approval, actor payment, alliance, or political stance inference."
S002-R0498,S002,令和6年度「NPO等との協働実績調査」,2024,498,68,教育庁,教育庁,学校人事課,学校人事課,8,事業協力,共催以外の形態で協力・連携,program_cooperation,13,子どもの教育及び健全育成を図る事業,教員不足解消にかか る講師の紹介,教員不足解消にかかる講師の紹介,文部科学省が、教師のなり手発掘のた め、大学、PTA、民間企業等と連携・協働 し、教師の仕事の価値ややりがいについ て、地域社会全体に魅力を発信する取組 及び、教員免許保有者を始めとした新たな 外部人材の学校現場への入職支援の実 施を行うNPO法人を支援している。その NPO法人が育てた人材を臨時的任用講師 として紹介してもらう。,1,特定非営利活動法人（NPO法人）,認定特定非営利活動 法人Teach For Japan,認定特定非営利活動法人Teach For Japan,S002PL286,source_partner_name_cell_unsplit,R6.4.1 ～ 終期未定,0,0,zero,一緒に,一緒に,not_selected,,,machine_display_alias_only_not_actor_identity,source_universe_row_not_relation_edge,whole_program_project_cost_not_actor_payment_or_award,"Authoritative mechanical source-row extraction; no registry merge, relation approval, actor payment, alliance, or political stance inference."
S002-R0499,S002,令和6年度「NPO等との協働実績調査」,2024,499,68,教育庁,教育庁,学校人事課,学校人事課,9,講師等,講演会等の講師をNPO等が担当,lecturer_or_expertise,13,子どもの教育及び健全育成を図る事業,県立学校事務職員研 修会,県立学校事務職員研修会,ちがいを尊重し合い、だれもが安心して過 ごせる学校・職場づくりをめざして～ LGBTQ・性の多様性をテーマに～,1,特定非営利活動法人（NPO法人）,NPO法人レインボー ハートokinawa,NPO法人レインボーハートokinawa,S002PL129,source_partner_name_cell_unsplit,R6.8.23 ～ R6.8.23,8,8,positive,行政,行政,not_selected,,,machine_display_alias_only_not_actor_identity,source_universe_row_not_relation_edge,whole_program_project_cost_not_actor_payment_or_award,"Authoritative mechanical source-row extraction; no registry merge, relation approval, actor payment, alliance, or political stance inference."
S002-R0500,S002,令和6年度「NPO等との協働実績調査」,2024,500,68,教育庁,教育庁,県立学校教 育課,県立学校教育課,2,提案型公募による委託,提案型公募による委託,proposal_based_delegated_program,13,子どもの教育及び健全育成を図る事業,就学継続支援員配置 事業,就学継続支援員配置事業,支援を必要とする生徒が多い県立高等学 校へ心理系・福祉系の就学継続支援員を 派遣し、アウトリーチ支援等を含めた教育・ 福祉の協働体制を構築する。,1,特定非営利活動法人（NPO法人）,特定非営利活動法人 サポートセンターゆめ さき,特定非営利活動法人サポートセンターゆめさき,S002PL093,source_partner_name_cell_unsplit,R6.4.1 ～ R7.3.14,"56,269",56269,positive,行政,一緒に,not_selected,,,machine_display_alias_only_not_actor_identity,source_universe_row_not_relation_edge,whole_program_project_cost_not_actor_payment_or_award,"Authoritative mechanical source-row extraction; no registry merge, relation approval, actor payment, alliance, or political stance inference."
S002-R0501,S002,令和6年度「NPO等との協働実績調査」,2024,501,68,教育庁,教育庁,県立学校教 育課,県立学校教育課,1,委託,NPO等へ業務委託を行った事業,delegated_public_program,11,国際協力及び国際交流に関する事業,令和６年度アジア高校 生オンライン国際交流 事業,令和6年度アジア高校生オンライン国際交流事業,沖縄県とアジアの高校生がオンラインでの 協働的な学びに約２ヶ月間に渡って取り組 む。,1,特定非営利活動法人（NPO法人）,特定非営利活動法人 沖縄平和協力セン ター,特定非営利活動法人沖縄平和協力センター,S002PL010,source_partner_name_cell_unsplit,R6.6.3 ～ R6.12.27,"10,596",10596,positive,一緒に,ＮＰＯ等,not_selected,,,machine_display_alias_only_not_actor_identity,source_universe_row_not_relation_edge,whole_program_project_cost_not_actor_payment_or_award,"Authoritative mechanical source-row extraction; no registry merge, relation approval, actor payment, alliance, or political stance inference."
S002-R0502,S002,令和6年度「NPO等との協働実績調査」,2024,502,68,教育庁,教育庁,県立学校教 育課,県立学校教育課,2,提案型公募による委託,提案型公募による委託,proposal_based_delegated_program,13,子どもの教育及び健全育成を図る事業,令和６年度合理的配 慮に係る環境整備事 業,令和6年度合理的配慮に係る環境整備事業,合理的配慮を提供する上で、各障害の特 性に応じた教育支援機器等の活用促進を 図り、生徒の学びと生活を支えると共に、 学力向上に寄与する。また、支援を要する 生徒のアセスメントを学校職員と連携の上 進め、各種専門家を活用することで、個々 のニーズに応じた合理的配慮の充実を図 る。,7,JV（複数の異なる団体等が共同で事業を行う組織）,わくわくの会・サイオ ンコミュニケーション ズコンソーシアム,わくわくの会・サイオンコミュニケーションズコンソーシアム,S002PL287,official_JV_or_multi_party_source_cell_unsplit,R6.4.1 ～ R7.3.21,"8,750",8750,positive,行政,一緒に,not_selected,,,machine_display_alias_only_not_actor_identity,source_universe_row_not_relation_edge,whole_program_project_cost_not_actor_payment_or_award,"Authoritative mechanical source-row extraction; no registry merge, relation approval, actor payment, alliance, or political stance inference."
S002-R0503,S002,令和6年度「NPO等との協働実績調査」,2024,503,68,教育庁,教育庁,働き方改革 推進課,働き方改革推進課,1,委託,NPO等へ業務委託を行った事業,delegated_public_program,1,保健、医療又は福祉の増進を図る事業,心の健康チェック事業 ストレスオプション利用 契約,心の健康チェック事業ストレスオプション利用契約,労働安全衛生法に基づくストレスチェック を実施することにより、教職員の心身の健 康を保持増進する。,5,学校法人、医療法人等上記1～4以外の非営利法人,公立学校共済組合,公立学校共済組合,S002PL288,source_partner_name_cell_unsplit,R6.6.10 ～ R7.3.31,638,638,positive,行政,行政,not_selected,,,machine_display_alias_only_not_actor_identity,source_universe_row_not_relation_edge,whole_program_project_cost_not_actor_payment_or_award,"Authoritative mechanical source-row extraction; no registry merge, relation approval, actor payment, alliance, or political stance inference."
S002-R0504,S002,令和6年度「NPO等との協働実績調査」,2024,504,68,教育庁,教育庁,働き方改革 推進課,働き方改革推進課,1,委託,NPO等へ業務委託を行った事業,delegated_public_program,1,保健、医療又は福祉の増進を図る事業,人間ドック式健康診断 に関する業務委託,人間ドック式健康診断に関する業務委託,人間ドック式健康診断に関する業務委託,5,学校法人、医療法人等上記1～4以外の非営利法人,公立学校共済組合,公立学校共済組合,S002PL288,source_partner_name_cell_unsplit,R6.4.22 ～ R7.3.31,"2,207",2207,positive,行政,行政,not_selected,,,machine_display_alias_only_not_actor_identity,source_universe_row_not_relation_edge,whole_program_project_cost_not_actor_payment_or_award,"Authoritative mechanical source-row extraction; no registry merge, relation approval, actor payment, alliance, or political stance inference."
S002-R0505,S002,令和6年度「NPO等との協働実績調査」,2024,505,69,教育庁,教育庁,働き方改革 推進課,働き方改革推進課,1,委託,NPO等へ業務委託を行った事業,delegated_public_program,1,保健、医療又は福祉の増進を図る事業,教育庁職員定期健康 診断業務委託（本島 南部地区）,教育庁職員定期健康診断業務委託(本島南部地区),教育庁職員定期健康診断業務委託（本島 南部地区）,3,営利を目的としない一般社団又は一般財団法人,一般財団法人沖縄県 健康づくり財団,一般財団法人沖縄県健康づくり財団,S002PL289,source_partner_name_cell_unsplit,R6.5.24 ～ R7.3.31,665,665,positive,行政,行政,not_selected,,,machine_display_alias_only_not_actor_identity,source_universe_row_not_relation_edge,whole_program_project_cost_not_actor_payment_or_award,"Authoritative mechanical source-row extraction; no registry merge, relation approval, actor payment, alliance, or political stance inference."
S002-R0506,S002,令和6年度「NPO等との協働実績調査」,2024,506,69,教育庁,教育庁,働き方改革 推進課,働き方改革推進課,1,委託,NPO等へ業務委託を行った事業,delegated_public_program,1,保健、医療又は福祉の増進を図る事業,教育庁職員定期健康 診断業務委託（本島 那覇地区）,教育庁職員定期健康診断業務委託(本島那覇地区),教育庁職員定期健康診断業務委託（本島 那覇地区）,3,営利を目的としない一般社団又は一般財団法人,一般社団法人那覇市 医師会,一般社団法人那覇市医師会,S002PL151,source_partner_name_cell_unsplit,R6.5.24 ～ R7.3.31,900,900,positive,行政,行政,not_selected,,,machine_display_alias_only_not_actor_identity,source_universe_row_not_relation_edge,whole_program_project_cost_not_actor_payment_or_award,"Authoritative mechanical source-row extraction; no registry merge, relation approval, actor payment, alliance, or political stance inference."
S002-R0507,S002,令和6年度「NPO等との協働実績調査」,2024,507,69,教育庁,教育庁,働き方改革 推進課,働き方改革推進課,1,委託,NPO等へ業務委託を行った事業,delegated_public_program,1,保健、医療又は福祉の増進を図る事業,教育庁職員定期健康 診断業務委託（本島 中北部地区）,教育庁職員定期健康診断業務委託(本島中北部地区),教育庁職員定期健康診断業務委託（本島 中北部地区）,3,営利を目的としない一般社団又は一般財団法人,一般社団法人中部地 区医師会,一般社団法人中部地区医師会,S002PL290,source_partner_name_cell_unsplit,R6.5.24 ～ R7.3.31,231,231,positive,行政,行政,not_selected,,,machine_display_alias_only_not_actor_identity,source_universe_row_not_relation_edge,whole_program_project_cost_not_actor_payment_or_award,"Authoritative mechanical source-row extraction; no registry merge, relation approval, actor payment, alliance, or political stance inference."
S002-R0508,S002,令和6年度「NPO等との協働実績調査」,2024,508,69,教育庁,教育庁,働き方改革 推進課,働き方改革推進課,1,委託,NPO等へ業務委託を行った事業,delegated_public_program,1,保健、医療又は福祉の増進を図る事業,教育庁職員定期健康 診断業務委託（本島 中部地区）,教育庁職員定期健康診断業務委託(本島中部地区),教育庁職員定期健康診断業務委託（本島 中北部地区）,5,学校法人、医療法人等上記1～4以外の非営利法人,社会医療法人かりゆ し会,社会医療法人かりゆし会,S002PL291,source_partner_name_cell_unsplit,R6.5.24 ～ R7.3.31,457,457,positive,行政,行政,not_selected,,,machine_display_alias_only_not_actor_identity,source_universe_row_not_relation_edge,whole_program_project_cost_not_actor_payment_or_award,"Authoritative mechanical source-row extraction; no registry merge, relation approval, actor payment, alliance, or political stance inference."
S002-R0509,S002,令和6年度「NPO等との協働実績調査」,2024,509,69,教育庁,教育庁,働き方改革 推進課,働き方改革推進課,1,委託,NPO等へ業務委託を行った事業,delegated_public_program,1,保健、医療又は福祉の増進を図る事業,教育庁職員定期健康 診断業務委託（宮古教 育事務所）,教育庁職員定期健康診断業務委託(宮古教育事務所),教育庁職員定期健康診断業務委託（宮古 教育事務所）,5,学校法人、医療法人等上記1～4以外の非営利法人,医療法人徳州会宮古 島徳州会病院,医療法人徳州会宮古島徳州会病院,S002PL292,source_partner_name_cell_unsplit,R6.5.29 ～ R7.3.31,31,31,positive,行政,行政,not_selected,,,machine_display_alias_only_not_actor_identity,source_universe_row_not_relation_edge,whole_program_project_cost_not_actor_payment_or_award,"Authoritative mechanical source-row extraction; no registry merge, relation approval, actor payment, alliance, or political stance inference."
S002-R0510,S002,令和6年度「NPO等との協働実績調査」,2024,510,69,教育庁,教育庁,働き方改革 推進課,働き方改革推進課,1,委託,NPO等へ業務委託を行った事業,delegated_public_program,1,保健、医療又は福祉の増進を図る事業,教育庁職員定期健康 診断業務委託（八重山 教育事務所）,教育庁職員定期健康診断業務委託(八重山教育事務所),教育庁職員定期健康診断業務委託（八重 山教育事務所）,5,学校法人、医療法人等上記1～4以外の非営利法人,医療法人徳州会石垣 島徳州会病院,医療法人徳州会石垣島徳州会病院,S002PL293,source_partner_name_cell_unsplit,R6.5.29 ～ R7.3.31,29,29,positive,行政,行政,not_selected,,,machine_display_alias_only_not_actor_identity,source_universe_row_not_relation_edge,whole_program_project_cost_not_actor_payment_or_award,"Authoritative mechanical source-row extraction; no registry merge, relation approval, actor payment, alliance, or political stance inference."
S002-R0511,S002,令和6年度「NPO等との協働実績調査」,2024,511,69,教育庁,教育庁,働き方改革 推進課,働き方改革推進課,1,委託,NPO等へ業務委託を行った事業,delegated_public_program,1,保健、医療又は福祉の増進を図る事業,教職員元気力アップ事 業,教職員元気力アップ事業,教職員のメンタルヘルス対策として、県立 学校へ公認心理師を派遣して面談を実施 し、メンタル不調の軽減を図っていく。,3,営利を目的としない一般社団又は一般財団法人,一般社団法人沖縄県 公認心理師協会,一般社団法人沖縄県公認心理師協会,S002PL147,source_partner_name_cell_unsplit,R6.4.17 ～ R7.3.31,"1,393",1393,positive,行政,行政,not_selected,,,machine_display_alias_only_not_actor_identity,source_universe_row_not_relation_edge,whole_program_project_cost_not_actor_payment_or_award,"Authoritative mechanical source-row extraction; no registry merge, relation approval, actor payment, alliance, or political stance inference."
S002-R0512,S002,令和6年度「NPO等との協働実績調査」,2024,512,69,教育庁,教育庁,働き方改革 推進課,働き方改革推進課,1,委託,NPO等へ業務委託を行った事業,delegated_public_program,1,保健、医療又は福祉の増進を図る事業,メンタルヘルスに関す る相談業務,メンタルヘルスに関する相談業務,教職員のメンタルヘルス対策として、公認 心理師による相談事業の実施し、メンタル 不調の軽減を図っていく。,3,営利を目的としない一般社団又は一般財団法人,一般社団法人沖縄県 公認心理師協会,一般社団法人沖縄県公認心理師協会,S002PL147,source_partner_name_cell_unsplit,R6.4.1 ～ R7.3.31,495,495,positive,行政,行政,not_selected,,,machine_display_alias_only_not_actor_identity,source_universe_row_not_relation_edge,whole_program_project_cost_not_actor_payment_or_award,"Authoritative mechanical source-row extraction; no registry merge, relation approval, actor payment, alliance, or political stance inference."
S002-R0513,S002,令和6年度「NPO等との協働実績調査」,2024,513,70,教育庁,教育庁,働き方改革 推進課,働き方改革推進課,1,委託,NPO等へ業務委託を行った事業,delegated_public_program,1,保健、医療又は福祉の増進を図る事業,生涯生活設計セミナー,生涯生活設計セミナー,教職員等の意欲の向上と勤務能率の増進 及び学校等における活力ある教育活動の 一層の展開を図っていくため、教職員自ら の生涯生活設計の確立とその実現に向け た取り組みを支援する。,5,学校法人、医療法人等上記1～4以外の非営利法人,公立学校共済組合,公立学校共済組合,S002PL288,source_partner_name_cell_unsplit,R6.6.6 ～ R6.8.31,50,50,positive,行政,ＮＰＯ等,not_selected,,,machine_display_alias_only_not_actor_identity,source_universe_row_not_relation_edge,whole_program_project_cost_not_actor_payment_or_award,"Authoritative mechanical source-row extraction; no registry merge, relation approval, actor payment, alliance, or political stance inference."
S002-R0514,S002,令和6年度「NPO等との協働実績調査」,2024,514,70,教育庁,教育庁,働き方改革 推進課,働き方改革推進課,6,後援,NPO等の事業を後援という形で支援,endorsement_or_support,13,子どもの教育及び健全育成を図る事業,メンタルヘルスケアサ ポートセミナー,メンタルヘルスケアサポートセミナー,学校関係者に対して、メンタルヘルスの重 要性についての普及啓発に関するセミ ナーを行い、これからの社会を担う子ども の健全育成と、子どもを取り巻く大人の心 の健康管理に寄与する。,1,特定非営利活動法人（NPO法人）,ＮＰＯ法人メンタルぷ らす協会Reforest,NPO法人メンタルぷらす協会Reforest,S002PL294,source_partner_name_cell_unsplit,R6.4.8 ～ R6.8.23,0,0,zero,ＮＰＯ等,ＮＰＯ等,not_selected,,,machine_display_alias_only_not_actor_identity,source_universe_row_not_relation_edge,whole_program_project_cost_not_actor_payment_or_award,"Authoritative mechanical source-row extraction; no registry merge, relation approval, actor payment, alliance, or political stance inference."
S002-R0515,S002,令和6年度「NPO等との協働実績調査」,2024,515,70,教育庁,教育庁,働き方改革 推進課,働き方改革推進課,6,後援,NPO等の事業を後援という形で支援,endorsement_or_support,13,子どもの教育及び健全育成を図る事業,おきなわソーシャルセ ミナー,おきなわソーシャルセミナー,こども達のSOSに気付き寄り添うこと、それ に関わる教職員・支援者のメンタルヘルス について実践的に学ぶ事で、持続可能な 支援環境づくりに寄与することを目的とす る。,3,営利を目的としない一般社団又は一般財団法人,一般社団法人ホワイ トボード,一般社団法人ホワイトボード,S002PL295,source_partner_name_cell_unsplit,R6.7.8 ～ R6.8.5,0,0,zero,ＮＰＯ等,ＮＰＯ等,not_selected,,,machine_display_alias_only_not_actor_identity,source_universe_row_not_relation_edge,whole_program_project_cost_not_actor_payment_or_award,"Authoritative mechanical source-row extraction; no registry merge, relation approval, actor payment, alliance, or political stance inference."
S002-R0516,S002,令和6年度「NPO等との協働実績調査」,2024,516,70,教育庁,教育庁,働き方改革 推進課,働き方改革推進課,6,後援,NPO等の事業を後援という形で支援,endorsement_or_support,13,子どもの教育及び健全育成を図る事業,学校にもウエルビーン グな風を～教職の魅 力向上のために～,学校にもウエルビーングな風を~教職の魅力向上のために~,産業医、学校メンタルヘルス対策の研究 者によるパネルディスカッションを通じて、 教員のメンタルヘルス対策の課題を浮き 彫りにすることを目的とする。,1,特定非営利活動法人（NPO法人）,ＮＰＯ法人教育の杜,NPO法人教育の杜,S002PL296,source_partner_name_cell_unsplit,R6.8.14 ～ R6.11.1,0,0,zero,ＮＰＯ等,ＮＰＯ等,not_selected,,,machine_display_alias_only_not_actor_identity,source_universe_row_not_relation_edge,whole_program_project_cost_not_actor_payment_or_award,"Authoritative mechanical source-row extraction; no registry merge, relation approval, actor payment, alliance, or political stance inference."
S002-R0517,S002,令和6年度「NPO等との協働実績調査」,2024,517,70,教育庁,教育庁,教育支援課,教育支援課,4,補助,補助金・助成金の支給又は物的支援,subsidy_assistance_or_in_kind,13,子どもの教育及び健全育成を図る事業,高等学校等奨学事業,高等学校等奨学事業,高校生等を対象とした勉学意欲がありな がら経済的理由によって修学困難な者に 奨学金を貸与する事業（「高等学校等奨学 事業」）の実施に要する経費に対し補助金 を交付する,2,公益社団又は公益財団法人,公益財団法人沖縄県 国際交流・人材育成 財団,公益財団法人沖縄県国際交流・人材育成財団,S002PL297,source_partner_name_cell_unsplit,R6.4.1 ～ R7.3.31,"15,866",15866,positive,ＮＰＯ等,ＮＰＯ等,not_selected,,,machine_display_alias_only_not_actor_identity,source_universe_row_not_relation_edge,whole_program_project_cost_not_actor_payment_or_award,"Authoritative mechanical source-row extraction; no registry merge, relation approval, actor payment, alliance, or political stance inference."
S002-R0518,S002,令和6年度「NPO等との協働実績調査」,2024,518,70,教育庁,教育庁,生涯学習振 興課,生涯学習振興課,6,後援,NPO等の事業を後援という形で支援,endorsement_or_support,13,子どもの教育及び健全育成を図る事業,『ざぶん賞＆ざぶん SDGｓ大賞』,『ざぶん賞&ざぶんSDGs大賞』,生命の源である、水に関係した内容の作 文・童話・詩・手紙。コロナ禍で社会環境・ 教育環境・家庭環境が大きく変化し、子ど もたちの貧困・格差・孤立など、より申告に なっている子どもたちに寄り添い、水のよう に沁み入り、一人も取りこぼさない。,3,営利を目的としない一般社団又は一般財団法人,一般財団法人ざぶん 環境・文化プロジェク ト,一般財団法人ざぶん環境・文化プロジェクト,S002PL298,source_partner_name_cell_unsplit,R6.4.8 ～ R7.3.31,0,0,zero,ＮＰＯ等,ＮＰＯ等,not_selected,,,machine_display_alias_only_not_actor_identity,source_universe_row_not_relation_edge,whole_program_project_cost_not_actor_payment_or_award,"Authoritative mechanical source-row extraction; no registry merge, relation approval, actor payment, alliance, or political stance inference."
S002-R0519,S002,令和6年度「NPO等との協働実績調査」,2024,519,71,教育庁,教育庁,生涯学習振 興課,生涯学習振興課,6,後援,NPO等の事業を後援という形で支援,endorsement_or_support,6,学術、文化、芸術又はスポーツの振興を図る事業,第32回沖縄民踊フェス ティバル,第32回沖縄民踊フェスティバル,行事の趣旨及び内容等： 沖縄民踊の底辺拡大と普及発展を目的 に県内各地域の民踊愛好家が意図同に 集い、民踊を生涯学習・生涯スポーツレク の一環として楽しんでいる団体の日頃の 学習成果の発表と愛好家同士の親睦を図 る,5,学校法人、医療法人等上記1～4以外の非営利法人,沖縄タイムス社、沖縄 民踊研究会,沖縄タイムス社、沖縄民踊研究会,S002PL299,source_partner_name_cell_unsplit,R6.6.26 ～ R6.10.10,0,0,zero,ＮＰＯ等,ＮＰＯ等,not_selected,,,machine_display_alias_only_not_actor_identity,source_universe_row_not_relation_edge,whole_program_project_cost_not_actor_payment_or_award,"Authoritative mechanical source-row extraction; no registry merge, relation approval, actor payment, alliance, or political stance inference."
S002-R0520,S002,令和6年度「NPO等との協働実績調査」,2024,520,71,教育庁,教育庁,生涯学習振 興課,生涯学習振興課,4,補助,補助金・助成金の支給又は物的支援,subsidy_assistance_or_in_kind,2,社会教育及び生涯学習の推進を図る事業,令和６年度沖女連中 央研修会,令和6年度沖女連中央研修会,多様化・複雑化する社会の変化に伴い必 要とされるスキルを学び、昨今の自然災害 を教訓とするとともに、まさかの時の学習と 学習と取り組みを協議し、実践に生かすた めの研修会とする。また、平田太一氏によ る講演により沖縄県の歴史文化を学びそ の振興を図る。,3,営利を目的としない一般社団又は一般財団法人,一般社団法人 沖縄県女性連合会,一般社団法人沖縄県女性連合会,S002PL300,source_partner_name_cell_unsplit,R6.4.26 ～ R6.5.26,150,150,positive,ＮＰＯ等,ＮＰＯ等,not_selected,,,machine_display_alias_only_not_actor_identity,source_universe_row_not_relation_edge,whole_program_project_cost_not_actor_payment_or_award,"Authoritative mechanical source-row extraction; no registry merge, relation approval, actor payment, alliance, or political stance inference."
S002-R0521,S002,令和6年度「NPO等との協働実績調査」,2024,521,71,教育庁,教育庁,生涯学習振 興課,生涯学習振興課,6,後援,NPO等の事業を後援という形で支援,endorsement_or_support,2,社会教育及び生涯学習の推進を図る事業,第15回沖縄ねんりん ピックかりゆし美術展,第15回沖縄ねんりんピックかりゆし美術展,高齢者の創作による美術作品を展示し、 芸術文化活動における参加機会を促すと 共に、趣味活動や創作意欲を高め、生き がいを持ち、明るく活力のある長寿社会づ くりに寄与することを目的とする。,4,社会福祉法人,社会福祉法人 沖縄県社会福祉協議 会,社会福祉法人沖縄県社会福祉協議会,S002PL046,source_partner_name_cell_unsplit,R6.5.7 ～ R6.12.7,0,0,zero,ＮＰＯ等,ＮＰＯ等,not_selected,,,machine_display_alias_only_not_actor_identity,source_universe_row_not_relation_edge,whole_program_project_cost_not_actor_payment_or_award,"Authoritative mechanical source-row extraction; no registry merge, relation approval, actor payment, alliance, or political stance inference."
S002-R0522,S002,令和6年度「NPO等との協働実績調査」,2024,522,71,教育庁,教育庁,生涯学習振 興課,生涯学習振興課,6,後援,NPO等の事業を後援という形で支援,endorsement_or_support,2,社会教育及び生涯学習の推進を図る事業,第４7回全日本おかあ さんコーラス九州支部 大会,第47回全日本おかあさんコーラス九州支部大会,一般社団法人全日本合唱連盟が開催する 全日本お母さんコーラス全国大会に先駆 けて催される九州大会。ハーモニーの輪を 広げるフェスティバル。,3,営利を目的としない一般社団又は一般財団法人,全日本合唱連盟九州 支部,全日本合唱連盟九州支部,S002PL301,source_partner_name_cell_unsplit,R6.5.10 ～ R6.6.16,0,0,zero,ＮＰＯ等,ＮＰＯ等,not_selected,,,machine_display_alias_only_not_actor_identity,source_universe_row_not_relation_edge,whole_program_project_cost_not_actor_payment_or_award,"Authoritative mechanical source-row extraction; no registry merge, relation approval, actor payment, alliance, or political stance inference."
S002-R0523,S002,令和6年度「NPO等との協働実績調査」,2024,523,71,教育庁,教育庁,生涯学習振 興課,生涯学習振興課,6,後援,NPO等の事業を後援という形で支援,endorsement_or_support,13,子どもの教育及び健全育成を図る事業,第32回国頭地区小中 学校童話・お話・意見 発表大会,第32回国頭地区小中学校童話・お話・意見発表大会,小学校の童話・お話、中学校における意見 発表の活動を通しての表現力の養成に努 め、情操教育と言語教育の発展に資す る。,3,営利を目的としない一般社団又は一般財団法人,国頭地区PTA連合会,国頭地区PTA連合会,S002PL302,source_partner_name_cell_unsplit,R6.5.24 ～ R6.11.13,0,0,zero,ＮＰＯ等,ＮＰＯ等,not_selected,,,machine_display_alias_only_not_actor_identity,source_universe_row_not_relation_edge,whole_program_project_cost_not_actor_payment_or_award,"Authoritative mechanical source-row extraction; no registry merge, relation approval, actor payment, alliance, or political stance inference."
S002-R0524,S002,令和6年度「NPO等との協働実績調査」,2024,524,71,教育庁,教育庁,生涯学習振 興課,生涯学習振興課,5,共催,NPO等と共催という形で実施,cohosting,13,子どもの教育及び健全育成を図る事業,第9回沖縄の青少年を 健やかに育てる県民 大会,第9回沖縄の青少年を健やかに育てる県民大会,研修会及び県大会を開催して、地域にお ける青少年育成県民運動を強力に展開す る。,2,公益社団又は公益財団法人,公益社団法人沖縄県 青少年育成県民会議,公益社団法人沖縄県青少年育成県民会議,S002PL303,source_partner_name_cell_unsplit,R6.6.1 ～ R7.7.10,0,0,zero,ＮＰＯ等,ＮＰＯ等,not_selected,,,machine_display_alias_only_not_actor_identity,source_universe_row_not_relation_edge,whole_program_project_cost_not_actor_payment_or_award,"Authoritative mechanical source-row extraction; no registry merge, relation approval, actor payment, alliance, or political stance inference."
S002-R0525,S002,令和6年度「NPO等との協働実績調査」,2024,525,72,教育庁,教育庁,生涯学習振 興課,生涯学習振興課,6,後援,NPO等の事業を後援という形で支援,endorsement_or_support,13,子どもの教育及び健全育成を図る事業,第72回全国青年大会,第72回全国青年大会,地域を舞台にスポーツ・芸能文化活動と いった様々な活動に取り組んでいる青年 たちが都道府県の代表として全国各地か ら集まり、日頃の地域活動の成果を仲間 たちとともに発表し、青年同士の友好親善 を深めるとともに多様な世代が手を取り 合って暮らせるような、真に豊かな地域社 会を創造する目的とした行事である。,8,その他、法人格を持たない任意団体等,日本青年団協議会,日本青年団協議会,S002PL304,source_partner_name_cell_unsplit,R6.6.25 ～ R6.11.11,0,0,zero,ＮＰＯ等,ＮＰＯ等,not_selected,,,machine_display_alias_only_not_actor_identity,source_universe_row_not_relation_edge,whole_program_project_cost_not_actor_payment_or_award,"Authoritative mechanical source-row extraction; no registry merge, relation approval, actor payment, alliance, or political stance inference."
S002-R0526,S002,令和6年度「NPO等との協働実績調査」,2024,526,72,教育庁,教育庁,生涯学習振 興課,生涯学習振興課,6,後援,NPO等の事業を後援という形で支援,endorsement_or_support,13,子どもの教育及び健全育成を図る事業,第５９次本土派遣豆記 者交歓事業,第59次本土派遣豆記者交歓事業,取材活動や交流活動等の体験を通し、社 会に対する視野を広げ、思いやりのある心 豊かな児童生徒を育てる。,8,その他、法人格を持たない任意団体等,沖縄県豆記者交歓会,沖縄県豆記者交歓会,S002PL305,source_partner_name_cell_unsplit,R6.6.26 ～ R6.8.2,0,0,zero,ＮＰＯ等,ＮＰＯ等,not_selected,,,machine_display_alias_only_not_actor_identity,source_universe_row_not_relation_edge,whole_program_project_cost_not_actor_payment_or_award,"Authoritative mechanical source-row extraction; no registry merge, relation approval, actor payment, alliance, or political stance inference."
S002-R0527,S002,令和6年度「NPO等との協働実績調査」,2024,527,72,教育庁,教育庁,生涯学習振 興課,生涯学習振興課,6,後援,NPO等の事業を後援という形で支援,endorsement_or_support,13,子どもの教育及び健全育成を図る事業,第49回沖縄県老人福 祉作文コンクール,第49回沖縄県老人福祉作文コンクール,少子・超高齢社会のなかで、老人福祉は、 今日重大な国民的課題となっている。県民 一人ひとりが老人問題に係る理解や関心 を深め、実践経験や老人福祉に対する日 頃の体験等社会の現状をふまえての作文 を募り、優秀作品を賞揚し、広報すること によって、より一層老人福祉に対する理解 等を図り、老人福祉の推進に寄与しようと するものである。,2,公益社団又は公益財団法人,（公財）沖縄県老人ク ラブ連合会,(公財)沖縄県老人クラブ連合会,S002PL306,source_partner_name_cell_unsplit,R6.6.13 ～ R6.10.24,0,0,zero,ＮＰＯ等,ＮＰＯ等,not_selected,,,machine_display_alias_only_not_actor_identity,source_universe_row_not_relation_edge,whole_program_project_cost_not_actor_payment_or_award,"Authoritative mechanical source-row extraction; no registry merge, relation approval, actor payment, alliance, or political stance inference."
S002-R0528,S002,令和6年度「NPO等との協働実績調査」,2024,528,72,教育庁,教育庁,生涯学習振 興課,生涯学習振興課,6,後援,NPO等の事業を後援という形で支援,endorsement_or_support,13,子どもの教育及び健全育成を図る事業,二十歳未満者飲酒防 止キャンペーン,二十歳未満者飲酒防止キャンペーン,憂慮すべき状態の沖縄県の二十歳未満者 飲酒問題について、全ての酒類許可業者 で上記を実施し、 社会的に責任と周知に取り組み、また、事 態の是正を目指す。,8,その他、法人格を持たない任意団体等,沖縄県小売酒販組合,沖縄県小売酒販組合,S002PL307,source_partner_name_cell_unsplit,R6.6.19 ～ R6.8.31,0,0,zero,ＮＰＯ等,ＮＰＯ等,not_selected,,,machine_display_alias_only_not_actor_identity,source_universe_row_not_relation_edge,whole_program_project_cost_not_actor_payment_or_award,"Authoritative mechanical source-row extraction; no registry merge, relation approval, actor payment, alliance, or political stance inference."
S002-R0529,S002,令和6年度「NPO等との協働実績調査」,2024,529,72,教育庁,教育庁,生涯学習振 興課,生涯学習振興課,6,後援,NPO等の事業を後援という形で支援,endorsement_or_support,10,人権の擁護又は平和の推進を図る事業,令和6年度第17回「平 和の鐘を鳴らそう！」 「平和学習会」,令和6年度第17回「平和の鐘を鳴らそう!」「平和学習会」,UNESCOは、第２次世界大戦の反省から 「二度と戦争を繰り返さない」という決意の 元、７月19日を中心に平和について考える きっかけとして各地でカネを鳴らすイベント をしている。地上戦を経験した沖縄から平 和の鐘をならし「命どぅ宝の心を胸に平和 のための行動をはじめる契機とする。,8,その他、法人格を持たない任意団体等,沖縄県ユネスコ協会,沖縄県ユネスコ協会,S002PL308,source_partner_name_cell_unsplit,R6.6.21 ～ R6.7.15,0,0,zero,一緒に,ＮＰＯ等,not_selected,,,machine_display_alias_only_not_actor_identity,source_universe_row_not_relation_edge,whole_program_project_cost_not_actor_payment_or_award,"Authoritative mechanical source-row extraction; no registry merge, relation approval, actor payment, alliance, or political stance inference."
S002-R0530,S002,令和6年度「NPO等との協働実績調査」,2024,530,73,教育庁,教育庁,生涯学習振 興課,生涯学習振興課,6,後援,NPO等の事業を後援という形で支援,endorsement_or_support,13,子どもの教育及び健全育成を図る事業,第39回沖縄県「少年の 主張島尻地区大会」,第39回沖縄県「少年の主張島尻地区大会」,人格を形成する上で重要な時期の中学生 が、日常生活を通して考えていることを広く 社会に訴えることにより、同世代の意識の 向上と青少年の健全育成に対する県民の 理解を図ることを目的とする。,2,公益社団又は公益財団法人,島尻地区青少年の育 成会議,島尻地区青少年の育成会議,S002PL309,source_partner_name_cell_unsplit,R6.8.16 ～ R6.9.6,0,0,zero,ＮＰＯ等,ＮＰＯ等,not_selected,,,machine_display_alias_only_not_actor_identity,source_universe_row_not_relation_edge,whole_program_project_cost_not_actor_payment_or_award,"Authoritative mechanical source-row extraction; no registry merge, relation approval, actor payment, alliance, or political stance inference."
S002-R0531,S002,令和6年度「NPO等との協働実績調査」,2024,531,73,教育庁,教育庁,生涯学習振 興課,生涯学習振興課,4,補助,補助金・助成金の支給又は物的支援,subsidy_assistance_or_in_kind,2,社会教育及び生涯学習の推進を図る事業,第56回女性の主張中 央大会,第56回女性の主張中央大会,地域における社会課題が山積している中 で、課題解決をするための学習と実践を積 み重ね、貴重な意見を発表し合うことに よって、自らの能力開発と女性の地位向上 を図り、併せて組織の活性化を目指した行 事となっている。,3,営利を目的としない一般社団又は一般財団法人,一般社団法人 沖縄県女性連合会,一般社団法人沖縄県女性連合会,S002PL300,source_partner_name_cell_unsplit,R6.8.20 ～ R6.9.20,150,150,positive,ＮＰＯ等,ＮＰＯ等,not_selected,,,machine_display_alias_only_not_actor_identity,source_universe_row_not_relation_edge,whole_program_project_cost_not_actor_payment_or_award,"Authoritative mechanical source-row extraction; no registry merge, relation approval, actor payment, alliance, or political stance inference."
S002-R0532,S002,令和6年度「NPO等との協働実績調査」,2024,532,73,教育庁,教育庁,生涯学習振 興課,生涯学習振興課,6,後援,NPO等の事業を後援という形で支援,endorsement_or_support,13,子どもの教育及び健全育成を図る事業,第36回全沖縄こどもエ イサーまつり,第36回全沖縄こどもエイサーまつり,沖縄の伝統芸能であるエイサー等を発表 する機会を提供し、郷土の伝統芸能の継 承と県内子ども会の広域交流及び青少年 の健全育成を図り、相互の交流や連帯感 を高め、地域活動の充実発展を目的とす るイベントである。,3,営利を目的としない一般社団又は一般財団法人,豊見城市子ども会育 成連絡協議会,豊見城市子ども会育成連絡協議会,S002PL310,source_partner_name_cell_unsplit,R6.7.29 ～ R6.10.20,0,0,zero,ＮＰＯ等,ＮＰＯ等,not_selected,,,machine_display_alias_only_not_actor_identity,source_universe_row_not_relation_edge,whole_program_project_cost_not_actor_payment_or_award,"Authoritative mechanical source-row extraction; no registry merge, relation approval, actor payment, alliance, or political stance inference."
S002-R0533,S002,令和6年度「NPO等との協働実績調査」,2024,533,73,教育庁,教育庁,生涯学習振 興課,生涯学習振興課,6,後援,NPO等の事業を後援という形で支援,endorsement_or_support,2,社会教育及び生涯学習の推進を図る事業,第66回沖縄県ＰＴＡ研 究大会国頭大会,第66回沖縄県PTA研究大会国頭大会,学校教育の振興と青少年の健全育成のた め、PTAの果たす役割と活動の在り方を討 議し、社会の変化に対応できるＰＴＡ活動 の充実を図る大会である。,3,営利を目的としない一般社団又は一般財団法人,一般社団法人 沖縄県ＰＴＡ連合会,一般社団法人沖縄県PTA連合会,S002PL311,source_partner_name_cell_unsplit,R6.8.6 ～ R7.1.19,0,0,zero,ＮＰＯ等,ＮＰＯ等,not_selected,,,machine_display_alias_only_not_actor_identity,source_universe_row_not_relation_edge,whole_program_project_cost_not_actor_payment_or_award,"Authoritative mechanical source-row extraction; no registry merge, relation approval, actor payment, alliance, or political stance inference."
S002-R0534,S002,令和6年度「NPO等との協働実績調査」,2024,534,73,教育庁,教育庁,生涯学習振 興課,生涯学習振興課,6,後援,NPO等の事業を後援という形で支援,endorsement_or_support,13,子どもの教育及び健全育成を図る事業,第57回全国子ども会 育成中央会議・研究大 会,第57回全国子ども会育成中央会議・研究大会,子どもの社会生活に必要な徳性の涵養、 及び子どもの健全育成に日頃から尽力さ れている育成者（大人）が全国から集い、 今後の子ども会活動を活性化するために 研鑽・情報交換を行う大会である。,3,営利を目的としない一般社団又は一般財団法人,公益社団法人 全国 子ども会連合会,公益社団法人全国子ども会連合会,S002PL312,source_partner_name_cell_unsplit,R6.8.8 ～ R6.11.18,0,0,zero,ＮＰＯ等,ＮＰＯ等,not_selected,,,machine_display_alias_only_not_actor_identity,source_universe_row_not_relation_edge,whole_program_project_cost_not_actor_payment_or_award,"Authoritative mechanical source-row extraction; no registry merge, relation approval, actor payment, alliance, or political stance inference."
S002-R0535,S002,令和6年度「NPO等との協働実績調査」,2024,535,73,教育庁,教育庁,生涯学習振 興課,生涯学習振興課,4,補助,補助金・助成金の支給又は物的支援,subsidy_assistance_or_in_kind,13,子どもの教育及び健全育成を図る事業,第７５回沖縄県小中学 校童話お話意見発表 大会（創設７５周年記 念大会及び最終大会）,第75回沖縄県小中学校童話お話意見発表大会(創設75周年記念大会及び最終大会),小中学校でのPTA活動の中において、童 話・お話・意見発表の取り組みを通して、 表現力の養成に努め、情操教育と言語教 育の発展に資する大会である。,3,営利を目的としない一般社団又は一般財団法人,一般社団法人 沖縄県PTA連合会,一般社団法人沖縄県PTA連合会,S002PL311,source_partner_name_cell_unsplit,R6.9.11 ～ R6.12.22,150,150,positive,ＮＰＯ等,ＮＰＯ等,not_selected,,,machine_display_alias_only_not_actor_identity,source_universe_row_not_relation_edge,whole_program_project_cost_not_actor_payment_or_award,"Authoritative mechanical source-row extraction; no registry merge, relation approval, actor payment, alliance, or political stance inference."
S002-R0536,S002,令和6年度「NPO等との協働実績調査」,2024,536,73,教育庁,教育庁,生涯学習振 興課,生涯学習振興課,4,補助,補助金・助成金の支給又は物的支援,subsidy_assistance_or_in_kind,13,子どもの教育及び健全育成を図る事業,2024年度全国７地区 年長事業in沖縄「クリ エイティブチャレンジ・ プログラム」,2024年度全国7地区年長事業in沖縄「クリエイティブチャレンジ・プログラム」,ガールスカウト日本連盟の使命と活動基 本方針を踏まえ、ビジョンを達成することを 目指し、人材育成を目的とした事業であ る。,3,営利を目的としない一般社団又は一般財団法人,一般社団法人ガール スカウト沖縄県連盟,一般社団法人ガールスカウト沖縄県連盟,S002PL313,source_partner_name_cell_unsplit,R6.10.2 ～ R6.11.4,150,150,positive,ＮＰＯ等,ＮＰＯ等,not_selected,,,machine_display_alias_only_not_actor_identity,source_universe_row_not_relation_edge,whole_program_project_cost_not_actor_payment_or_award,"Authoritative mechanical source-row extraction; no registry merge, relation approval, actor payment, alliance, or political stance inference."
S002-R0537,S002,令和6年度「NPO等との協働実績調査」,2024,537,74,教育庁,教育庁,生涯学習振 興課,生涯学習振興課,6,後援,NPO等の事業を後援という形で支援,endorsement_or_support,6,学術、文化、芸術又はスポーツの振興を図る事業,第１回無料公開講座 女性文化大学in 那覇,第1回無料公開講座女性文化大学in那覇,女性による女性のための教養講座として 「きもの文化の普及啓蒙発展」に寄与する 公益事業の一つとして開催する。,3,営利を目的としない一般社団又は一般財団法人,一般社団法人民族衣 裳文化普及協会,一般社団法人民族衣裳文化普及協会,S002PL314,source_partner_name_cell_unsplit,R6.8.28 ～ R6.11.4,0,0,zero,ＮＰＯ等,ＮＰＯ等,not_selected,,,machine_display_alias_only_not_actor_identity,source_universe_row_not_relation_edge,whole_program_project_cost_not_actor_payment_or_award,"Authoritative mechanical source-row extraction; no registry merge, relation approval, actor payment, alliance, or political stance inference."
S002-R0538,S002,令和6年度「NPO等との協働実績調査」,2024,538,74,教育庁,教育庁,生涯学習振 興課,生涯学習振興課,6,後援,NPO等の事業を後援という形で支援,endorsement_or_support,4,観光の振興を図る事業,令和６年度赤い羽根共 同募金運動,令和6年度赤い羽根共同募金運動,共同募金活動をとおして生徒に思いやり の心を育むことを目的した行事となってい る。,2,公益社団又は公益財団法人,社会福祉法人沖縄県 共同募金会,社会福祉法人沖縄県共同募金会,S002PL315,source_partner_name_cell_unsplit,R6.9.5 ～ R7.3.31,0,0,zero,ＮＰＯ等,ＮＰＯ等,not_selected,,,machine_display_alias_only_not_actor_identity,source_universe_row_not_relation_edge,whole_program_project_cost_not_actor_payment_or_award,"Authoritative mechanical source-row extraction; no registry merge, relation approval, actor payment, alliance, or political stance inference."
S002-R0539,S002,令和6年度「NPO等との協働実績調査」,2024,539,74,教育庁,教育庁,生涯学習振 興課,生涯学習振興課,4,補助,補助金・助成金の支給又は物的支援,subsidy_assistance_or_in_kind,2,社会教育及び生涯学習の推進を図る事業,第49回沖縄県高等学 校PTA研究大会（島尻 大会）,第49回沖縄県高等学校PTA研究大会(島尻大会),高等学校教育の振興と青少年の健全育成 のため、PTAの果たす役割と活動の在り方 を討議し、社会変化に対応できるPTA活動 の充実を図る大会である。,8,その他、法人格を持たない任意団体等,沖縄県高等学校PTA 連合会,沖縄県高等学校PTA連合会,S002PL316,source_partner_name_cell_unsplit,R6.9.11 ～ R6.11.23,150,150,positive,ＮＰＯ等,ＮＰＯ等,not_selected,,,machine_display_alias_only_not_actor_identity,source_universe_row_not_relation_edge,whole_program_project_cost_not_actor_payment_or_award,"Authoritative mechanical source-row extraction; no registry merge, relation approval, actor payment, alliance, or political stance inference."
S002-R0540,S002,令和6年度「NPO等との協働実績調査」,2024,540,74,教育庁,教育庁,生涯学習振 興課,生涯学習振興課,6,後援,NPO等の事業を後援という形で支援,endorsement_or_support,4,観光の振興を図る事業,令和６年度歳末たすけ あい運動,令和6年度歳末たすけあい運動,歳末たすけあい運動を通して、生徒に思い やりの心を育むことを目的した行事となっ ている。,2,公益社団又は公益財団法人,社会福祉法人沖縄県 共同募金会,社会福祉法人沖縄県共同募金会,S002PL315,source_partner_name_cell_unsplit,R6.11.11 ～ R6.12.31,0,0,zero,ＮＰＯ等,ＮＰＯ等,not_selected,,,machine_display_alias_only_not_actor_identity,source_universe_row_not_relation_edge,whole_program_project_cost_not_actor_payment_or_award,"Authoritative mechanical source-row extraction; no registry merge, relation approval, actor payment, alliance, or political stance inference."
S002-R0541,S002,令和6年度「NPO等との協働実績調査」,2024,541,74,教育庁,教育庁,生涯学習振 興課,生涯学習振興課,6,後援,NPO等の事業を後援という形で支援,endorsement_or_support,8,災害救援事業,第４回カープレミア× やいまSDGｓシンポジ ウム,第4回カープレミア×やいまSDGsシンポジウム,八重山に相応しい、心も自然も経済も豊か な八重山の未来を、参加者と共有し、ロー カルSDGｓ（地域循環共生圏）を推進するこ とにより、地域社会にとって大切な文化や 思想の継承について、楽しみながら学べる 社会啓蒙型のイベント。,3,営利を目的としない一般社団又は一般財団法人,やいまSDGｓシンポジ ウム実行委員会,やいまSDGsシンポジウム実行委員会,S002PL317,source_partner_name_cell_unsplit,R6.11.14 ～ R6.11.30,0,0,zero,ＮＰＯ等,ＮＰＯ等,not_selected,,,machine_display_alias_only_not_actor_identity,source_universe_row_not_relation_edge,whole_program_project_cost_not_actor_payment_or_award,"Authoritative mechanical source-row extraction; no registry merge, relation approval, actor payment, alliance, or political stance inference."
S002-R0542,S002,令和6年度「NPO等との協働実績調査」,2024,542,74,教育庁,教育庁,生涯学習振 興課,生涯学習振興課,6,後援,NPO等の事業を後援という形で支援,endorsement_or_support,2,社会教育及び生涯学習の推進を図る事業,第25回日本習字全国 席書大会,第25回日本習字全国席書大会,日本習字で書を学ぶ児童・生徒・成人が一 堂に会し、人路の練習・鍛錬の成果を発揮 し、その技能を競うとともに、技量面・精神 面の向上・成長を図る。書道文化の発展 に寄与する。,2,公益社団又は公益財団法人,公益財団法人 日本習字教育財団,公益財団法人日本習字教育財団,S002PL318,source_partner_name_cell_unsplit,R6.11.6 ～ R7.1.13,0,0,zero,ＮＰＯ等,ＮＰＯ等,not_selected,,,machine_display_alias_only_not_actor_identity,source_universe_row_not_relation_edge,whole_program_project_cost_not_actor_payment_or_award,"Authoritative mechanical source-row extraction; no registry merge, relation approval, actor payment, alliance, or political stance inference."
S002-R0543,S002,令和6年度「NPO等との協働実績調査」,2024,543,75,教育庁,教育庁,生涯学習振 興課,生涯学習振興課,6,後援,NPO等の事業を後援という形で支援,endorsement_or_support,2,社会教育及び生涯学習の推進を図る事業,小野寺典講演会『大人 が変われば教育が変 わる～現代の教育と子 育てについて～』,小野寺典講演会『大人が変われば教育が変わる~現代の教育と子育てについて~』,教育の質を向上させるためには、大人自 身が変わる必要があるとの認識を広める。 保護者・教員・地域社会の大人たちが教育 に対する意識を再考し、子どもたちの成長 を支えるためのアクションを起こすきっかけ を提供。埼玉県働き方改革教員として、現 在も現役小学校教員として働く小野寺典先 生による講演会。教育の現状や課題につ いて、実際の事例を交えながら参加者み んなで意見交換する。,5,学校法人、医療法人等上記1～4以外の非営利法人,トーキョーコーヒー,トーキョーコーヒー,S002PL319,source_partner_name_cell_unsplit,R6.10.10 ～ R6.11.9,0,0,zero,ＮＰＯ等,ＮＰＯ等,not_selected,,,machine_display_alias_only_not_actor_identity,source_universe_row_not_relation_edge,whole_program_project_cost_not_actor_payment_or_award,"Authoritative mechanical source-row extraction; no registry merge, relation approval, actor payment, alliance, or political stance inference."
S002-R0544,S002,令和6年度「NPO等との協働実績調査」,2024,544,75,教育庁,教育庁,生涯学習振 興課,生涯学習振興課,5,共催,NPO等と共催という形で実施,cohosting,2,社会教育及び生涯学習の推進を図る事業,ESD・SDGｓ教育実践 活動報告セミナー,ESD・SDGs教育実践活動報告セミナー,最新のESDとSDGｓの達成に向けた教育 の動向を学び、県内で取り組む学校や教 師らの校種を超えた実践活動報告を通し て学びあう場を創り、情報共有と意見交換 を通して実践意欲を高めることを目的とし たセミナーを開催する。,8,その他、法人格を持たない任意団体等,国立大学法人琉球大 学,国立大学法人琉球大学,S002PL077,source_partner_name_cell_unsplit,R6.10.22 ～ R6.11.9,0,0,zero,ＮＰＯ等,ＮＰＯ等,not_selected,,,machine_display_alias_only_not_actor_identity,source_universe_row_not_relation_edge,whole_program_project_cost_not_actor_payment_or_award,"Authoritative mechanical source-row extraction; no registry merge, relation approval, actor payment, alliance, or political stance inference."
S002-R0545,S002,令和6年度「NPO等との協働実績調査」,2024,545,75,教育庁,教育庁,生涯学習振 興課,生涯学習振興課,6,後援,NPO等の事業を後援という形で支援,endorsement_or_support,13,子どもの教育及び健全育成を図る事業,令和５年ユネスコ子ど もの集い,令和5年ユネスコ子どもの集い,県内の児童生徒と県内在住の外国の児童 生徒が、ユネスコについて学びレクリエー ションを通じて、多様な文化を理解しあう、 ユネスコの理念の普及や平和な世界の貢 献を目指す,1,特定非営利活動法人（NPO法人）,沖縄県ユネスコ協会,沖縄県ユネスコ協会,S002PL308,source_partner_name_cell_unsplit,R6.11.28 ～ R7.2.2,0,0,zero,ＮＰＯ等,ＮＰＯ等,not_selected,,,machine_display_alias_only_not_actor_identity,source_universe_row_not_relation_edge,whole_program_project_cost_not_actor_payment_or_award,"Authoritative mechanical source-row extraction; no registry merge, relation approval, actor payment, alliance, or political stance inference."
S002-R0546,S002,令和6年度「NPO等との協働実績調査」,2024,546,75,教育庁,教育庁,生涯学習振 興課,生涯学習振興課,6,後援,NPO等の事業を後援という形で支援,endorsement_or_support,2,社会教育及び生涯学習の推進を図る事業,子どもお仕事ミライ体 験事業,子どもお仕事ミライ体験事業,うるま市の次世代を担う子どもたちに多様 な職業を知り、実際に体験する機会を提供 することを目的としている。これにより、子 どもたちが自らの将来について考えるきっ かけを提供し、地域の産業理解や興味を 深める機会とする。また、地元企業の活動 を周知し、地域経済の活性化と地域の人 材育成を促進することも目指す。,3,営利を目的としない一般社団又は一般財団法人,子どもお仕事未来体 験青年部実行委員会,子どもお仕事未来体験青年部実行委員会,S002PL320,source_partner_name_cell_unsplit,R6.11.29 ～ R7.1.12,0,0,zero,ＮＰＯ等,ＮＰＯ等,not_selected,,,machine_display_alias_only_not_actor_identity,source_universe_row_not_relation_edge,whole_program_project_cost_not_actor_payment_or_award,"Authoritative mechanical source-row extraction; no registry merge, relation approval, actor payment, alliance, or political stance inference."
S002-R0547,S002,令和6年度「NPO等との協働実績調査」,2024,547,75,教育庁,教育庁,生涯学習振 興課,生涯学習振興課,6,後援,NPO等の事業を後援という形で支援,endorsement_or_support,2,社会教育及び生涯学習の推進を図る事業,令和６年度 沖女連 「健康づくりフェスティ バル」,令和6年度沖女連「健康づくりフェスティバル」,多様化・複雑化する社会の変化に伴い必 要とされるスキルを学び、昨今の自然災害 を教訓とするとともに、まさかの時の学習と 学習と取り組みを協議し、実践に生かすた めの研修会とする。また、平田太一氏によ る講演により沖縄県の歴史文化を学びそ の振興を図る。,3,営利を目的としない一般社団又は一般財団法人,（一社）沖縄県女性連 合会,(一社)沖縄県女性連合会,S002PL321,source_partner_name_cell_unsplit,R6.11.14 ～ R6.11.17,0,0,zero,ＮＰＯ等,ＮＰＯ等,not_selected,,,machine_display_alias_only_not_actor_identity,source_universe_row_not_relation_edge,whole_program_project_cost_not_actor_payment_or_award,"Authoritative mechanical source-row extraction; no registry merge, relation approval, actor payment, alliance, or political stance inference."
S002-R0548,S002,令和6年度「NPO等との協働実績調査」,2024,548,76,教育庁,教育庁,生涯学習振 興課,生涯学習振興課,6,後援,NPO等の事業を後援という形で支援,endorsement_or_support,11,国際協力及び国際交流に関する事業,書きそんじハガキ・キャ ンペーン2025,書きそんじハガキ・キャンペーン2025,貧困で日常生活すらままならないアジアの 人達のため、自立した持続可能な社会づく りを支援するための募金活動の一つ。世 界には戦争や貧困、さまざまな理由から学 校に行けず、読み書きのできないまま大人 になり、安定した職業に着けず、子どもに も教育を受けさせることができない人々が いる。このような貧困の連鎖を断ち切るた めに、書きそんじハガキを集め、換金し、 世界寺呉屋運動への募金へつなげる。,8,その他、法人格を持たない任意団体等,沖縄県ユネスコ協会,沖縄県ユネスコ協会,S002PL308,source_partner_name_cell_unsplit,R6.11.14 ～ R7.2.28,0,0,zero,ＮＰＯ等,ＮＰＯ等,not_selected,,,machine_display_alias_only_not_actor_identity,source_universe_row_not_relation_edge,whole_program_project_cost_not_actor_payment_or_award,"Authoritative mechanical source-row extraction; no registry merge, relation approval, actor payment, alliance, or political stance inference."
S002-R0549,S002,令和6年度「NPO等との協働実績調査」,2024,549,76,教育庁,教育庁,生涯学習振 興課,生涯学習振興課,6,後援,NPO等の事業を後援という形で支援,endorsement_or_support,6,学術、文化、芸術又はスポーツの振興を図る事業,第14回クラフトフェア沖 縄inイーアス沖縄豊崎,第14回クラフトフェア沖縄inイーアス沖縄豊崎,やちむん、木斛、琉球ガラス、染色、革、金 細工、服飾、七宝焼き、カバン、オーディオ などに携わる工芸家がそれぞれの作品を 展示販売。 沖縄県全体の地域産業の発掘と発展、工 芸の継承と工芸家の育成を目指す。また、 商業施設での開催で、工芸が普段の生活 に密着していることを知ってもらうとともに、 より一層身近に感じてもらえることを目指 す。,8,その他、法人格を持たない任意団体等,クラフトフェア沖縄実 行委員,クラフトフェア沖縄実行委員,S002PL322,source_partner_name_cell_unsplit,R6.11.18 ～ R6.12.8,0,0,zero,ＮＰＯ等,ＮＰＯ等,not_selected,,,machine_display_alias_only_not_actor_identity,source_universe_row_not_relation_edge,whole_program_project_cost_not_actor_payment_or_award,"Authoritative mechanical source-row extraction; no registry merge, relation approval, actor payment, alliance, or political stance inference."
S002-R0550,S002,令和6年度「NPO等との協働実績調査」,2024,550,76,教育庁,教育庁,生涯学習振 興課,生涯学習振興課,6,後援,NPO等の事業を後援という形で支援,endorsement_or_support,2,社会教育及び生涯学習の推進を図る事業,第36回沖縄県小・中学 校PTA広報紙コンクー ル,第36回沖縄県小・中学校PTA広報紙コンクール,小・中学校での広報活動の活性化を促進 し、PTA活動の振興を図る。,3,営利を目的としない一般社団又は一般財団法人,一般社団法人 沖縄県PTA連合会,一般社団法人沖縄県PTA連合会,S002PL311,source_partner_name_cell_unsplit,R7.2.18 ～ R7.5.26,0,0,zero,ＮＰＯ等,ＮＰＯ等,not_selected,,,machine_display_alias_only_not_actor_identity,source_universe_row_not_relation_edge,whole_program_project_cost_not_actor_payment_or_award,"Authoritative mechanical source-row extraction; no registry merge, relation approval, actor payment, alliance, or political stance inference."
S002-R0551,S002,令和6年度「NPO等との協働実績調査」,2024,551,76,教育庁,教育庁,生涯学習振 興課,生涯学習振興課,4,補助,補助金・助成金の支給又は物的支援,subsidy_assistance_or_in_kind,3,地域づくりの推進を図る事業,２０２４年度沖縄県ユネ スコ協会SDGsパス ポートシンポジウム,2024年度沖縄県ユネスコ協会SDGsパスポートシンポジウム,社会貢献活動を行う企業や団体の代表者 の基調講演と学校や通り会など教育現場 や地域団体の代表者より活動事例を紹介 いただき、自身で出来る事や地域や教育 現場との連携など知見を深めることで、日 常生活からSDG’sなどを意識して取り組 み、自ら行動していく人材、また、周りを巻 き込んで活動できる人材を育成することを 目的とする。,8,その他、法人格を持たない任意団体等,沖縄県ユネスコ協会,沖縄県ユネスコ協会,S002PL308,source_partner_name_cell_unsplit,R6.12.3 ～ R7.2.15,28,28,positive,ＮＰＯ等,ＮＰＯ等,not_selected,,,machine_display_alias_only_not_actor_identity,source_universe_row_not_relation_edge,whole_program_project_cost_not_actor_payment_or_award,"Authoritative mechanical source-row extraction; no registry merge, relation approval, actor payment, alliance, or political stance inference."
S002-R0552,S002,令和6年度「NPO等との協働実績調査」,2024,552,77,教育庁,教育庁,生涯学習振 興課,生涯学習振興課,6,後援,NPO等の事業を後援という形で支援,endorsement_or_support,13,子どもの教育及び健全育成を図る事業,第69回九州地区高等 学校PTA連合会大会 （語やびら 沖縄大会）,第69回九州地区高等学校PTA連合会大会(語やびら沖縄大会),九州地区高等学校PTA活動の充実と発展 に努め、社会教育・家庭教育並びに高等 学校教育の振興を図る目的の大会であ る。,8,その他、法人格を持たない任意団体等,沖縄県高等学校ＰＴＡ 連合会,沖縄県高等学校PTA連合会,S002PL316,source_partner_name_cell_unsplit,R7.1.10 ～ R7.6.20,0,0,zero,ＮＰＯ等,ＮＰＯ等,not_selected,,,machine_display_alias_only_not_actor_identity,source_universe_row_not_relation_edge,whole_program_project_cost_not_actor_payment_or_award,"Authoritative mechanical source-row extraction; no registry merge, relation approval, actor payment, alliance, or political stance inference."
S002-R0553,S002,令和6年度「NPO等との協働実績調査」,2024,553,77,教育庁,教育庁,生涯学習振 興課,生涯学習振興課,8,事業協力,共催以外の形態で協力・連携,program_cooperation,13,子どもの教育及び健全育成を図る事業,令和７年度 沖縄県青 少年交流体験事業,令和7年度沖縄県青少年交流体験事業,次代を担う青少年が、異年齢での共同生 活を通して自主性及び協調性を養い、ま た、他県少年とのふれ合い交流や歴史文 化、防災学習などの体験活動を通して生き る力を育み、故郷の発展に寄与できるリー ダーを育成することが目的となっている。,2,公益社団又は公益財団法人,公益社団法人沖縄県 青少年育成県民会議,公益社団法人沖縄県青少年育成県民会議,S002PL303,source_partner_name_cell_unsplit,R7.3.19 ～ R7.12.21,0,0,zero,ＮＰＯ等,ＮＰＯ等,not_selected,,,machine_display_alias_only_not_actor_identity,source_universe_row_not_relation_edge,whole_program_project_cost_not_actor_payment_or_award,"Authoritative mechanical source-row extraction; no registry merge, relation approval, actor payment, alliance, or political stance inference."
S002-R0554,S002,令和6年度「NPO等との協働実績調査」,2024,554,77,教育庁,教育庁,生涯学習振 興課,生涯学習振興課,7,実行委員会等,委員会等にNPO等のメンバーを加えた事業,committee_participation,2,社会教育及び生涯学習の推進を図る事業,社会教育振興事業費,社会教育振興事業費,社会教育委員の会議,1,特定非営利活動法人（NPO法人）,たいようのえくぼ １万人井戸端会議,たいようのえくぼ1万人井戸端会議,S002PL323,source_partner_name_cell_unsplit,R6.4.1 ～ R9.3.31,0,0,zero,行政,行政,not_selected,,,machine_display_alias_only_not_actor_identity,source_universe_row_not_relation_edge,whole_program_project_cost_not_actor_payment_or_award,"Authoritative mechanical source-row extraction; no registry merge, relation approval, actor payment, alliance, or political stance inference."
S002-R0555,S002,令和6年度「NPO等との協働実績調査」,2024,555,77,教育庁,教育庁,生涯学習振 興課,生涯学習振興課,6,後援,NPO等の事業を後援という形で支援,endorsement_or_support,2,社会教育及び生涯学習の推進を図る事業,第４5回全沖縄おかあ さんコーラス連盟,第45回全沖縄おかあさんコーラス連盟,家事や仕事の合間を縫って練習を重ねて きたおかあさんたちが全県から一堂に集 い、コーラスの発表を通して相互の交流と 技術の向上を図り、ハーモニーの輪を広げ る合唱の祭典。,8,その他、法人格を持たない任意団体等,全沖縄おかあさん コーラス連盟,全沖縄おかあさんコーラス連盟,S002PL324,source_partner_name_cell_unsplit,R7.2.27 ～ R7.5.11,0,0,zero,ＮＰＯ等,ＮＰＯ等,not_selected,,,machine_display_alias_only_not_actor_identity,source_universe_row_not_relation_edge,whole_program_project_cost_not_actor_payment_or_award,"Authoritative mechanical source-row extraction; no registry merge, relation approval, actor payment, alliance, or political stance inference."
S002-R0556,S002,令和6年度「NPO等との協働実績調査」,2024,556,77,教育庁,教育庁,生涯学習振 興課,生涯学習振興課,6,後援,NPO等の事業を後援という形で支援,endorsement_or_support,6,学術、文化、芸術又はスポーツの振興を図る事業,第15回クラフトフェア沖 縄in沖縄工芸の杜,第15回クラフトフェア沖縄in沖縄工芸の杜,やちむん、木斛、琉球ガラス、染色、革、金 細工、服飾、七宝焼き、カバン、オーディオ などに携わる工芸家がそれぞれの作品を 展示販売。 沖縄県全体の地域産業の発掘と発展、工 芸の継承と工芸家の育成を目指す。また、 商業施設での開催で、工芸が普段の生活 に密着していることを知ってもらうとともに、 より一層身近に感じてもらえることを目指 す。,8,その他、法人格を持たない任意団体等,クラフトフェア沖縄実 行委員,クラフトフェア沖縄実行委員,S002PL322,source_partner_name_cell_unsplit,R7.2.27 ～ R7.4.27,0,0,zero,ＮＰＯ等,ＮＰＯ等,not_selected,,,machine_display_alias_only_not_actor_identity,source_universe_row_not_relation_edge,whole_program_project_cost_not_actor_payment_or_award,"Authoritative mechanical source-row extraction; no registry merge, relation approval, actor payment, alliance, or political stance inference."
S002-R0557,S002,令和6年度「NPO等との協働実績調査」,2024,557,77,教育庁,教育庁,生涯学習振 興課,生涯学習振興課,5,共催,NPO等と共催という形で実施,cohosting,13,子どもの教育及び健全育成を図る事業,第45回沖縄県「少年の 主張大会」,第45回沖縄県「少年の主張大会」,人格を形成する上で重要な時期にある中 学生が、日常生活を通して日頃考えている ことを広く社会に訴えることにより同世代に おける少年の意識の向上と、青少年の健 全育成に対する県民の理解を深めること が目的となっている。,2,公益社団又は公益財団法人,公益社団法人沖縄県 青少年育成県民会議,公益社団法人沖縄県青少年育成県民会議,S002PL303,source_partner_name_cell_unsplit,R7.3.19 ～ R7.9.26,0,0,zero,ＮＰＯ等,ＮＰＯ等,not_selected,,,machine_display_alias_only_not_actor_identity,source_universe_row_not_relation_edge,whole_program_project_cost_not_actor_payment_or_award,"Authoritative mechanical source-row extraction; no registry merge, relation approval, actor payment, alliance, or political stance inference."
S002-R0558,S002,令和6年度「NPO等との協働実績調査」,2024,558,78,教育庁,教育庁,生涯学習振 興課,生涯学習振興課,9,講師等,講演会等の講師をNPO等が担当,lecturer_or_expertise,2,社会教育及び生涯学習の推進を図る事業,おきなわ県民カレッジ 美ら島沖縄学講座,おきなわ県民カレッジ美ら島沖縄学講座,生涯学習社会の実現に向けて沖縄の自 然・歴史・文化を中心に講座を開催する。 第10回美ら島沖縄学講座として「沖縄の湧 き水めぐり～本島中部編２～」と題し、 フィールドワークを開催した。,8,その他、法人格を持たない任意団体等,湧き水fan倶楽部,湧き水fan倶楽部,S002PL325,source_partner_name_cell_unsplit,R6.11.30 ～ R6.11.30,8,8,positive,行政,行政,not_selected,,,machine_display_alias_only_not_actor_identity,source_universe_row_not_relation_edge,whole_program_project_cost_not_actor_payment_or_award,"Authoritative mechanical source-row extraction; no registry merge, relation approval, actor payment, alliance, or political stance inference."
S002-R0559,S002,令和6年度「NPO等との協働実績調査」,2024,559,78,教育庁,教育庁,生涯学習振 興課,生涯学習振興課,9,講師等,講演会等の講師をNPO等が担当,lecturer_or_expertise,2,社会教育及び生涯学習の推進を図る事業,おきなわ県民カレッジ 美ら島沖縄学講座,おきなわ県民カレッジ美ら島沖縄学講座,生涯学習社会の実現に向けて沖縄の自 然・歴史・文化を中心に講座を開催する。 第11回美ら島沖縄学講座として「Ocean to allを合言葉に人と海の架け橋へ 海の体 験で世界をポジティブに変えていこう」と題 し、座学講座を開催した。,3,営利を目的としない一般社団又は一般財団法人,一般社団法人沖縄県 美ら海教育学校,一般社団法人沖縄県美ら海教育学校,S002PL326,source_partner_name_cell_unsplit,R6.12.18 ～ R6.12.18,8,8,positive,行政,行政,not_selected,,,machine_display_alias_only_not_actor_identity,source_universe_row_not_relation_edge,whole_program_project_cost_not_actor_payment_or_award,"Authoritative mechanical source-row extraction; no registry merge, relation approval, actor payment, alliance, or political stance inference."
S002-R0560,S002,令和6年度「NPO等との協働実績調査」,2024,560,78,教育庁,教育庁,生涯学習振 興課,生涯学習振興課,6,後援,NPO等の事業を後援という形で支援,endorsement_or_support,2,社会教育及び生涯学習の推進を図る事業,Borderless Concert in Okinawa,Borderless Concert in Okinawa,多様性を受け入れる社会において、音楽 を通して様々な人とつながり、すべての人 が音楽を通して輝ける未来を想像すること を目指して、障害がある音楽家によるコン サートを行う。,1,特定非営利活動法人（NPO法人）,NPO法人響愛学園 パラ・アーティスト・マ ネージメント協会,NPO法人響愛学園パラ・アーティスト・マネージメント協会,S002PL327,source_partner_name_cell_unsplit,R6.8.12,0,0,zero,ＮＰＯ等,ＮＰＯ等,not_selected,,,machine_display_alias_only_not_actor_identity,source_universe_row_not_relation_edge,whole_program_project_cost_not_actor_payment_or_award,"Authoritative mechanical source-row extraction; no registry merge, relation approval, actor payment, alliance, or political stance inference."
S002-R0561,S002,令和6年度「NPO等との協働実績調査」,2024,561,78,教育庁,教育庁,生涯学習振 興課,生涯学習振興課,5,共催,NPO等と共催という形で実施,cohosting,2,社会教育及び生涯学習の推進を図る事業,おきなわ県民カレッジ 美ら島沖縄学講座,おきなわ県民カレッジ美ら島沖縄学講座,生涯学習社会の実現に向けて沖縄の自 然・歴史・文化を中心に講座を開催する。 第６回美ら島沖縄学講座として「沖縄芝居 への誘い「松の精」」と題し、座学と沖縄芝 居の鑑賞を組み合わせた講座を開催し た。,2,公益社団又は公益財団法人,公益財団法人国立劇 場おきなわ運営財団,公益財団法人国立劇場おきなわ運営財団,S002PL244,source_partner_name_cell_unsplit,R6.9.14 ～ R6.9.14,0,0,zero,行政,行政,not_selected,,,machine_display_alias_only_not_actor_identity,source_universe_row_not_relation_edge,whole_program_project_cost_not_actor_payment_or_award,"Authoritative mechanical source-row extraction; no registry merge, relation approval, actor payment, alliance, or political stance inference."
S002-R0562,S002,令和6年度「NPO等との協働実績調査」,2024,562,78,教育庁,教育庁,生涯学習振 興課,生涯学習振興課,9,講師等,講演会等の講師をNPO等が担当,lecturer_or_expertise,2,社会教育及び生涯学習の推進を図る事業,おきなわ県民カレッジ 美ら島沖縄学講座,おきなわ県民カレッジ美ら島沖縄学講座,生涯学習社会の実現に向けて沖縄の自 然・歴史・文化を中心に講座を開催する。 第７回美ら島沖縄学講座として「首里織の 歴史と技法」と題し、座学講座を開催した。,8,その他、法人格を持たない任意団体等,那覇伝統織物事業協 同組合,那覇伝統織物事業協同組合,S002PL328,source_partner_name_cell_unsplit,R6.10.2 ～ R6.10.2,8,8,positive,行政,行政,not_selected,,,machine_display_alias_only_not_actor_identity,source_universe_row_not_relation_edge,whole_program_project_cost_not_actor_payment_or_award,"Authoritative mechanical source-row extraction; no registry merge, relation approval, actor payment, alliance, or political stance inference."
S002-R0563,S002,令和6年度「NPO等との協働実績調査」,2024,563,78,教育庁,教育庁,生涯学習振 興課,生涯学習振興課,10,その他,上記以外の協働形態,other_collaboration,2,社会教育及び生涯学習の推進を図る事業,社会教育主事講習[B] 沖縄会場,社会教育主事講習[B]沖縄会場,国立教育政策研究所社会教育実践研究 センターが社会教育士を養成する講習（文 部科学省委嘱の講習）の地方会場として 実施,1,特定非営利活動法人（NPO法人）,特定非営利活動法人 １万人井戸端会議,特定非営利活動法人1万人井戸端会議,S002PL329,source_partner_name_cell_unsplit,R7.2.20 ～ R7.2.20,12,12,positive,行政,行政,not_selected,,,machine_display_alias_only_not_actor_identity,source_universe_row_not_relation_edge,whole_program_project_cost_not_actor_payment_or_award,"Authoritative mechanical source-row extraction; no registry merge, relation approval, actor payment, alliance, or political stance inference."
S002-R0564,S002,令和6年度「NPO等との協働実績調査」,2024,564,79,教育庁,教育庁,生涯学習振 興課,生涯学習振興課,3,指定管理者制度による委任,指定管理者制度による委任,designated_management,2,社会教育及び生涯学習の推進を図る事業,青少年教育施設管理 運営費,青少年教育施設管理運営費,県立糸満青少年の家の管理運営業務に ついて、民間の能力を活用しつつ、住民 サービスの向上と運営の効率化を図る。,5,学校法人、医療法人等上記1～4以外の非営利法人,専門学校那覇日経ビ ジネス,専門学校那覇日経ビジネス,S002PL330,source_partner_name_cell_unsplit,R5.4.1 ～ R10.3.31,"42,000",42000,positive,一緒に,ＮＰＯ等,not_selected,,,machine_display_alias_only_not_actor_identity,source_universe_row_not_relation_edge,whole_program_project_cost_not_actor_payment_or_award,"Authoritative mechanical source-row extraction; no registry merge, relation approval, actor payment, alliance, or political stance inference."
S002-R0565,S002,令和6年度「NPO等との協働実績調査」,2024,565,79,教育庁,教育庁,生涯学習振 興課,生涯学習振興課,3,指定管理者制度による委任,指定管理者制度による委任,designated_management,2,社会教育及び生涯学習の推進を図る事業,青少年教育施設管理 運営費,青少年教育施設管理運営費,県立石垣青少年の家の管理運営業務に ついて、民間の能力を活用しつつ、住民 サービスの向上と運営の効率化を図る。,1,特定非営利活動法人（NPO法人）,特定非営利活動法人 八重山星の会,特定非営利活動法人八重山星の会,S002PL331,source_partner_name_cell_unsplit,R2.4.1 ～ R7.3.31,"39,019",39019,positive,一緒に,ＮＰＯ等,not_selected,,,machine_display_alias_only_not_actor_identity,source_universe_row_not_relation_edge,whole_program_project_cost_not_actor_payment_or_award,"Authoritative mechanical source-row extraction; no registry merge, relation approval, actor payment, alliance, or political stance inference."
S002-R0566,S002,令和6年度「NPO等との協働実績調査」,2024,566,79,教育庁,教育庁,生涯学習振 興課,生涯学習振興課,3,指定管理者制度による委任,指定管理者制度による委任,designated_management,2,社会教育及び生涯学習の推進を図る事業,青少年教育施設管理 運営費,青少年教育施設管理運営費,県立石川青少年の家の管理運営業務に ついて、民間の能力を活用しつつ、住民 サービスの向上と運営の効率化を図る。,2,公益社団又は公益財団法人,公益社団法人うるま 市シルバー人材セン ター,公益社団法人うるま市シルバー人材センター,S002PL279,source_partner_name_cell_unsplit,R6.4.1 ～ R11.3.31,"43,431",43431,positive,一緒に,ＮＰＯ等,not_selected,,,machine_display_alias_only_not_actor_identity,source_universe_row_not_relation_edge,whole_program_project_cost_not_actor_payment_or_award,"Authoritative mechanical source-row extraction; no registry merge, relation approval, actor payment, alliance, or political stance inference."
S002-R0567,S002,令和6年度「NPO等との協働実績調査」,2024,567,79,教育庁,教育庁,生涯学習振 興課,生涯学習振興課,3,指定管理者制度による委任,指定管理者制度による委任,designated_management,2,社会教育及び生涯学習の推進を図る事業,青少年教育施設管理 運営費,青少年教育施設管理運営費,県立玉城青少年の家の管理運営業務に ついて、民間の能力を活用しつつ、住民 サービスの向上と運営の効率化を図る。,7,JV（複数の異なる団体等が共同で事業を行う組織）,沖縄じんぶんの杜共 同筐体（一般社団法 人沖縄じんぶん考房・ 特定非営利活動法人 １万人井戸端会議）,沖縄じんぶんの杜共同筐体(一般社団法人沖縄じんぶん考房・特定非営利活動法人1万人井戸端会議),S002PL332,official_JV_or_multi_party_source_cell_unsplit,R6.4.1 ～ R11.3.31,"44,793",44793,positive,一緒に,ＮＰＯ等,not_selected,,,machine_display_alias_only_not_actor_identity,source_universe_row_not_relation_edge,whole_program_project_cost_not_actor_payment_or_award,"Authoritative mechanical source-row extraction; no registry merge, relation approval, actor payment, alliance, or political stance inference."
S002-R0568,S002,令和6年度「NPO等との協働実績調査」,2024,568,79,教育庁,教育庁,生涯学習振 興課,生涯学習振興課,3,指定管理者制度による委任,指定管理者制度による委任,designated_management,2,社会教育及び生涯学習の推進を図る事業,青少年教育施設管理 運営費,青少年教育施設管理運営費,県立宮古青少年の家の管理運営業務に ついて、民間の能力を活用しつつ、住民 サービスの向上と運営の効率化を図る。,1,特定非営利活動法人（NPO法人）,特定非営利活動法人 ばんず,特定非営利活動法人ばんず,S002PL333,source_partner_name_cell_unsplit,R2.4.1 ～ R7.3.31,"39,064",39064,positive,一緒に,ＮＰＯ等,not_selected,,,machine_display_alias_only_not_actor_identity,source_universe_row_not_relation_edge,whole_program_project_cost_not_actor_payment_or_award,"Authoritative mechanical source-row extraction; no registry merge, relation approval, actor payment, alliance, or political stance inference."
S002-R0569,S002,令和6年度「NPO等との協働実績調査」,2024,569,79,教育庁,教育庁,生涯学習振 興課 （図書館）,生涯学習振興課(図書館),8,事業協力,共催以外の形態で協力・連携,program_cooperation,13,子どもの教育及び健全育成を図る事業,英語でおはなし会,英語でおはなし会,英語の絵本の読み聞かせや手遊び等を通 じ、英語教育への理解と国際感覚を身に つけることに寄与するとともに、子どもたち の読書推進を図る。,1,特定非営利活動法人（NPO法人）,ＮＰＯ法人沖縄児童 英語研究会,NPO法人沖縄児童英語研究会,S002PL334,source_partner_name_cell_unsplit,R5.5 ～ R7.3,0,0,zero,一緒に,ＮＰＯ等,not_selected,,,machine_display_alias_only_not_actor_identity,source_universe_row_not_relation_edge,whole_program_project_cost_not_actor_payment_or_award,"Authoritative mechanical source-row extraction; no registry merge, relation approval, actor payment, alliance, or political stance inference."
S002-R0570,S002,令和6年度「NPO等との協働実績調査」,2024,570,79,教育庁,教育庁,生涯学習振 興課 （図書館）,生涯学習振興課(図書館),8,事業協力,共催以外の形態で協力・連携,program_cooperation,2,社会教育及び生涯学習の推進を図る事業,離島読書活動支援事 業,離島読書活動支援事業,移動図書館、一括貸出、協力貸出等の広 域サービスを通じて、県内どこでも身近な 所で読書に親しむ環境を整備し、読書環 境の格差改善及び読書活動の普及を図 る。,3,営利を目的としない一般社団又は一般財団法人,一般財団法人沖縄美 ら島財団,一般財団法人沖縄美ら島財団,S002PL145,source_partner_name_cell_unsplit,R6.4.1 ～ R7.3.31,0,0,zero,行政,行政,not_selected,,,machine_display_alias_only_not_actor_identity,source_universe_row_not_relation_edge,whole_program_project_cost_not_actor_payment_or_award,"Authoritative mechanical source-row extraction; no registry merge, relation approval, actor payment, alliance, or political stance inference."
S002-R0571,S002,令和6年度「NPO等との協働実績調査」,2024,571,80,教育庁,教育庁,生涯学習振 興課 （図書館）,生涯学習振興課(図書館),1,委託,NPO等へ業務委託を行った事業,delegated_public_program,11,国際協力及び国際交流に関する事業,ブラジル移民資料調査 コーディネート業務,ブラジル移民資料調査コーディネート業務,コーディネーターへの旅費・謝金の支払い 及び車両の手配,3,営利を目的としない一般社団又は一般財団法人,世界若者ウチナーン チュ連合会,世界若者ウチナーンチュ連合会,S002PL335,source_partner_name_cell_unsplit,R7.2.15 ～ R7.3.4,397,397,positive,行政,行政,not_selected,,,machine_display_alias_only_not_actor_identity,source_universe_row_not_relation_edge,whole_program_project_cost_not_actor_payment_or_award,"Authoritative mechanical source-row extraction; no registry merge, relation approval, actor payment, alliance, or political stance inference."
S002-R0572,S002,令和6年度「NPO等との協働実績調査」,2024,572,80,教育庁,教育庁,生涯学習振 興課 （図書館）,生涯学習振興課(図書館),8,事業協力,共催以外の形態で協力・連携,program_cooperation,2,社会教育及び生涯学習の推進を図る事業,放送ライブラリー公開 番組ストリーミング サービス,放送ライブラリー公開番組ストリーミングサービス,放送番組センターが公開する番組のうち、 沖縄に関するものを県立図書館で視聴で きる配信型サービス,2,公益社団又は公益財団法人,公益財団法人放送番 組センター,公益財団法人放送番組センター,S002PL336,source_partner_name_cell_unsplit,R4.3.16 ～ 終期未定,0,0,zero,一緒に,一緒に,not_selected,,,machine_display_alias_only_not_actor_identity,source_universe_row_not_relation_edge,whole_program_project_cost_not_actor_payment_or_award,"Authoritative mechanical source-row extraction; no registry merge, relation approval, actor payment, alliance, or political stance inference."
S002-R0573,S002,令和6年度「NPO等との協働実績調査」,2024,573,80,教育庁,教育庁,文化財課,文化財課,2,提案型公募による委託,提案型公募による委託,proposal_based_delegated_program,6,学術、文化、芸術又はスポーツの振興を図る事業,「児童生徒の組踊等沖 縄伝統芸能鑑賞会」組 踊・沖縄芝居ワーク ショップ,「児童生徒の組踊等沖縄伝統芸能鑑賞会」組踊・沖縄芝居ワークショップ,組踊または沖縄芝居及び沖縄伝統芸能 （琉球舞踊）を鑑賞することで児童生徒に 郷土芸能への理解と関心を深めさせ、沖 縄伝統芸能の普及啓発を図る。希望する 学校にてワークショップを実施。,8,その他、法人格を持たない任意団体等,女流組踊研究会めば な,女流組踊研究会めばな,S002PL337,source_partner_name_cell_unsplit,R6.7.11 ～ R7.3.14,"1,553",1553,positive,一緒に,ＮＰＯ等,not_selected,,,machine_display_alias_only_not_actor_identity,source_universe_row_not_relation_edge,whole_program_project_cost_not_actor_payment_or_award,"Authoritative mechanical source-row extraction; no registry merge, relation approval, actor payment, alliance, or political stance inference."
S002-R0574,S002,令和6年度「NPO等との協働実績調査」,2024,574,80,教育庁,教育庁,文化財課,文化財課,6,後援,NPO等の事業を後援という形で支援,endorsement_or_support,13,子どもの教育及び健全育成を図る事業,りっかりっか＊フェスタ 「2024国際児童・青少 年演劇フェスティバル おきなわ」,りっかりっか*フェスタ「2024国際児童・青少年演劇フェスティバルおきなわ」,子どもたちが、世界の優れた舞台芸術の 鑑賞などをとおし、家族や仲間との共通体 験により互いに理解し尊重しあう心を育 み、友情を深め、豊かな感性、創造力、人 間性を育てていく場を提供する。,3,営利を目的としない一般社団又は一般財団法人,一般社団法人エー シーオー沖縄,一般社団法人エーシーオー沖縄,S002PL338,source_partner_name_cell_unsplit,R6.4.16 ～ R6.7.28,0,0,zero,ＮＰＯ等,ＮＰＯ等,not_selected,,,machine_display_alias_only_not_actor_identity,source_universe_row_not_relation_edge,whole_program_project_cost_not_actor_payment_or_award,"Authoritative mechanical source-row extraction; no registry merge, relation approval, actor payment, alliance, or political stance inference."
S002-R0575,S002,令和6年度「NPO等との協働実績調査」,2024,575,80,教育庁,教育庁,文化財課,文化財課,6,後援,NPO等の事業を後援という形で支援,endorsement_or_support,13,子どもの教育及び健全育成を図る事業,バレエ・アーティスト 緑間玲貴 沖縄公演 「トコイリヤ RYOKI to AI 」vol.12,バレエ・アーティスト緑間玲貴沖縄公演「トコイリヤRYOKI to AI」vol.12,学校教育における合唱音楽の技術向上を とおして、豊かな情操を培うことを目的とし たバレエ公演,3,営利を目的としない一般社団又は一般財団法人,一般社団法人トコイリ ヤ・ソサエティー,一般社団法人トコイリヤ・ソサエティー,S002PL339,source_partner_name_cell_unsplit,R6.4.19 ～ R6.10.6,0,0,zero,ＮＰＯ等,ＮＰＯ等,not_selected,,,machine_display_alias_only_not_actor_identity,source_universe_row_not_relation_edge,whole_program_project_cost_not_actor_payment_or_award,"Authoritative mechanical source-row extraction; no registry merge, relation approval, actor payment, alliance, or political stance inference."
S002-R0576,S002,令和6年度「NPO等との協働実績調査」,2024,576,80,教育庁,教育庁,文化財課,文化財課,6,後援,NPO等の事業を後援という形で支援,endorsement_or_support,13,子どもの教育及び健全育成を図る事業,コンサート×おしばい 「ベートーヴェン物語」,コンサート×おしばい「ベートーヴェン物語」,音楽文化と豊かにかかわる資質と能力を 育成する目的でクラシック音楽の鑑賞機会 を提供する。,3,営利を目的としない一般社団又は一般財団法人,一般社団法人みむみ むの森芸術文化振興 グループ,一般社団法人みむみむの森芸術文化振興グループ,S002PL340,source_partner_name_cell_unsplit,R6.5.14 ～ R6.11.4,0,0,zero,ＮＰＯ等,ＮＰＯ等,not_selected,,,machine_display_alias_only_not_actor_identity,source_universe_row_not_relation_edge,whole_program_project_cost_not_actor_payment_or_award,"Authoritative mechanical source-row extraction; no registry merge, relation approval, actor payment, alliance, or political stance inference."
S002-R0577,S002,令和6年度「NPO等との協働実績調査」,2024,577,80,教育庁,教育庁,文化財課,文化財課,6,後援,NPO等の事業を後援という形で支援,endorsement_or_support,13,子どもの教育及び健全育成を図る事業,うたで繋げてる未来の 沖縄2024 慰霊の日 親子コンサート たくさ んの親子と一緒に歌っ て踊って楽しむコン サート,うたで繋げてる未来の沖縄2024慰霊の日親子コンサートたくさんの親子と一緒に歌って踊って楽しむコンサート,世界の優れた舞台芸術の鑑賞などをとお し、互いに理解し尊重しあう心をはぐくむこ とを目的とした舞台芸術鑑賞,4,社会福祉法人,社会福祉法人 若杉 福祉会,社会福祉法人若杉福祉会,S002PL341,source_partner_name_cell_unsplit,R6.5.20 ～ R6.6.23,0,0,zero,ＮＰＯ等,ＮＰＯ等,not_selected,,,machine_display_alias_only_not_actor_identity,source_universe_row_not_relation_edge,whole_program_project_cost_not_actor_payment_or_award,"Authoritative mechanical source-row extraction; no registry merge, relation approval, actor payment, alliance, or political stance inference."
S002-R0578,S002,令和6年度「NPO等との協働実績調査」,2024,578,81,教育庁,教育庁,文化財課,文化財課,6,後援,NPO等の事業を後援という形で支援,endorsement_or_support,13,子どもの教育及び健全育成を図る事業,TEENS ROCK IN OKINAWA 2024,TEENS ROCK IN OKINAWA 2024,音楽に取り組む沖縄の高校生たちの発表 の場を作り、高校生の今しかできない感動 を応援する事業を開催。,2,公益社団又は公益財団法人,公益社団法人浦添青 年会議所,公益社団法人浦添青年会議所,S002PL342,source_partner_name_cell_unsplit,R6.6.3 ～ R6.7.6,0,0,zero,ＮＰＯ等,ＮＰＯ等,not_selected,,,machine_display_alias_only_not_actor_identity,source_universe_row_not_relation_edge,whole_program_project_cost_not_actor_payment_or_award,"Authoritative mechanical source-row extraction; no registry merge, relation approval, actor payment, alliance, or political stance inference."
S002-R0579,S002,令和6年度「NPO等との協働実績調査」,2024,579,81,教育庁,教育庁,文化財課,文化財課,6,後援,NPO等の事業を後援という形で支援,endorsement_or_support,13,子どもの教育及び健全育成を図る事業,～おきなわ文学賞第 20回記念事業 夏休 みこどもワークショップ ～ つくって たのしむ 俳句のせかい,~おきなわ文学賞第20回記念事業夏休みこどもワークショップ~つくってたのしむ俳句のせかい,文学活動に親しむ機会を創出するとともに 将来的な文学活動の普及を図ることを目 的に「俳句」の体験型ワークショップを実施 する。,2,公益社団又は公益財団法人,公益社団法人沖縄県 文化振興会,公益社団法人沖縄県文化振興会,S002PL343,source_partner_name_cell_unsplit,R6.6.4 ～ R6.8.12,0,0,zero,ＮＰＯ等,ＮＰＯ等,not_selected,,,machine_display_alias_only_not_actor_identity,source_universe_row_not_relation_edge,whole_program_project_cost_not_actor_payment_or_award,"Authoritative mechanical source-row extraction; no registry merge, relation approval, actor payment, alliance, or political stance inference."
S002-R0580,S002,令和6年度「NPO等との協働実績調査」,2024,580,81,教育庁,教育庁,文化財課,文化財課,6,後援,NPO等の事業を後援という形で支援,endorsement_or_support,13,子どもの教育及び健全育成を図る事業,上方落語まつり「子ど もたちの落語体験教 室」,上方落語まつり「子どもたちの落語体験教室」,次世代を担うこどもたちに対して地域の伝 統文化を体験、修得するきっかけや機会を 作る,3,営利を目的としない一般社団又は一般財団法人,一般社団法人 落語 知育振興協会,一般社団法人落語知育振興協会,S002PL344,source_partner_name_cell_unsplit,R6.6.7 ～ R6.12.8,0,0,zero,ＮＰＯ等,ＮＰＯ等,not_selected,,,machine_display_alias_only_not_actor_identity,source_universe_row_not_relation_edge,whole_program_project_cost_not_actor_payment_or_award,"Authoritative mechanical source-row extraction; no registry merge, relation approval, actor payment, alliance, or political stance inference."
S002-R0581,S002,令和6年度「NPO等との協働実績調査」,2024,581,81,教育庁,教育庁,文化財課,文化財課,6,後援,NPO等の事業を後援という形で支援,endorsement_or_support,13,子どもの教育及び健全育成を図る事業,テレビのチカラ 四国・ 九州・沖縄地区大会 2024 沖縄,テレビのチカラ四国・九州・沖縄地区大会2024沖縄,沖縄の文化芸能に関わる様々なジャンル のパネリストを迎え「未来」について語り合 う。,2,公益社団又は公益財団法人,公益財団法人 民間 放送教育協会,公益財団法人民間放送教育協会,S002PL345,source_partner_name_cell_unsplit,R6.6.12 ～ R6.10.26,0,0,zero,ＮＰＯ等,ＮＰＯ等,not_selected,,,machine_display_alias_only_not_actor_identity,source_universe_row_not_relation_edge,whole_program_project_cost_not_actor_payment_or_award,"Authoritative mechanical source-row extraction; no registry merge, relation approval, actor payment, alliance, or political stance inference."
S002-R0582,S002,令和6年度「NPO等との協働実績調査」,2024,582,81,教育庁,教育庁,文化財課,文化財課,6,後援,NPO等の事業を後援という形で支援,endorsement_or_support,13,子どもの教育及び健全育成を図る事業,オペラと語りの共演 「蝶々夫人」,オペラと語りの共演「蝶々夫人」,子どもから大人までオペラに興味をもって いただき沖縄にてオペラ芸術文化普及を 図るオペラ舞台,3,営利を目的としない一般社団又は一般財団法人,一般社団法人おきな わオペラアカデミー,一般社団法人おきなわオペラアカデミー,S002PL346,source_partner_name_cell_unsplit,R6.9.2 ～ R7.1.13,0,0,zero,ＮＰＯ等,ＮＰＯ等,not_selected,,,machine_display_alias_only_not_actor_identity,source_universe_row_not_relation_edge,whole_program_project_cost_not_actor_payment_or_award,"Authoritative mechanical source-row extraction; no registry merge, relation approval, actor payment, alliance, or political stance inference."
S002-R0583,S002,令和6年度「NPO等との協働実績調査」,2024,583,81,教育庁,教育庁,文化財課,文化財課,6,後援,NPO等の事業を後援という形で支援,endorsement_or_support,6,学術、文化、芸術又はスポーツの振興を図る事業,第２３回入賞者記念コ ンサート,第23回入賞者記念コンサート,全国各地で開催されるピティナ・ピアノコン ペティションに参加し、沖縄地区本選にお いて入賞された方を応援し、その成果を披 露することを目的とする。,3,営利を目的としない一般社団又は一般財団法人,全日本ピアノ指導者 協会沖縄支部,全日本ピアノ指導者協会沖縄支部,S002PL347,source_partner_name_cell_unsplit,R6.10.16 ～ R6.12.22,0,0,zero,ＮＰＯ等,ＮＰＯ等,not_selected,,,machine_display_alias_only_not_actor_identity,source_universe_row_not_relation_edge,whole_program_project_cost_not_actor_payment_or_award,"Authoritative mechanical source-row extraction; no registry merge, relation approval, actor payment, alliance, or political stance inference."
S002-R0584,S002,令和6年度「NPO等との協働実績調査」,2024,584,81,教育庁,教育庁,文化財課,文化財課,6,後援,NPO等の事業を後援という形で支援,endorsement_or_support,6,学術、文化、芸術又はスポーツの振興を図る事業,第27回スーパーマーチ ング＆バトン2024,第27回スーパーマーチング&バトン2024,沖縄県のバトントワーリングの技術向上の ためのコンテスト,3,営利を目的としない一般社団又は一般財団法人,日本バトン協会沖縄 支部,日本バトン協会沖縄支部,S002PL348,source_partner_name_cell_unsplit,R6.11.26 ～ R6.12.28,0,0,zero,ＮＰＯ等,ＮＰＯ等,not_selected,,,machine_display_alias_only_not_actor_identity,source_universe_row_not_relation_edge,whole_program_project_cost_not_actor_payment_or_award,"Authoritative mechanical source-row extraction; no registry merge, relation approval, actor payment, alliance, or political stance inference."
S002-R0585,S002,令和6年度「NPO等との協働実績調査」,2024,585,82,教育庁,教育庁,文化財課,文化財課,6,後援,NPO等の事業を後援という形で支援,endorsement_or_support,6,学術、文化、芸術又はスポーツの振興を図る事業,第８回全国はがき筆文 字展,第8回全国はがき筆文字展,日常生活の中から手書き文字、特に筆文 字ばなれが進んでいるなか、生活に潤い をもたらす筆文字文化を伝え残すことを目 的とする。,3,営利を目的としない一般社団又は一般財団法人,全国はがき筆文字展 実行委員会,全国はがき筆文字展実行委員会,S002PL349,source_partner_name_cell_unsplit,R6.12.5 ～ R6.12.8,0,0,zero,ＮＰＯ等,ＮＰＯ等,not_selected,,,machine_display_alias_only_not_actor_identity,source_universe_row_not_relation_edge,whole_program_project_cost_not_actor_payment_or_award,"Authoritative mechanical source-row extraction; no registry merge, relation approval, actor payment, alliance, or political stance inference."
S002-R0586,S002,令和6年度「NPO等との協働実績調査」,2024,586,82,教育庁,教育庁,文化財課,文化財課,6,後援,NPO等の事業を後援という形で支援,endorsement_or_support,6,学術、文化、芸術又はスポーツの振興を図る事業,第49回ピティナ・ピアノ コンペティション 沖縄 地区,第49回ピティナ・ピアノコンペティション沖縄地区,優れた音楽才能の発掘と育成を目指すピ アノコンクール,3,営利を目的としない一般社団又は一般財団法人,全日本ピアノ指導者 協会沖縄支部,全日本ピアノ指導者協会沖縄支部,S002PL347,source_partner_name_cell_unsplit,R6.12.26 ～ R7.8.6,0,0,zero,ＮＰＯ等,ＮＰＯ等,not_selected,,,machine_display_alias_only_not_actor_identity,source_universe_row_not_relation_edge,whole_program_project_cost_not_actor_payment_or_award,"Authoritative mechanical source-row extraction; no registry merge, relation approval, actor payment, alliance, or political stance inference."
S002-R0587,S002,令和6年度「NPO等との協働実績調査」,2024,587,82,教育庁,教育庁,文化財課,文化財課,6,後援,NPO等の事業を後援という形で支援,endorsement_or_support,6,学術、文化、芸術又はスポーツの振興を図る事業,第5回国際声楽コン クール東京 沖縄大会,第5回国際声楽コンクール東京沖縄大会,合唱活動を通して学校での豊かな音楽生 活を育む全国コンクールに向けての県大 会。,3,営利を目的としない一般社団又は一般財団法人,一般社団法人カン タームス,一般社団法人カンタームス,S002PL350,source_partner_name_cell_unsplit,R6.12.26 ～ R7.7.15,0,0,zero,ＮＰＯ等,ＮＰＯ等,not_selected,,,machine_display_alias_only_not_actor_identity,source_universe_row_not_relation_edge,whole_program_project_cost_not_actor_payment_or_award,"Authoritative mechanical source-row extraction; no registry merge, relation approval, actor payment, alliance, or political stance inference."
S002-R0588,S002,令和6年度「NPO等との協働実績調査」,2024,588,82,教育庁,教育庁,保健体育課,保健体育課,6,後援,NPO等の事業を後援という形で支援,endorsement_or_support,13,子どもの教育及び健全育成を図る事業,第45回交通安全子供 自転車沖縄県大会,第45回交通安全子供自転車沖縄県大会,競技をとおして、児童に交通についての興 味と関心を高めるとともに、交通安全知識 を身に付けさせ、更にその習慣化を図るこ とにより、交通事故防止に寄与する。,2,公益社団又は公益財団法人,公益財団法人沖縄県 交通安全協会連合会,公益財団法人沖縄県交通安全協会連合会,S002PL351,source_partner_name_cell_unsplit,R6.6.29,0,0,zero,ＮＰＯ等,ＮＰＯ等,not_selected,,,machine_display_alias_only_not_actor_identity,source_universe_row_not_relation_edge,whole_program_project_cost_not_actor_payment_or_award,"Authoritative mechanical source-row extraction; no registry merge, relation approval, actor payment, alliance, or political stance inference."
S002-R0589,S002,令和6年度「NPO等との協働実績調査」,2024,589,82,教育庁,教育庁,保健体育課,保健体育課,8,事業協力,共催以外の形態で協力・連携,program_cooperation,13,子どもの教育及び健全育成を図る事業,がん教育外部講師の ための研修会,がん教育外部講師のための研修会,がん教育に携わる外部講師を育成するた めの研修会,1,特定非営利活動法人（NPO法人）,NPO法人沖縄がん教 育サポートセンター,NPO法人沖縄がん教育サポートセンター,S002PL352,source_partner_name_cell_unsplit,R6.11.16 ・ R6.11.30,0,0,zero,ＮＰＯ等,ＮＰＯ等,not_selected,,,machine_display_alias_only_not_actor_identity,source_universe_row_not_relation_edge,whole_program_project_cost_not_actor_payment_or_award,"Authoritative mechanical source-row extraction; no registry merge, relation approval, actor payment, alliance, or political stance inference."
S002-R0590,S002,令和6年度「NPO等との協働実績調査」,2024,590,82,教育庁,教育庁,保健体育課,保健体育課,5,共催,NPO等と共催という形で実施,cohosting,13,子どもの教育及び健全育成を図る事業,学校環境衛生・安全管 理講習会,学校環境衛生・安全管理講習会,児童生徒の健康・安全な学習環境を保持 するための学校における環境衛生検査、 日常における点検、学校安全管理等につ いて、担当者の意識の高揚と資質の向上 を図り、環境衛生・安全管理の充実に資す る事を目的とする講習会,3,営利を目的としない一般社団又は一般財団法人,一般社団法人 沖縄県薬剤師会,一般社団法人沖縄県薬剤師会,S002PL140,source_partner_name_cell_unsplit,R6.5.13,5,5,positive,行政,行政,not_selected,,,machine_display_alias_only_not_actor_identity,source_universe_row_not_relation_edge,whole_program_project_cost_not_actor_payment_or_award,"Authoritative mechanical source-row extraction; no registry merge, relation approval, actor payment, alliance, or political stance inference."
S002-R0591,S002,令和6年度「NPO等との協働実績調査」,2024,591,82,教育庁,教育庁,保健体育課,保健体育課,6,後援,NPO等の事業を後援という形で支援,endorsement_or_support,13,子どもの教育及び健全育成を図る事業,オンライン・レインボー 講座,オンライン・レインボー講座,LGBTQ・性の多様性をテーマに個性やち がいを大切にする心を育む教育について 考えるための講座,1,特定非営利活動法人（NPO法人）,NPO法人レインボー ハートokinawa,NPO法人レインボーハートokinawa,S002PL129,source_partner_name_cell_unsplit,R6.4.22 ～ R7.2.8,0,0,zero,ＮＰＯ等,ＮＰＯ等,not_selected,,,machine_display_alias_only_not_actor_identity,source_universe_row_not_relation_edge,whole_program_project_cost_not_actor_payment_or_award,"Authoritative mechanical source-row extraction; no registry merge, relation approval, actor payment, alliance, or political stance inference."
S002-R0592,S002,令和6年度「NPO等との協働実績調査」,2024,592,83,教育庁,教育庁,保健体育課,保健体育課,7,実行委員会等,委員会等にNPO等のメンバーを加えた事業,committee_participation,13,子どもの教育及び健全育成を図る事業,令和６年度食育シンポ ジウム,令和6年度食育シンポジウム,講演、シンポジウムを開催し、食育の普及 啓発、学校・家庭・地域の関係機関等によ る情報交換等を行い、食育を通して子ども の望ましい基本的生活習慣の定着に資す る。,2,公益社団又は公益財団法人,公益財団法人沖縄県 学校給食会,公益財団法人沖縄県学校給食会,S002PL353,source_partner_name_cell_unsplit,R6.8.11,0,0,zero,ＮＰＯ等,一緒に,not_selected,,,machine_display_alias_only_not_actor_identity,source_universe_row_not_relation_edge,whole_program_project_cost_not_actor_payment_or_award,"Authoritative mechanical source-row extraction; no registry merge, relation approval, actor payment, alliance, or political stance inference."
S002-R0593,S002,令和6年度「NPO等との協働実績調査」,2024,593,83,教育庁,教育庁,保健体育課,保健体育課,7,実行委員会等,委員会等にNPO等のメンバーを加えた事業,committee_participation,13,子どもの教育及び健全育成を図る事業,令和６年度食育シンポ ジウム,令和6年度食育シンポジウム,講演、シンポジウムを開催し、食育の普及 啓発、学校・家庭・地域の関係機関等によ る情報交換等を行い、食育を通して子ども の望ましい基本的生活習慣の定着に資す る。,3,営利を目的としない一般社団又は一般財団法人,一般社団法人沖縄県 PTA連合会,一般社団法人沖縄県PTA連合会,S002PL311,source_partner_name_cell_unsplit,R6.8.11,0,0,zero,一緒に,一緒に,not_selected,,,machine_display_alias_only_not_actor_identity,source_universe_row_not_relation_edge,whole_program_project_cost_not_actor_payment_or_award,"Authoritative mechanical source-row extraction; no registry merge, relation approval, actor payment, alliance, or political stance inference."
S002-R0594,S002,令和6年度「NPO等との協働実績調査」,2024,594,83,教育庁,教育庁,保健体育課,保健体育課,9,講師等,講演会等の講師をNPO等が担当,lecturer_or_expertise,13,子どもの教育及び健全育成を図る事業,令和６年度栄養教諭・ 学校栄養職員等研修 会,令和6年度栄養教諭・学校栄養職員等研修会,講義や研修報告等を通して、栄養教諭・学 校栄養職員としての専門的知識を深め、 「食」に関する専門職としての資質の向上 を図る。,3,営利を目的としない一般社団又は一般財団法人,一般財団法人沖縄県 環境科学センター,一般財団法人沖縄県環境科学センター,S002PL354,source_partner_name_cell_unsplit,R6.7.25,6,6,positive,行政,行政,not_selected,,,machine_display_alias_only_not_actor_identity,source_universe_row_not_relation_edge,whole_program_project_cost_not_actor_payment_or_award,"Authoritative mechanical source-row extraction; no registry merge, relation approval, actor payment, alliance, or political stance inference."
S002-R0595,S002,令和6年度「NPO等との協働実績調査」,2024,595,83,教育庁,教育庁,保健体育課,保健体育課,6,後援,NPO等の事業を後援という形で支援,endorsement_or_support,13,子どもの教育及び健全育成を図る事業,令和６年度食と子ども の健康展,令和6年度食と子どもの健康展,本県では毎年7月1日から31日までの１ヶ 月間を「県産品奨励月間」と定めており、 県産品使用に関する事業が展開されてい る。学校給食においてもこの機会を捉え、 地域社会へ学校給食の理解を深めるとと もに食育の重要性をアピールすることを目 的として開催する。,2,公益社団又は公益財団法人,（公財）沖縄県学校給 食会,(公財)沖縄県学校給食会,S002PL355,source_partner_name_cell_unsplit,R6.7.1 ～ R7.2.1,0,0,zero,ＮＰＯ等,ＮＰＯ等,not_selected,,,machine_display_alias_only_not_actor_identity,source_universe_row_not_relation_edge,whole_program_project_cost_not_actor_payment_or_award,"Authoritative mechanical source-row extraction; no registry merge, relation approval, actor payment, alliance, or political stance inference."
S002-R0596,S002,令和6年度「NPO等との協働実績調査」,2024,596,83,教育庁,教育庁,保健体育課,保健体育課,6,後援,NPO等の事業を後援という形で支援,endorsement_or_support,13,子どもの教育及び健全育成を図る事業,令和６年度 学校栄養 士による家庭・地域と 連携した食育践講座 ～学校給食を生きた教 材として活用した料理 教室～,令和6年度学校栄養士による家庭・地域と連携した食育践講座~学校給食を生きた教材として活用した料理教室~,保護者や児童生徒を対象に食に関する 講話や学校給食を活用した調理講習会を 開催し、学校給食への理解を深めるととも に「自己管理能力を身に着けた児童・生徒 の育成」と「食に関する意識の向上」に資 する。,2,公益社団又は公益財団法人,（公財）沖縄県学校給 食会,(公財)沖縄県学校給食会,S002PL355,source_partner_name_cell_unsplit,R6.6.1 ～ R6.12.31,0,0,zero,ＮＰＯ等,ＮＰＯ等,not_selected,,,machine_display_alias_only_not_actor_identity,source_universe_row_not_relation_edge,whole_program_project_cost_not_actor_payment_or_award,"Authoritative mechanical source-row extraction; no registry merge, relation approval, actor payment, alliance, or political stance inference."
S002-R0597,S002,令和6年度「NPO等との協働実績調査」,2024,597,83,教育庁,教育庁,保健体育課,保健体育課,5,共催,NPO等と共催という形で実施,cohosting,13,子どもの教育及び健全育成を図る事業,令和６年度地場産物を 活用した学校給食献 立調理発表会,令和6年度地場産物を活用した学校給食献立調理発表会,学校給食従事者による地場産物を活用し た調理発表会を行い、調理技術の研鑽と 意欲の高揚に資するとともに、地元食材を 使用した献立内容の充実と多様化を図る。,2,公益社団又は公益財団法人,（公財）沖縄県学校給 食会,(公財)沖縄県学校給食会,S002PL355,source_partner_name_cell_unsplit,R6.6.1 ～ R6.7.22,0,0,zero,ＮＰＯ等,ＮＰＯ等,not_selected,,,machine_display_alias_only_not_actor_identity,source_universe_row_not_relation_edge,whole_program_project_cost_not_actor_payment_or_award,"Authoritative mechanical source-row extraction; no registry merge, relation approval, actor payment, alliance, or political stance inference."
S002-R0598,S002,令和6年度「NPO等との協働実績調査」,2024,598,84,教育庁,教育庁,保健体育課,保健体育課,6,後援,NPO等の事業を後援という形で支援,endorsement_or_support,13,子どもの教育及び健全育成を図る事業,学校給食の安全に関 する相談窓口,学校給食の安全に関する相談窓口,学校教育活動の一環として実施される学 校給食の安全性確保、食育推進支援及び 学校給食の普及充実等に関する事業等に 資することを目的とし、栄養教諭及び学校 栄養職員等を対象に、医師等の専門家へ 食物アレルギー等に関する相談窓口を開 設し、相談事業を実施する。,2,公益社団又は公益財団法人,（公財）沖縄県学校給 食会,(公財)沖縄県学校給食会,S002PL355,source_partner_name_cell_unsplit,R6.4.26 ～ R7.3.31,0,0,zero,ＮＰＯ等,ＮＰＯ等,not_selected,,,machine_display_alias_only_not_actor_identity,source_universe_row_not_relation_edge,whole_program_project_cost_not_actor_payment_or_award,"Authoritative mechanical source-row extraction; no registry merge, relation approval, actor payment, alliance, or political stance inference."
S002-R0599,S002,令和6年度「NPO等との協働実績調査」,2024,599,84,病院事業局,病院事業局,北部病院,北部病院,8,事業協力,共催以外の形態で協力・連携,program_cooperation,1,保健、医療又は福祉の増進を図る事業,リングキャンペーン事 業,リングキャンペーン事業,予期せぬ妊娠を繰り返し、身体的、精神的 な不安を抱える女性で経済的困窮等 の理 由により必要な避妊ができない方を対象 に避妊リング挿入費用を支援する。,3,営利を目的としない一般社団又は一般財団法人,おきなわ子ども未来 ネットワーク,おきなわ子ども未来ネットワーク,S002PL356,source_partner_name_cell_unsplit,R6.4.1 ～ R7.3.31,0,0,zero,ＮＰＯ等,ＮＰＯ等,not_selected,,,machine_display_alias_only_not_actor_identity,source_universe_row_not_relation_edge,whole_program_project_cost_not_actor_payment_or_award,"Authoritative mechanical source-row extraction; no registry merge, relation approval, actor payment, alliance, or political stance inference."
S002-R0600,S002,令和6年度「NPO等との協働実績調査」,2024,600,84,警察本部,警察本部,広報相談課,広報相談課,1,委託,NPO等へ業務委託を行った事業,delegated_public_program,9,地域安全及び犯罪防止に関する事業,被害者支援業務委託 事業,被害者支援業務委託事業,犯罪被害に遭った被害者等に対して、被 害者の多様なニーズに応じた長期間切れ 目のない対応ができる民間被害者支援団 体に被害者支援事業を委託し、相談対応 や付添い等の直接支援や支援活動員の 育成等を実施した。,2,公益社団又は公益財団法人,公益社団法人沖縄被 害者支援ゆいセン ター,公益社団法人沖縄被害者支援ゆいセンター,S002PL089,source_partner_name_cell_unsplit,R6.4.1 ～ R7.3.31,"12,235",12235,positive,ＮＰＯ等,ＮＰＯ等,not_selected,,,machine_display_alias_only_not_actor_identity,source_universe_row_not_relation_edge,whole_program_project_cost_not_actor_payment_or_award,"Authoritative mechanical source-row extraction; no registry merge, relation approval, actor payment, alliance, or political stance inference."
S002-R0601,S002,令和6年度「NPO等との協働実績調査」,2024,601,84,警察本部,警察本部,広報相談課,広報相談課,5,共催,NPO等と共催という形で実施,cohosting,9,地域安全及び犯罪防止に関する事業,犯罪被害者週間街頭 キャンペーン,犯罪被害者週間街頭キャンペーン,犯罪被害者週間（11月25日から12月１日） において、犯罪被害者等の置かれている 状況について、県民の理解を深め、社会 的支援の輪を広げることを目的に街頭キャ ンペーン等の広報啓発活動事業を実施し た。,2,公益社団又は公益財団法人,公益社団法人沖縄被 害者支援ゆいセン ター,公益社団法人沖縄被害者支援ゆいセンター,S002PL089,source_partner_name_cell_unsplit,R6.11.25 ～ R6.12.1,16,16,positive,一緒に,一緒に,not_selected,,,machine_display_alias_only_not_actor_identity,source_universe_row_not_relation_edge,whole_program_project_cost_not_actor_payment_or_award,"Authoritative mechanical source-row extraction; no registry merge, relation approval, actor payment, alliance, or political stance inference."
S002-R0602,S002,令和6年度「NPO等との協働実績調査」,2024,602,84,警察本部,警察本部,生活安全企 画課,生活安全企画課,10,その他,上記以外の協働形態,other_collaboration,9,地域安全及び犯罪防止に関する事業,沖縄県防犯モデル共 同住宅登録事業,沖縄県防犯モデル共同住宅登録事業,県、県警察、防犯協会連合会が連携し、犯 罪の予防に配慮した防犯共同住宅の普及 を図った。,2,公益社団又は公益財団法人,公益財団法人沖縄県 防犯協会連合会,公益財団法人沖縄県防犯協会連合会,S002PL357,source_partner_name_cell_unsplit,Ｈ17．４ ～ 終期未定,0,0,zero,一緒に,一緒に,not_selected,,,machine_display_alias_only_not_actor_identity,source_universe_row_not_relation_edge,whole_program_project_cost_not_actor_payment_or_award,"Authoritative mechanical source-row extraction; no registry merge, relation approval, actor payment, alliance, or political stance inference."
S002-R0603,S002,令和6年度「NPO等との協働実績調査」,2024,603,84,警察本部,警察本部,生活安全企 画課,生活安全企画課,8,事業協力,共催以外の形態で協力・連携,program_cooperation,9,地域安全及び犯罪防止に関する事業,防犯功労者及び防犯 功労団体表彰,防犯功労者及び防犯功労団体表彰,多年にわたって防犯活動に尽力し、犯罪 の予防に功労があったと認められる個人 及び団体の表彰を行った。,2,公益社団又は公益財団法人,公益財団法人沖縄県 防犯協会連合会,公益財団法人沖縄県防犯協会連合会,S002PL357,source_partner_name_cell_unsplit,R6.4.1 ～ R6.10.21,0,0,zero,一緒に,一緒に,not_selected,,,machine_display_alias_only_not_actor_identity,source_universe_row_not_relation_edge,whole_program_project_cost_not_actor_payment_or_award,"Authoritative mechanical source-row extraction; no registry merge, relation approval, actor payment, alliance, or political stance inference."
S002-R0604,S002,令和6年度「NPO等との協働実績調査」,2024,604,84,警察本部,警察本部,生活安全企 画課,生活安全企画課,10,その他,上記以外の協働形態,other_collaboration,9,地域安全及び犯罪防止に関する事業,自転車防犯登録業務,自転車防犯登録業務,自転車販売店が販売した自転車及び未登 録の自転車について防犯登録を行う業務,2,公益社団又は公益財団法人,公益財団法人沖縄県 防犯協会連合会,公益財団法人沖縄県防犯協会連合会,S002PL357,source_partner_name_cell_unsplit,Ｈ20．３ ～ 終期未定,0,0,zero,ＮＰＯ等,ＮＰＯ等,not_selected,,,machine_display_alias_only_not_actor_identity,source_universe_row_not_relation_edge,whole_program_project_cost_not_actor_payment_or_award,"Authoritative mechanical source-row extraction; no registry merge, relation approval, actor payment, alliance, or political stance inference."
S002-R0605,S002,令和6年度「NPO等との協働実績調査」,2024,605,84,警察本部,警察本部,少年課,少年課,5,共催,NPO等と共催という形で実施,cohosting,13,子どもの教育及び健全育成を図る事業,令和６年度御万人すり てぃクリーン・グリーン・ グレイシャス（CGG)運 動,令和6年度御万人すりてぃクリーン・グリーン・グレイシャス(CGG)運動,県民の宝である子ども達が健やかに成長 するためには、犯罪に巻き込まれない環 境づくりと、豊かな心を育てるため地域の 大人の寄り添いが必要であることから、 「地域の子は地域で守り育てる」との気運 を高め、青少年の健全育成に資することを 目的とした運動。,8,その他、法人格を持たない任意団体等,御万人すりてぃクリー ン・グリーン・グレイ シャス（ＣＧＧ）運動沖 縄県実行委員会,御万人すりてぃクリーン・グリーン・グレイシャス(CGG)運動沖縄県実行委員会,S002PL358,source_partner_name_cell_unsplit,R6.5.1 ～ R7.3.31,0,0,zero,ＮＰＯ等,ＮＰＯ等,not_selected,,,machine_display_alias_only_not_actor_identity,source_universe_row_not_relation_edge,whole_program_project_cost_not_actor_payment_or_award,"Authoritative mechanical source-row extraction; no registry merge, relation approval, actor payment, alliance, or political stance inference."
S002-R0606,S002,令和6年度「NPO等との協働実績調査」,2024,606,85,警察本部,警察本部,少年課,少年課,5,共催,NPO等と共催という形で実施,cohosting,13,子どもの教育及び健全育成を図る事業,令和６年度「青少年の 非行防止」県民一斉行 動,令和6年度「青少年の非行防止」県民一斉行動,総合的な非行・被害防止対策と安全・安心 なまちづくりの推進に向けて関係機関・業 界が連携し、力強い施策を展開するため に実施する。,2,公益社団又は公益財団法人,公益社団法人沖縄県 青少年育成県民会議,公益社団法人沖縄県青少年育成県民会議,S002PL303,source_partner_name_cell_unsplit,R6.7.1 ～ R6.8.31,0,0,zero,一緒に,一緒に,not_selected,,,machine_display_alias_only_not_actor_identity,source_universe_row_not_relation_edge,whole_program_project_cost_not_actor_payment_or_award,"Authoritative mechanical source-row extraction; no registry merge, relation approval, actor payment, alliance, or political stance inference."
S002-R0607,S002,令和6年度「NPO等との協働実績調査」,2024,607,85,警察本部,警察本部,少年課,少年課,5,共催,NPO等と共催という形で実施,cohosting,13,子どもの教育及び健全育成を図る事業,沖縄の青少年を健や かに育てる県民大会 共同アピール2024,沖縄の青少年を健やかに育てる県民大会共同アピール2024,夏休みを前に青少年の健全育成及び非行 防止を目的に、県民総ぐるみで「地域の子 は地域で守り育てる」気運を高め、すべて の子どもたちが安全で安心に過ごせる社 会づくりを目指すもの。,2,公益社団又は公益財団法人,公益社団法人沖縄県 青少年育成県民会議,公益社団法人沖縄県青少年育成県民会議,S002PL303,source_partner_name_cell_unsplit,R6.7.12,0,0,zero,ＮＰＯ等,ＮＰＯ等,not_selected,,,machine_display_alias_only_not_actor_identity,source_universe_row_not_relation_edge,whole_program_project_cost_not_actor_payment_or_award,"Authoritative mechanical source-row extraction; no registry merge, relation approval, actor payment, alliance, or political stance inference."
S002-R0608,S002,令和6年度「NPO等との協働実績調査」,2024,608,85,警察本部,警察本部,少年課,少年課,6,後援,NPO等の事業を後援という形で支援,endorsement_or_support,13,子どもの教育及び健全育成を図る事業,二十歳未満者飲酒防 止キャンペーン,二十歳未満者飲酒防止キャンペーン,酒類の製造・流通・販売に関する許認可業 者が、県下全域においてキャンペーン（店 頭でのポスター掲示やバッジ着用等）を実 施し、沖縄県における二十歳未満者の飲 酒問題の改善を目指す。,7,JV（複数の異なる団体等が共同で事業を行う組織）,沖縄県酒造組合 沖縄県卸売酒販組合 沖縄県小売酒販組合 （株）オリオンビール,沖縄県酒造組合沖縄県卸売酒販組合沖縄県小売酒販組合(株)オリオンビール,S002PL359,official_JV_or_multi_party_source_cell_unsplit,R6.7.19 ～ R6.8.31,0,0,zero,ＮＰＯ等,ＮＰＯ等,not_selected,,,machine_display_alias_only_not_actor_identity,source_universe_row_not_relation_edge,whole_program_project_cost_not_actor_payment_or_award,"Authoritative mechanical source-row extraction; no registry merge, relation approval, actor payment, alliance, or political stance inference."
S002-R0609,S002,令和6年度「NPO等との協働実績調査」,2024,609,85,警察本部,警察本部,少年課,少年課,7,実行委員会等,委員会等にNPO等のメンバーを加えた事業,committee_participation,13,子どもの教育及び健全育成を図る事業,第74回社会を明るくす る運動,第74回社会を明るくする運動,犯罪や非行の防止と罪を犯した人たちの 更生について理解を深め、それぞれの立 場において力を合わせ、犯罪や非行のな い安全・安心な地域社会を築く全国的な運 動。,7,JV（複数の異なる団体等が共同で事業を行う組織）,第74回社会を明るく する運動沖縄県推進 委員会事務局,第74回社会を明るくする運動沖縄県推進委員会事務局,S002PL360,official_JV_or_multi_party_source_cell_unsplit,R6.7.1 ～ R6.7.31,0,0,zero,一緒に,一緒に,not_selected,,,machine_display_alias_only_not_actor_identity,source_universe_row_not_relation_edge,whole_program_project_cost_not_actor_payment_or_award,"Authoritative mechanical source-row extraction; no registry merge, relation approval, actor payment, alliance, or political stance inference."
S002-R0610,S002,令和6年度「NPO等との協働実績調査」,2024,610,85,警察本部,警察本部,少年課,少年課,6,後援,NPO等の事業を後援という形で支援,endorsement_or_support,13,子どもの教育及び健全育成を図る事業,沖縄県高校生問題行 動等防止推進事業 沖縄県高校生「ちゅら マナーアップ」フォーラ ム,沖縄県高校生問題行動等防止推進事業沖縄県高校生「ちゅらマナーアップ」フォーラム,高校生自らが人権に関する理解を深め、 「性的マイノリティ等多様性への配慮」、 「自己信頼感の育成」、「適切な援助希求 的態度の促進」といった現状の課題とその 解決について考察するフォーラムを開催 し、高校生をはじめ社会全体にメッセージ を発信することで、「誰一人取り残さない社 会づくり」を啓発する機会とする。,8,その他、法人格を持たない任意団体等,一般社団法人沖縄県 PTA連合会、沖縄県 高等学校PTA連合会 等 （主催は、沖縄県教育 委員会）,一般社団法人沖縄県PTA連合会、沖縄県高等学校PTA連合会等(主催は、沖縄県教育委員会),S002PL361,source_partner_name_cell_unsplit,R6.10.21,0,0,zero,ＮＰＯ等,ＮＰＯ等,not_selected,,,machine_display_alias_only_not_actor_identity,source_universe_row_not_relation_edge,whole_program_project_cost_not_actor_payment_or_award,"Authoritative mechanical source-row extraction; no registry merge, relation approval, actor payment, alliance, or political stance inference."
S002-R0611,S002,令和6年度「NPO等との協働実績調査」,2024,611,85,警察本部,警察本部,地域課,地域課,1,委託,NPO等へ業務委託を行った事業,delegated_public_program,9,地域安全及び犯罪防止に関する事業,優良海域レジャー提供 業者指定に係る審査 業務委託,優良海域レジャー提供業者指定に係る審査業務委託,安全対策優良海域レジャー提供業者の指 定に伴う審査業務,3,営利を目的としない一般社団又は一般財団法人,一般財団法人沖縄マ リンレジャーセイフ ティービューロー,一般財団法人沖縄マリンレジャーセイフティービューロー,S002PL362,source_partner_name_cell_unsplit,R6.4.10 ～ R7.3.31,853,853,positive,行政,ＮＰＯ等,not_selected,,,machine_display_alias_only_not_actor_identity,source_universe_row_not_relation_edge,whole_program_project_cost_not_actor_payment_or_award,"Authoritative mechanical source-row extraction; no registry merge, relation approval, actor payment, alliance, or political stance inference."
S002-R0612,S002,令和6年度「NPO等との協働実績調査」,2024,612,85,警察本部,警察本部,地域課,地域課,1,委託,NPO等へ業務委託を行った事業,delegated_public_program,9,地域安全及び犯罪防止に関する事業,水難救助員、ガイドダ イバー及びスノーケリ ングガイド等に対する 安全講習業務委託,水難救助員、ガイドダイバー及びスノーケリングガイド等に対する安全講習業務委託,水難救助等に係る知識及び能力の向上を 図るための安全講習を委託し、海域レ ジャー提供業者の安全対策の向上を図っ た。,3,営利を目的としない一般社団又は一般財団法人,一般財団法人沖縄マ リンレジャーセイフ ティービューロー,一般財団法人沖縄マリンレジャーセイフティービューロー,S002PL362,source_partner_name_cell_unsplit,R6.7.23 ～ R7.3.31,"1,868",1868,positive,行政,ＮＰＯ等,not_selected,,,machine_display_alias_only_not_actor_identity,source_universe_row_not_relation_edge,whole_program_project_cost_not_actor_payment_or_award,"Authoritative mechanical source-row extraction; no registry merge, relation approval, actor payment, alliance, or political stance inference."
S002-R0613,S002,令和6年度「NPO等との協働実績調査」,2024,613,86,警察本部,警察本部,地域課,地域課,1,委託,NPO等へ業務委託を行った事業,delegated_public_program,9,地域安全及び犯罪防止に関する事業,海域における水難救 助講習業務委託,海域における水難救助講習業務委託,水難救助等に係る知識及び能力の向上を 図るための安全講習を委託し、海域レ ジャー提供業者に対し、実技を伴う実践的 な救助講習を実施した。,3,営利を目的としない一般社団又は一般財団法人,一般財団法人沖縄マ リンレジャーセイフ ティービューロー,一般財団法人沖縄マリンレジャーセイフティービューロー,S002PL362,source_partner_name_cell_unsplit,R6.7.23 ～ R7.3.31,828,828,positive,行政,ＮＰＯ等,not_selected,,,machine_display_alias_only_not_actor_identity,source_universe_row_not_relation_edge,whole_program_project_cost_not_actor_payment_or_award,"Authoritative mechanical source-row extraction; no registry merge, relation approval, actor payment, alliance, or political stance inference."
S002-R0614,S002,令和6年度「NPO等との協働実績調査」,2024,614,86,警察本部,警察本部,組織犯罪対 策課,組織犯罪対策課,1,委託,NPO等へ業務委託を行った事業,delegated_public_program,9,地域安全及び犯罪防止に関する事業,不当要求防止責任者 講習,不当要求防止責任者講習,行政・事業所に対し、不当要求防止責任 者を選任し、暴力団からの不当な要求によ る被害を防止するため必要な知識・対応 方法、助言を行う。,2,公益社団又は公益財団法人,公益財団法人 暴力団追放 沖縄県民会議,公益財団法人暴力団追放沖縄県民会議,S002PL363,source_partner_name_cell_unsplit,R6.5.15 ～ R7.3.31,"1,905",1905,positive,ＮＰＯ等,ＮＰＯ等,not_selected,,,machine_display_alias_only_not_actor_identity,source_universe_row_not_relation_edge,whole_program_project_cost_not_actor_payment_or_award,"Authoritative mechanical source-row extraction; no registry merge, relation approval, actor payment, alliance, or political stance inference."
S002-R0615,S002,令和6年度「NPO等との協働実績調査」,2024,615,86,警察本部,警察本部,交通企画課,交通企画課,8,事業協力,共催以外の形態で協力・連携,program_cooperation,9,地域安全及び犯罪防止に関する事業,飲酒運転根絶街頭 キャンペーン,飲酒運転根絶街頭キャンペーン,アルコール依存症の早期発見による対策 及び再発防止による飲酒運転根絶を目的 とした該当キャンペーンに協力,2,公益社団又は公益財団法人,公益社団法人全日本 断酒連盟 沖縄県断 酒会,公益社団法人全日本断酒連盟沖縄県断酒会,S002PL364,source_partner_name_cell_unsplit,R6.11.24,0,0,zero,ＮＰＯ等,ＮＰＯ等,not_selected,,,machine_display_alias_only_not_actor_identity,source_universe_row_not_relation_edge,whole_program_project_cost_not_actor_payment_or_award,"Authoritative mechanical source-row extraction; no registry merge, relation approval, actor payment, alliance, or political stance inference."
S002-R0616,S002,令和6年度「NPO等との協働実績調査」,2024,616,86,警察本部,警察本部,交通企画課,交通企画課,6,後援,NPO等の事業を後援という形で支援,endorsement_or_support,9,地域安全及び犯罪防止に関する事業,ＳＤＤ全国こども書道コ ンクール,SDD全国こども書道コンクール,飲酒運転根絶を目的に子どもから大人へ のメッセージを書道作品で募集する書道コ ンクールの後援,8,その他、法人格を持たない任意団体等,ジェイ・ディ共済協同 組合,ジェイ・ディ共済協同組合,S002PL365,source_partner_name_cell_unsplit,R6.11.1 ～ R7.2.28,0,0,zero,ＮＰＯ等,ＮＰＯ等,not_selected,,,machine_display_alias_only_not_actor_identity,source_universe_row_not_relation_edge,whole_program_project_cost_not_actor_payment_or_award,"Authoritative mechanical source-row extraction; no registry merge, relation approval, actor payment, alliance, or political stance inference."
