partner_display_label_id,partner_name_display_alias_machine,official_mechanism_code,official_mechanism_label,source_row_count,raw_source_literal_variant_count,department_count,department_names,issue_field_codes,source_row_numbers,edge_semantics,identity_status,human_gate,interpretation_limit
S002PL009,公益財団法人沖縄県平和祈念財団,1,委託,1,1,1,知事公室,10,9,source_label_x_official_mechanism_cooccurrence,machine_display_alias_only_not_actor_identity,none_for_source_label_aggregation__HR032_only_for_identity_or_member_crosswalk,"Bimode edge is an aggregation of official table rows, not an approved actor-resource relation."
S002PL010,特定非営利活動法人沖縄平和協力センター,1,委託,1,1,1,教育庁,11,501,source_label_x_official_mechanism_cooccurrence,machine_display_alias_only_not_actor_identity,none_for_source_label_aggregation__HR032_only_for_identity_or_member_crosswalk,"Bimode edge is an aggregation of official table rows, not an approved actor-resource relation."
S002PL011,一般社団法人宮古島観光協会,1,委託,1,1,1,総務部,4,12,source_label_x_official_mechanism_cooccurrence,machine_display_alias_only_not_actor_identity,none_for_source_label_aggregation__HR032_only_for_identity_or_member_crosswalk,"Bimode edge is an aggregation of official table rows, not an approved actor-resource relation."
S002PL013,社会福祉法人みやこ福祉会,1,委託,4,2,3,土木建築部;生活福祉部;総務部,4;7;17,14;135;486;489,source_label_x_official_mechanism_cooccurrence,machine_display_alias_only_not_actor_identity,none_for_source_label_aggregation__HR032_only_for_identity_or_member_crosswalk,"Bimode edge is an aggregation of official table rows, not an approved actor-resource relation."
S002PL014,宇堅福祉会,1,委託,1,1,1,総務部,7,15,source_label_x_official_mechanism_cooccurrence,machine_display_alias_only_not_actor_identity,none_for_source_label_aggregation__HR032_only_for_identity_or_member_crosswalk,"Bimode edge is an aggregation of official table rows, not an approved actor-resource relation."
S002PL015,(一社)八重山ビジターズビューロー,1,委託,1,1,1,総務部,4,16,source_label_x_official_mechanism_cooccurrence,machine_display_alias_only_not_actor_identity,none_for_source_label_aggregation__HR032_only_for_identity_or_member_crosswalk,"Bimode edge is an aggregation of official table rows, not an approved actor-resource relation."
S002PL017,公益社団法人石垣市シルバー人材センター,1,委託,2,1,1,総務部,7,19;20,source_label_x_official_mechanism_cooccurrence,machine_display_alias_only_not_actor_identity,none_for_source_label_aggregation__HR032_only_for_identity_or_member_crosswalk,"Bimode edge is an aggregation of official table rows, not an approved actor-resource relation."
S002PL018,NPO法人キャリエイト,1,委託,1,1,1,企画部,5,21,source_label_x_official_mechanism_cooccurrence,machine_display_alias_only_not_actor_identity,none_for_source_label_aggregation__HR032_only_for_identity_or_member_crosswalk,"Bimode edge is an aggregation of official table rows, not an approved actor-resource relation."
S002PL019,公益社団法人沖縄県不動産鑑定士協会,1,委託,1,1,1,企画部,16,22,source_label_x_official_mechanism_cooccurrence,machine_display_alias_only_not_actor_identity,none_for_source_label_aggregation__HR032_only_for_identity_or_member_crosswalk,"Bimode edge is an aggregation of official table rows, not an approved actor-resource relation."
S002PL020,公益財団法人沖縄県建設技術センター,1,委託,7,2,2,企画部;土木建築部,3;7;14;16,26;441;442;443;478;479;480,source_label_x_official_mechanism_cooccurrence,machine_display_alias_only_not_actor_identity,none_for_source_label_aggregation__HR032_only_for_identity_or_member_crosswalk,"Bimode edge is an aggregation of official table rows, not an approved actor-resource relation."
S002PL021,公益財団法人沖縄科学技術振興センター,1,委託,1,1,1,商工労働部,16,348,source_label_x_official_mechanism_cooccurrence,machine_display_alias_only_not_actor_identity,none_for_source_label_aggregation__HR032_only_for_identity_or_member_crosswalk,"Bimode edge is an aggregation of official table rows, not an approved actor-resource relation."
S002PL026,一般財団法人沖縄県公衆衛生協会,1,委託,1,1,1,環境部,7,40,source_label_x_official_mechanism_cooccurrence,machine_display_alias_only_not_actor_identity,none_for_source_label_aggregation__HR032_only_for_identity_or_member_crosswalk,"Bimode edge is an aggregation of official table rows, not an approved actor-resource relation."
S002PL027,公益社団法人沖縄県緑化推進委員会,1,委託,9,3,2,土木建築部;環境部,4;7;19,37;38;39;458;470;477;481;488;490,source_label_x_official_mechanism_cooccurrence,machine_display_alias_only_not_actor_identity,none_for_source_label_aggregation__HR032_only_for_identity_or_member_crosswalk,"Bimode edge is an aggregation of official table rows, not an approved actor-resource relation."
S002PL029,一般社団法人沖縄リサイクル運動市民の会,1,委託,1,1,1,環境部,7,43,source_label_x_official_mechanism_cooccurrence,machine_display_alias_only_not_actor_identity,none_for_source_label_aggregation__HR032_only_for_identity_or_member_crosswalk,"Bimode edge is an aggregation of official table rows, not an approved actor-resource relation."
S002PL038,どうぶつたちの病院沖縄・南西環境研究所・野生鳥獣対策連携センター共同企業体,1,委託,1,1,1,環境部,7,52,source_label_x_official_mechanism_cooccurrence,machine_display_alias_only_not_actor_identity,none_for_source_label_aggregation__HR032_only_for_identity_or_member_crosswalk,"Bimode edge is an aggregation of official table rows, not an approved actor-resource relation."
S002PL039,公益社団法人沖縄県獣医師会,1,委託,1,1,1,環境部,7,53,source_label_x_official_mechanism_cooccurrence,machine_display_alias_only_not_actor_identity,none_for_source_label_aggregation__HR032_only_for_identity_or_member_crosswalk,"Bimode edge is an aggregation of official table rows, not an approved actor-resource relation."
S002PL040,NPO法人どうぶつたちの病院沖縄,1,委託,1,1,1,環境部,7,54,source_label_x_official_mechanism_cooccurrence,machine_display_alias_only_not_actor_identity,none_for_source_label_aggregation__HR032_only_for_identity_or_member_crosswalk,"Bimode edge is an aggregation of official table rows, not an approved actor-resource relation."
S002PL041,日本野鳥の会やんばる支部、宮古野鳥の会、カンムリワシリサーチ,1,委託,1,1,1,環境部,7,55,source_label_x_official_mechanism_cooccurrence,machine_display_alias_only_not_actor_identity,none_for_source_label_aggregation__HR032_only_for_identity_or_member_crosswalk,"Bimode edge is an aggregation of official table rows, not an approved actor-resource relation."
S002PL044,NPO法人おきにゃあわんネットワーク,1,委託,1,1,1,環境部,7,58,source_label_x_official_mechanism_cooccurrence,machine_display_alias_only_not_actor_identity,none_for_source_label_aggregation__HR032_only_for_identity_or_member_crosswalk,"Bimode edge is an aggregation of official table rows, not an approved actor-resource relation."
S002PL046,社会福祉法人沖縄県社会福祉協議会,1,委託,10,2,3,こども未来部;保健医療介護部;生活福祉部,1;8;13,60;64;65;71;82;163;191;292;314;317,source_label_x_official_mechanism_cooccurrence,machine_display_alias_only_not_actor_identity,none_for_source_label_aggregation__HR032_only_for_identity_or_member_crosswalk,"Bimode edge is an aggregation of official table rows, not an approved actor-resource relation."
S002PL047,沖縄県社会福祉協議会,1,委託,1,1,1,生活福祉部,1,68,source_label_x_official_mechanism_cooccurrence,machine_display_alias_only_not_actor_identity,none_for_source_label_aggregation__HR032_only_for_identity_or_member_crosswalk,"Bimode edge is an aggregation of official table rows, not an approved actor-resource relation."
S002PL048,一般社団法人ADI災害研究所,1,委託,1,1,1,生活福祉部,8,72,source_label_x_official_mechanism_cooccurrence,machine_display_alias_only_not_actor_identity,none_for_source_label_aggregation__HR032_only_for_identity_or_member_crosswalk,"Bimode edge is an aggregation of official table rows, not an approved actor-resource relation."
S002PL049,特定非営利活動法人介護と福祉の調査機関おきなわ,1,委託,2,1,1,保健医療介護部,1,325;327,source_label_x_official_mechanism_cooccurrence,machine_display_alias_only_not_actor_identity,none_for_source_label_aggregation__HR032_only_for_identity_or_member_crosswalk,"Bimode edge is an aggregation of official table rows, not an approved actor-resource relation."
S002PL050,一般社団法人沖縄県社会福祉士会,1,委託,4,1,2,こども未来部;保健医療介護部,1,186;269;291;321,source_label_x_official_mechanism_cooccurrence,machine_display_alias_only_not_actor_identity,none_for_source_label_aggregation__HR032_only_for_identity_or_member_crosswalk,"Bimode edge is an aggregation of official table rows, not an approved actor-resource relation."
S002PL051,一般社団法人Kukuru,1,委託,1,1,1,生活福祉部,1,76,source_label_x_official_mechanism_cooccurrence,machine_display_alias_only_not_actor_identity,none_for_source_label_aggregation__HR032_only_for_identity_or_member_crosswalk,"Bimode edge is an aggregation of official table rows, not an approved actor-resource relation."
S002PL052,公益社団法人沖縄県看護協会,1,委託,15,1,3,こども未来部;保健医療介護部;生活福祉部,1,77;192;268;288;295;303;304;305;306;307;308;309;310;322;323,source_label_x_official_mechanism_cooccurrence,machine_display_alias_only_not_actor_identity,none_for_source_label_aggregation__HR032_only_for_identity_or_member_crosswalk,"Bimode edge is an aggregation of official table rows, not an approved actor-resource relation."
S002PL057,特定非営利活動法人沖縄県障がい者スポーツ協会,1,委託,3,1,1,生活福祉部,1,90;91;92,source_label_x_official_mechanism_cooccurrence,machine_display_alias_only_not_actor_identity,none_for_source_label_aggregation__HR032_only_for_identity_or_member_crosswalk,"Bimode edge is an aggregation of official table rows, not an approved actor-resource relation."
S002PL058,社会福祉法人沖縄県身体障害者福祉協会,1,委託,3,2,1,生活福祉部,1,93;99;128,source_label_x_official_mechanism_cooccurrence,machine_display_alias_only_not_actor_identity,none_for_source_label_aggregation__HR032_only_for_identity_or_member_crosswalk,"Bimode edge is an aggregation of official table rows, not an approved actor-resource relation."
S002PL059,公益社団法人沖縄県手をつなぐ育成会・一般社団法人沖縄県知的障害者福祉協会共同企業体,1,委託,1,1,1,生活福祉部,1,94,source_label_x_official_mechanism_cooccurrence,machine_display_alias_only_not_actor_identity,none_for_source_label_aggregation__HR032_only_for_identity_or_member_crosswalk,"Bimode edge is an aggregation of official table rows, not an approved actor-resource relation."
S002PL060,社会福祉法人若竹福祉会,1,委託,2,2,1,生活福祉部,1;17,95;133,source_label_x_official_mechanism_cooccurrence,machine_display_alias_only_not_actor_identity,none_for_source_label_aggregation__HR032_only_for_identity_or_member_crosswalk,"Bimode edge is an aggregation of official table rows, not an approved actor-resource relation."
S002PL062,公益財団法人沖縄県手をつなぐ育成会,1,委託,1,1,1,生活福祉部,1,97,source_label_x_official_mechanism_cooccurrence,machine_display_alias_only_not_actor_identity,none_for_source_label_aggregation__HR032_only_for_identity_or_member_crosswalk,"Bimode edge is an aggregation of official table rows, not an approved actor-resource relation."
S002PL063,特定非営利活動法人わくわくの会,1,委託,1,1,1,生活福祉部,1,98,source_label_x_official_mechanism_cooccurrence,machine_display_alias_only_not_actor_identity,none_for_source_label_aggregation__HR032_only_for_identity_or_member_crosswalk,"Bimode edge is an aggregation of official table rows, not an approved actor-resource relation."
S002PL064,公益社団法人沖縄県手をつなぐ育成会,1,委託,1,1,1,生活福祉部,1,100,source_label_x_official_mechanism_cooccurrence,machine_display_alias_only_not_actor_identity,none_for_source_label_aggregation__HR032_only_for_identity_or_member_crosswalk,"Bimode edge is an aggregation of official table rows, not an approved actor-resource relation."
S002PL065,特定非営利活動法人沖縄県脊髄損傷者協会,1,委託,1,1,1,生活福祉部,1,101,source_label_x_official_mechanism_cooccurrence,machine_display_alias_only_not_actor_identity,none_for_source_label_aggregation__HR032_only_for_identity_or_member_crosswalk,"Bimode edge is an aggregation of official table rows, not an approved actor-resource relation."
S002PL066,特定非営利活動法人名護市障がい者関係団体協議会,1,委託,3,1,1,生活福祉部,1,102;106;125,source_label_x_official_mechanism_cooccurrence,machine_display_alias_only_not_actor_identity,none_for_source_label_aggregation__HR032_only_for_identity_or_member_crosswalk,"Bimode edge is an aggregation of official table rows, not an approved actor-resource relation."
S002PL067,一般社団法人人文福祉会,1,委託,2,1,1,生活福祉部,1,103;107,source_label_x_official_mechanism_cooccurrence,machine_display_alias_only_not_actor_identity,none_for_source_label_aggregation__HR032_only_for_identity_or_member_crosswalk,"Bimode edge is an aggregation of official table rows, not an approved actor-resource relation."
S002PL068,特定非営利活動法人おきなわ障がい者相談支援ネットワーク,1,委託,4,1,1,生活福祉部,1,104;105;108;116,source_label_x_official_mechanism_cooccurrence,machine_display_alias_only_not_actor_identity,none_for_source_label_aggregation__HR032_only_for_identity_or_member_crosswalk,"Bimode edge is an aggregation of official table rows, not an approved actor-resource relation."
S002PL071,社会福祉法人沖縄県視覚障害者福祉協会,1,委託,1,1,1,生活福祉部,1,118,source_label_x_official_mechanism_cooccurrence,machine_display_alias_only_not_actor_identity,none_for_source_label_aggregation__HR032_only_for_identity_or_member_crosswalk,"Bimode edge is an aggregation of official table rows, not an approved actor-resource relation."
S002PL075,一般社団法人沖縄県聴覚障害者協会,1,委託,1,1,1,生活福祉部,1,117,source_label_x_official_mechanism_cooccurrence,machine_display_alias_only_not_actor_identity,none_for_source_label_aggregation__HR032_only_for_identity_or_member_crosswalk,"Bimode edge is an aggregation of official table rows, not an approved actor-resource relation."
S002PL076,一般社団法人沖縄県言語聴覚士会,1,委託,1,1,1,生活福祉部,1,119,source_label_x_official_mechanism_cooccurrence,machine_display_alias_only_not_actor_identity,none_for_source_label_aggregation__HR032_only_for_identity_or_member_crosswalk,"Bimode edge is an aggregation of official table rows, not an approved actor-resource relation."
S002PL077,国立大学法人琉球大学,1,委託,1,1,1,生活福祉部,1,120,source_label_x_official_mechanism_cooccurrence,machine_display_alias_only_not_actor_identity,none_for_source_label_aggregation__HR032_only_for_identity_or_member_crosswalk,"Bimode edge is an aggregation of official table rows, not an approved actor-resource relation."
S002PL078,社会福祉法人聴力障害者情報文化センター,1,委託,1,1,1,生活福祉部,1,121,source_label_x_official_mechanism_cooccurrence,machine_display_alias_only_not_actor_identity,none_for_source_label_aggregation__HR032_only_for_identity_or_member_crosswalk,"Bimode edge is an aggregation of official table rows, not an approved actor-resource relation."
S002PL079,一般社団法人沖縄県精神保健福祉士協会,1,委託,3,1,1,生活福祉部,1,122;129;130,source_label_x_official_mechanism_cooccurrence,machine_display_alias_only_not_actor_identity,none_for_source_label_aggregation__HR032_only_for_identity_or_member_crosswalk,"Bimode edge is an aggregation of official table rows, not an approved actor-resource relation."
S002PL080,公益財団法人沖縄県精神保健福祉会連合会,1,委託,1,1,1,生活福祉部,1,123,source_label_x_official_mechanism_cooccurrence,machine_display_alias_only_not_actor_identity,none_for_source_label_aggregation__HR032_only_for_identity_or_member_crosswalk,"Bimode edge is an aggregation of official table rows, not an approved actor-resource relation."
S002PL081,一般社団法人沖縄県作業療法士協会,1,委託,2,1,1,生活福祉部,1,124;127,source_label_x_official_mechanism_cooccurrence,machine_display_alias_only_not_actor_identity,none_for_source_label_aggregation__HR032_only_for_identity_or_member_crosswalk,"Bimode edge is an aggregation of official table rows, not an approved actor-resource relation."
S002PL082,社会福祉法人残波かりゆし会,1,委託,1,1,1,生活福祉部,1,126,source_label_x_official_mechanism_cooccurrence,machine_display_alias_only_not_actor_identity,none_for_source_label_aggregation__HR032_only_for_identity_or_member_crosswalk,"Bimode edge is an aggregation of official table rows, not an approved actor-resource relation."
S002PL083,社会福祉法人名護学院,1,委託,1,1,1,生活福祉部,17,131,source_label_x_official_mechanism_cooccurrence,machine_display_alias_only_not_actor_identity,none_for_source_label_aggregation__HR032_only_for_identity_or_member_crosswalk,"Bimode edge is an aggregation of official table rows, not an approved actor-resource relation."
S002PL084,医療法人一灯の会,1,委託,1,1,1,生活福祉部,17,132,source_label_x_official_mechanism_cooccurrence,machine_display_alias_only_not_actor_identity,none_for_source_label_aggregation__HR032_only_for_identity_or_member_crosswalk,"Bimode edge is an aggregation of official table rows, not an approved actor-resource relation."
S002PL085,医療法人陽和会,1,委託,1,1,1,生活福祉部,17,134,source_label_x_official_mechanism_cooccurrence,machine_display_alias_only_not_actor_identity,none_for_source_label_aggregation__HR032_only_for_identity_or_member_crosswalk,"Bimode edge is an aggregation of official table rows, not an approved actor-resource relation."
S002PL086,社会福祉法人わしの里,1,委託,1,1,1,生活福祉部,17,136,source_label_x_official_mechanism_cooccurrence,machine_display_alias_only_not_actor_identity,none_for_source_label_aggregation__HR032_only_for_identity_or_member_crosswalk,"Bimode edge is an aggregation of official table rows, not an approved actor-resource relation."
S002PL087,特定非営利活動法人消費者センター沖縄,1,委託,1,1,1,生活福祉部,18,137,source_label_x_official_mechanism_cooccurrence,machine_display_alias_only_not_actor_identity,none_for_source_label_aggregation__HR032_only_for_identity_or_member_crosswalk,"Bimode edge is an aggregation of official table rows, not an approved actor-resource relation."
S002PL088,特定非営利活動法人まちなか研究所わくわく,1,委託,1,1,1,生活福祉部,19,139,source_label_x_official_mechanism_cooccurrence,machine_display_alias_only_not_actor_identity,none_for_source_label_aggregation__HR032_only_for_identity_or_member_crosswalk,"Bimode edge is an aggregation of official table rows, not an approved actor-resource relation."
S002PL089,公益社団法人沖縄被害者支援ゆいセンター,1,委託,2,1,2,生活福祉部;警察本部,9,141;600,source_label_x_official_mechanism_cooccurrence,machine_display_alias_only_not_actor_identity,none_for_source_label_aggregation__HR032_only_for_identity_or_member_crosswalk,"Bimode edge is an aggregation of official table rows, not an approved actor-resource relation."
S002PL092,特定非営利活動法人侍学園スクオーラ・今人,1,委託,1,1,1,こども未来部,13,145,source_label_x_official_mechanism_cooccurrence,machine_display_alias_only_not_actor_identity,none_for_source_label_aggregation__HR032_only_for_identity_or_member_crosswalk,"Bimode edge is an aggregation of official table rows, not an approved actor-resource relation."
S002PL093,特定非営利活動法人サポートセンターゆめさき,1,委託,7,1,2,こども未来部;商工労働部,13;17,146;149;150;360;361;362;363,source_label_x_official_mechanism_cooccurrence,machine_display_alias_only_not_actor_identity,none_for_source_label_aggregation__HR032_only_for_identity_or_member_crosswalk,"Bimode edge is an aggregation of official table rows, not an approved actor-resource relation."
S002PL094,労働者協同組合ワーカーズコープ・センター事業団,1,委託,4,1,2,こども未来部;商工労働部,13;17,147;148;358;359,source_label_x_official_mechanism_cooccurrence,machine_display_alias_only_not_actor_identity,none_for_source_label_aggregation__HR032_only_for_identity_or_member_crosswalk,"Bimode edge is an aggregation of official table rows, not an approved actor-resource relation."
S002PL103,社会福祉法人袋中園,1,委託,1,1,1,こども未来部,1,164,source_label_x_official_mechanism_cooccurrence,machine_display_alias_only_not_actor_identity,none_for_source_label_aggregation__HR032_only_for_identity_or_member_crosswalk,"Bimode edge is an aggregation of official table rows, not an approved actor-resource relation."
S002PL104,特定非営利活動法人おきなわCAPセンター,1,委託,2,2,1,こども未来部,1;13,165;168,source_label_x_official_mechanism_cooccurrence,machine_display_alias_only_not_actor_identity,none_for_source_label_aggregation__HR032_only_for_identity_or_member_crosswalk,"Bimode edge is an aggregation of official table rows, not an approved actor-resource relation."
S002PL105,社会福祉法人友興会ノアーズガーデン,1,委託,1,1,1,こども未来部,1,166,source_label_x_official_mechanism_cooccurrence,machine_display_alias_only_not_actor_identity,none_for_source_label_aggregation__HR032_only_for_identity_or_member_crosswalk,"Bimode edge is an aggregation of official table rows, not an approved actor-resource relation."
S002PL106,一般社団法人日本児童相談業務評価機関,1,委託,1,1,1,こども未来部,1,167,source_label_x_official_mechanism_cooccurrence,machine_display_alias_only_not_actor_identity,none_for_source_label_aggregation__HR032_only_for_identity_or_member_crosswalk,"Bimode edge is an aggregation of official table rows, not an approved actor-resource relation."
S002PL107,認定特定非営利活動法人エンパワメントかながわ,1,委託,1,1,1,こども未来部,13,169,source_label_x_official_mechanism_cooccurrence,machine_display_alias_only_not_actor_identity,none_for_source_label_aggregation__HR032_only_for_identity_or_member_crosswalk,"Bimode edge is an aggregation of official table rows, not an approved actor-resource relation."
S002PL111,公立大学法人大阪,1,委託,1,1,1,こども未来部,13,173,source_label_x_official_mechanism_cooccurrence,machine_display_alias_only_not_actor_identity,none_for_source_label_aggregation__HR032_only_for_identity_or_member_crosswalk,"Bimode edge is an aggregation of official table rows, not an approved actor-resource relation."
S002PL112,一般社団法人大学コンソーシアム沖縄,1,委託,1,1,1,こども未来部,13,174,source_label_x_official_mechanism_cooccurrence,machine_display_alias_only_not_actor_identity,none_for_source_label_aggregation__HR032_only_for_identity_or_member_crosswalk,"Bimode edge is an aggregation of official table rows, not an approved actor-resource relation."
S002PL114,一般社団法人ある,1,委託,1,1,1,こども未来部,1,176,source_label_x_official_mechanism_cooccurrence,machine_display_alias_only_not_actor_identity,none_for_source_label_aggregation__HR032_only_for_identity_or_member_crosswalk,"Bimode edge is an aggregation of official table rows, not an approved actor-resource relation."
S002PL116,一般社団法人沖縄県里親会,1,委託,1,1,1,こども未来部,1,179,source_label_x_official_mechanism_cooccurrence,machine_display_alias_only_not_actor_identity,none_for_source_label_aggregation__HR032_only_for_identity_or_member_crosswalk,"Bimode edge is an aggregation of official table rows, not an approved actor-resource relation."
S002PL119,一般社団法人沖縄いのちにエールを贈る会,1,委託,1,1,1,こども未来部,2,185,source_label_x_official_mechanism_cooccurrence,machine_display_alias_only_not_actor_identity,none_for_source_label_aggregation__HR032_only_for_identity_or_member_crosswalk,"Bimode edge is an aggregation of official table rows, not an approved actor-resource relation."
S002PL121,社会福祉法人日本保育協会,1,委託,1,1,1,こども未来部,1,190,source_label_x_official_mechanism_cooccurrence,machine_display_alias_only_not_actor_identity,none_for_source_label_aggregation__HR032_only_for_identity_or_member_crosswalk,"Bimode edge is an aggregation of official table rows, not an approved actor-resource relation."
S002PL122,一般社団法人沖縄県助産師会,1,委託,1,1,1,こども未来部,1,193,source_label_x_official_mechanism_cooccurrence,machine_display_alias_only_not_actor_identity,none_for_source_label_aggregation__HR032_only_for_identity_or_member_crosswalk,"Bimode edge is an aggregation of official table rows, not an approved actor-resource relation."
S002PL123,公益社団法人沖縄県小児保健協会,1,委託,1,1,1,保健医療介護部,1,265,source_label_x_official_mechanism_cooccurrence,machine_display_alias_only_not_actor_identity,none_for_source_label_aggregation__HR032_only_for_identity_or_member_crosswalk,"Bimode edge is an aggregation of official table rows, not an approved actor-resource relation."
S002PL126,公益財団法人おきなわ女性財団,1,委託,3,1,1,こども未来部,1;12,197;205;206,source_label_x_official_mechanism_cooccurrence,machine_display_alias_only_not_actor_identity,none_for_source_label_aggregation__HR032_only_for_identity_or_member_crosswalk,"Bimode edge is an aggregation of official table rows, not an approved actor-resource relation."
S002PL127,公益社団法人沖縄県母子寡婦福祉連合会,1,委託,2,1,1,こども未来部,1,198;201,source_label_x_official_mechanism_cooccurrence,machine_display_alias_only_not_actor_identity,none_for_source_label_aggregation__HR032_only_for_identity_or_member_crosswalk,"Bimode edge is an aggregation of official table rows, not an approved actor-resource relation."
S002PL129,NPO法人レインボーハートokinawa,1,委託,1,1,1,こども未来部,10,204,source_label_x_official_mechanism_cooccurrence,machine_display_alias_only_not_actor_identity,none_for_source_label_aggregation__HR032_only_for_identity_or_member_crosswalk,"Bimode edge is an aggregation of official table rows, not an approved actor-resource relation."
S002PL131,公益社団法人沖縄看護協会,1,委託,3,1,1,こども未来部,1,208;209;211,source_label_x_official_mechanism_cooccurrence,machine_display_alias_only_not_actor_identity,none_for_source_label_aggregation__HR032_only_for_identity_or_member_crosswalk,"Bimode edge is an aggregation of official table rows, not an approved actor-resource relation."
S002PL132,女性を元気にする会,1,委託,1,1,1,こども未来部,12,210,source_label_x_official_mechanism_cooccurrence,machine_display_alias_only_not_actor_identity,none_for_source_label_aggregation__HR032_only_for_identity_or_member_crosswalk,"Bimode edge is an aggregation of official table rows, not an approved actor-resource relation."
S002PL133,一般社団法人沖縄県医師会,1,委託,6,2,2,こども未来部;保健医療介護部,1,212;217;222;224;255;272,source_label_x_official_mechanism_cooccurrence,machine_display_alias_only_not_actor_identity,none_for_source_label_aggregation__HR032_only_for_identity_or_member_crosswalk,"Bimode edge is an aggregation of official table rows, not an approved actor-resource relation."
S002PL134,更生保護法人がじゅまる沖縄,1,委託,1,1,1,こども未来部,1,213,source_label_x_official_mechanism_cooccurrence,machine_display_alias_only_not_actor_identity,none_for_source_label_aggregation__HR032_only_for_identity_or_member_crosswalk,"Bimode edge is an aggregation of official table rows, not an approved actor-resource relation."
S002PL135,NPO法人アンビシャス,1,委託,1,1,1,保健医療介護部,1,252,source_label_x_official_mechanism_cooccurrence,machine_display_alias_only_not_actor_identity,none_for_source_label_aggregation__HR032_only_for_identity_or_member_crosswalk,"Bimode edge is an aggregation of official table rows, not an approved actor-resource relation."
S002PL136,一般社団法人おきなわASK,1,委託,1,1,1,保健医療介護部,1,254,source_label_x_official_mechanism_cooccurrence,machine_display_alias_only_not_actor_identity,none_for_source_label_aggregation__HR032_only_for_identity_or_member_crosswalk,"Bimode edge is an aggregation of official table rows, not an approved actor-resource relation."
S002PL137,一般社団法人沖縄県医師会ほか7地区医師会,1,委託,1,1,1,保健医療介護部,1,218,source_label_x_official_mechanism_cooccurrence,machine_display_alias_only_not_actor_identity,none_for_source_label_aggregation__HR032_only_for_identity_or_member_crosswalk,"Bimode edge is an aggregation of official table rows, not an approved actor-resource relation."
S002PL138,特定非営利活動法人災害医療ACT研究所,1,委託,1,1,1,保健医療介護部,8,219,source_label_x_official_mechanism_cooccurrence,machine_display_alias_only_not_actor_identity,none_for_source_label_aggregation__HR032_only_for_identity_or_member_crosswalk,"Bimode edge is an aggregation of official table rows, not an approved actor-resource relation."
S002PL139,公益社団法人地域医療振興協会,1,委託,1,1,1,保健医療介護部,1,221,source_label_x_official_mechanism_cooccurrence,machine_display_alias_only_not_actor_identity,none_for_source_label_aggregation__HR032_only_for_identity_or_member_crosswalk,"Bimode edge is an aggregation of official table rows, not an approved actor-resource relation."
S002PL140,一般社団法人沖縄県薬剤師会,1,委託,2,2,1,保健医療介護部,1,225;289,source_label_x_official_mechanism_cooccurrence,machine_display_alias_only_not_actor_identity,none_for_source_label_aggregation__HR032_only_for_identity_or_member_crosswalk,"Bimode edge is an aggregation of official table rows, not an approved actor-resource relation."
S002PL141,公益財団法人沖縄県生活衛生営業指導センター,1,委託,1,1,1,保健医療介護部,19,230,source_label_x_official_mechanism_cooccurrence,machine_display_alias_only_not_actor_identity,none_for_source_label_aggregation__HR032_only_for_identity_or_member_crosswalk,"Bimode edge is an aggregation of official table rows, not an approved actor-resource relation."
S002PL142,沖縄県薬物乱用防止協会,1,委託,1,1,1,保健医療介護部,9,231,source_label_x_official_mechanism_cooccurrence,machine_display_alias_only_not_actor_identity,none_for_source_label_aggregation__HR032_only_for_identity_or_member_crosswalk,"Bimode edge is an aggregation of official table rows, not an approved actor-resource relation."
S002PL143,一般財団法人沖縄県薬剤師会,1,委託,1,1,1,保健医療介護部,1,232,source_label_x_official_mechanism_cooccurrence,machine_display_alias_only_not_actor_identity,none_for_source_label_aggregation__HR032_only_for_identity_or_member_crosswalk,"Bimode edge is an aggregation of official table rows, not an approved actor-resource relation."
S002PL144,NPO法人すこやかネット,1,委託,1,1,1,保健医療介護部,7,234,source_label_x_official_mechanism_cooccurrence,machine_display_alias_only_not_actor_identity,none_for_source_label_aggregation__HR032_only_for_identity_or_member_crosswalk,"Bimode edge is an aggregation of official table rows, not an approved actor-resource relation."
S002PL145,一般財団法人沖縄美ら島財団,1,委託,1,1,1,土木建築部,4,494,source_label_x_official_mechanism_cooccurrence,machine_display_alias_only_not_actor_identity,none_for_source_label_aggregation__HR032_only_for_identity_or_member_crosswalk,"Bimode edge is an aggregation of official table rows, not an approved actor-resource relation."
S002PL147,一般社団法人沖縄県公認心理師協会,1,委託,3,1,2,保健医療介護部;教育庁,1,238;511;512,source_label_x_official_mechanism_cooccurrence,machine_display_alias_only_not_actor_identity,none_for_source_label_aggregation__HR032_only_for_identity_or_member_crosswalk,"Bimode edge is an aggregation of official table rows, not an approved actor-resource relation."
S002PL148,一般社団法人日本産業カウンセラー協会沖縄支部,1,委託,1,1,1,保健医療介護部,1,239,source_label_x_official_mechanism_cooccurrence,machine_display_alias_only_not_actor_identity,none_for_source_label_aggregation__HR032_only_for_identity_or_member_crosswalk,"Bimode edge is an aggregation of official table rows, not an approved actor-resource relation."
S002PL149,NPO法人はじめました。,1,委託,1,1,1,保健医療介護部,1,240,source_label_x_official_mechanism_cooccurrence,machine_display_alias_only_not_actor_identity,none_for_source_label_aggregation__HR032_only_for_identity_or_member_crosswalk,"Bimode edge is an aggregation of official table rows, not an approved actor-resource relation."
S002PL151,一般社団法人那覇市医師会,1,委託,1,1,1,教育庁,1,506,source_label_x_official_mechanism_cooccurrence,machine_display_alias_only_not_actor_identity,none_for_source_label_aggregation__HR032_only_for_identity_or_member_crosswalk,"Bimode edge is an aggregation of official table rows, not an approved actor-resource relation."
S002PL152,医療法人タピック沖縄リハビリテーションセンター病院,1,委託,1,1,1,保健医療介護部,1,243,source_label_x_official_mechanism_cooccurrence,machine_display_alias_only_not_actor_identity,none_for_source_label_aggregation__HR032_only_for_identity_or_member_crosswalk,"Bimode edge is an aggregation of official table rows, not an approved actor-resource relation."
S002PL153,沖縄県医療生活協同組合沖縄協同病院,1,委託,1,1,1,保健医療介護部,1,244,source_label_x_official_mechanism_cooccurrence,machine_display_alias_only_not_actor_identity,none_for_source_label_aggregation__HR032_only_for_identity_or_member_crosswalk,"Bimode edge is an aggregation of official table rows, not an approved actor-resource relation."
S002PL154,(公財)沖縄県保健医療福祉事業団,1,委託,1,1,1,保健医療介護部,1,245,source_label_x_official_mechanism_cooccurrence,machine_display_alias_only_not_actor_identity,none_for_source_label_aggregation__HR032_only_for_identity_or_member_crosswalk,"Bimode edge is an aggregation of official table rows, not an approved actor-resource relation."
S002PL156,一般財団法人沖縄県精神保健福祉協会,1,委託,1,1,1,保健医療介護部,1,247,source_label_x_official_mechanism_cooccurrence,machine_display_alias_only_not_actor_identity,none_for_source_label_aggregation__HR032_only_for_identity_or_member_crosswalk,"Bimode edge is an aggregation of official table rows, not an approved actor-resource relation."
S002PL157,沖縄県精神科病院協会,1,委託,1,1,1,保健医療介護部,1,248,source_label_x_official_mechanism_cooccurrence,machine_display_alias_only_not_actor_identity,none_for_source_label_aggregation__HR032_only_for_identity_or_member_crosswalk,"Bimode edge is an aggregation of official table rows, not an approved actor-resource relation."
S002PL158,nankr沖縄,1,委託,1,1,1,保健医療介護部,1,250,source_label_x_official_mechanism_cooccurrence,machine_display_alias_only_not_actor_identity,none_for_source_label_aggregation__HR032_only_for_identity_or_member_crosswalk,"Bimode edge is an aggregation of official table rows, not an approved actor-resource relation."
S002PL160,一般社団法人沖縄県食品衛生協会,1,委託,1,1,1,保健医療介護部,1,256,source_label_x_official_mechanism_cooccurrence,machine_display_alias_only_not_actor_identity,none_for_source_label_aggregation__HR032_only_for_identity_or_member_crosswalk,"Bimode edge is an aggregation of official table rows, not an approved actor-resource relation."
S002PL161,沖縄県食生活改善推進員連絡協議会,1,委託,1,1,1,保健医療介護部,1,257,source_label_x_official_mechanism_cooccurrence,machine_display_alias_only_not_actor_identity,none_for_source_label_aggregation__HR032_only_for_identity_or_member_crosswalk,"Bimode edge is an aggregation of official table rows, not an approved actor-resource relation."
S002PL162,一般社団法人沖縄県歯科医師会,1,委託,4,2,1,保健医療介護部,1,266;267;274;290,source_label_x_official_mechanism_cooccurrence,machine_display_alias_only_not_actor_identity,none_for_source_label_aggregation__HR032_only_for_identity_or_member_crosswalk,"Bimode edge is an aggregation of official table rows, not an approved actor-resource relation."
S002PL165,一般社団法人沖縄県歯科衛生士会,1,委託,2,1,1,保健医療介護部,1,263;264,source_label_x_official_mechanism_cooccurrence,machine_display_alias_only_not_actor_identity,none_for_source_label_aggregation__HR032_only_for_identity_or_member_crosswalk,"Bimode edge is an aggregation of official table rows, not an approved actor-resource relation."
S002PL166,特定非営利活動法人全国コミュニティーライフサポートセンター,1,委託,1,1,1,保健医療介護部,1,270,source_label_x_official_mechanism_cooccurrence,machine_display_alias_only_not_actor_identity,none_for_source_label_aggregation__HR032_only_for_identity_or_member_crosswalk,"Bimode edge is an aggregation of official table rows, not an approved actor-resource relation."
S002PL168,一般社団法人沖縄県医療ソーシャルワーカー協会,1,委託,1,1,1,保健医療介護部,1,273,source_label_x_official_mechanism_cooccurrence,machine_display_alias_only_not_actor_identity,none_for_source_label_aggregation__HR032_only_for_identity_or_member_crosswalk,"Bimode edge is an aggregation of official table rows, not an approved actor-resource relation."
S002PL169,公益社団法人沖縄県理学療法士協会,1,委託,2,1,1,保健医療介護部,1,275;276,source_label_x_official_mechanism_cooccurrence,machine_display_alias_only_not_actor_identity,none_for_source_label_aggregation__HR032_only_for_identity_or_member_crosswalk,"Bimode edge is an aggregation of official table rows, not an approved actor-resource relation."
S002PL170,一般社団法人沖縄県リハビリテーション専門職協会,1,委託,1,1,1,保健医療介護部,1,277,source_label_x_official_mechanism_cooccurrence,machine_display_alias_only_not_actor_identity,none_for_source_label_aggregation__HR032_only_for_identity_or_member_crosswalk,"Bimode edge is an aggregation of official table rows, not an approved actor-resource relation."
S002PL171,国立大学法人琉球大学琉球大学病院,1,委託,2,1,1,保健医療介護部,1,278;296,source_label_x_official_mechanism_cooccurrence,machine_display_alias_only_not_actor_identity,none_for_source_label_aggregation__HR032_only_for_identity_or_member_crosswalk,"Bimode edge is an aggregation of official table rows, not an approved actor-resource relation."
S002PL172,医療法人タピック宮里病院,1,委託,1,1,1,保健医療介護部,1,279,source_label_x_official_mechanism_cooccurrence,machine_display_alias_only_not_actor_identity,none_for_source_label_aggregation__HR032_only_for_identity_or_member_crosswalk,"Bimode edge is an aggregation of official table rows, not an approved actor-resource relation."
S002PL173,医療法人タピック沖縄リハビリテーション病院,1,委託,1,1,1,保健医療介護部,1,280,source_label_x_official_mechanism_cooccurrence,machine_display_alias_only_not_actor_identity,none_for_source_label_aggregation__HR032_only_for_identity_or_member_crosswalk,"Bimode edge is an aggregation of official table rows, not an approved actor-resource relation."
S002PL174,医療法人社団輔仁会嬉野が丘サマリヤ人病院,1,委託,1,1,1,保健医療介護部,1,281,source_label_x_official_mechanism_cooccurrence,machine_display_alias_only_not_actor_identity,none_for_source_label_aggregation__HR032_only_for_identity_or_member_crosswalk,"Bimode edge is an aggregation of official table rows, not an approved actor-resource relation."
S002PL175,医療法人天仁会天久台病院,1,委託,1,1,1,保健医療介護部,1,282,source_label_x_official_mechanism_cooccurrence,machine_display_alias_only_not_actor_identity,none_for_source_label_aggregation__HR032_only_for_identity_or_member_crosswalk,"Bimode edge is an aggregation of official table rows, not an approved actor-resource relation."
S002PL176,医療法人たぶの木うむやすみゃあす・ん診療所,1,委託,1,1,1,保健医療介護部,1,283,source_label_x_official_mechanism_cooccurrence,machine_display_alias_only_not_actor_identity,none_for_source_label_aggregation__HR032_only_for_identity_or_member_crosswalk,"Bimode edge is an aggregation of official table rows, not an approved actor-resource relation."
S002PL177,特定医療法人アガペ会,1,委託,1,1,1,保健医療介護部,1,284,source_label_x_official_mechanism_cooccurrence,machine_display_alias_only_not_actor_identity,none_for_source_label_aggregation__HR032_only_for_identity_or_member_crosswalk,"Bimode edge is an aggregation of official table rows, not an approved actor-resource relation."
S002PL178,国立研究開発法人国立長寿医療研究センター,1,委託,2,1,1,保健医療介護部,1,285;286,source_label_x_official_mechanism_cooccurrence,machine_display_alias_only_not_actor_identity,none_for_source_label_aggregation__HR032_only_for_identity_or_member_crosswalk,"Bimode edge is an aggregation of official table rows, not an approved actor-resource relation."
S002PL179,社会福祉法人浴風会認知症介護研究・研修東京センター,1,委託,2,1,1,保健医療介護部,1,287;297,source_label_x_official_mechanism_cooccurrence,machine_display_alias_only_not_actor_identity,none_for_source_label_aggregation__HR032_only_for_identity_or_member_crosswalk,"Bimode edge is an aggregation of official table rows, not an approved actor-resource relation."
S002PL186,公益社団法人豊見城市シルバー人材センター,1,委託,1,1,1,保健医療介護部,7,311,source_label_x_official_mechanism_cooccurrence,machine_display_alias_only_not_actor_identity,none_for_source_label_aggregation__HR032_only_for_identity_or_member_crosswalk,"Bimode edge is an aggregation of official table rows, not an approved actor-resource relation."
S002PL188,一般社団法人沖縄県介護支援専門員協会,1,委託,4,1,1,保健医療介護部,1,315;316;318;332,source_label_x_official_mechanism_cooccurrence,machine_display_alias_only_not_actor_identity,none_for_source_label_aggregation__HR032_only_for_identity_or_member_crosswalk,"Bimode edge is an aggregation of official table rows, not an approved actor-resource relation."
S002PL189,一般財団法人福祉サービス評価機構,1,委託,2,1,1,保健医療介護部,1,319;324,source_label_x_official_mechanism_cooccurrence,machine_display_alias_only_not_actor_identity,none_for_source_label_aggregation__HR032_only_for_identity_or_member_crosswalk,"Bimode edge is an aggregation of official table rows, not an approved actor-resource relation."
S002PL190,公益財団法人介護労働安定センター沖縄支部,1,委託,2,1,1,保健医療介護部,1,320;331,source_label_x_official_mechanism_cooccurrence,machine_display_alias_only_not_actor_identity,none_for_source_label_aggregation__HR032_only_for_identity_or_member_crosswalk,"Bimode edge is an aggregation of official table rows, not an approved actor-resource relation."
S002PL191,公益社団法人日本看護協会,1,委託,1,1,1,保健医療介護部,1,326,source_label_x_official_mechanism_cooccurrence,machine_display_alias_only_not_actor_identity,none_for_source_label_aggregation__HR032_only_for_identity_or_member_crosswalk,"Bimode edge is an aggregation of official table rows, not an approved actor-resource relation."
S002PL192,一般社団法人沖縄県中小企業診断士協会,1,委託,1,1,1,保健医療介護部,16,328,source_label_x_official_mechanism_cooccurrence,machine_display_alias_only_not_actor_identity,none_for_source_label_aggregation__HR032_only_for_identity_or_member_crosswalk,"Bimode edge is an aggregation of official table rows, not an approved actor-resource relation."
S002PL193,一般社団法人沖縄県介護福祉士会,1,委託,1,1,1,保健医療介護部,1,329,source_label_x_official_mechanism_cooccurrence,machine_display_alias_only_not_actor_identity,none_for_source_label_aggregation__HR032_only_for_identity_or_member_crosswalk,"Bimode edge is an aggregation of official table rows, not an approved actor-resource relation."
S002PL194,学校法人大庭学園,1,委託,1,1,1,保健医療介護部,1,330,source_label_x_official_mechanism_cooccurrence,machine_display_alias_only_not_actor_identity,none_for_source_label_aggregation__HR032_only_for_identity_or_member_crosswalk,"Bimode edge is an aggregation of official table rows, not an approved actor-resource relation."
S002PL196,公益社団法人名護市シルバー人材センター,1,委託,2,2,2,保健医療介護部;土木建築部,3;7,334;469,source_label_x_official_mechanism_cooccurrence,machine_display_alias_only_not_actor_identity,none_for_source_label_aggregation__HR032_only_for_identity_or_member_crosswalk,"Bimode edge is an aggregation of official table rows, not an approved actor-resource relation."
S002PL197,公益財団法人沖縄県農業振興公社,1,委託,2,1,1,農林水産部,5;17,335;338,source_label_x_official_mechanism_cooccurrence,machine_display_alias_only_not_actor_identity,none_for_source_label_aggregation__HR032_only_for_identity_or_member_crosswalk,"Bimode edge is an aggregation of official table rows, not an approved actor-resource relation."
S002PL198,沖縄県植物防疫協会,1,委託,1,1,1,農林水産部,5,339,source_label_x_official_mechanism_cooccurrence,machine_display_alias_only_not_actor_identity,none_for_source_label_aggregation__HR032_only_for_identity_or_member_crosswalk,"Bimode edge is an aggregation of official table rows, not an approved actor-resource relation."
S002PL200,一般財団法人沖縄県水産公社,1,委託,2,1,1,農林水産部,16,341;342,source_label_x_official_mechanism_cooccurrence,machine_display_alias_only_not_actor_identity,none_for_source_label_aggregation__HR032_only_for_identity_or_member_crosswalk,"Bimode edge is an aggregation of official table rows, not an approved actor-resource relation."
S002PL201,一般社団法人沖縄県漁業無線協会,1,委託,3,1,1,農林水産部,9,343;344;345,source_label_x_official_mechanism_cooccurrence,machine_display_alias_only_not_actor_identity,none_for_source_label_aggregation__HR032_only_for_identity_or_member_crosswalk,"Bimode edge is an aggregation of official table rows, not an approved actor-resource relation."
S002PL204,一般財団法人地方自治体公民連携研究財団,1,委託,1,1,1,商工労働部,16,349,source_label_x_official_mechanism_cooccurrence,machine_display_alias_only_not_actor_identity,none_for_source_label_aggregation__HR032_only_for_identity_or_member_crosswalk,"Bimode edge is an aggregation of official table rows, not an approved actor-resource relation."
S002PL205,一般社団法人沖縄健康産業協議会,1,委託,1,1,1,商工労働部,16,350,source_label_x_official_mechanism_cooccurrence,machine_display_alias_only_not_actor_identity,none_for_source_label_aggregation__HR032_only_for_identity_or_member_crosswalk,"Bimode edge is an aggregation of official table rows, not an approved actor-resource relation."
S002PL208,(公財)沖縄県労働福祉基金協会,1,委託,2,1,1,商工労働部,17,356;357,source_label_x_official_mechanism_cooccurrence,machine_display_alias_only_not_actor_identity,none_for_source_label_aggregation__HR032_only_for_identity_or_member_crosswalk,"Bimode edge is an aggregation of official table rows, not an approved actor-resource relation."
S002PL215,(一財)沖縄観光コンベンションビューロー,1,委託,4,1,1,文化観光スポーツ部,4,372;373;378;379,source_label_x_official_mechanism_cooccurrence,machine_display_alias_only_not_actor_identity,none_for_source_label_aggregation__HR032_only_for_identity_or_member_crosswalk,"Bimode edge is an aggregation of official table rows, not an approved actor-resource relation."
S002PL216,観光事業者収益力向上サポートコンソーシアム((一財)沖縄観光コンベンションビューロー、(一財)沖縄ITイノベーション戦略センター)※共同企業体,1,委託,1,1,1,文化観光スポーツ部,4,374,source_label_x_official_mechanism_cooccurrence,machine_display_alias_only_not_actor_identity,none_for_source_label_aggregation__HR032_only_for_identity_or_member_crosswalk,"Bimode edge is an aggregation of official table rows, not an approved actor-resource relation."
S002PL218,一般財団法人沖縄観光コンベンションビューロー,1,委託,4,1,1,文化観光スポーツ部,4,376;380;381;383,source_label_x_official_mechanism_cooccurrence,machine_display_alias_only_not_actor_identity,none_for_source_label_aggregation__HR032_only_for_identity_or_member_crosswalk,"Bimode edge is an aggregation of official table rows, not an approved actor-resource relation."
S002PL219,公益財団法人沖縄県産業振興公社,1,委託,2,1,1,文化観光スポーツ部,4,382;384,source_label_x_official_mechanism_cooccurrence,machine_display_alias_only_not_actor_identity,none_for_source_label_aggregation__HR032_only_for_identity_or_member_crosswalk,"Bimode edge is an aggregation of official table rows, not an approved actor-resource relation."
S002PL220,公益社団法人西原町シルバー人材センター,1,委託,1,1,1,文化観光スポーツ部,7,385,source_label_x_official_mechanism_cooccurrence,machine_display_alias_only_not_actor_identity,none_for_source_label_aggregation__HR032_only_for_identity_or_member_crosswalk,"Bimode edge is an aggregation of official table rows, not an approved actor-resource relation."
S002PL221,公益財団法人沖縄県文化振興会,1,委託,2,1,1,文化観光スポーツ部,4;6,386;409,source_label_x_official_mechanism_cooccurrence,machine_display_alias_only_not_actor_identity,none_for_source_label_aggregation__HR032_only_for_identity_or_member_crosswalk,"Bimode edge is an aggregation of official table rows, not an approved actor-resource relation."
S002PL243,特定非営利法人琉球交響楽団,1,委託,1,1,1,文化観光スポーツ部,6,408,source_label_x_official_mechanism_cooccurrence,machine_display_alias_only_not_actor_identity,none_for_source_label_aggregation__HR032_only_for_identity_or_member_crosswalk,"Bimode edge is an aggregation of official table rows, not an approved actor-resource relation."
S002PL244,公益財団法人国立劇場おきなわ運営財団,1,委託,1,1,1,文化観光スポーツ部,6,410,source_label_x_official_mechanism_cooccurrence,machine_display_alias_only_not_actor_identity,none_for_source_label_aggregation__HR032_only_for_identity_or_member_crosswalk,"Bimode edge is an aggregation of official table rows, not an approved actor-resource relation."
S002PL245,一般社団法人沖縄伝統空手道振興会,1,委託,7,1,1,文化観光スポーツ部,6,411;413;414;415;416;417;418,source_label_x_official_mechanism_cooccurrence,machine_display_alias_only_not_actor_identity,none_for_source_label_aggregation__HR032_only_for_identity_or_member_crosswalk,"Bimode edge is an aggregation of official table rows, not an approved actor-resource relation."
S002PL253,公益財団法人沖縄県スポーツ協会,1,委託,2,1,1,文化観光スポーツ部,6,427;428,source_label_x_official_mechanism_cooccurrence,machine_display_alias_only_not_actor_identity,none_for_source_label_aggregation__HR032_only_for_identity_or_member_crosswalk,"Bimode edge is an aggregation of official table rows, not an approved actor-resource relation."
S002PL254,沖縄県レクリエーション協会,1,委託,1,1,1,文化観光スポーツ部,6,429,source_label_x_official_mechanism_cooccurrence,machine_display_alias_only_not_actor_identity,none_for_source_label_aggregation__HR032_only_for_identity_or_member_crosswalk,"Bimode edge is an aggregation of official table rows, not an approved actor-resource relation."
S002PL255,特定非営利活動法人沖縄NGOセンター,1,委託,1,1,1,文化観光スポーツ部,11,431,source_label_x_official_mechanism_cooccurrence,machine_display_alias_only_not_actor_identity,none_for_source_label_aggregation__HR032_only_for_identity_or_member_crosswalk,"Bimode edge is an aggregation of official table rows, not an approved actor-resource relation."
S002PL257,一般社団法人世界若者ウチナーンチュ連合会,1,委託,1,1,1,文化観光スポーツ部,11,433,source_label_x_official_mechanism_cooccurrence,machine_display_alias_only_not_actor_identity,none_for_source_label_aggregation__HR032_only_for_identity_or_member_crosswalk,"Bimode edge is an aggregation of official table rows, not an approved actor-resource relation."
S002PL258,Team OKIYUA(株)沖縄映像センター、(一社)世界若者ウチナーンチュ連合会,1,委託,1,1,1,文化観光スポーツ部,11,434,source_label_x_official_mechanism_cooccurrence,machine_display_alias_only_not_actor_identity,none_for_source_label_aggregation__HR032_only_for_identity_or_member_crosswalk,"Bimode edge is an aggregation of official table rows, not an approved actor-resource relation."
S002PL263,一般財団法人経済調査会,1,委託,5,1,1,土木建築部,3;14,439;440;447;453;454,source_label_x_official_mechanism_cooccurrence,machine_display_alias_only_not_actor_identity,none_for_source_label_aggregation__HR032_only_for_identity_or_member_crosswalk,"Bimode edge is an aggregation of official table rows, not an approved actor-resource relation."
S002PL264,一般財団法人日本建設情報総合センター,1,委託,2,1,1,土木建築部,14,444;446,source_label_x_official_mechanism_cooccurrence,machine_display_alias_only_not_actor_identity,none_for_source_label_aggregation__HR032_only_for_identity_or_member_crosswalk,"Bimode edge is an aggregation of official table rows, not an approved actor-resource relation."
S002PL265,一般財団法人建築コスト管理システム研究所,1,委託,1,1,1,土木建築部,14,445,source_label_x_official_mechanism_cooccurrence,machine_display_alias_only_not_actor_identity,none_for_source_label_aggregation__HR032_only_for_identity_or_member_crosswalk,"Bimode edge is an aggregation of official table rows, not an approved actor-resource relation."
S002PL266,一般財団法人建設物価調査会,1,委託,1,1,1,土木建築部,14,448,source_label_x_official_mechanism_cooccurrence,machine_display_alias_only_not_actor_identity,none_for_source_label_aggregation__HR032_only_for_identity_or_member_crosswalk,"Bimode edge is an aggregation of official table rows, not an approved actor-resource relation."
S002PL267,一般財団法人建設業情報管理センター,1,委託,2,1,1,土木建築部,16,450;451,source_label_x_official_mechanism_cooccurrence,machine_display_alias_only_not_actor_identity,none_for_source_label_aggregation__HR032_only_for_identity_or_member_crosswalk,"Bimode edge is an aggregation of official table rows, not an approved actor-resource relation."
S002PL269,特定非営利活動法人蒸暑地域住まいの研究会,1,委託,1,1,1,土木建築部,7,459,source_label_x_official_mechanism_cooccurrence,machine_display_alias_only_not_actor_identity,none_for_source_label_aggregation__HR032_only_for_identity_or_member_crosswalk,"Bimode edge is an aggregation of official table rows, not an approved actor-resource relation."
S002PL271,公益社団法人沖縄県建築士会,1,委託,1,1,1,土木建築部,8,461,source_label_x_official_mechanism_cooccurrence,machine_display_alias_only_not_actor_identity,none_for_source_label_aggregation__HR032_only_for_identity_or_member_crosswalk,"Bimode edge is an aggregation of official table rows, not an approved actor-resource relation."
S002PL272,公益社団法人沖縄県宅地建物取引業協会,1,委託,1,1,1,土木建築部,18,462,source_label_x_official_mechanism_cooccurrence,machine_display_alias_only_not_actor_identity,none_for_source_label_aggregation__HR032_only_for_identity_or_member_crosswalk,"Bimode edge is an aggregation of official table rows, not an approved actor-resource relation."
S002PL273,公益社団法人全日本不動産協会沖縄県本部,1,委託,1,1,1,土木建築部,18,463,source_label_x_official_mechanism_cooccurrence,machine_display_alias_only_not_actor_identity,none_for_source_label_aggregation__HR032_only_for_identity_or_member_crosswalk,"Bimode edge is an aggregation of official table rows, not an approved actor-resource relation."
S002PL274,特定非営利活動法人首里まちづくり研究会,1,委託,1,1,1,土木建築部,3,464,source_label_x_official_mechanism_cooccurrence,machine_display_alias_only_not_actor_identity,none_for_source_label_aggregation__HR032_only_for_identity_or_member_crosswalk,"Bimode edge is an aggregation of official table rows, not an approved actor-resource relation."
S002PL276,社会福祉法人豊饒会,1,委託,2,1,1,土木建築部,3,468;471,source_label_x_official_mechanism_cooccurrence,machine_display_alias_only_not_actor_identity,none_for_source_label_aggregation__HR032_only_for_identity_or_member_crosswalk,"Bimode edge is an aggregation of official table rows, not an approved actor-resource relation."
S002PL277,公益社団法人沖縄市シルバー人材センター,1,委託,3,1,1,土木建築部,17,472;474;476,source_label_x_official_mechanism_cooccurrence,machine_display_alias_only_not_actor_identity,none_for_source_label_aggregation__HR032_only_for_identity_or_member_crosswalk,"Bimode edge is an aggregation of official table rows, not an approved actor-resource relation."
S002PL278,(公社)西原町シルバー人材センター,1,委託,1,1,1,土木建築部,17,473,source_label_x_official_mechanism_cooccurrence,machine_display_alias_only_not_actor_identity,none_for_source_label_aggregation__HR032_only_for_identity_or_member_crosswalk,"Bimode edge is an aggregation of official table rows, not an approved actor-resource relation."
S002PL279,公益社団法人うるま市シルバー人材センター,1,委託,1,1,1,土木建築部,17,475,source_label_x_official_mechanism_cooccurrence,machine_display_alias_only_not_actor_identity,none_for_source_label_aggregation__HR032_only_for_identity_or_member_crosswalk,"Bimode edge is an aggregation of official table rows, not an approved actor-resource relation."
S002PL280,一般財団法人沖縄県セルプセンター,1,委託,1,1,1,土木建築部,7,482,source_label_x_official_mechanism_cooccurrence,machine_display_alias_only_not_actor_identity,none_for_source_label_aggregation__HR032_only_for_identity_or_member_crosswalk,"Bimode edge is an aggregation of official table rows, not an approved actor-resource relation."
S002PL281,(公社)那覇市シルバー人材センター,1,委託,1,1,1,土木建築部,17,483,source_label_x_official_mechanism_cooccurrence,machine_display_alias_only_not_actor_identity,none_for_source_label_aggregation__HR032_only_for_identity_or_member_crosswalk,"Bimode edge is an aggregation of official table rows, not an approved actor-resource relation."
S002PL282,同上,1,委託,1,1,1,土木建築部,17,484,source_label_x_official_mechanism_cooccurrence,machine_display_alias_only_not_actor_identity,none_for_source_label_aggregation__HR032_only_for_identity_or_member_crosswalk,"Bimode edge is an aggregation of official table rows, not an approved actor-resource relation."
S002PL283,特定非営利活動法人マーズ,1,委託,1,1,1,土木建築部,4,485,source_label_x_official_mechanism_cooccurrence,machine_display_alias_only_not_actor_identity,none_for_source_label_aggregation__HR032_only_for_identity_or_member_crosswalk,"Bimode edge is an aggregation of official table rows, not an approved actor-resource relation."
S002PL284,公益社団法人宮古島市シルバー人材センター,1,委託,1,1,1,土木建築部,4,487,source_label_x_official_mechanism_cooccurrence,machine_display_alias_only_not_actor_identity,none_for_source_label_aggregation__HR032_only_for_identity_or_member_crosswalk,"Bimode edge is an aggregation of official table rows, not an approved actor-resource relation."
S002PL285,(福)基督教児童福祉会愛隣園,1,委託,1,1,1,県議会事務局,7,497,source_label_x_official_mechanism_cooccurrence,machine_display_alias_only_not_actor_identity,none_for_source_label_aggregation__HR032_only_for_identity_or_member_crosswalk,"Bimode edge is an aggregation of official table rows, not an approved actor-resource relation."
S002PL288,公立学校共済組合,1,委託,3,1,1,教育庁,1,503;504;513,source_label_x_official_mechanism_cooccurrence,machine_display_alias_only_not_actor_identity,none_for_source_label_aggregation__HR032_only_for_identity_or_member_crosswalk,"Bimode edge is an aggregation of official table rows, not an approved actor-resource relation."
S002PL289,一般財団法人沖縄県健康づくり財団,1,委託,1,1,1,教育庁,1,505,source_label_x_official_mechanism_cooccurrence,machine_display_alias_only_not_actor_identity,none_for_source_label_aggregation__HR032_only_for_identity_or_member_crosswalk,"Bimode edge is an aggregation of official table rows, not an approved actor-resource relation."
S002PL290,一般社団法人中部地区医師会,1,委託,1,1,1,教育庁,1,507,source_label_x_official_mechanism_cooccurrence,machine_display_alias_only_not_actor_identity,none_for_source_label_aggregation__HR032_only_for_identity_or_member_crosswalk,"Bimode edge is an aggregation of official table rows, not an approved actor-resource relation."
S002PL291,社会医療法人かりゆし会,1,委託,1,1,1,教育庁,1,508,source_label_x_official_mechanism_cooccurrence,machine_display_alias_only_not_actor_identity,none_for_source_label_aggregation__HR032_only_for_identity_or_member_crosswalk,"Bimode edge is an aggregation of official table rows, not an approved actor-resource relation."
S002PL292,医療法人徳州会宮古島徳州会病院,1,委託,1,1,1,教育庁,1,509,source_label_x_official_mechanism_cooccurrence,machine_display_alias_only_not_actor_identity,none_for_source_label_aggregation__HR032_only_for_identity_or_member_crosswalk,"Bimode edge is an aggregation of official table rows, not an approved actor-resource relation."
S002PL293,医療法人徳州会石垣島徳州会病院,1,委託,1,1,1,教育庁,1,510,source_label_x_official_mechanism_cooccurrence,machine_display_alias_only_not_actor_identity,none_for_source_label_aggregation__HR032_only_for_identity_or_member_crosswalk,"Bimode edge is an aggregation of official table rows, not an approved actor-resource relation."
S002PL335,世界若者ウチナーンチュ連合会,1,委託,1,1,1,教育庁,11,571,source_label_x_official_mechanism_cooccurrence,machine_display_alias_only_not_actor_identity,none_for_source_label_aggregation__HR032_only_for_identity_or_member_crosswalk,"Bimode edge is an aggregation of official table rows, not an approved actor-resource relation."
S002PL362,一般財団法人沖縄マリンレジャーセイフティービューロー,1,委託,3,1,1,警察本部,9,611;612;613,source_label_x_official_mechanism_cooccurrence,machine_display_alias_only_not_actor_identity,none_for_source_label_aggregation__HR032_only_for_identity_or_member_crosswalk,"Bimode edge is an aggregation of official table rows, not an approved actor-resource relation."
S002PL363,公益財団法人暴力団追放沖縄県民会議,1,委託,1,1,1,警察本部,9,614,source_label_x_official_mechanism_cooccurrence,machine_display_alias_only_not_actor_identity,none_for_source_label_aggregation__HR032_only_for_identity_or_member_crosswalk,"Bimode edge is an aggregation of official table rows, not an approved actor-resource relation."
S002PL001,新外交イニシアティブ,2,提案型公募による委託,1,1,1,知事公室,10,1,source_label_x_official_mechanism_cooccurrence,machine_display_alias_only_not_actor_identity,none_for_source_label_aggregation__HR032_only_for_identity_or_member_crosswalk,"Bimode edge is an aggregation of official table rows, not an approved actor-resource relation."
S002PL010,特定非営利活動法人沖縄平和協力センター,2,提案型公募による委託,2,1,1,知事公室,10,10;11,source_label_x_official_mechanism_cooccurrence,machine_display_alias_only_not_actor_identity,none_for_source_label_aggregation__HR032_only_for_identity_or_member_crosswalk,"Bimode edge is an aggregation of official table rows, not an approved actor-resource relation."
S002PL021,公益財団法人沖縄科学技術振興センター,2,提案型公募による委託,4,1,1,企画部,15,27;33;34;35,source_label_x_official_mechanism_cooccurrence,machine_display_alias_only_not_actor_identity,none_for_source_label_aggregation__HR032_only_for_identity_or_member_crosswalk,"Bimode edge is an aggregation of official table rows, not an approved actor-resource relation."
S002PL022,学校法人沖縄科学技術大学院大学学園,2,提案型公募による委託,2,1,1,企画部,15,28;29,source_label_x_official_mechanism_cooccurrence,machine_display_alias_only_not_actor_identity,none_for_source_label_aggregation__HR032_only_for_identity_or_member_crosswalk,"Bimode edge is an aggregation of official table rows, not an approved actor-resource relation."
S002PL023,SDGs×沖縄天然資源:ウイルスや原虫に対する創薬研究および食品・水産業への展開事業共同企業体※「一般社団法人トロピカルテクノプラス」を含む,2,提案型公募による委託,1,1,1,企画部,15,30,source_label_x_official_mechanism_cooccurrence,machine_display_alias_only_not_actor_identity,none_for_source_label_aggregation__HR032_only_for_identity_or_member_crosswalk,"Bimode edge is an aggregation of official table rows, not an approved actor-resource relation."
S002PL024,沖縄県の発注に係る沖縄イノベーション・エコシステム共同研究推進事業受託共同企業体※「一般財団法人沖縄県環境科学センター」及び「学校法人沖縄科学技術大学院大学学園」で構成,2,提案型公募による委託,1,1,1,企画部,15,31,source_label_x_official_mechanism_cooccurrence,machine_display_alias_only_not_actor_identity,none_for_source_label_aggregation__HR032_only_for_identity_or_member_crosswalk,"Bimode edge is an aggregation of official table rows, not an approved actor-resource relation."
S002PL025,一般財団法人南西地域産業活性化センター,2,提案型公募による委託,1,1,1,企画部,15,32,source_label_x_official_mechanism_cooccurrence,machine_display_alias_only_not_actor_identity,none_for_source_label_aggregation__HR032_only_for_identity_or_member_crosswalk,"Bimode edge is an aggregation of official table rows, not an approved actor-resource relation."
S002PL026,一般財団法人沖縄県公衆衛生協会,2,提案型公募による委託,1,1,1,企画部,15,36,source_label_x_official_mechanism_cooccurrence,machine_display_alias_only_not_actor_identity,none_for_source_label_aggregation__HR032_only_for_identity_or_member_crosswalk,"Bimode edge is an aggregation of official table rows, not an approved actor-resource relation."
S002PL028,公益財団法人沖縄こどもの国,2,提案型公募による委託,1,1,1,環境部,7,42,source_label_x_official_mechanism_cooccurrence,machine_display_alias_only_not_actor_identity,none_for_source_label_aggregation__HR032_only_for_identity_or_member_crosswalk,"Bimode edge is an aggregation of official table rows, not an approved actor-resource relation."
S002PL045,一般社団法人Cloud9,2,提案型公募による委託,1,1,1,環境部,7,59,source_label_x_official_mechanism_cooccurrence,machine_display_alias_only_not_actor_identity,none_for_source_label_aggregation__HR032_only_for_identity_or_member_crosswalk,"Bimode edge is an aggregation of official table rows, not an approved actor-resource relation."
S002PL051,一般社団法人Kukuru,2,提案型公募による委託,1,1,1,生活福祉部,1,78,source_label_x_official_mechanism_cooccurrence,machine_display_alias_only_not_actor_identity,none_for_source_label_aggregation__HR032_only_for_identity_or_member_crosswalk,"Bimode edge is an aggregation of official table rows, not an approved actor-resource relation."
S002PL053,特定非営利活動法人珊瑚舎スコーレ,2,提案型公募による委託,1,1,1,生活福祉部,13,84,source_label_x_official_mechanism_cooccurrence,machine_display_alias_only_not_actor_identity,none_for_source_label_aggregation__HR032_only_for_identity_or_member_crosswalk,"Bimode edge is an aggregation of official table rows, not an approved actor-resource relation."
S002PL054,特定非営利活動法人エンカレッジ,2,提案型公募による委託,1,1,1,生活福祉部,13,85,source_label_x_official_mechanism_cooccurrence,machine_display_alias_only_not_actor_identity,none_for_source_label_aggregation__HR032_only_for_identity_or_member_crosswalk,"Bimode edge is an aggregation of official table rows, not an approved actor-resource relation."
S002PL055,一般社団法人教育振興会,2,提案型公募による委託,1,1,1,生活福祉部,13,86,source_label_x_official_mechanism_cooccurrence,machine_display_alias_only_not_actor_identity,none_for_source_label_aggregation__HR032_only_for_identity_or_member_crosswalk,"Bimode edge is an aggregation of official table rows, not an approved actor-resource relation."
S002PL056,公益財団法人沖縄県労働者福祉基金協会,2,提案型公募による委託,4,1,2,商工労働部;生活福祉部,1;17,87;88;352;355,source_label_x_official_mechanism_cooccurrence,machine_display_alias_only_not_actor_identity,none_for_source_label_aggregation__HR032_only_for_identity_or_member_crosswalk,"Bimode edge is an aggregation of official table rows, not an approved actor-resource relation."
S002PL061,社会福祉法人トゥムヌイ福祉会,2,提案型公募による委託,1,1,1,生活福祉部,1,96,source_label_x_official_mechanism_cooccurrence,machine_display_alias_only_not_actor_identity,none_for_source_label_aggregation__HR032_only_for_identity_or_member_crosswalk,"Bimode edge is an aggregation of official table rows, not an approved actor-resource relation."
S002PL088,特定非営利活動法人まちなか研究所わくわく,2,提案型公募による委託,1,1,1,生活福祉部,19,138,source_label_x_official_mechanism_cooccurrence,machine_display_alias_only_not_actor_identity,none_for_source_label_aggregation__HR032_only_for_identity_or_member_crosswalk,"Bimode edge is an aggregation of official table rows, not an approved actor-resource relation."
S002PL091,一般社団法人Co- Link,2,提案型公募による委託,3,1,1,こども未来部,13,143;144;162,source_label_x_official_mechanism_cooccurrence,machine_display_alias_only_not_actor_identity,none_for_source_label_aggregation__HR032_only_for_identity_or_member_crosswalk,"Bimode edge is an aggregation of official table rows, not an approved actor-resource relation."
S002PL092,特定非営利活動法人侍学園スクオーラ・今人,2,提案型公募による委託,1,1,1,こども未来部,13,160,source_label_x_official_mechanism_cooccurrence,machine_display_alias_only_not_actor_identity,none_for_source_label_aggregation__HR032_only_for_identity_or_member_crosswalk,"Bimode edge is an aggregation of official table rows, not an approved actor-resource relation."
S002PL093,特定非営利活動法人サポートセンターゆめさき,2,提案型公募による委託,1,1,1,教育庁,13,500,source_label_x_official_mechanism_cooccurrence,machine_display_alias_only_not_actor_identity,none_for_source_label_aggregation__HR032_only_for_identity_or_member_crosswalk,"Bimode edge is an aggregation of official table rows, not an approved actor-resource relation."
S002PL095,要支援家庭寄り添い支援事業受託コンソーシアム((一社)TAKE-OFF、(一社)ぷらっと),2,提案型公募による委託,1,1,1,こども未来部,13,151,source_label_x_official_mechanism_cooccurrence,machine_display_alias_only_not_actor_identity,none_for_source_label_aggregation__HR032_only_for_identity_or_member_crosswalk,"Bimode edge is an aggregation of official table rows, not an approved actor-resource relation."
S002PL096,子どもゲンキプロジェクト共同体((一社)宜野湾子どもゲンキ食堂、(一社)3ピース58、(一社)くじら寺子屋),2,提案型公募による委託,1,1,1,こども未来部,13,152,source_label_x_official_mechanism_cooccurrence,machine_display_alias_only_not_actor_identity,none_for_source_label_aggregation__HR032_only_for_identity_or_member_crosswalk,"Bimode edge is an aggregation of official table rows, not an approved actor-resource relation."
S002PL097,一般社団法人みんなのももやま子ども食堂,2,提案型公募による委託,1,1,1,こども未来部,13,153,source_label_x_official_mechanism_cooccurrence,machine_display_alias_only_not_actor_identity,none_for_source_label_aggregation__HR032_only_for_identity_or_member_crosswalk,"Bimode edge is an aggregation of official table rows, not an approved actor-resource relation."
S002PL098,一般社団法人UTT,2,提案型公募による委託,2,1,1,こども未来部,13,154;158,source_label_x_official_mechanism_cooccurrence,machine_display_alias_only_not_actor_identity,none_for_source_label_aggregation__HR032_only_for_identity_or_member_crosswalk,"Bimode edge is an aggregation of official table rows, not an approved actor-resource relation."
S002PL099,「要支援家庭寄り添い支援業務」共同体((一社)カナカナ、(特非)沖縄上等プロジェクト),2,提案型公募による委託,1,1,1,こども未来部,13,155,source_label_x_official_mechanism_cooccurrence,machine_display_alias_only_not_actor_identity,none_for_source_label_aggregation__HR032_only_for_identity_or_member_crosswalk,"Bimode edge is an aggregation of official table rows, not an approved actor-resource relation."
S002PL100,一般社団法人宮古島こどもこそだてワクワク未来会議,2,提案型公募による委託,2,1,1,こども未来部,13,156;161,source_label_x_official_mechanism_cooccurrence,machine_display_alias_only_not_actor_identity,none_for_source_label_aggregation__HR032_only_for_identity_or_member_crosswalk,"Bimode edge is an aggregation of official table rows, not an approved actor-resource relation."
S002PL101,子育てサポート団体HUGs,2,提案型公募による委託,1,1,1,こども未来部,13,157,source_label_x_official_mechanism_cooccurrence,machine_display_alias_only_not_actor_identity,none_for_source_label_aggregation__HR032_only_for_identity_or_member_crosswalk,"Bimode edge is an aggregation of official table rows, not an approved actor-resource relation."
S002PL102,沖縄子供の貧困緊急対策事業受託コンソーシアム((一社)TAKE-OFFと(一社)ぷらっとの共同体),2,提案型公募による委託,1,1,1,こども未来部,13,159,source_label_x_official_mechanism_cooccurrence,machine_display_alias_only_not_actor_identity,none_for_source_label_aggregation__HR032_only_for_identity_or_member_crosswalk,"Bimode edge is an aggregation of official table rows, not an approved actor-resource relation."
S002PL120,NPO法人沖縄県学童・保育支援センター,2,提案型公募による委託,3,2,1,こども未来部,1;13,187;188;189,source_label_x_official_mechanism_cooccurrence,machine_display_alias_only_not_actor_identity,none_for_source_label_aggregation__HR032_only_for_identity_or_member_crosswalk,"Bimode edge is an aggregation of official table rows, not an approved actor-resource relation."
S002PL127,公益社団法人沖縄県母子寡婦福祉連合会,2,提案型公募による委託,1,1,1,こども未来部,1,199,source_label_x_official_mechanism_cooccurrence,machine_display_alias_only_not_actor_identity,none_for_source_label_aggregation__HR032_only_for_identity_or_member_crosswalk,"Bimode edge is an aggregation of official table rows, not an approved actor-resource relation."
S002PL128,公益社団法人那覇市母子寡婦福祉会,2,提案型公募による委託,1,1,1,こども未来部,1,200,source_label_x_official_mechanism_cooccurrence,machine_display_alias_only_not_actor_identity,none_for_source_label_aggregation__HR032_only_for_identity_or_member_crosswalk,"Bimode edge is an aggregation of official table rows, not an approved actor-resource relation."
S002PL192,一般社団法人沖縄県中小企業診断士協会,2,提案型公募による委託,2,1,2,商工労働部;土木建築部,16;17,354;449,source_label_x_official_mechanism_cooccurrence,machine_display_alias_only_not_actor_identity,none_for_source_label_aggregation__HR032_only_for_identity_or_member_crosswalk,"Bimode edge is an aggregation of official table rows, not an approved actor-resource relation."
S002PL199,特定非営利活動法人芸術と遊び創造協会,2,提案型公募による委託,1,1,1,農林水産部,13,340,source_label_x_official_mechanism_cooccurrence,machine_display_alias_only_not_actor_identity,none_for_source_label_aggregation__HR032_only_for_identity_or_member_crosswalk,"Bimode edge is an aggregation of official table rows, not an approved actor-resource relation."
S002PL206,特定非営利活動法人NDA,2,提案型公募による委託,1,1,1,商工労働部,16,351,source_label_x_official_mechanism_cooccurrence,machine_display_alias_only_not_actor_identity,none_for_source_label_aggregation__HR032_only_for_identity_or_member_crosswalk,"Bimode edge is an aggregation of official table rows, not an approved actor-resource relation."
S002PL214,特定非営利活動法人沖縄県工芸産業協働センター,2,提案型公募による委託,2,1,1,商工労働部,16,370;371,source_label_x_official_mechanism_cooccurrence,machine_display_alias_only_not_actor_identity,none_for_source_label_aggregation__HR032_only_for_identity_or_member_crosswalk,"Bimode edge is an aggregation of official table rows, not an approved actor-resource relation."
S002PL252,一般財団法人沖縄美ら島財団・株式会社国建共同企業体,2,提案型公募による委託,1,1,1,文化観光スポーツ部,6,426,source_label_x_official_mechanism_cooccurrence,machine_display_alias_only_not_actor_identity,none_for_source_label_aggregation__HR032_only_for_identity_or_member_crosswalk,"Bimode edge is an aggregation of official table rows, not an approved actor-resource relation."
S002PL256,令和6年度おきなわ国際協力人材育成事業共同企業体(公社)青年海外協力協会沖縄事務所、(株)JTB沖縄,2,提案型公募による委託,1,1,1,文化観光スポーツ部,11,432,source_label_x_official_mechanism_cooccurrence,machine_display_alias_only_not_actor_identity,none_for_source_label_aggregation__HR032_only_for_identity_or_member_crosswalk,"Bimode edge is an aggregation of official table rows, not an approved actor-resource relation."
S002PL259,公益社団法人青年海外協力協会沖縄事務所,2,提案型公募による委託,1,1,1,文化観光スポーツ部,11,435,source_label_x_official_mechanism_cooccurrence,machine_display_alias_only_not_actor_identity,none_for_source_label_aggregation__HR032_only_for_identity_or_member_crosswalk,"Bimode edge is an aggregation of official table rows, not an approved actor-resource relation."
S002PL260,令和6年度ウチナージュニアスタディー事業に係る共同企業体(公社)青年海外協力協会沖縄事務所、東武トップツアーズ(株)沖縄支店,2,提案型公募による委託,1,1,1,文化観光スポーツ部,11,436,source_label_x_official_mechanism_cooccurrence,machine_display_alias_only_not_actor_identity,none_for_source_label_aggregation__HR032_only_for_identity_or_member_crosswalk,"Bimode edge is an aggregation of official table rows, not an approved actor-resource relation."
S002PL262,令和6年度長野県への生徒派遣交流事業共同企業体(公社)青年海外協力協会沖縄事務所、東武トップツアーズ(株)沖縄支店,2,提案型公募による委託,1,1,1,文化観光スポーツ部,11,438,source_label_x_official_mechanism_cooccurrence,machine_display_alias_only_not_actor_identity,none_for_source_label_aggregation__HR032_only_for_identity_or_member_crosswalk,"Bimode edge is an aggregation of official table rows, not an approved actor-resource relation."
S002PL268,一般社団法人沖縄しまたて協会,2,提案型公募による委託,1,1,1,土木建築部,17,452,source_label_x_official_mechanism_cooccurrence,machine_display_alias_only_not_actor_identity,none_for_source_label_aggregation__HR032_only_for_identity_or_member_crosswalk,"Bimode edge is an aggregation of official table rows, not an approved actor-resource relation."
S002PL270,特定非営利活動法人沖縄県建築設計サポートセンター,2,提案型公募による委託,1,1,1,土木建築部,3,460,source_label_x_official_mechanism_cooccurrence,machine_display_alias_only_not_actor_identity,none_for_source_label_aggregation__HR032_only_for_identity_or_member_crosswalk,"Bimode edge is an aggregation of official table rows, not an approved actor-resource relation."
S002PL287,わくわくの会・サイオンコミュニケーションズコンソーシアム,2,提案型公募による委託,1,1,1,教育庁,13,502,source_label_x_official_mechanism_cooccurrence,machine_display_alias_only_not_actor_identity,none_for_source_label_aggregation__HR032_only_for_identity_or_member_crosswalk,"Bimode edge is an aggregation of official table rows, not an approved actor-resource relation."
S002PL337,女流組踊研究会めばな,2,提案型公募による委託,1,1,1,教育庁,6,573,source_label_x_official_mechanism_cooccurrence,machine_display_alias_only_not_actor_identity,none_for_source_label_aggregation__HR032_only_for_identity_or_member_crosswalk,"Bimode edge is an aggregation of official table rows, not an approved actor-resource relation."
S002PL009,公益財団法人沖縄県平和祈念財団,3,指定管理者制度による委任,1,1,1,土木建築部,10,496,source_label_x_official_mechanism_cooccurrence,machine_display_alias_only_not_actor_identity,none_for_source_label_aggregation__HR032_only_for_identity_or_member_crosswalk,"Bimode edge is an aggregation of official table rows, not an approved actor-resource relation."
S002PL047,沖縄県社会福祉協議会,3,指定管理者制度による委任,1,1,1,生活福祉部,1,73,source_label_x_official_mechanism_cooccurrence,machine_display_alias_only_not_actor_identity,none_for_source_label_aggregation__HR032_only_for_identity_or_member_crosswalk,"Bimode edge is an aggregation of official table rows, not an approved actor-resource relation."
S002PL113,社会福祉法人偕生会,3,指定管理者制度による委任,1,1,1,こども未来部,13,175,source_label_x_official_mechanism_cooccurrence,machine_display_alias_only_not_actor_identity,none_for_source_label_aggregation__HR032_only_for_identity_or_member_crosswalk,"Bimode edge is an aggregation of official table rows, not an approved actor-resource relation."
S002PL130,公益財団法人おきなわ女性財団(沖縄県男女共同参画センター管理運営団体),3,指定管理者制度による委任,1,1,1,こども未来部,12,207,source_label_x_official_mechanism_cooccurrence,machine_display_alias_only_not_actor_identity,none_for_source_label_aggregation__HR032_only_for_identity_or_member_crosswalk,"Bimode edge is an aggregation of official table rows, not an approved actor-resource relation."
S002PL145,一般財団法人沖縄美ら島財団,3,指定管理者制度による委任,3,1,1,土木建築部,4,491;492;493,source_label_x_official_mechanism_cooccurrence,machine_display_alias_only_not_actor_identity,none_for_source_label_aggregation__HR032_only_for_identity_or_member_crosswalk,"Bimode edge is an aggregation of official table rows, not an approved actor-resource relation."
S002PL218,一般財団法人沖縄観光コンベンションビューロー,3,指定管理者制度による委任,1,1,1,土木建築部,4,495,source_label_x_official_mechanism_cooccurrence,machine_display_alias_only_not_actor_identity,none_for_source_label_aggregation__HR032_only_for_identity_or_member_crosswalk,"Bimode edge is an aggregation of official table rows, not an approved actor-resource relation."
S002PL279,公益社団法人うるま市シルバー人材センター,3,指定管理者制度による委任,1,1,1,教育庁,2,566,source_label_x_official_mechanism_cooccurrence,machine_display_alias_only_not_actor_identity,none_for_source_label_aggregation__HR032_only_for_identity_or_member_crosswalk,"Bimode edge is an aggregation of official table rows, not an approved actor-resource relation."
S002PL330,専門学校那覇日経ビジネス,3,指定管理者制度による委任,1,1,1,教育庁,2,564,source_label_x_official_mechanism_cooccurrence,machine_display_alias_only_not_actor_identity,none_for_source_label_aggregation__HR032_only_for_identity_or_member_crosswalk,"Bimode edge is an aggregation of official table rows, not an approved actor-resource relation."
S002PL331,特定非営利活動法人八重山星の会,3,指定管理者制度による委任,1,1,1,教育庁,2,565,source_label_x_official_mechanism_cooccurrence,machine_display_alias_only_not_actor_identity,none_for_source_label_aggregation__HR032_only_for_identity_or_member_crosswalk,"Bimode edge is an aggregation of official table rows, not an approved actor-resource relation."
S002PL332,沖縄じんぶんの杜共同筐体(一般社団法人沖縄じんぶん考房・特定非営利活動法人1万人井戸端会議),3,指定管理者制度による委任,1,1,1,教育庁,2,567,source_label_x_official_mechanism_cooccurrence,machine_display_alias_only_not_actor_identity,none_for_source_label_aggregation__HR032_only_for_identity_or_member_crosswalk,"Bimode edge is an aggregation of official table rows, not an approved actor-resource relation."
S002PL333,特定非営利活動法人ばんず,3,指定管理者制度による委任,1,1,1,教育庁,2,568,source_label_x_official_mechanism_cooccurrence,machine_display_alias_only_not_actor_identity,none_for_source_label_aggregation__HR032_only_for_identity_or_member_crosswalk,"Bimode edge is an aggregation of official table rows, not an approved actor-resource relation."
S002PL012,宮古島商工会議所,4,補助,1,1,1,総務部,16,13,source_label_x_official_mechanism_cooccurrence,machine_display_alias_only_not_actor_identity,none_for_source_label_aggregation__HR032_only_for_identity_or_member_crosswalk,"Bimode edge is an aggregation of official table rows, not an approved actor-resource relation."
S002PL016,八重山地区商工会広域連携協議会,4,補助,1,1,1,総務部,16,18,source_label_x_official_mechanism_cooccurrence,machine_display_alias_only_not_actor_identity,none_for_source_label_aggregation__HR032_only_for_identity_or_member_crosswalk,"Bimode edge is an aggregation of official table rows, not an approved actor-resource relation."
S002PL026,一般財団法人沖縄県公衆衛生協会,4,補助,1,1,1,環境部,7,41,source_label_x_official_mechanism_cooccurrence,machine_display_alias_only_not_actor_identity,none_for_source_label_aggregation__HR032_only_for_identity_or_member_crosswalk,"Bimode edge is an aggregation of official table rows, not an approved actor-resource relation."
S002PL030,特定非営利法人おきにゃあわんネットワーク,4,補助,1,1,1,環境部,19,44,source_label_x_official_mechanism_cooccurrence,machine_display_alias_only_not_actor_identity,none_for_source_label_aggregation__HR032_only_for_identity_or_member_crosswalk,"Bimode edge is an aggregation of official table rows, not an approved actor-resource relation."
S002PL031,PIPS,4,補助,1,1,1,環境部,19,45,source_label_x_official_mechanism_cooccurrence,machine_display_alias_only_not_actor_identity,none_for_source_label_aggregation__HR032_only_for_identity_or_member_crosswalk,"Bimode edge is an aggregation of official table rows, not an approved actor-resource relation."
S002PL032,石垣しっぽの会,4,補助,1,1,1,環境部,19,46,source_label_x_official_mechanism_cooccurrence,machine_display_alias_only_not_actor_identity,none_for_source_label_aggregation__HR032_only_for_identity_or_member_crosswalk,"Bimode edge is an aggregation of official table rows, not an approved actor-resource relation."
S002PL033,一般社団法人cloud9,4,補助,1,1,1,環境部,19,47,source_label_x_official_mechanism_cooccurrence,machine_display_alias_only_not_actor_identity,none_for_source_label_aggregation__HR032_only_for_identity_or_member_crosswalk,"Bimode edge is an aggregation of official table rows, not an approved actor-resource relation."
S002PL034,リライフ,4,補助,1,1,1,環境部,19,48,source_label_x_official_mechanism_cooccurrence,machine_display_alias_only_not_actor_identity,none_for_source_label_aggregation__HR032_only_for_identity_or_member_crosswalk,"Bimode edge is an aggregation of official table rows, not an approved actor-resource relation."
S002PL035,にゃんばるわんばる,4,補助,1,1,1,環境部,19,49,source_label_x_official_mechanism_cooccurrence,machine_display_alias_only_not_actor_identity,none_for_source_label_aggregation__HR032_only_for_identity_or_member_crosswalk,"Bimode edge is an aggregation of official table rows, not an approved actor-resource relation."
S002PL042,一般社団法人西表財団,4,補助,1,1,1,環境部,7,56,source_label_x_official_mechanism_cooccurrence,machine_display_alias_only_not_actor_identity,none_for_source_label_aggregation__HR032_only_for_identity_or_member_crosswalk,"Bimode edge is an aggregation of official table rows, not an approved actor-resource relation."
S002PL043,八重瀬町字小城公民館,4,補助,1,1,1,環境部,7,57,source_label_x_official_mechanism_cooccurrence,machine_display_alias_only_not_actor_identity,none_for_source_label_aggregation__HR032_only_for_identity_or_member_crosswalk,"Bimode edge is an aggregation of official table rows, not an approved actor-resource relation."
S002PL046,社会福祉法人沖縄県社会福祉協議会,4,補助,9,1,1,生活福祉部,1,61;62;63;66;67;79;80;81;83,source_label_x_official_mechanism_cooccurrence,machine_display_alias_only_not_actor_identity,none_for_source_label_aggregation__HR032_only_for_identity_or_member_crosswalk,"Bimode edge is an aggregation of official table rows, not an approved actor-resource relation."
S002PL047,沖縄県社会福祉協議会,4,補助,2,1,1,生活福祉部,1,69;70,source_label_x_official_mechanism_cooccurrence,machine_display_alias_only_not_actor_identity,none_for_source_label_aggregation__HR032_only_for_identity_or_member_crosswalk,"Bimode edge is an aggregation of official table rows, not an approved actor-resource relation."
S002PL057,特定非営利活動法人沖縄県障がい者スポーツ協会,4,補助,1,1,1,生活福祉部,1,89,source_label_x_official_mechanism_cooccurrence,machine_display_alias_only_not_actor_identity,none_for_source_label_aggregation__HR032_only_for_identity_or_member_crosswalk,"Bimode edge is an aggregation of official table rows, not an approved actor-resource relation."
S002PL058,社会福祉法人沖縄県身体障害者福祉協会,4,補助,1,1,1,生活福祉部,1,112,source_label_x_official_mechanism_cooccurrence,machine_display_alias_only_not_actor_identity,none_for_source_label_aggregation__HR032_only_for_identity_or_member_crosswalk,"Bimode edge is an aggregation of official table rows, not an approved actor-resource relation."
S002PL069,特定非営利活動法人沖縄県自立生活センター・イルカ,4,補助,1,1,1,生活福祉部,1,109,source_label_x_official_mechanism_cooccurrence,machine_display_alias_only_not_actor_identity,none_for_source_label_aggregation__HR032_only_for_identity_or_member_crosswalk,"Bimode edge is an aggregation of official table rows, not an approved actor-resource relation."
S002PL070,全国パーキンソン病友の会沖縄県支部,4,補助,1,1,1,生活福祉部,1,110,source_label_x_official_mechanism_cooccurrence,machine_display_alias_only_not_actor_identity,none_for_source_label_aggregation__HR032_only_for_identity_or_member_crosswalk,"Bimode edge is an aggregation of official table rows, not an approved actor-resource relation."
S002PL071,社会福祉法人沖縄県視覚障害者福祉協会,4,補助,1,1,1,生活福祉部,1,111,source_label_x_official_mechanism_cooccurrence,machine_display_alias_only_not_actor_identity,none_for_source_label_aggregation__HR032_only_for_identity_or_member_crosswalk,"Bimode edge is an aggregation of official table rows, not an approved actor-resource relation."
S002PL072,NPO法人沖縄県脊髄損傷者協会,4,補助,1,1,1,生活福祉部,1,113,source_label_x_official_mechanism_cooccurrence,machine_display_alias_only_not_actor_identity,none_for_source_label_aggregation__HR032_only_for_identity_or_member_crosswalk,"Bimode edge is an aggregation of official table rows, not an approved actor-resource relation."
S002PL073,一般社団法人セレニティパークジャパン沖縄,4,補助,1,1,1,生活福祉部,1,114,source_label_x_official_mechanism_cooccurrence,machine_display_alias_only_not_actor_identity,none_for_source_label_aggregation__HR032_only_for_identity_or_member_crosswalk,"Bimode edge is an aggregation of official table rows, not an approved actor-resource relation."
S002PL074,沖縄県手話通訳問題研究会,4,補助,1,1,1,生活福祉部,1,115,source_label_x_official_mechanism_cooccurrence,machine_display_alias_only_not_actor_identity,none_for_source_label_aggregation__HR032_only_for_identity_or_member_crosswalk,"Bimode edge is an aggregation of official table rows, not an approved actor-resource relation."
S002PL108,社会福祉法人ひんぷん会,4,補助,1,1,1,こども未来部,1,170,source_label_x_official_mechanism_cooccurrence,machine_display_alias_only_not_actor_identity,none_for_source_label_aggregation__HR032_only_for_identity_or_member_crosswalk,"Bimode edge is an aggregation of official table rows, not an approved actor-resource relation."
S002PL109,社会福祉法人沖縄県社会福祉事業団,4,補助,1,1,1,こども未来部,1,171,source_label_x_official_mechanism_cooccurrence,machine_display_alias_only_not_actor_identity,none_for_source_label_aggregation__HR032_only_for_identity_or_member_crosswalk,"Bimode edge is an aggregation of official table rows, not an approved actor-resource relation."
S002PL110,社会福祉法人国際福祉会,4,補助,2,1,1,こども未来部,1,172;180,source_label_x_official_mechanism_cooccurrence,machine_display_alias_only_not_actor_identity,none_for_source_label_aggregation__HR032_only_for_identity_or_member_crosswalk,"Bimode edge is an aggregation of official table rows, not an approved actor-resource relation."
S002PL113,社会福祉法人偕生会,4,補助,1,1,1,こども未来部,1,181,source_label_x_official_mechanism_cooccurrence,machine_display_alias_only_not_actor_identity,none_for_source_label_aggregation__HR032_only_for_identity_or_member_crosswalk,"Bimode edge is an aggregation of official table rows, not an approved actor-resource relation."
S002PL115,一般社団法人おきなわ子ども未来ネットワーク,4,補助,1,1,1,こども未来部,1,177,source_label_x_official_mechanism_cooccurrence,machine_display_alias_only_not_actor_identity,none_for_source_label_aggregation__HR032_only_for_identity_or_member_crosswalk,"Bimode edge is an aggregation of official table rows, not an approved actor-resource relation."
S002PL116,一般社団法人沖縄県里親会,4,補助,2,1,1,こども未来部,1,178;184,source_label_x_official_mechanism_cooccurrence,machine_display_alias_only_not_actor_identity,none_for_source_label_aggregation__HR032_only_for_identity_or_member_crosswalk,"Bimode edge is an aggregation of official table rows, not an approved actor-resource relation."
S002PL117,社会福祉法人基督教児童福祉会,4,補助,1,1,1,こども未来部,1,182,source_label_x_official_mechanism_cooccurrence,machine_display_alias_only_not_actor_identity,none_for_source_label_aggregation__HR032_only_for_identity_or_member_crosswalk,"Bimode edge is an aggregation of official table rows, not an approved actor-resource relation."
S002PL118,社会福祉法人豊友会,4,補助,1,1,1,こども未来部,1,183,source_label_x_official_mechanism_cooccurrence,machine_display_alias_only_not_actor_identity,none_for_source_label_aggregation__HR032_only_for_identity_or_member_crosswalk,"Bimode edge is an aggregation of official table rows, not an approved actor-resource relation."
S002PL125,NPO法人ひだまり,4,補助,1,1,1,こども未来部,1,196,source_label_x_official_mechanism_cooccurrence,machine_display_alias_only_not_actor_identity,none_for_source_label_aggregation__HR032_only_for_identity_or_member_crosswalk,"Bimode edge is an aggregation of official table rows, not an approved actor-resource relation."
S002PL127,公益社団法人沖縄県母子寡婦福祉連合会,4,補助,2,1,1,こども未来部,1,202;203,source_label_x_official_mechanism_cooccurrence,machine_display_alias_only_not_actor_identity,none_for_source_label_aggregation__HR032_only_for_identity_or_member_crosswalk,"Bimode edge is an aggregation of official table rows, not an approved actor-resource relation."
S002PL133,一般社団法人沖縄県医師会,4,補助,2,1,1,保健医療介護部,1,220;223,source_label_x_official_mechanism_cooccurrence,machine_display_alias_only_not_actor_identity,none_for_source_label_aggregation__HR032_only_for_identity_or_member_crosswalk,"Bimode edge is an aggregation of official table rows, not an approved actor-resource relation."
S002PL135,NPO法人アンビシャス,4,補助,2,2,1,保健医療介護部,1,236;253,source_label_x_official_mechanism_cooccurrence,machine_display_alias_only_not_actor_identity,none_for_source_label_aggregation__HR032_only_for_identity_or_member_crosswalk,"Bimode edge is an aggregation of official table rows, not an approved actor-resource relation."
S002PL140,一般社団法人沖縄県薬剤師会,4,補助,3,1,1,保健医療介護部,1,226;227;228,source_label_x_official_mechanism_cooccurrence,machine_display_alias_only_not_actor_identity,none_for_source_label_aggregation__HR032_only_for_identity_or_member_crosswalk,"Bimode edge is an aggregation of official table rows, not an approved actor-resource relation."
S002PL141,公益財団法人沖縄県生活衛生営業指導センター,4,補助,1,1,1,保健医療介護部,19,229,source_label_x_official_mechanism_cooccurrence,machine_display_alias_only_not_actor_identity,none_for_source_label_aggregation__HR032_only_for_identity_or_member_crosswalk,"Bimode edge is an aggregation of official table rows, not an approved actor-resource relation."
S002PL146,NPO法人子ども医療支援わらびの会,4,補助,1,1,1,保健医療介護部,1,237,source_label_x_official_mechanism_cooccurrence,machine_display_alias_only_not_actor_identity,none_for_source_label_aggregation__HR032_only_for_identity_or_member_crosswalk,"Bimode edge is an aggregation of official table rows, not an approved actor-resource relation."
S002PL150,社会福祉法人沖縄いのちの電話,4,補助,1,1,1,保健医療介護部,1,241,source_label_x_official_mechanism_cooccurrence,machine_display_alias_only_not_actor_identity,none_for_source_label_aggregation__HR032_only_for_identity_or_member_crosswalk,"Bimode edge is an aggregation of official table rows, not an approved actor-resource relation."
S002PL151,一般社団法人那覇市医師会,4,補助,1,1,1,保健医療介護部,1,242,source_label_x_official_mechanism_cooccurrence,machine_display_alias_only_not_actor_identity,none_for_source_label_aggregation__HR032_only_for_identity_or_member_crosswalk,"Bimode edge is an aggregation of official table rows, not an approved actor-resource relation."
S002PL156,一般財団法人沖縄県精神保健福祉協会,4,補助,1,1,1,保健医療介護部,1,249,source_label_x_official_mechanism_cooccurrence,machine_display_alias_only_not_actor_identity,none_for_source_label_aggregation__HR032_only_for_identity_or_member_crosswalk,"Bimode edge is an aggregation of official table rows, not an approved actor-resource relation."
S002PL159,沖縄県原爆被爆者協議会,4,補助,1,1,1,保健医療介護部,1,251,source_label_x_official_mechanism_cooccurrence,machine_display_alias_only_not_actor_identity,none_for_source_label_aggregation__HR032_only_for_identity_or_member_crosswalk,"Bimode edge is an aggregation of official table rows, not an approved actor-resource relation."
S002PL167,公益財団法人沖縄県老人クラブ連合会,4,補助,1,1,1,保健医療介護部,1,271,source_label_x_official_mechanism_cooccurrence,machine_display_alias_only_not_actor_identity,none_for_source_label_aggregation__HR032_only_for_identity_or_member_crosswalk,"Bimode edge is an aggregation of official table rows, not an approved actor-resource relation."
S002PL197,公益財団法人沖縄県農業振興公社,4,補助,2,1,1,農林水産部,5;17,336;337,source_label_x_official_mechanism_cooccurrence,machine_display_alias_only_not_actor_identity,none_for_source_label_aggregation__HR032_only_for_identity_or_member_crosswalk,"Bimode edge is an aggregation of official table rows, not an approved actor-resource relation."
S002PL207,公益社団法人沖縄県シルバー人材センター連合,4,補助,1,1,1,商工労働部,17,353,source_label_x_official_mechanism_cooccurrence,machine_display_alias_only_not_actor_identity,none_for_source_label_aggregation__HR032_only_for_identity_or_member_crosswalk,"Bimode edge is an aggregation of official table rows, not an approved actor-resource relation."
S002PL217,一般社団法人OTTOP,4,補助,2,1,1,文化観光スポーツ部,4,375;377,source_label_x_official_mechanism_cooccurrence,machine_display_alias_only_not_actor_identity,none_for_source_label_aggregation__HR032_only_for_identity_or_member_crosswalk,"Bimode edge is an aggregation of official table rows, not an approved actor-resource relation."
S002PL222,Maeda Lacquer Project(漆工房・前田貝揃案),4,補助,1,1,1,文化観光スポーツ部,6,387,source_label_x_official_mechanism_cooccurrence,machine_display_alias_only_not_actor_identity,none_for_source_label_aggregation__HR032_only_for_identity_or_member_crosswalk,"Bimode edge is an aggregation of official table rows, not an approved actor-resource relation."
S002PL223,沖縄芝居研究会,4,補助,1,1,1,文化観光スポーツ部,6,388,source_label_x_official_mechanism_cooccurrence,machine_display_alias_only_not_actor_identity,none_for_source_label_aggregation__HR032_only_for_identity_or_member_crosswalk,"Bimode edge is an aggregation of official table rows, not an approved actor-resource relation."
S002PL224,仲尾次区,4,補助,1,1,1,文化観光スポーツ部,6,389,source_label_x_official_mechanism_cooccurrence,machine_display_alias_only_not_actor_identity,none_for_source_label_aggregation__HR032_only_for_identity_or_member_crosswalk,"Bimode edge is an aggregation of official table rows, not an approved actor-resource relation."
S002PL225,一般社団法人ビューローダンケ,4,補助,1,1,1,文化観光スポーツ部,6,390,source_label_x_official_mechanism_cooccurrence,machine_display_alias_only_not_actor_identity,none_for_source_label_aggregation__HR032_only_for_identity_or_member_crosswalk,"Bimode edge is an aggregation of official table rows, not an approved actor-resource relation."
S002PL226,演劇ユニット多々ら,4,補助,1,1,1,文化観光スポーツ部,6,391,source_label_x_official_mechanism_cooccurrence,machine_display_alias_only_not_actor_identity,none_for_source_label_aggregation__HR032_only_for_identity_or_member_crosswalk,"Bimode edge is an aggregation of official table rows, not an approved actor-resource relation."
S002PL227,2.24音楽祭実行委員会,4,補助,1,1,1,文化観光スポーツ部,6,392,source_label_x_official_mechanism_cooccurrence,machine_display_alias_only_not_actor_identity,none_for_source_label_aggregation__HR032_only_for_identity_or_member_crosswalk,"Bimode edge is an aggregation of official table rows, not an approved actor-resource relation."
S002PL228,一般社団法人UNIVA,4,補助,1,1,1,文化観光スポーツ部,6,393,source_label_x_official_mechanism_cooccurrence,machine_display_alias_only_not_actor_identity,none_for_source_label_aggregation__HR032_only_for_identity_or_member_crosswalk,"Bimode edge is an aggregation of official table rows, not an approved actor-resource relation."
S002PL229,沖縄ファミリーヒストリープロジェクト実行委員会,4,補助,1,1,1,文化観光スポーツ部,6,394,source_label_x_official_mechanism_cooccurrence,machine_display_alias_only_not_actor_identity,none_for_source_label_aggregation__HR032_only_for_identity_or_member_crosswalk,"Bimode edge is an aggregation of official table rows, not an approved actor-resource relation."
S002PL230,「沖縄戦と平和劇」実行委員会,4,補助,1,1,1,文化観光スポーツ部,6,395,source_label_x_official_mechanism_cooccurrence,machine_display_alias_only_not_actor_identity,none_for_source_label_aggregation__HR032_only_for_identity_or_member_crosswalk,"Bimode edge is an aggregation of official table rows, not an approved actor-resource relation."
S002PL231,特定非営利活動法人来間島大学まなびやー,4,補助,1,1,1,文化観光スポーツ部,6,396,source_label_x_official_mechanism_cooccurrence,machine_display_alias_only_not_actor_identity,none_for_source_label_aggregation__HR032_only_for_identity_or_member_crosswalk,"Bimode edge is an aggregation of official table rows, not an approved actor-resource relation."
S002PL232,崎枝公民館,4,補助,1,1,1,文化観光スポーツ部,6,397,source_label_x_official_mechanism_cooccurrence,machine_display_alias_only_not_actor_identity,none_for_source_label_aggregation__HR032_only_for_identity_or_member_crosswalk,"Bimode edge is an aggregation of official table rows, not an approved actor-resource relation."
S002PL233,With Artうらそえを考える会,4,補助,1,1,1,文化観光スポーツ部,6,398,source_label_x_official_mechanism_cooccurrence,machine_display_alias_only_not_actor_identity,none_for_source_label_aggregation__HR032_only_for_identity_or_member_crosswalk,"Bimode edge is an aggregation of official table rows, not an approved actor-resource relation."
S002PL234,あなたの沖縄,4,補助,1,1,1,文化観光スポーツ部,6,399,source_label_x_official_mechanism_cooccurrence,machine_display_alias_only_not_actor_identity,none_for_source_label_aggregation__HR032_only_for_identity_or_member_crosswalk,"Bimode edge is an aggregation of official table rows, not an approved actor-resource relation."
S002PL235,琉球薬草探究会,4,補助,1,1,1,文化観光スポーツ部,6,400,source_label_x_official_mechanism_cooccurrence,machine_display_alias_only_not_actor_identity,none_for_source_label_aggregation__HR032_only_for_identity_or_member_crosswalk,"Bimode edge is an aggregation of official table rows, not an approved actor-resource relation."
S002PL236,NPO法人沖縄県沖縄語普及協議会,4,補助,1,1,1,文化観光スポーツ部,6,401,source_label_x_official_mechanism_cooccurrence,machine_display_alias_only_not_actor_identity,none_for_source_label_aggregation__HR032_only_for_identity_or_member_crosswalk,"Bimode edge is an aggregation of official table rows, not an approved actor-resource relation."
S002PL237,しまくとぅばプロジェクト,4,補助,1,1,1,文化観光スポーツ部,6,402,source_label_x_official_mechanism_cooccurrence,machine_display_alias_only_not_actor_identity,none_for_source_label_aggregation__HR032_only_for_identity_or_member_crosswalk,"Bimode edge is an aggregation of official table rows, not an approved actor-resource relation."
S002PL238,NPO法人たのしい教育研究所,4,補助,1,1,1,文化観光スポーツ部,6,403,source_label_x_official_mechanism_cooccurrence,machine_display_alias_only_not_actor_identity,none_for_source_label_aggregation__HR032_only_for_identity_or_member_crosswalk,"Bimode edge is an aggregation of official table rows, not an approved actor-resource relation."
S002PL239,特定非営利法人Okinawa Hands-On NPO,4,補助,1,1,1,文化観光スポーツ部,6,404,source_label_x_official_mechanism_cooccurrence,machine_display_alias_only_not_actor_identity,none_for_source_label_aggregation__HR032_only_for_identity_or_member_crosswalk,"Bimode edge is an aggregation of official table rows, not an approved actor-resource relation."
S002PL240,浦添市古典芸能琉球舞踊協会,4,補助,1,1,1,文化観光スポーツ部,6,405,source_label_x_official_mechanism_cooccurrence,machine_display_alias_only_not_actor_identity,none_for_source_label_aggregation__HR032_only_for_identity_or_member_crosswalk,"Bimode edge is an aggregation of official table rows, not an approved actor-resource relation."
S002PL241,Kilua Hula Studio,4,補助,1,1,1,文化観光スポーツ部,6,406,source_label_x_official_mechanism_cooccurrence,machine_display_alias_only_not_actor_identity,none_for_source_label_aggregation__HR032_only_for_identity_or_member_crosswalk,"Bimode edge is an aggregation of official table rows, not an approved actor-resource relation."
S002PL242,みゃーくふつの会,4,補助,1,1,1,文化観光スポーツ部,6,407,source_label_x_official_mechanism_cooccurrence,machine_display_alias_only_not_actor_identity,none_for_source_label_aggregation__HR032_only_for_identity_or_member_crosswalk,"Bimode edge is an aggregation of official table rows, not an approved actor-resource relation."
S002PL245,一般社団法人沖縄伝統空手道振興会,4,補助,1,1,1,文化観光スポーツ部,6,412,source_label_x_official_mechanism_cooccurrence,machine_display_alias_only_not_actor_identity,none_for_source_label_aggregation__HR032_only_for_identity_or_member_crosswalk,"Bimode edge is an aggregation of official table rows, not an approved actor-resource relation."
S002PL253,公益財団法人沖縄県スポーツ協会,4,補助,1,1,1,文化観光スポーツ部,6,430,source_label_x_official_mechanism_cooccurrence,machine_display_alias_only_not_actor_identity,none_for_source_label_aggregation__HR032_only_for_identity_or_member_crosswalk,"Bimode edge is an aggregation of official table rows, not an approved actor-resource relation."
S002PL261,(公財)沖縄県国際交流・人材育成財団,4,補助,1,1,1,文化観光スポーツ部,11,437,source_label_x_official_mechanism_cooccurrence,machine_display_alias_only_not_actor_identity,none_for_source_label_aggregation__HR032_only_for_identity_or_member_crosswalk,"Bimode edge is an aggregation of official table rows, not an approved actor-resource relation."
S002PL297,公益財団法人沖縄県国際交流・人材育成財団,4,補助,1,1,1,教育庁,13,517,source_label_x_official_mechanism_cooccurrence,machine_display_alias_only_not_actor_identity,none_for_source_label_aggregation__HR032_only_for_identity_or_member_crosswalk,"Bimode edge is an aggregation of official table rows, not an approved actor-resource relation."
S002PL300,一般社団法人沖縄県女性連合会,4,補助,2,1,1,教育庁,2,520;531,source_label_x_official_mechanism_cooccurrence,machine_display_alias_only_not_actor_identity,none_for_source_label_aggregation__HR032_only_for_identity_or_member_crosswalk,"Bimode edge is an aggregation of official table rows, not an approved actor-resource relation."
S002PL308,沖縄県ユネスコ協会,4,補助,1,1,1,教育庁,3,551,source_label_x_official_mechanism_cooccurrence,machine_display_alias_only_not_actor_identity,none_for_source_label_aggregation__HR032_only_for_identity_or_member_crosswalk,"Bimode edge is an aggregation of official table rows, not an approved actor-resource relation."
S002PL311,一般社団法人沖縄県PTA連合会,4,補助,1,1,1,教育庁,13,535,source_label_x_official_mechanism_cooccurrence,machine_display_alias_only_not_actor_identity,none_for_source_label_aggregation__HR032_only_for_identity_or_member_crosswalk,"Bimode edge is an aggregation of official table rows, not an approved actor-resource relation."
S002PL313,一般社団法人ガールスカウト沖縄県連盟,4,補助,1,1,1,教育庁,13,536,source_label_x_official_mechanism_cooccurrence,machine_display_alias_only_not_actor_identity,none_for_source_label_aggregation__HR032_only_for_identity_or_member_crosswalk,"Bimode edge is an aggregation of official table rows, not an approved actor-resource relation."
S002PL316,沖縄県高等学校PTA連合会,4,補助,1,1,1,教育庁,2,539,source_label_x_official_mechanism_cooccurrence,machine_display_alias_only_not_actor_identity,none_for_source_label_aggregation__HR032_only_for_identity_or_member_crosswalk,"Bimode edge is an aggregation of official table rows, not an approved actor-resource relation."
S002PL019,公益社団法人沖縄県不動産鑑定士協会,5,共催,2,1,1,企画部,16,24;25,source_label_x_official_mechanism_cooccurrence,machine_display_alias_only_not_actor_identity,none_for_source_label_aggregation__HR032_only_for_identity_or_member_crosswalk,"Bimode edge is an aggregation of official table rows, not an approved actor-resource relation."
S002PL020,公益財団法人沖縄県建設技術センター,5,共催,3,1,1,土木建築部,3;9;14,455;456;457,source_label_x_official_mechanism_cooccurrence,machine_display_alias_only_not_actor_identity,none_for_source_label_aggregation__HR032_only_for_identity_or_member_crosswalk,"Bimode edge is an aggregation of official table rows, not an approved actor-resource relation."
S002PL036,動物愛護推進プロジェクト実行委員会,5,共催,1,1,1,環境部,7,50,source_label_x_official_mechanism_cooccurrence,machine_display_alias_only_not_actor_identity,none_for_source_label_aggregation__HR032_only_for_identity_or_member_crosswalk,"Bimode edge is an aggregation of official table rows, not an approved actor-resource relation."
S002PL037,沖縄県獣医師会,5,共催,1,1,1,環境部,7,51,source_label_x_official_mechanism_cooccurrence,machine_display_alias_only_not_actor_identity,none_for_source_label_aggregation__HR032_only_for_identity_or_member_crosswalk,"Bimode edge is an aggregation of official table rows, not an approved actor-resource relation."
S002PL077,国立大学法人琉球大学,5,共催,1,1,1,教育庁,2,544,source_label_x_official_mechanism_cooccurrence,machine_display_alias_only_not_actor_identity,none_for_source_label_aggregation__HR032_only_for_identity_or_member_crosswalk,"Bimode edge is an aggregation of official table rows, not an approved actor-resource relation."
S002PL089,公益社団法人沖縄被害者支援ゆいセンター,5,共催,2,1,2,生活福祉部;警察本部,9,140;601,source_label_x_official_mechanism_cooccurrence,machine_display_alias_only_not_actor_identity,none_for_source_label_aggregation__HR032_only_for_identity_or_member_crosswalk,"Bimode edge is an aggregation of official table rows, not an approved actor-resource relation."
S002PL090,沖縄県計量協会,5,共催,1,1,1,生活福祉部,18,142,source_label_x_official_mechanism_cooccurrence,machine_display_alias_only_not_actor_identity,none_for_source_label_aggregation__HR032_only_for_identity_or_member_crosswalk,"Bimode edge is an aggregation of official table rows, not an approved actor-resource relation."
S002PL123,公益社団法人沖縄県小児保健協会,5,共催,1,1,1,こども未来部,1,194,source_label_x_official_mechanism_cooccurrence,machine_display_alias_only_not_actor_identity,none_for_source_label_aggregation__HR032_only_for_identity_or_member_crosswalk,"Bimode edge is an aggregation of official table rows, not an approved actor-resource relation."
S002PL124,公益社団法人母子保健推進会議沖縄県母子保健推進員連絡協議会,5,共催,1,1,1,こども未来部,1,195,source_label_x_official_mechanism_cooccurrence,machine_display_alias_only_not_actor_identity,none_for_source_label_aggregation__HR032_only_for_identity_or_member_crosswalk,"Bimode edge is an aggregation of official table rows, not an approved actor-resource relation."
S002PL133,一般社団法人沖縄県医師会,5,共催,2,2,1,保健医療介護部,1,258;299,source_label_x_official_mechanism_cooccurrence,machine_display_alias_only_not_actor_identity,none_for_source_label_aggregation__HR032_only_for_identity_or_member_crosswalk,"Bimode edge is an aggregation of official table rows, not an approved actor-resource relation."
S002PL140,一般社団法人沖縄県薬剤師会,5,共催,1,1,1,教育庁,13,590,source_label_x_official_mechanism_cooccurrence,machine_display_alias_only_not_actor_identity,none_for_source_label_aggregation__HR032_only_for_identity_or_member_crosswalk,"Bimode edge is an aggregation of official table rows, not an approved actor-resource relation."
S002PL162,一般社団法人沖縄県歯科医師会,5,共催,1,1,1,保健医療介護部,1,259,source_label_x_official_mechanism_cooccurrence,machine_display_alias_only_not_actor_identity,none_for_source_label_aggregation__HR032_only_for_identity_or_member_crosswalk,"Bimode edge is an aggregation of official table rows, not an approved actor-resource relation."
S002PL213,沖縄県工業教育研究会,5,共催,1,1,1,商工労働部,15,369,source_label_x_official_mechanism_cooccurrence,machine_display_alias_only_not_actor_identity,none_for_source_label_aggregation__HR032_only_for_identity_or_member_crosswalk,"Bimode edge is an aggregation of official table rows, not an approved actor-resource relation."
S002PL244,公益財団法人国立劇場おきなわ運営財団,5,共催,1,1,1,教育庁,2,561,source_label_x_official_mechanism_cooccurrence,machine_display_alias_only_not_actor_identity,none_for_source_label_aggregation__HR032_only_for_identity_or_member_crosswalk,"Bimode edge is an aggregation of official table rows, not an approved actor-resource relation."
S002PL303,公益社団法人沖縄県青少年育成県民会議,5,共催,4,1,2,教育庁;警察本部,13,524;557;606;607,source_label_x_official_mechanism_cooccurrence,machine_display_alias_only_not_actor_identity,none_for_source_label_aggregation__HR032_only_for_identity_or_member_crosswalk,"Bimode edge is an aggregation of official table rows, not an approved actor-resource relation."
S002PL355,(公財)沖縄県学校給食会,5,共催,1,1,1,教育庁,13,597,source_label_x_official_mechanism_cooccurrence,machine_display_alias_only_not_actor_identity,none_for_source_label_aggregation__HR032_only_for_identity_or_member_crosswalk,"Bimode edge is an aggregation of official table rows, not an approved actor-resource relation."
S002PL358,御万人すりてぃクリーン・グリーン・グレイシャス(CGG)運動沖縄県実行委員会,5,共催,1,1,1,警察本部,13,605,source_label_x_official_mechanism_cooccurrence,machine_display_alias_only_not_actor_identity,none_for_source_label_aggregation__HR032_only_for_identity_or_member_crosswalk,"Bimode edge is an aggregation of official table rows, not an approved actor-resource relation."
S002PL019,公益社団法人沖縄県不動産鑑定士協会,6,後援,1,1,1,企画部,16,23,source_label_x_official_mechanism_cooccurrence,machine_display_alias_only_not_actor_identity,none_for_source_label_aggregation__HR032_only_for_identity_or_member_crosswalk,"Bimode edge is an aggregation of official table rows, not an approved actor-resource relation."
S002PL046,社会福祉法人沖縄県社会福祉協議会,6,後援,1,1,1,教育庁,2,521,source_label_x_official_mechanism_cooccurrence,machine_display_alias_only_not_actor_identity,none_for_source_label_aggregation__HR032_only_for_identity_or_member_crosswalk,"Bimode edge is an aggregation of official table rows, not an approved actor-resource relation."
S002PL129,NPO法人レインボーハートokinawa,6,後援,1,1,1,教育庁,13,591,source_label_x_official_mechanism_cooccurrence,machine_display_alias_only_not_actor_identity,none_for_source_label_aggregation__HR032_only_for_identity_or_member_crosswalk,"Bimode edge is an aggregation of official table rows, not an approved actor-resource relation."
S002PL185,一般社団法人沖縄ダルクサントゥアリオ,6,後援,1,1,1,保健医療介護部,19,302,source_label_x_official_mechanism_cooccurrence,machine_display_alias_only_not_actor_identity,none_for_source_label_aggregation__HR032_only_for_identity_or_member_crosswalk,"Bimode edge is an aggregation of official table rows, not an approved actor-resource relation."
S002PL212,一般社団法人沖縄県溶接協会,6,後援,1,1,1,商工労働部,16,367,source_label_x_official_mechanism_cooccurrence,machine_display_alias_only_not_actor_identity,none_for_source_label_aggregation__HR032_only_for_identity_or_member_crosswalk,"Bimode edge is an aggregation of official table rows, not an approved actor-resource relation."
S002PL246,沖縄県特別支援学校卒業生保護者連絡協議会,6,後援,1,1,1,文化観光スポーツ部,6,419,source_label_x_official_mechanism_cooccurrence,machine_display_alias_only_not_actor_identity,none_for_source_label_aggregation__HR032_only_for_identity_or_member_crosswalk,"Bimode edge is an aggregation of official table rows, not an approved actor-resource relation."
S002PL247,国際沖縄剛柔流空手道連盟,6,後援,1,1,1,文化観光スポーツ部,6,420,source_label_x_official_mechanism_cooccurrence,machine_display_alias_only_not_actor_identity,none_for_source_label_aggregation__HR032_only_for_identity_or_member_crosswalk,"Bimode edge is an aggregation of official table rows, not an approved actor-resource relation."
S002PL248,一般社団法人劉衛流龍鳳会,6,後援,1,1,1,文化観光スポーツ部,6,421,source_label_x_official_mechanism_cooccurrence,machine_display_alias_only_not_actor_identity,none_for_source_label_aggregation__HR032_only_for_identity_or_member_crosswalk,"Bimode edge is an aggregation of official table rows, not an approved actor-resource relation."
S002PL249,沖縄県空手道連盟,6,後援,2,1,1,文化観光スポーツ部,6,422;424,source_label_x_official_mechanism_cooccurrence,machine_display_alias_only_not_actor_identity,none_for_source_label_aggregation__HR032_only_for_identity_or_member_crosswalk,"Bimode edge is an aggregation of official table rows, not an approved actor-resource relation."
S002PL250,沖縄県空手道連合会,6,後援,1,1,1,文化観光スポーツ部,6,423,source_label_x_official_mechanism_cooccurrence,machine_display_alias_only_not_actor_identity,none_for_source_label_aggregation__HR032_only_for_identity_or_member_crosswalk,"Bimode edge is an aggregation of official table rows, not an approved actor-resource relation."
S002PL251,国立大学法人琉球大学地域連携推進機構,6,後援,1,1,1,文化観光スポーツ部,6,425,source_label_x_official_mechanism_cooccurrence,machine_display_alias_only_not_actor_identity,none_for_source_label_aggregation__HR032_only_for_identity_or_member_crosswalk,"Bimode edge is an aggregation of official table rows, not an approved actor-resource relation."
S002PL294,NPO法人メンタルぷらす協会Reforest,6,後援,1,1,1,教育庁,13,514,source_label_x_official_mechanism_cooccurrence,machine_display_alias_only_not_actor_identity,none_for_source_label_aggregation__HR032_only_for_identity_or_member_crosswalk,"Bimode edge is an aggregation of official table rows, not an approved actor-resource relation."
S002PL295,一般社団法人ホワイトボード,6,後援,1,1,1,教育庁,13,515,source_label_x_official_mechanism_cooccurrence,machine_display_alias_only_not_actor_identity,none_for_source_label_aggregation__HR032_only_for_identity_or_member_crosswalk,"Bimode edge is an aggregation of official table rows, not an approved actor-resource relation."
S002PL296,NPO法人教育の杜,6,後援,1,1,1,教育庁,13,516,source_label_x_official_mechanism_cooccurrence,machine_display_alias_only_not_actor_identity,none_for_source_label_aggregation__HR032_only_for_identity_or_member_crosswalk,"Bimode edge is an aggregation of official table rows, not an approved actor-resource relation."
S002PL298,一般財団法人ざぶん環境・文化プロジェクト,6,後援,1,1,1,教育庁,13,518,source_label_x_official_mechanism_cooccurrence,machine_display_alias_only_not_actor_identity,none_for_source_label_aggregation__HR032_only_for_identity_or_member_crosswalk,"Bimode edge is an aggregation of official table rows, not an approved actor-resource relation."
S002PL299,沖縄タイムス社、沖縄民踊研究会,6,後援,1,1,1,教育庁,6,519,source_label_x_official_mechanism_cooccurrence,machine_display_alias_only_not_actor_identity,none_for_source_label_aggregation__HR032_only_for_identity_or_member_crosswalk,"Bimode edge is an aggregation of official table rows, not an approved actor-resource relation."
S002PL301,全日本合唱連盟九州支部,6,後援,1,1,1,教育庁,2,522,source_label_x_official_mechanism_cooccurrence,machine_display_alias_only_not_actor_identity,none_for_source_label_aggregation__HR032_only_for_identity_or_member_crosswalk,"Bimode edge is an aggregation of official table rows, not an approved actor-resource relation."
S002PL302,国頭地区PTA連合会,6,後援,1,1,1,教育庁,13,523,source_label_x_official_mechanism_cooccurrence,machine_display_alias_only_not_actor_identity,none_for_source_label_aggregation__HR032_only_for_identity_or_member_crosswalk,"Bimode edge is an aggregation of official table rows, not an approved actor-resource relation."
S002PL304,日本青年団協議会,6,後援,1,1,1,教育庁,13,525,source_label_x_official_mechanism_cooccurrence,machine_display_alias_only_not_actor_identity,none_for_source_label_aggregation__HR032_only_for_identity_or_member_crosswalk,"Bimode edge is an aggregation of official table rows, not an approved actor-resource relation."
S002PL305,沖縄県豆記者交歓会,6,後援,1,1,1,教育庁,13,526,source_label_x_official_mechanism_cooccurrence,machine_display_alias_only_not_actor_identity,none_for_source_label_aggregation__HR032_only_for_identity_or_member_crosswalk,"Bimode edge is an aggregation of official table rows, not an approved actor-resource relation."
S002PL306,(公財)沖縄県老人クラブ連合会,6,後援,1,1,1,教育庁,13,527,source_label_x_official_mechanism_cooccurrence,machine_display_alias_only_not_actor_identity,none_for_source_label_aggregation__HR032_only_for_identity_or_member_crosswalk,"Bimode edge is an aggregation of official table rows, not an approved actor-resource relation."
S002PL307,沖縄県小売酒販組合,6,後援,1,1,1,教育庁,13,528,source_label_x_official_mechanism_cooccurrence,machine_display_alias_only_not_actor_identity,none_for_source_label_aggregation__HR032_only_for_identity_or_member_crosswalk,"Bimode edge is an aggregation of official table rows, not an approved actor-resource relation."
S002PL308,沖縄県ユネスコ協会,6,後援,3,1,1,教育庁,10;11;13,529;545;548,source_label_x_official_mechanism_cooccurrence,machine_display_alias_only_not_actor_identity,none_for_source_label_aggregation__HR032_only_for_identity_or_member_crosswalk,"Bimode edge is an aggregation of official table rows, not an approved actor-resource relation."
S002PL309,島尻地区青少年の育成会議,6,後援,1,1,1,教育庁,13,530,source_label_x_official_mechanism_cooccurrence,machine_display_alias_only_not_actor_identity,none_for_source_label_aggregation__HR032_only_for_identity_or_member_crosswalk,"Bimode edge is an aggregation of official table rows, not an approved actor-resource relation."
S002PL310,豊見城市子ども会育成連絡協議会,6,後援,1,1,1,教育庁,13,532,source_label_x_official_mechanism_cooccurrence,machine_display_alias_only_not_actor_identity,none_for_source_label_aggregation__HR032_only_for_identity_or_member_crosswalk,"Bimode edge is an aggregation of official table rows, not an approved actor-resource relation."
S002PL311,一般社団法人沖縄県PTA連合会,6,後援,2,2,1,教育庁,2,533;550,source_label_x_official_mechanism_cooccurrence,machine_display_alias_only_not_actor_identity,none_for_source_label_aggregation__HR032_only_for_identity_or_member_crosswalk,"Bimode edge is an aggregation of official table rows, not an approved actor-resource relation."
S002PL312,公益社団法人全国子ども会連合会,6,後援,1,1,1,教育庁,13,534,source_label_x_official_mechanism_cooccurrence,machine_display_alias_only_not_actor_identity,none_for_source_label_aggregation__HR032_only_for_identity_or_member_crosswalk,"Bimode edge is an aggregation of official table rows, not an approved actor-resource relation."
S002PL314,一般社団法人民族衣裳文化普及協会,6,後援,1,1,1,教育庁,6,537,source_label_x_official_mechanism_cooccurrence,machine_display_alias_only_not_actor_identity,none_for_source_label_aggregation__HR032_only_for_identity_or_member_crosswalk,"Bimode edge is an aggregation of official table rows, not an approved actor-resource relation."
S002PL315,社会福祉法人沖縄県共同募金会,6,後援,2,1,1,教育庁,4,538;540,source_label_x_official_mechanism_cooccurrence,machine_display_alias_only_not_actor_identity,none_for_source_label_aggregation__HR032_only_for_identity_or_member_crosswalk,"Bimode edge is an aggregation of official table rows, not an approved actor-resource relation."
S002PL316,沖縄県高等学校PTA連合会,6,後援,1,1,1,教育庁,13,552,source_label_x_official_mechanism_cooccurrence,machine_display_alias_only_not_actor_identity,none_for_source_label_aggregation__HR032_only_for_identity_or_member_crosswalk,"Bimode edge is an aggregation of official table rows, not an approved actor-resource relation."
S002PL317,やいまSDGsシンポジウム実行委員会,6,後援,1,1,1,教育庁,8,541,source_label_x_official_mechanism_cooccurrence,machine_display_alias_only_not_actor_identity,none_for_source_label_aggregation__HR032_only_for_identity_or_member_crosswalk,"Bimode edge is an aggregation of official table rows, not an approved actor-resource relation."
S002PL318,公益財団法人日本習字教育財団,6,後援,1,1,1,教育庁,2,542,source_label_x_official_mechanism_cooccurrence,machine_display_alias_only_not_actor_identity,none_for_source_label_aggregation__HR032_only_for_identity_or_member_crosswalk,"Bimode edge is an aggregation of official table rows, not an approved actor-resource relation."
S002PL319,トーキョーコーヒー,6,後援,1,1,1,教育庁,2,543,source_label_x_official_mechanism_cooccurrence,machine_display_alias_only_not_actor_identity,none_for_source_label_aggregation__HR032_only_for_identity_or_member_crosswalk,"Bimode edge is an aggregation of official table rows, not an approved actor-resource relation."
S002PL320,子どもお仕事未来体験青年部実行委員会,6,後援,1,1,1,教育庁,2,546,source_label_x_official_mechanism_cooccurrence,machine_display_alias_only_not_actor_identity,none_for_source_label_aggregation__HR032_only_for_identity_or_member_crosswalk,"Bimode edge is an aggregation of official table rows, not an approved actor-resource relation."
S002PL321,(一社)沖縄県女性連合会,6,後援,1,1,1,教育庁,2,547,source_label_x_official_mechanism_cooccurrence,machine_display_alias_only_not_actor_identity,none_for_source_label_aggregation__HR032_only_for_identity_or_member_crosswalk,"Bimode edge is an aggregation of official table rows, not an approved actor-resource relation."
S002PL322,クラフトフェア沖縄実行委員,6,後援,2,1,1,教育庁,6,549;556,source_label_x_official_mechanism_cooccurrence,machine_display_alias_only_not_actor_identity,none_for_source_label_aggregation__HR032_only_for_identity_or_member_crosswalk,"Bimode edge is an aggregation of official table rows, not an approved actor-resource relation."
S002PL324,全沖縄おかあさんコーラス連盟,6,後援,1,1,1,教育庁,2,555,source_label_x_official_mechanism_cooccurrence,machine_display_alias_only_not_actor_identity,none_for_source_label_aggregation__HR032_only_for_identity_or_member_crosswalk,"Bimode edge is an aggregation of official table rows, not an approved actor-resource relation."
S002PL327,NPO法人響愛学園パラ・アーティスト・マネージメント協会,6,後援,1,1,1,教育庁,2,560,source_label_x_official_mechanism_cooccurrence,machine_display_alias_only_not_actor_identity,none_for_source_label_aggregation__HR032_only_for_identity_or_member_crosswalk,"Bimode edge is an aggregation of official table rows, not an approved actor-resource relation."
S002PL338,一般社団法人エーシーオー沖縄,6,後援,1,1,1,教育庁,13,574,source_label_x_official_mechanism_cooccurrence,machine_display_alias_only_not_actor_identity,none_for_source_label_aggregation__HR032_only_for_identity_or_member_crosswalk,"Bimode edge is an aggregation of official table rows, not an approved actor-resource relation."
S002PL339,一般社団法人トコイリヤ・ソサエティー,6,後援,1,1,1,教育庁,13,575,source_label_x_official_mechanism_cooccurrence,machine_display_alias_only_not_actor_identity,none_for_source_label_aggregation__HR032_only_for_identity_or_member_crosswalk,"Bimode edge is an aggregation of official table rows, not an approved actor-resource relation."
S002PL340,一般社団法人みむみむの森芸術文化振興グループ,6,後援,1,1,1,教育庁,13,576,source_label_x_official_mechanism_cooccurrence,machine_display_alias_only_not_actor_identity,none_for_source_label_aggregation__HR032_only_for_identity_or_member_crosswalk,"Bimode edge is an aggregation of official table rows, not an approved actor-resource relation."
S002PL341,社会福祉法人若杉福祉会,6,後援,1,1,1,教育庁,13,577,source_label_x_official_mechanism_cooccurrence,machine_display_alias_only_not_actor_identity,none_for_source_label_aggregation__HR032_only_for_identity_or_member_crosswalk,"Bimode edge is an aggregation of official table rows, not an approved actor-resource relation."
S002PL342,公益社団法人浦添青年会議所,6,後援,1,1,1,教育庁,13,578,source_label_x_official_mechanism_cooccurrence,machine_display_alias_only_not_actor_identity,none_for_source_label_aggregation__HR032_only_for_identity_or_member_crosswalk,"Bimode edge is an aggregation of official table rows, not an approved actor-resource relation."
S002PL343,公益社団法人沖縄県文化振興会,6,後援,1,1,1,教育庁,13,579,source_label_x_official_mechanism_cooccurrence,machine_display_alias_only_not_actor_identity,none_for_source_label_aggregation__HR032_only_for_identity_or_member_crosswalk,"Bimode edge is an aggregation of official table rows, not an approved actor-resource relation."
S002PL344,一般社団法人落語知育振興協会,6,後援,1,1,1,教育庁,13,580,source_label_x_official_mechanism_cooccurrence,machine_display_alias_only_not_actor_identity,none_for_source_label_aggregation__HR032_only_for_identity_or_member_crosswalk,"Bimode edge is an aggregation of official table rows, not an approved actor-resource relation."
S002PL345,公益財団法人民間放送教育協会,6,後援,1,1,1,教育庁,13,581,source_label_x_official_mechanism_cooccurrence,machine_display_alias_only_not_actor_identity,none_for_source_label_aggregation__HR032_only_for_identity_or_member_crosswalk,"Bimode edge is an aggregation of official table rows, not an approved actor-resource relation."
S002PL346,一般社団法人おきなわオペラアカデミー,6,後援,1,1,1,教育庁,13,582,source_label_x_official_mechanism_cooccurrence,machine_display_alias_only_not_actor_identity,none_for_source_label_aggregation__HR032_only_for_identity_or_member_crosswalk,"Bimode edge is an aggregation of official table rows, not an approved actor-resource relation."
S002PL347,全日本ピアノ指導者協会沖縄支部,6,後援,2,1,1,教育庁,6,583;586,source_label_x_official_mechanism_cooccurrence,machine_display_alias_only_not_actor_identity,none_for_source_label_aggregation__HR032_only_for_identity_or_member_crosswalk,"Bimode edge is an aggregation of official table rows, not an approved actor-resource relation."
S002PL348,日本バトン協会沖縄支部,6,後援,1,1,1,教育庁,6,584,source_label_x_official_mechanism_cooccurrence,machine_display_alias_only_not_actor_identity,none_for_source_label_aggregation__HR032_only_for_identity_or_member_crosswalk,"Bimode edge is an aggregation of official table rows, not an approved actor-resource relation."
S002PL349,全国はがき筆文字展実行委員会,6,後援,1,1,1,教育庁,6,585,source_label_x_official_mechanism_cooccurrence,machine_display_alias_only_not_actor_identity,none_for_source_label_aggregation__HR032_only_for_identity_or_member_crosswalk,"Bimode edge is an aggregation of official table rows, not an approved actor-resource relation."
S002PL350,一般社団法人カンタームス,6,後援,1,1,1,教育庁,6,587,source_label_x_official_mechanism_cooccurrence,machine_display_alias_only_not_actor_identity,none_for_source_label_aggregation__HR032_only_for_identity_or_member_crosswalk,"Bimode edge is an aggregation of official table rows, not an approved actor-resource relation."
S002PL351,公益財団法人沖縄県交通安全協会連合会,6,後援,1,1,1,教育庁,13,588,source_label_x_official_mechanism_cooccurrence,machine_display_alias_only_not_actor_identity,none_for_source_label_aggregation__HR032_only_for_identity_or_member_crosswalk,"Bimode edge is an aggregation of official table rows, not an approved actor-resource relation."
S002PL355,(公財)沖縄県学校給食会,6,後援,3,1,1,教育庁,13,595;596;598,source_label_x_official_mechanism_cooccurrence,machine_display_alias_only_not_actor_identity,none_for_source_label_aggregation__HR032_only_for_identity_or_member_crosswalk,"Bimode edge is an aggregation of official table rows, not an approved actor-resource relation."
S002PL359,沖縄県酒造組合沖縄県卸売酒販組合沖縄県小売酒販組合(株)オリオンビール,6,後援,1,1,1,警察本部,13,608,source_label_x_official_mechanism_cooccurrence,machine_display_alias_only_not_actor_identity,none_for_source_label_aggregation__HR032_only_for_identity_or_member_crosswalk,"Bimode edge is an aggregation of official table rows, not an approved actor-resource relation."
S002PL361,一般社団法人沖縄県PTA連合会、沖縄県高等学校PTA連合会等(主催は、沖縄県教育委員会),6,後援,1,1,1,警察本部,13,610,source_label_x_official_mechanism_cooccurrence,machine_display_alias_only_not_actor_identity,none_for_source_label_aggregation__HR032_only_for_identity_or_member_crosswalk,"Bimode edge is an aggregation of official table rows, not an approved actor-resource relation."
S002PL365,ジェイ・ディ共済協同組合,6,後援,1,1,1,警察本部,9,616,source_label_x_official_mechanism_cooccurrence,machine_display_alias_only_not_actor_identity,none_for_source_label_aggregation__HR032_only_for_identity_or_member_crosswalk,"Bimode edge is an aggregation of official table rows, not an approved actor-resource relation."
S002PL135,NPO法人アンビシャス,7,実行委員会等,1,1,1,保健医療介護部,1,214,source_label_x_official_mechanism_cooccurrence,machine_display_alias_only_not_actor_identity,none_for_source_label_aggregation__HR032_only_for_identity_or_member_crosswalk,"Bimode edge is an aggregation of official table rows, not an approved actor-resource relation."
S002PL180,特定非営利活動法人いきがいLABO,7,実行委員会等,1,1,1,保健医療介護部,1,293,source_label_x_official_mechanism_cooccurrence,machine_display_alias_only_not_actor_identity,none_for_source_label_aggregation__HR032_only_for_identity_or_member_crosswalk,"Bimode edge is an aggregation of official table rows, not an approved actor-resource relation."
S002PL181,特定非営利活動法人グランアーク,7,実行委員会等,1,1,1,保健医療介護部,1,294,source_label_x_official_mechanism_cooccurrence,machine_display_alias_only_not_actor_identity,none_for_source_label_aggregation__HR032_only_for_identity_or_member_crosswalk,"Bimode edge is an aggregation of official table rows, not an approved actor-resource relation."
S002PL203,沖縄大交易会実行委員会,7,実行委員会等,1,1,1,商工労働部,16,347,source_label_x_official_mechanism_cooccurrence,machine_display_alias_only_not_actor_identity,none_for_source_label_aggregation__HR032_only_for_identity_or_member_crosswalk,"Bimode edge is an aggregation of official table rows, not an approved actor-resource relation."
S002PL209,公益社団法人沖縄県工業連合会,7,実行委員会等,1,1,1,商工労働部,15,364,source_label_x_official_mechanism_cooccurrence,machine_display_alias_only_not_actor_identity,none_for_source_label_aggregation__HR032_only_for_identity_or_member_crosswalk,"Bimode edge is an aggregation of official table rows, not an approved actor-resource relation."
S002PL311,一般社団法人沖縄県PTA連合会,7,実行委員会等,1,1,1,教育庁,13,593,source_label_x_official_mechanism_cooccurrence,machine_display_alias_only_not_actor_identity,none_for_source_label_aggregation__HR032_only_for_identity_or_member_crosswalk,"Bimode edge is an aggregation of official table rows, not an approved actor-resource relation."
S002PL323,たいようのえくぼ1万人井戸端会議,7,実行委員会等,1,1,1,教育庁,2,554,source_label_x_official_mechanism_cooccurrence,machine_display_alias_only_not_actor_identity,none_for_source_label_aggregation__HR032_only_for_identity_or_member_crosswalk,"Bimode edge is an aggregation of official table rows, not an approved actor-resource relation."
S002PL353,公益財団法人沖縄県学校給食会,7,実行委員会等,1,1,1,教育庁,13,592,source_label_x_official_mechanism_cooccurrence,machine_display_alias_only_not_actor_identity,none_for_source_label_aggregation__HR032_only_for_identity_or_member_crosswalk,"Bimode edge is an aggregation of official table rows, not an approved actor-resource relation."
S002PL360,第74回社会を明るくする運動沖縄県推進委員会事務局,7,実行委員会等,1,1,1,警察本部,13,609,source_label_x_official_mechanism_cooccurrence,machine_display_alias_only_not_actor_identity,none_for_source_label_aggregation__HR032_only_for_identity_or_member_crosswalk,"Bimode edge is an aggregation of official table rows, not an approved actor-resource relation."
S002PL015,(一社)八重山ビジターズビューロー,8,事業協力,1,1,1,総務部,4,17,source_label_x_official_mechanism_cooccurrence,machine_display_alias_only_not_actor_identity,none_for_source_label_aggregation__HR032_only_for_identity_or_member_crosswalk,"Bimode edge is an aggregation of official table rows, not an approved actor-resource relation."
S002PL049,特定非営利活動法人介護と福祉の調査機関おきなわ,8,事業協力,1,1,1,生活福祉部,1,74,source_label_x_official_mechanism_cooccurrence,machine_display_alias_only_not_actor_identity,none_for_source_label_aggregation__HR032_only_for_identity_or_member_crosswalk,"Bimode edge is an aggregation of official table rows, not an approved actor-resource relation."
S002PL050,一般社団法人沖縄県社会福祉士会,8,事業協力,1,1,1,生活福祉部,1,75,source_label_x_official_mechanism_cooccurrence,machine_display_alias_only_not_actor_identity,none_for_source_label_aggregation__HR032_only_for_identity_or_member_crosswalk,"Bimode edge is an aggregation of official table rows, not an approved actor-resource relation."
S002PL135,NPO法人アンビシャス,8,事業協力,1,1,1,保健医療介護部,1,233,source_label_x_official_mechanism_cooccurrence,machine_display_alias_only_not_actor_identity,none_for_source_label_aggregation__HR032_only_for_identity_or_member_crosswalk,"Bimode edge is an aggregation of official table rows, not an approved actor-resource relation."
S002PL145,一般財団法人沖縄美ら島財団,8,事業協力,2,1,2,保健医療介護部;教育庁,1;2,235;570,source_label_x_official_mechanism_cooccurrence,machine_display_alias_only_not_actor_identity,none_for_source_label_aggregation__HR032_only_for_identity_or_member_crosswalk,"Bimode edge is an aggregation of official table rows, not an approved actor-resource relation."
S002PL162,一般社団法人沖縄県歯科医師会,8,事業協力,1,1,1,保健医療介護部,1,261,source_label_x_official_mechanism_cooccurrence,machine_display_alias_only_not_actor_identity,none_for_source_label_aggregation__HR032_only_for_identity_or_member_crosswalk,"Bimode edge is an aggregation of official table rows, not an approved actor-resource relation."
S002PL163,一般社団法人那覇地区薬剤師会,8,事業協力,1,1,1,保健医療介護部,1,260,source_label_x_official_mechanism_cooccurrence,machine_display_alias_only_not_actor_identity,none_for_source_label_aggregation__HR032_only_for_identity_or_member_crosswalk,"Bimode edge is an aggregation of official table rows, not an approved actor-resource relation."
S002PL164,公益社団法人沖縄県栄養士会,8,事業協力,1,1,1,保健医療介護部,1,262,source_label_x_official_mechanism_cooccurrence,machine_display_alias_only_not_actor_identity,none_for_source_label_aggregation__HR032_only_for_identity_or_member_crosswalk,"Bimode edge is an aggregation of official table rows, not an approved actor-resource relation."
S002PL210,一般社団法人沖縄県発明協会,8,事業協力,1,1,1,商工労働部,15,365,source_label_x_official_mechanism_cooccurrence,machine_display_alias_only_not_actor_identity,none_for_source_label_aggregation__HR032_only_for_identity_or_member_crosswalk,"Bimode edge is an aggregation of official table rows, not an approved actor-resource relation."
S002PL211,沖縄県観光おみやげ品公正取引協議会,8,事業協力,1,1,1,商工労働部,16,366,source_label_x_official_mechanism_cooccurrence,machine_display_alias_only_not_actor_identity,none_for_source_label_aggregation__HR032_only_for_identity_or_member_crosswalk,"Bimode edge is an aggregation of official table rows, not an approved actor-resource relation."
S002PL212,一般社団法人沖縄県溶接協会,8,事業協力,1,1,1,商工労働部,16,368,source_label_x_official_mechanism_cooccurrence,machine_display_alias_only_not_actor_identity,none_for_source_label_aggregation__HR032_only_for_identity_or_member_crosswalk,"Bimode edge is an aggregation of official table rows, not an approved actor-resource relation."
S002PL275,NPO法人バリアフリーネットワーク会議,8,事業協力,1,1,1,土木建築部,6,467,source_label_x_official_mechanism_cooccurrence,machine_display_alias_only_not_actor_identity,none_for_source_label_aggregation__HR032_only_for_identity_or_member_crosswalk,"Bimode edge is an aggregation of official table rows, not an approved actor-resource relation."
S002PL286,認定特定非営利活動法人Teach For Japan,8,事業協力,1,1,1,教育庁,13,498,source_label_x_official_mechanism_cooccurrence,machine_display_alias_only_not_actor_identity,none_for_source_label_aggregation__HR032_only_for_identity_or_member_crosswalk,"Bimode edge is an aggregation of official table rows, not an approved actor-resource relation."
S002PL303,公益社団法人沖縄県青少年育成県民会議,8,事業協力,1,1,1,教育庁,13,553,source_label_x_official_mechanism_cooccurrence,machine_display_alias_only_not_actor_identity,none_for_source_label_aggregation__HR032_only_for_identity_or_member_crosswalk,"Bimode edge is an aggregation of official table rows, not an approved actor-resource relation."
S002PL334,NPO法人沖縄児童英語研究会,8,事業協力,1,1,1,教育庁,13,569,source_label_x_official_mechanism_cooccurrence,machine_display_alias_only_not_actor_identity,none_for_source_label_aggregation__HR032_only_for_identity_or_member_crosswalk,"Bimode edge is an aggregation of official table rows, not an approved actor-resource relation."
S002PL336,公益財団法人放送番組センター,8,事業協力,1,1,1,教育庁,2,572,source_label_x_official_mechanism_cooccurrence,machine_display_alias_only_not_actor_identity,none_for_source_label_aggregation__HR032_only_for_identity_or_member_crosswalk,"Bimode edge is an aggregation of official table rows, not an approved actor-resource relation."
S002PL352,NPO法人沖縄がん教育サポートセンター,8,事業協力,1,1,1,教育庁,13,589,source_label_x_official_mechanism_cooccurrence,machine_display_alias_only_not_actor_identity,none_for_source_label_aggregation__HR032_only_for_identity_or_member_crosswalk,"Bimode edge is an aggregation of official table rows, not an approved actor-resource relation."
S002PL356,おきなわ子ども未来ネットワーク,8,事業協力,1,1,1,病院事業局,1,599,source_label_x_official_mechanism_cooccurrence,machine_display_alias_only_not_actor_identity,none_for_source_label_aggregation__HR032_only_for_identity_or_member_crosswalk,"Bimode edge is an aggregation of official table rows, not an approved actor-resource relation."
S002PL357,公益財団法人沖縄県防犯協会連合会,8,事業協力,1,1,1,警察本部,9,603,source_label_x_official_mechanism_cooccurrence,machine_display_alias_only_not_actor_identity,none_for_source_label_aggregation__HR032_only_for_identity_or_member_crosswalk,"Bimode edge is an aggregation of official table rows, not an approved actor-resource relation."
S002PL364,公益社団法人全日本断酒連盟沖縄県断酒会,8,事業協力,1,1,1,警察本部,9,615,source_label_x_official_mechanism_cooccurrence,machine_display_alias_only_not_actor_identity,none_for_source_label_aggregation__HR032_only_for_identity_or_member_crosswalk,"Bimode edge is an aggregation of official table rows, not an approved actor-resource relation."
S002PL002,沖縄災害救助犬協会,9,講師等,1,1,1,知事公室,8,2,source_label_x_official_mechanism_cooccurrence,machine_display_alias_only_not_actor_identity,none_for_source_label_aggregation__HR032_only_for_identity_or_member_crosswalk,"Bimode edge is an aggregation of official table rows, not an approved actor-resource relation."
S002PL003,沖縄県消防設備協会,9,講師等,1,1,1,知事公室,8,3,source_label_x_official_mechanism_cooccurrence,machine_display_alias_only_not_actor_identity,none_for_source_label_aggregation__HR032_only_for_identity_or_member_crosswalk,"Bimode edge is an aggregation of official table rows, not an approved actor-resource relation."
S002PL004,日本エレベーター協会,9,講師等,1,1,1,知事公室,8,4,source_label_x_official_mechanism_cooccurrence,machine_display_alias_only_not_actor_identity,none_for_source_label_aggregation__HR032_only_for_identity_or_member_crosswalk,"Bimode edge is an aggregation of official table rows, not an approved actor-resource relation."
S002PL005,沖縄県消防協会,9,講師等,1,1,1,知事公室,8,5,source_label_x_official_mechanism_cooccurrence,machine_display_alias_only_not_actor_identity,none_for_source_label_aggregation__HR032_only_for_identity_or_member_crosswalk,"Bimode edge is an aggregation of official table rows, not an approved actor-resource relation."
S002PL006,沖縄県高圧ガス保安協会,9,講師等,1,1,1,知事公室,8,6,source_label_x_official_mechanism_cooccurrence,machine_display_alias_only_not_actor_identity,none_for_source_label_aggregation__HR032_only_for_identity_or_member_crosswalk,"Bimode edge is an aggregation of official table rows, not an approved actor-resource relation."
S002PL007,日本防炎協会,9,講師等,1,1,1,知事公室,8,7,source_label_x_official_mechanism_cooccurrence,machine_display_alias_only_not_actor_identity,none_for_source_label_aggregation__HR032_only_for_identity_or_member_crosswalk,"Bimode edge is an aggregation of official table rows, not an approved actor-resource relation."
S002PL008,日本無線協会,9,講師等,1,1,1,知事公室,8,8,source_label_x_official_mechanism_cooccurrence,machine_display_alias_only_not_actor_identity,none_for_source_label_aggregation__HR032_only_for_identity_or_member_crosswalk,"Bimode edge is an aggregation of official table rows, not an approved actor-resource relation."
S002PL129,NPO法人レインボーハートokinawa,9,講師等,1,1,1,教育庁,13,499,source_label_x_official_mechanism_cooccurrence,machine_display_alias_only_not_actor_identity,none_for_source_label_aggregation__HR032_only_for_identity_or_member_crosswalk,"Bimode edge is an aggregation of official table rows, not an approved actor-resource relation."
S002PL135,NPO法人アンビシャス,9,講師等,1,1,1,保健医療介護部,1,215,source_label_x_official_mechanism_cooccurrence,machine_display_alias_only_not_actor_identity,none_for_source_label_aggregation__HR032_only_for_identity_or_member_crosswalk,"Bimode edge is an aggregation of official table rows, not an approved actor-resource relation."
S002PL136,一般社団法人おきなわASK,9,講師等,1,1,1,保健医療介護部,1,216,source_label_x_official_mechanism_cooccurrence,machine_display_alias_only_not_actor_identity,none_for_source_label_aggregation__HR032_only_for_identity_or_member_crosswalk,"Bimode edge is an aggregation of official table rows, not an approved actor-resource relation."
S002PL155,沖縄愛楽園自治会,9,講師等,1,1,1,保健医療介護部,10,246,source_label_x_official_mechanism_cooccurrence,machine_display_alias_only_not_actor_identity,none_for_source_label_aggregation__HR032_only_for_identity_or_member_crosswalk,"Bimode edge is an aggregation of official table rows, not an approved actor-resource relation."
S002PL182,NPO法人名護市障害者関係団体協議会地域生活支援センターウェーブ,9,講師等,1,1,1,保健医療介護部,1,298,source_label_x_official_mechanism_cooccurrence,machine_display_alias_only_not_actor_identity,none_for_source_label_aggregation__HR032_only_for_identity_or_member_crosswalk,"Bimode edge is an aggregation of official table rows, not an approved actor-resource relation."
S002PL184,一般社団法人高橋聡美研究室,9,講師等,1,1,1,保健医療介護部,1,301,source_label_x_official_mechanism_cooccurrence,machine_display_alias_only_not_actor_identity,none_for_source_label_aggregation__HR032_only_for_identity_or_member_crosswalk,"Bimode edge is an aggregation of official table rows, not an approved actor-resource relation."
S002PL187,認定NPO法人アンビシャス,9,講師等,2,1,1,保健医療介護部,1,312;313,source_label_x_official_mechanism_cooccurrence,machine_display_alias_only_not_actor_identity,none_for_source_label_aggregation__HR032_only_for_identity_or_member_crosswalk,"Bimode edge is an aggregation of official table rows, not an approved actor-resource relation."
S002PL195,一般社団法人ちゅらまーる在宅看護センターはなはな,9,講師等,1,1,1,保健医療介護部,1,333,source_label_x_official_mechanism_cooccurrence,machine_display_alias_only_not_actor_identity,none_for_source_label_aggregation__HR032_only_for_identity_or_member_crosswalk,"Bimode edge is an aggregation of official table rows, not an approved actor-resource relation."
S002PL202,NPO法人おきなわグリーンネットワーク,9,講師等,1,1,1,農林水産部,7,346,source_label_x_official_mechanism_cooccurrence,machine_display_alias_only_not_actor_identity,none_for_source_label_aggregation__HR032_only_for_identity_or_member_crosswalk,"Bimode edge is an aggregation of official table rows, not an approved actor-resource relation."
S002PL325,湧き水fan倶楽部,9,講師等,1,1,1,教育庁,2,558,source_label_x_official_mechanism_cooccurrence,machine_display_alias_only_not_actor_identity,none_for_source_label_aggregation__HR032_only_for_identity_or_member_crosswalk,"Bimode edge is an aggregation of official table rows, not an approved actor-resource relation."
S002PL326,一般社団法人沖縄県美ら海教育学校,9,講師等,1,1,1,教育庁,2,559,source_label_x_official_mechanism_cooccurrence,machine_display_alias_only_not_actor_identity,none_for_source_label_aggregation__HR032_only_for_identity_or_member_crosswalk,"Bimode edge is an aggregation of official table rows, not an approved actor-resource relation."
S002PL328,那覇伝統織物事業協同組合,9,講師等,1,1,1,教育庁,2,562,source_label_x_official_mechanism_cooccurrence,machine_display_alias_only_not_actor_identity,none_for_source_label_aggregation__HR032_only_for_identity_or_member_crosswalk,"Bimode edge is an aggregation of official table rows, not an approved actor-resource relation."
S002PL354,一般財団法人沖縄県環境科学センター,9,講師等,1,1,1,教育庁,13,594,source_label_x_official_mechanism_cooccurrence,machine_display_alias_only_not_actor_identity,none_for_source_label_aggregation__HR032_only_for_identity_or_member_crosswalk,"Bimode edge is an aggregation of official table rows, not an approved actor-resource relation."
S002PL129,NPO法人レインボーハートokinawa,10,その他,1,1,1,土木建築部,3,466,source_label_x_official_mechanism_cooccurrence,machine_display_alias_only_not_actor_identity,none_for_source_label_aggregation__HR032_only_for_identity_or_member_crosswalk,"Bimode edge is an aggregation of official table rows, not an approved actor-resource relation."
S002PL183,一般社団法人沖縄県医師会、各地区医師会(北部・中部・南部・那覇市・浦添市)(委員として会員の推薦・選出),10,その他,1,1,1,保健医療介護部,1,300,source_label_x_official_mechanism_cooccurrence,machine_display_alias_only_not_actor_identity,none_for_source_label_aggregation__HR032_only_for_identity_or_member_crosswalk,"Bimode edge is an aggregation of official table rows, not an approved actor-resource relation."
S002PL275,NPO法人バリアフリーネットワーク会議,10,その他,1,1,1,土木建築部,3,465,source_label_x_official_mechanism_cooccurrence,machine_display_alias_only_not_actor_identity,none_for_source_label_aggregation__HR032_only_for_identity_or_member_crosswalk,"Bimode edge is an aggregation of official table rows, not an approved actor-resource relation."
S002PL329,特定非営利活動法人1万人井戸端会議,10,その他,1,1,1,教育庁,2,563,source_label_x_official_mechanism_cooccurrence,machine_display_alias_only_not_actor_identity,none_for_source_label_aggregation__HR032_only_for_identity_or_member_crosswalk,"Bimode edge is an aggregation of official table rows, not an approved actor-resource relation."
S002PL357,公益財団法人沖縄県防犯協会連合会,10,その他,2,1,1,警察本部,9,602;604,source_label_x_official_mechanism_cooccurrence,machine_display_alias_only_not_actor_identity,none_for_source_label_aggregation__HR032_only_for_identity_or_member_crosswalk,"Bimode edge is an aggregation of official table rows, not an approved actor-resource relation."
