partner_display_label_id,partner_name_display_alias_machine,department_display_machine,source_row_count,mechanism_codes,issue_field_codes,source_row_numbers,edge_semantics,identity_status,human_gate,interpretation_limit
S002PL046,社会福祉法人沖縄県社会福祉協議会,こども未来部,2,1,1;13,163;191,source_label_x_department_cooccurrence,machine_display_alias_only_not_actor_identity,none_for_source_label_aggregation__HR032_only_for_identity_or_member_crosswalk,"Department visibility is source-row cooccurrence, not organizational dependence or stable partnership."
S002PL050,一般社団法人沖縄県社会福祉士会,こども未来部,1,1,1,186,source_label_x_department_cooccurrence,machine_display_alias_only_not_actor_identity,none_for_source_label_aggregation__HR032_only_for_identity_or_member_crosswalk,"Department visibility is source-row cooccurrence, not organizational dependence or stable partnership."
S002PL052,公益社団法人沖縄県看護協会,こども未来部,1,1,1,192,source_label_x_department_cooccurrence,machine_display_alias_only_not_actor_identity,none_for_source_label_aggregation__HR032_only_for_identity_or_member_crosswalk,"Department visibility is source-row cooccurrence, not organizational dependence or stable partnership."
S002PL091,一般社団法人Co- Link,こども未来部,3,2,13,143;144;162,source_label_x_department_cooccurrence,machine_display_alias_only_not_actor_identity,none_for_source_label_aggregation__HR032_only_for_identity_or_member_crosswalk,"Department visibility is source-row cooccurrence, not organizational dependence or stable partnership."
S002PL092,特定非営利活動法人侍学園スクオーラ・今人,こども未来部,2,1;2,13,145;160,source_label_x_department_cooccurrence,machine_display_alias_only_not_actor_identity,none_for_source_label_aggregation__HR032_only_for_identity_or_member_crosswalk,"Department visibility is source-row cooccurrence, not organizational dependence or stable partnership."
S002PL093,特定非営利活動法人サポートセンターゆめさき,こども未来部,3,1,13,146;149;150,source_label_x_department_cooccurrence,machine_display_alias_only_not_actor_identity,none_for_source_label_aggregation__HR032_only_for_identity_or_member_crosswalk,"Department visibility is source-row cooccurrence, not organizational dependence or stable partnership."
S002PL094,労働者協同組合ワーカーズコープ・センター事業団,こども未来部,2,1,13,147;148,source_label_x_department_cooccurrence,machine_display_alias_only_not_actor_identity,none_for_source_label_aggregation__HR032_only_for_identity_or_member_crosswalk,"Department visibility is source-row cooccurrence, not organizational dependence or stable partnership."
S002PL095,要支援家庭寄り添い支援事業受託コンソーシアム((一社)TAKE-OFF、(一社)ぷらっと),こども未来部,1,2,13,151,source_label_x_department_cooccurrence,machine_display_alias_only_not_actor_identity,none_for_source_label_aggregation__HR032_only_for_identity_or_member_crosswalk,"Department visibility is source-row cooccurrence, not organizational dependence or stable partnership."
S002PL096,子どもゲンキプロジェクト共同体((一社)宜野湾子どもゲンキ食堂、(一社)3ピース58、(一社)くじら寺子屋),こども未来部,1,2,13,152,source_label_x_department_cooccurrence,machine_display_alias_only_not_actor_identity,none_for_source_label_aggregation__HR032_only_for_identity_or_member_crosswalk,"Department visibility is source-row cooccurrence, not organizational dependence or stable partnership."
S002PL097,一般社団法人みんなのももやま子ども食堂,こども未来部,1,2,13,153,source_label_x_department_cooccurrence,machine_display_alias_only_not_actor_identity,none_for_source_label_aggregation__HR032_only_for_identity_or_member_crosswalk,"Department visibility is source-row cooccurrence, not organizational dependence or stable partnership."
S002PL098,一般社団法人UTT,こども未来部,2,2,13,154;158,source_label_x_department_cooccurrence,machine_display_alias_only_not_actor_identity,none_for_source_label_aggregation__HR032_only_for_identity_or_member_crosswalk,"Department visibility is source-row cooccurrence, not organizational dependence or stable partnership."
S002PL099,「要支援家庭寄り添い支援業務」共同体((一社)カナカナ、(特非)沖縄上等プロジェクト),こども未来部,1,2,13,155,source_label_x_department_cooccurrence,machine_display_alias_only_not_actor_identity,none_for_source_label_aggregation__HR032_only_for_identity_or_member_crosswalk,"Department visibility is source-row cooccurrence, not organizational dependence or stable partnership."
S002PL100,一般社団法人宮古島こどもこそだてワクワク未来会議,こども未来部,2,2,13,156;161,source_label_x_department_cooccurrence,machine_display_alias_only_not_actor_identity,none_for_source_label_aggregation__HR032_only_for_identity_or_member_crosswalk,"Department visibility is source-row cooccurrence, not organizational dependence or stable partnership."
S002PL101,子育てサポート団体HUGs,こども未来部,1,2,13,157,source_label_x_department_cooccurrence,machine_display_alias_only_not_actor_identity,none_for_source_label_aggregation__HR032_only_for_identity_or_member_crosswalk,"Department visibility is source-row cooccurrence, not organizational dependence or stable partnership."
S002PL102,沖縄子供の貧困緊急対策事業受託コンソーシアム((一社)TAKE-OFFと(一社)ぷらっとの共同体),こども未来部,1,2,13,159,source_label_x_department_cooccurrence,machine_display_alias_only_not_actor_identity,none_for_source_label_aggregation__HR032_only_for_identity_or_member_crosswalk,"Department visibility is source-row cooccurrence, not organizational dependence or stable partnership."
S002PL103,社会福祉法人袋中園,こども未来部,1,1,1,164,source_label_x_department_cooccurrence,machine_display_alias_only_not_actor_identity,none_for_source_label_aggregation__HR032_only_for_identity_or_member_crosswalk,"Department visibility is source-row cooccurrence, not organizational dependence or stable partnership."
S002PL104,特定非営利活動法人おきなわCAPセンター,こども未来部,2,1,1;13,165;168,source_label_x_department_cooccurrence,machine_display_alias_only_not_actor_identity,none_for_source_label_aggregation__HR032_only_for_identity_or_member_crosswalk,"Department visibility is source-row cooccurrence, not organizational dependence or stable partnership."
S002PL105,社会福祉法人友興会ノアーズガーデン,こども未来部,1,1,1,166,source_label_x_department_cooccurrence,machine_display_alias_only_not_actor_identity,none_for_source_label_aggregation__HR032_only_for_identity_or_member_crosswalk,"Department visibility is source-row cooccurrence, not organizational dependence or stable partnership."
S002PL106,一般社団法人日本児童相談業務評価機関,こども未来部,1,1,1,167,source_label_x_department_cooccurrence,machine_display_alias_only_not_actor_identity,none_for_source_label_aggregation__HR032_only_for_identity_or_member_crosswalk,"Department visibility is source-row cooccurrence, not organizational dependence or stable partnership."
S002PL107,認定特定非営利活動法人エンパワメントかながわ,こども未来部,1,1,13,169,source_label_x_department_cooccurrence,machine_display_alias_only_not_actor_identity,none_for_source_label_aggregation__HR032_only_for_identity_or_member_crosswalk,"Department visibility is source-row cooccurrence, not organizational dependence or stable partnership."
S002PL108,社会福祉法人ひんぷん会,こども未来部,1,4,1,170,source_label_x_department_cooccurrence,machine_display_alias_only_not_actor_identity,none_for_source_label_aggregation__HR032_only_for_identity_or_member_crosswalk,"Department visibility is source-row cooccurrence, not organizational dependence or stable partnership."
S002PL109,社会福祉法人沖縄県社会福祉事業団,こども未来部,1,4,1,171,source_label_x_department_cooccurrence,machine_display_alias_only_not_actor_identity,none_for_source_label_aggregation__HR032_only_for_identity_or_member_crosswalk,"Department visibility is source-row cooccurrence, not organizational dependence or stable partnership."
S002PL110,社会福祉法人国際福祉会,こども未来部,2,4,1,172;180,source_label_x_department_cooccurrence,machine_display_alias_only_not_actor_identity,none_for_source_label_aggregation__HR032_only_for_identity_or_member_crosswalk,"Department visibility is source-row cooccurrence, not organizational dependence or stable partnership."
S002PL111,公立大学法人大阪,こども未来部,1,1,13,173,source_label_x_department_cooccurrence,machine_display_alias_only_not_actor_identity,none_for_source_label_aggregation__HR032_only_for_identity_or_member_crosswalk,"Department visibility is source-row cooccurrence, not organizational dependence or stable partnership."
S002PL112,一般社団法人大学コンソーシアム沖縄,こども未来部,1,1,13,174,source_label_x_department_cooccurrence,machine_display_alias_only_not_actor_identity,none_for_source_label_aggregation__HR032_only_for_identity_or_member_crosswalk,"Department visibility is source-row cooccurrence, not organizational dependence or stable partnership."
S002PL113,社会福祉法人偕生会,こども未来部,2,3;4,1;13,175;181,source_label_x_department_cooccurrence,machine_display_alias_only_not_actor_identity,none_for_source_label_aggregation__HR032_only_for_identity_or_member_crosswalk,"Department visibility is source-row cooccurrence, not organizational dependence or stable partnership."
S002PL114,一般社団法人ある,こども未来部,1,1,1,176,source_label_x_department_cooccurrence,machine_display_alias_only_not_actor_identity,none_for_source_label_aggregation__HR032_only_for_identity_or_member_crosswalk,"Department visibility is source-row cooccurrence, not organizational dependence or stable partnership."
S002PL115,一般社団法人おきなわ子ども未来ネットワーク,こども未来部,1,4,1,177,source_label_x_department_cooccurrence,machine_display_alias_only_not_actor_identity,none_for_source_label_aggregation__HR032_only_for_identity_or_member_crosswalk,"Department visibility is source-row cooccurrence, not organizational dependence or stable partnership."
S002PL116,一般社団法人沖縄県里親会,こども未来部,3,1;4,1,178;179;184,source_label_x_department_cooccurrence,machine_display_alias_only_not_actor_identity,none_for_source_label_aggregation__HR032_only_for_identity_or_member_crosswalk,"Department visibility is source-row cooccurrence, not organizational dependence or stable partnership."
S002PL117,社会福祉法人基督教児童福祉会,こども未来部,1,4,1,182,source_label_x_department_cooccurrence,machine_display_alias_only_not_actor_identity,none_for_source_label_aggregation__HR032_only_for_identity_or_member_crosswalk,"Department visibility is source-row cooccurrence, not organizational dependence or stable partnership."
S002PL118,社会福祉法人豊友会,こども未来部,1,4,1,183,source_label_x_department_cooccurrence,machine_display_alias_only_not_actor_identity,none_for_source_label_aggregation__HR032_only_for_identity_or_member_crosswalk,"Department visibility is source-row cooccurrence, not organizational dependence or stable partnership."
S002PL119,一般社団法人沖縄いのちにエールを贈る会,こども未来部,1,1,2,185,source_label_x_department_cooccurrence,machine_display_alias_only_not_actor_identity,none_for_source_label_aggregation__HR032_only_for_identity_or_member_crosswalk,"Department visibility is source-row cooccurrence, not organizational dependence or stable partnership."
S002PL120,NPO法人沖縄県学童・保育支援センター,こども未来部,3,2,1;13,187;188;189,source_label_x_department_cooccurrence,machine_display_alias_only_not_actor_identity,none_for_source_label_aggregation__HR032_only_for_identity_or_member_crosswalk,"Department visibility is source-row cooccurrence, not organizational dependence or stable partnership."
S002PL121,社会福祉法人日本保育協会,こども未来部,1,1,1,190,source_label_x_department_cooccurrence,machine_display_alias_only_not_actor_identity,none_for_source_label_aggregation__HR032_only_for_identity_or_member_crosswalk,"Department visibility is source-row cooccurrence, not organizational dependence or stable partnership."
S002PL122,一般社団法人沖縄県助産師会,こども未来部,1,1,1,193,source_label_x_department_cooccurrence,machine_display_alias_only_not_actor_identity,none_for_source_label_aggregation__HR032_only_for_identity_or_member_crosswalk,"Department visibility is source-row cooccurrence, not organizational dependence or stable partnership."
S002PL123,公益社団法人沖縄県小児保健協会,こども未来部,1,5,1,194,source_label_x_department_cooccurrence,machine_display_alias_only_not_actor_identity,none_for_source_label_aggregation__HR032_only_for_identity_or_member_crosswalk,"Department visibility is source-row cooccurrence, not organizational dependence or stable partnership."
S002PL124,公益社団法人母子保健推進会議沖縄県母子保健推進員連絡協議会,こども未来部,1,5,1,195,source_label_x_department_cooccurrence,machine_display_alias_only_not_actor_identity,none_for_source_label_aggregation__HR032_only_for_identity_or_member_crosswalk,"Department visibility is source-row cooccurrence, not organizational dependence or stable partnership."
S002PL125,NPO法人ひだまり,こども未来部,1,4,1,196,source_label_x_department_cooccurrence,machine_display_alias_only_not_actor_identity,none_for_source_label_aggregation__HR032_only_for_identity_or_member_crosswalk,"Department visibility is source-row cooccurrence, not organizational dependence or stable partnership."
S002PL126,公益財団法人おきなわ女性財団,こども未来部,3,1,1;12,197;205;206,source_label_x_department_cooccurrence,machine_display_alias_only_not_actor_identity,none_for_source_label_aggregation__HR032_only_for_identity_or_member_crosswalk,"Department visibility is source-row cooccurrence, not organizational dependence or stable partnership."
S002PL127,公益社団法人沖縄県母子寡婦福祉連合会,こども未来部,5,1;2;4,1,198;199;201;202;203,source_label_x_department_cooccurrence,machine_display_alias_only_not_actor_identity,none_for_source_label_aggregation__HR032_only_for_identity_or_member_crosswalk,"Department visibility is source-row cooccurrence, not organizational dependence or stable partnership."
S002PL128,公益社団法人那覇市母子寡婦福祉会,こども未来部,1,2,1,200,source_label_x_department_cooccurrence,machine_display_alias_only_not_actor_identity,none_for_source_label_aggregation__HR032_only_for_identity_or_member_crosswalk,"Department visibility is source-row cooccurrence, not organizational dependence or stable partnership."
S002PL129,NPO法人レインボーハートokinawa,こども未来部,1,1,10,204,source_label_x_department_cooccurrence,machine_display_alias_only_not_actor_identity,none_for_source_label_aggregation__HR032_only_for_identity_or_member_crosswalk,"Department visibility is source-row cooccurrence, not organizational dependence or stable partnership."
S002PL130,公益財団法人おきなわ女性財団(沖縄県男女共同参画センター管理運営団体),こども未来部,1,3,12,207,source_label_x_department_cooccurrence,machine_display_alias_only_not_actor_identity,none_for_source_label_aggregation__HR032_only_for_identity_or_member_crosswalk,"Department visibility is source-row cooccurrence, not organizational dependence or stable partnership."
S002PL131,公益社団法人沖縄看護協会,こども未来部,3,1,1,208;209;211,source_label_x_department_cooccurrence,machine_display_alias_only_not_actor_identity,none_for_source_label_aggregation__HR032_only_for_identity_or_member_crosswalk,"Department visibility is source-row cooccurrence, not organizational dependence or stable partnership."
S002PL132,女性を元気にする会,こども未来部,1,1,12,210,source_label_x_department_cooccurrence,machine_display_alias_only_not_actor_identity,none_for_source_label_aggregation__HR032_only_for_identity_or_member_crosswalk,"Department visibility is source-row cooccurrence, not organizational dependence or stable partnership."
S002PL133,一般社団法人沖縄県医師会,こども未来部,1,1,1,212,source_label_x_department_cooccurrence,machine_display_alias_only_not_actor_identity,none_for_source_label_aggregation__HR032_only_for_identity_or_member_crosswalk,"Department visibility is source-row cooccurrence, not organizational dependence or stable partnership."
S002PL134,更生保護法人がじゅまる沖縄,こども未来部,1,1,1,213,source_label_x_department_cooccurrence,machine_display_alias_only_not_actor_identity,none_for_source_label_aggregation__HR032_only_for_identity_or_member_crosswalk,"Department visibility is source-row cooccurrence, not organizational dependence or stable partnership."
S002PL018,NPO法人キャリエイト,企画部,1,1,5,21,source_label_x_department_cooccurrence,machine_display_alias_only_not_actor_identity,none_for_source_label_aggregation__HR032_only_for_identity_or_member_crosswalk,"Department visibility is source-row cooccurrence, not organizational dependence or stable partnership."
S002PL019,公益社団法人沖縄県不動産鑑定士協会,企画部,4,1;5;6,16,22;23;24;25,source_label_x_department_cooccurrence,machine_display_alias_only_not_actor_identity,none_for_source_label_aggregation__HR032_only_for_identity_or_member_crosswalk,"Department visibility is source-row cooccurrence, not organizational dependence or stable partnership."
S002PL020,公益財団法人沖縄県建設技術センター,企画部,1,1,3,26,source_label_x_department_cooccurrence,machine_display_alias_only_not_actor_identity,none_for_source_label_aggregation__HR032_only_for_identity_or_member_crosswalk,"Department visibility is source-row cooccurrence, not organizational dependence or stable partnership."
S002PL021,公益財団法人沖縄科学技術振興センター,企画部,4,2,15,27;33;34;35,source_label_x_department_cooccurrence,machine_display_alias_only_not_actor_identity,none_for_source_label_aggregation__HR032_only_for_identity_or_member_crosswalk,"Department visibility is source-row cooccurrence, not organizational dependence or stable partnership."
S002PL022,学校法人沖縄科学技術大学院大学学園,企画部,2,2,15,28;29,source_label_x_department_cooccurrence,machine_display_alias_only_not_actor_identity,none_for_source_label_aggregation__HR032_only_for_identity_or_member_crosswalk,"Department visibility is source-row cooccurrence, not organizational dependence or stable partnership."
S002PL023,SDGs×沖縄天然資源:ウイルスや原虫に対する創薬研究および食品・水産業への展開事業共同企業体※「一般社団法人トロピカルテクノプラス」を含む,企画部,1,2,15,30,source_label_x_department_cooccurrence,machine_display_alias_only_not_actor_identity,none_for_source_label_aggregation__HR032_only_for_identity_or_member_crosswalk,"Department visibility is source-row cooccurrence, not organizational dependence or stable partnership."
S002PL024,沖縄県の発注に係る沖縄イノベーション・エコシステム共同研究推進事業受託共同企業体※「一般財団法人沖縄県環境科学センター」及び「学校法人沖縄科学技術大学院大学学園」で構成,企画部,1,2,15,31,source_label_x_department_cooccurrence,machine_display_alias_only_not_actor_identity,none_for_source_label_aggregation__HR032_only_for_identity_or_member_crosswalk,"Department visibility is source-row cooccurrence, not organizational dependence or stable partnership."
S002PL025,一般財団法人南西地域産業活性化センター,企画部,1,2,15,32,source_label_x_department_cooccurrence,machine_display_alias_only_not_actor_identity,none_for_source_label_aggregation__HR032_only_for_identity_or_member_crosswalk,"Department visibility is source-row cooccurrence, not organizational dependence or stable partnership."
S002PL026,一般財団法人沖縄県公衆衛生協会,企画部,1,2,15,36,source_label_x_department_cooccurrence,machine_display_alias_only_not_actor_identity,none_for_source_label_aggregation__HR032_only_for_identity_or_member_crosswalk,"Department visibility is source-row cooccurrence, not organizational dependence or stable partnership."
S002PL046,社会福祉法人沖縄県社会福祉協議会,保健医療介護部,3,1,1,292;314;317,source_label_x_department_cooccurrence,machine_display_alias_only_not_actor_identity,none_for_source_label_aggregation__HR032_only_for_identity_or_member_crosswalk,"Department visibility is source-row cooccurrence, not organizational dependence or stable partnership."
S002PL049,特定非営利活動法人介護と福祉の調査機関おきなわ,保健医療介護部,2,1,1,325;327,source_label_x_department_cooccurrence,machine_display_alias_only_not_actor_identity,none_for_source_label_aggregation__HR032_only_for_identity_or_member_crosswalk,"Department visibility is source-row cooccurrence, not organizational dependence or stable partnership."
S002PL050,一般社団法人沖縄県社会福祉士会,保健医療介護部,3,1,1,269;291;321,source_label_x_department_cooccurrence,machine_display_alias_only_not_actor_identity,none_for_source_label_aggregation__HR032_only_for_identity_or_member_crosswalk,"Department visibility is source-row cooccurrence, not organizational dependence or stable partnership."
S002PL052,公益社団法人沖縄県看護協会,保健医療介護部,13,1,1,268;288;295;303;304;305;306;307;308;309;310;322;323,source_label_x_department_cooccurrence,machine_display_alias_only_not_actor_identity,none_for_source_label_aggregation__HR032_only_for_identity_or_member_crosswalk,"Department visibility is source-row cooccurrence, not organizational dependence or stable partnership."
S002PL123,公益社団法人沖縄県小児保健協会,保健医療介護部,1,1,1,265,source_label_x_department_cooccurrence,machine_display_alias_only_not_actor_identity,none_for_source_label_aggregation__HR032_only_for_identity_or_member_crosswalk,"Department visibility is source-row cooccurrence, not organizational dependence or stable partnership."
S002PL133,一般社団法人沖縄県医師会,保健医療介護部,9,1;4;5,1,217;220;222;223;224;255;258;272;299,source_label_x_department_cooccurrence,machine_display_alias_only_not_actor_identity,none_for_source_label_aggregation__HR032_only_for_identity_or_member_crosswalk,"Department visibility is source-row cooccurrence, not organizational dependence or stable partnership."
S002PL135,NPO法人アンビシャス,保健医療介護部,6,1;4;7;8;9,1,214;215;233;236;252;253,source_label_x_department_cooccurrence,machine_display_alias_only_not_actor_identity,none_for_source_label_aggregation__HR032_only_for_identity_or_member_crosswalk,"Department visibility is source-row cooccurrence, not organizational dependence or stable partnership."
S002PL136,一般社団法人おきなわASK,保健医療介護部,2,1;9,1,216;254,source_label_x_department_cooccurrence,machine_display_alias_only_not_actor_identity,none_for_source_label_aggregation__HR032_only_for_identity_or_member_crosswalk,"Department visibility is source-row cooccurrence, not organizational dependence or stable partnership."
S002PL137,一般社団法人沖縄県医師会ほか7地区医師会,保健医療介護部,1,1,1,218,source_label_x_department_cooccurrence,machine_display_alias_only_not_actor_identity,none_for_source_label_aggregation__HR032_only_for_identity_or_member_crosswalk,"Department visibility is source-row cooccurrence, not organizational dependence or stable partnership."
S002PL138,特定非営利活動法人災害医療ACT研究所,保健医療介護部,1,1,8,219,source_label_x_department_cooccurrence,machine_display_alias_only_not_actor_identity,none_for_source_label_aggregation__HR032_only_for_identity_or_member_crosswalk,"Department visibility is source-row cooccurrence, not organizational dependence or stable partnership."
S002PL139,公益社団法人地域医療振興協会,保健医療介護部,1,1,1,221,source_label_x_department_cooccurrence,machine_display_alias_only_not_actor_identity,none_for_source_label_aggregation__HR032_only_for_identity_or_member_crosswalk,"Department visibility is source-row cooccurrence, not organizational dependence or stable partnership."
S002PL140,一般社団法人沖縄県薬剤師会,保健医療介護部,5,1;4,1,225;226;227;228;289,source_label_x_department_cooccurrence,machine_display_alias_only_not_actor_identity,none_for_source_label_aggregation__HR032_only_for_identity_or_member_crosswalk,"Department visibility is source-row cooccurrence, not organizational dependence or stable partnership."
S002PL141,公益財団法人沖縄県生活衛生営業指導センター,保健医療介護部,2,1;4,19,229;230,source_label_x_department_cooccurrence,machine_display_alias_only_not_actor_identity,none_for_source_label_aggregation__HR032_only_for_identity_or_member_crosswalk,"Department visibility is source-row cooccurrence, not organizational dependence or stable partnership."
S002PL142,沖縄県薬物乱用防止協会,保健医療介護部,1,1,9,231,source_label_x_department_cooccurrence,machine_display_alias_only_not_actor_identity,none_for_source_label_aggregation__HR032_only_for_identity_or_member_crosswalk,"Department visibility is source-row cooccurrence, not organizational dependence or stable partnership."
S002PL143,一般財団法人沖縄県薬剤師会,保健医療介護部,1,1,1,232,source_label_x_department_cooccurrence,machine_display_alias_only_not_actor_identity,none_for_source_label_aggregation__HR032_only_for_identity_or_member_crosswalk,"Department visibility is source-row cooccurrence, not organizational dependence or stable partnership."
S002PL144,NPO法人すこやかネット,保健医療介護部,1,1,7,234,source_label_x_department_cooccurrence,machine_display_alias_only_not_actor_identity,none_for_source_label_aggregation__HR032_only_for_identity_or_member_crosswalk,"Department visibility is source-row cooccurrence, not organizational dependence or stable partnership."
S002PL145,一般財団法人沖縄美ら島財団,保健医療介護部,1,8,1,235,source_label_x_department_cooccurrence,machine_display_alias_only_not_actor_identity,none_for_source_label_aggregation__HR032_only_for_identity_or_member_crosswalk,"Department visibility is source-row cooccurrence, not organizational dependence or stable partnership."
S002PL146,NPO法人子ども医療支援わらびの会,保健医療介護部,1,4,1,237,source_label_x_department_cooccurrence,machine_display_alias_only_not_actor_identity,none_for_source_label_aggregation__HR032_only_for_identity_or_member_crosswalk,"Department visibility is source-row cooccurrence, not organizational dependence or stable partnership."
S002PL147,一般社団法人沖縄県公認心理師協会,保健医療介護部,1,1,1,238,source_label_x_department_cooccurrence,machine_display_alias_only_not_actor_identity,none_for_source_label_aggregation__HR032_only_for_identity_or_member_crosswalk,"Department visibility is source-row cooccurrence, not organizational dependence or stable partnership."
S002PL148,一般社団法人日本産業カウンセラー協会沖縄支部,保健医療介護部,1,1,1,239,source_label_x_department_cooccurrence,machine_display_alias_only_not_actor_identity,none_for_source_label_aggregation__HR032_only_for_identity_or_member_crosswalk,"Department visibility is source-row cooccurrence, not organizational dependence or stable partnership."
S002PL149,NPO法人はじめました。,保健医療介護部,1,1,1,240,source_label_x_department_cooccurrence,machine_display_alias_only_not_actor_identity,none_for_source_label_aggregation__HR032_only_for_identity_or_member_crosswalk,"Department visibility is source-row cooccurrence, not organizational dependence or stable partnership."
S002PL150,社会福祉法人沖縄いのちの電話,保健医療介護部,1,4,1,241,source_label_x_department_cooccurrence,machine_display_alias_only_not_actor_identity,none_for_source_label_aggregation__HR032_only_for_identity_or_member_crosswalk,"Department visibility is source-row cooccurrence, not organizational dependence or stable partnership."
S002PL151,一般社団法人那覇市医師会,保健医療介護部,1,4,1,242,source_label_x_department_cooccurrence,machine_display_alias_only_not_actor_identity,none_for_source_label_aggregation__HR032_only_for_identity_or_member_crosswalk,"Department visibility is source-row cooccurrence, not organizational dependence or stable partnership."
S002PL152,医療法人タピック沖縄リハビリテーションセンター病院,保健医療介護部,1,1,1,243,source_label_x_department_cooccurrence,machine_display_alias_only_not_actor_identity,none_for_source_label_aggregation__HR032_only_for_identity_or_member_crosswalk,"Department visibility is source-row cooccurrence, not organizational dependence or stable partnership."
S002PL153,沖縄県医療生活協同組合沖縄協同病院,保健医療介護部,1,1,1,244,source_label_x_department_cooccurrence,machine_display_alias_only_not_actor_identity,none_for_source_label_aggregation__HR032_only_for_identity_or_member_crosswalk,"Department visibility is source-row cooccurrence, not organizational dependence or stable partnership."
S002PL154,(公財)沖縄県保健医療福祉事業団,保健医療介護部,1,1,1,245,source_label_x_department_cooccurrence,machine_display_alias_only_not_actor_identity,none_for_source_label_aggregation__HR032_only_for_identity_or_member_crosswalk,"Department visibility is source-row cooccurrence, not organizational dependence or stable partnership."
S002PL155,沖縄愛楽園自治会,保健医療介護部,1,9,10,246,source_label_x_department_cooccurrence,machine_display_alias_only_not_actor_identity,none_for_source_label_aggregation__HR032_only_for_identity_or_member_crosswalk,"Department visibility is source-row cooccurrence, not organizational dependence or stable partnership."
S002PL156,一般財団法人沖縄県精神保健福祉協会,保健医療介護部,2,1;4,1,247;249,source_label_x_department_cooccurrence,machine_display_alias_only_not_actor_identity,none_for_source_label_aggregation__HR032_only_for_identity_or_member_crosswalk,"Department visibility is source-row cooccurrence, not organizational dependence or stable partnership."
S002PL157,沖縄県精神科病院協会,保健医療介護部,1,1,1,248,source_label_x_department_cooccurrence,machine_display_alias_only_not_actor_identity,none_for_source_label_aggregation__HR032_only_for_identity_or_member_crosswalk,"Department visibility is source-row cooccurrence, not organizational dependence or stable partnership."
S002PL158,nankr沖縄,保健医療介護部,1,1,1,250,source_label_x_department_cooccurrence,machine_display_alias_only_not_actor_identity,none_for_source_label_aggregation__HR032_only_for_identity_or_member_crosswalk,"Department visibility is source-row cooccurrence, not organizational dependence or stable partnership."
S002PL159,沖縄県原爆被爆者協議会,保健医療介護部,1,4,1,251,source_label_x_department_cooccurrence,machine_display_alias_only_not_actor_identity,none_for_source_label_aggregation__HR032_only_for_identity_or_member_crosswalk,"Department visibility is source-row cooccurrence, not organizational dependence or stable partnership."
S002PL160,一般社団法人沖縄県食品衛生協会,保健医療介護部,1,1,1,256,source_label_x_department_cooccurrence,machine_display_alias_only_not_actor_identity,none_for_source_label_aggregation__HR032_only_for_identity_or_member_crosswalk,"Department visibility is source-row cooccurrence, not organizational dependence or stable partnership."
S002PL161,沖縄県食生活改善推進員連絡協議会,保健医療介護部,1,1,1,257,source_label_x_department_cooccurrence,machine_display_alias_only_not_actor_identity,none_for_source_label_aggregation__HR032_only_for_identity_or_member_crosswalk,"Department visibility is source-row cooccurrence, not organizational dependence or stable partnership."
S002PL162,一般社団法人沖縄県歯科医師会,保健医療介護部,6,1;5;8,1,259;261;266;267;274;290,source_label_x_department_cooccurrence,machine_display_alias_only_not_actor_identity,none_for_source_label_aggregation__HR032_only_for_identity_or_member_crosswalk,"Department visibility is source-row cooccurrence, not organizational dependence or stable partnership."
S002PL163,一般社団法人那覇地区薬剤師会,保健医療介護部,1,8,1,260,source_label_x_department_cooccurrence,machine_display_alias_only_not_actor_identity,none_for_source_label_aggregation__HR032_only_for_identity_or_member_crosswalk,"Department visibility is source-row cooccurrence, not organizational dependence or stable partnership."
S002PL164,公益社団法人沖縄県栄養士会,保健医療介護部,1,8,1,262,source_label_x_department_cooccurrence,machine_display_alias_only_not_actor_identity,none_for_source_label_aggregation__HR032_only_for_identity_or_member_crosswalk,"Department visibility is source-row cooccurrence, not organizational dependence or stable partnership."
S002PL165,一般社団法人沖縄県歯科衛生士会,保健医療介護部,2,1,1,263;264,source_label_x_department_cooccurrence,machine_display_alias_only_not_actor_identity,none_for_source_label_aggregation__HR032_only_for_identity_or_member_crosswalk,"Department visibility is source-row cooccurrence, not organizational dependence or stable partnership."
S002PL166,特定非営利活動法人全国コミュニティーライフサポートセンター,保健医療介護部,1,1,1,270,source_label_x_department_cooccurrence,machine_display_alias_only_not_actor_identity,none_for_source_label_aggregation__HR032_only_for_identity_or_member_crosswalk,"Department visibility is source-row cooccurrence, not organizational dependence or stable partnership."
S002PL167,公益財団法人沖縄県老人クラブ連合会,保健医療介護部,1,4,1,271,source_label_x_department_cooccurrence,machine_display_alias_only_not_actor_identity,none_for_source_label_aggregation__HR032_only_for_identity_or_member_crosswalk,"Department visibility is source-row cooccurrence, not organizational dependence or stable partnership."
S002PL168,一般社団法人沖縄県医療ソーシャルワーカー協会,保健医療介護部,1,1,1,273,source_label_x_department_cooccurrence,machine_display_alias_only_not_actor_identity,none_for_source_label_aggregation__HR032_only_for_identity_or_member_crosswalk,"Department visibility is source-row cooccurrence, not organizational dependence or stable partnership."
S002PL169,公益社団法人沖縄県理学療法士協会,保健医療介護部,2,1,1,275;276,source_label_x_department_cooccurrence,machine_display_alias_only_not_actor_identity,none_for_source_label_aggregation__HR032_only_for_identity_or_member_crosswalk,"Department visibility is source-row cooccurrence, not organizational dependence or stable partnership."
S002PL170,一般社団法人沖縄県リハビリテーション専門職協会,保健医療介護部,1,1,1,277,source_label_x_department_cooccurrence,machine_display_alias_only_not_actor_identity,none_for_source_label_aggregation__HR032_only_for_identity_or_member_crosswalk,"Department visibility is source-row cooccurrence, not organizational dependence or stable partnership."
S002PL171,国立大学法人琉球大学琉球大学病院,保健医療介護部,2,1,1,278;296,source_label_x_department_cooccurrence,machine_display_alias_only_not_actor_identity,none_for_source_label_aggregation__HR032_only_for_identity_or_member_crosswalk,"Department visibility is source-row cooccurrence, not organizational dependence or stable partnership."
S002PL172,医療法人タピック宮里病院,保健医療介護部,1,1,1,279,source_label_x_department_cooccurrence,machine_display_alias_only_not_actor_identity,none_for_source_label_aggregation__HR032_only_for_identity_or_member_crosswalk,"Department visibility is source-row cooccurrence, not organizational dependence or stable partnership."
S002PL173,医療法人タピック沖縄リハビリテーション病院,保健医療介護部,1,1,1,280,source_label_x_department_cooccurrence,machine_display_alias_only_not_actor_identity,none_for_source_label_aggregation__HR032_only_for_identity_or_member_crosswalk,"Department visibility is source-row cooccurrence, not organizational dependence or stable partnership."
S002PL174,医療法人社団輔仁会嬉野が丘サマリヤ人病院,保健医療介護部,1,1,1,281,source_label_x_department_cooccurrence,machine_display_alias_only_not_actor_identity,none_for_source_label_aggregation__HR032_only_for_identity_or_member_crosswalk,"Department visibility is source-row cooccurrence, not organizational dependence or stable partnership."
S002PL175,医療法人天仁会天久台病院,保健医療介護部,1,1,1,282,source_label_x_department_cooccurrence,machine_display_alias_only_not_actor_identity,none_for_source_label_aggregation__HR032_only_for_identity_or_member_crosswalk,"Department visibility is source-row cooccurrence, not organizational dependence or stable partnership."
S002PL176,医療法人たぶの木うむやすみゃあす・ん診療所,保健医療介護部,1,1,1,283,source_label_x_department_cooccurrence,machine_display_alias_only_not_actor_identity,none_for_source_label_aggregation__HR032_only_for_identity_or_member_crosswalk,"Department visibility is source-row cooccurrence, not organizational dependence or stable partnership."
S002PL177,特定医療法人アガペ会,保健医療介護部,1,1,1,284,source_label_x_department_cooccurrence,machine_display_alias_only_not_actor_identity,none_for_source_label_aggregation__HR032_only_for_identity_or_member_crosswalk,"Department visibility is source-row cooccurrence, not organizational dependence or stable partnership."
S002PL178,国立研究開発法人国立長寿医療研究センター,保健医療介護部,2,1,1,285;286,source_label_x_department_cooccurrence,machine_display_alias_only_not_actor_identity,none_for_source_label_aggregation__HR032_only_for_identity_or_member_crosswalk,"Department visibility is source-row cooccurrence, not organizational dependence or stable partnership."
S002PL179,社会福祉法人浴風会認知症介護研究・研修東京センター,保健医療介護部,2,1,1,287;297,source_label_x_department_cooccurrence,machine_display_alias_only_not_actor_identity,none_for_source_label_aggregation__HR032_only_for_identity_or_member_crosswalk,"Department visibility is source-row cooccurrence, not organizational dependence or stable partnership."
S002PL180,特定非営利活動法人いきがいLABO,保健医療介護部,1,7,1,293,source_label_x_department_cooccurrence,machine_display_alias_only_not_actor_identity,none_for_source_label_aggregation__HR032_only_for_identity_or_member_crosswalk,"Department visibility is source-row cooccurrence, not organizational dependence or stable partnership."
S002PL181,特定非営利活動法人グランアーク,保健医療介護部,1,7,1,294,source_label_x_department_cooccurrence,machine_display_alias_only_not_actor_identity,none_for_source_label_aggregation__HR032_only_for_identity_or_member_crosswalk,"Department visibility is source-row cooccurrence, not organizational dependence or stable partnership."
S002PL182,NPO法人名護市障害者関係団体協議会地域生活支援センターウェーブ,保健医療介護部,1,9,1,298,source_label_x_department_cooccurrence,machine_display_alias_only_not_actor_identity,none_for_source_label_aggregation__HR032_only_for_identity_or_member_crosswalk,"Department visibility is source-row cooccurrence, not organizational dependence or stable partnership."
S002PL183,一般社団法人沖縄県医師会、各地区医師会(北部・中部・南部・那覇市・浦添市)(委員として会員の推薦・選出),保健医療介護部,1,10,1,300,source_label_x_department_cooccurrence,machine_display_alias_only_not_actor_identity,none_for_source_label_aggregation__HR032_only_for_identity_or_member_crosswalk,"Department visibility is source-row cooccurrence, not organizational dependence or stable partnership."
S002PL184,一般社団法人高橋聡美研究室,保健医療介護部,1,9,1,301,source_label_x_department_cooccurrence,machine_display_alias_only_not_actor_identity,none_for_source_label_aggregation__HR032_only_for_identity_or_member_crosswalk,"Department visibility is source-row cooccurrence, not organizational dependence or stable partnership."
S002PL185,一般社団法人沖縄ダルクサントゥアリオ,保健医療介護部,1,6,19,302,source_label_x_department_cooccurrence,machine_display_alias_only_not_actor_identity,none_for_source_label_aggregation__HR032_only_for_identity_or_member_crosswalk,"Department visibility is source-row cooccurrence, not organizational dependence or stable partnership."
S002PL186,公益社団法人豊見城市シルバー人材センター,保健医療介護部,1,1,7,311,source_label_x_department_cooccurrence,machine_display_alias_only_not_actor_identity,none_for_source_label_aggregation__HR032_only_for_identity_or_member_crosswalk,"Department visibility is source-row cooccurrence, not organizational dependence or stable partnership."
S002PL187,認定NPO法人アンビシャス,保健医療介護部,2,9,1,312;313,source_label_x_department_cooccurrence,machine_display_alias_only_not_actor_identity,none_for_source_label_aggregation__HR032_only_for_identity_or_member_crosswalk,"Department visibility is source-row cooccurrence, not organizational dependence or stable partnership."
S002PL188,一般社団法人沖縄県介護支援専門員協会,保健医療介護部,4,1,1,315;316;318;332,source_label_x_department_cooccurrence,machine_display_alias_only_not_actor_identity,none_for_source_label_aggregation__HR032_only_for_identity_or_member_crosswalk,"Department visibility is source-row cooccurrence, not organizational dependence or stable partnership."
S002PL189,一般財団法人福祉サービス評価機構,保健医療介護部,2,1,1,319;324,source_label_x_department_cooccurrence,machine_display_alias_only_not_actor_identity,none_for_source_label_aggregation__HR032_only_for_identity_or_member_crosswalk,"Department visibility is source-row cooccurrence, not organizational dependence or stable partnership."
S002PL190,公益財団法人介護労働安定センター沖縄支部,保健医療介護部,2,1,1,320;331,source_label_x_department_cooccurrence,machine_display_alias_only_not_actor_identity,none_for_source_label_aggregation__HR032_only_for_identity_or_member_crosswalk,"Department visibility is source-row cooccurrence, not organizational dependence or stable partnership."
S002PL191,公益社団法人日本看護協会,保健医療介護部,1,1,1,326,source_label_x_department_cooccurrence,machine_display_alias_only_not_actor_identity,none_for_source_label_aggregation__HR032_only_for_identity_or_member_crosswalk,"Department visibility is source-row cooccurrence, not organizational dependence or stable partnership."
S002PL192,一般社団法人沖縄県中小企業診断士協会,保健医療介護部,1,1,16,328,source_label_x_department_cooccurrence,machine_display_alias_only_not_actor_identity,none_for_source_label_aggregation__HR032_only_for_identity_or_member_crosswalk,"Department visibility is source-row cooccurrence, not organizational dependence or stable partnership."
S002PL193,一般社団法人沖縄県介護福祉士会,保健医療介護部,1,1,1,329,source_label_x_department_cooccurrence,machine_display_alias_only_not_actor_identity,none_for_source_label_aggregation__HR032_only_for_identity_or_member_crosswalk,"Department visibility is source-row cooccurrence, not organizational dependence or stable partnership."
S002PL194,学校法人大庭学園,保健医療介護部,1,1,1,330,source_label_x_department_cooccurrence,machine_display_alias_only_not_actor_identity,none_for_source_label_aggregation__HR032_only_for_identity_or_member_crosswalk,"Department visibility is source-row cooccurrence, not organizational dependence or stable partnership."
S002PL195,一般社団法人ちゅらまーる在宅看護センターはなはな,保健医療介護部,1,9,1,333,source_label_x_department_cooccurrence,machine_display_alias_only_not_actor_identity,none_for_source_label_aggregation__HR032_only_for_identity_or_member_crosswalk,"Department visibility is source-row cooccurrence, not organizational dependence or stable partnership."
S002PL196,公益社団法人名護市シルバー人材センター,保健医療介護部,1,1,7,334,source_label_x_department_cooccurrence,machine_display_alias_only_not_actor_identity,none_for_source_label_aggregation__HR032_only_for_identity_or_member_crosswalk,"Department visibility is source-row cooccurrence, not organizational dependence or stable partnership."
S002PL021,公益財団法人沖縄科学技術振興センター,商工労働部,1,1,16,348,source_label_x_department_cooccurrence,machine_display_alias_only_not_actor_identity,none_for_source_label_aggregation__HR032_only_for_identity_or_member_crosswalk,"Department visibility is source-row cooccurrence, not organizational dependence or stable partnership."
S002PL056,公益財団法人沖縄県労働者福祉基金協会,商工労働部,2,2,17,352;355,source_label_x_department_cooccurrence,machine_display_alias_only_not_actor_identity,none_for_source_label_aggregation__HR032_only_for_identity_or_member_crosswalk,"Department visibility is source-row cooccurrence, not organizational dependence or stable partnership."
S002PL093,特定非営利活動法人サポートセンターゆめさき,商工労働部,4,1,17,360;361;362;363,source_label_x_department_cooccurrence,machine_display_alias_only_not_actor_identity,none_for_source_label_aggregation__HR032_only_for_identity_or_member_crosswalk,"Department visibility is source-row cooccurrence, not organizational dependence or stable partnership."
S002PL094,労働者協同組合ワーカーズコープ・センター事業団,商工労働部,2,1,17,358;359,source_label_x_department_cooccurrence,machine_display_alias_only_not_actor_identity,none_for_source_label_aggregation__HR032_only_for_identity_or_member_crosswalk,"Department visibility is source-row cooccurrence, not organizational dependence or stable partnership."
S002PL192,一般社団法人沖縄県中小企業診断士協会,商工労働部,1,2,17,354,source_label_x_department_cooccurrence,machine_display_alias_only_not_actor_identity,none_for_source_label_aggregation__HR032_only_for_identity_or_member_crosswalk,"Department visibility is source-row cooccurrence, not organizational dependence or stable partnership."
S002PL203,沖縄大交易会実行委員会,商工労働部,1,7,16,347,source_label_x_department_cooccurrence,machine_display_alias_only_not_actor_identity,none_for_source_label_aggregation__HR032_only_for_identity_or_member_crosswalk,"Department visibility is source-row cooccurrence, not organizational dependence or stable partnership."
S002PL204,一般財団法人地方自治体公民連携研究財団,商工労働部,1,1,16,349,source_label_x_department_cooccurrence,machine_display_alias_only_not_actor_identity,none_for_source_label_aggregation__HR032_only_for_identity_or_member_crosswalk,"Department visibility is source-row cooccurrence, not organizational dependence or stable partnership."
S002PL205,一般社団法人沖縄健康産業協議会,商工労働部,1,1,16,350,source_label_x_department_cooccurrence,machine_display_alias_only_not_actor_identity,none_for_source_label_aggregation__HR032_only_for_identity_or_member_crosswalk,"Department visibility is source-row cooccurrence, not organizational dependence or stable partnership."
S002PL206,特定非営利活動法人NDA,商工労働部,1,2,16,351,source_label_x_department_cooccurrence,machine_display_alias_only_not_actor_identity,none_for_source_label_aggregation__HR032_only_for_identity_or_member_crosswalk,"Department visibility is source-row cooccurrence, not organizational dependence or stable partnership."
S002PL207,公益社団法人沖縄県シルバー人材センター連合,商工労働部,1,4,17,353,source_label_x_department_cooccurrence,machine_display_alias_only_not_actor_identity,none_for_source_label_aggregation__HR032_only_for_identity_or_member_crosswalk,"Department visibility is source-row cooccurrence, not organizational dependence or stable partnership."
S002PL208,(公財)沖縄県労働福祉基金協会,商工労働部,2,1,17,356;357,source_label_x_department_cooccurrence,machine_display_alias_only_not_actor_identity,none_for_source_label_aggregation__HR032_only_for_identity_or_member_crosswalk,"Department visibility is source-row cooccurrence, not organizational dependence or stable partnership."
S002PL209,公益社団法人沖縄県工業連合会,商工労働部,1,7,15,364,source_label_x_department_cooccurrence,machine_display_alias_only_not_actor_identity,none_for_source_label_aggregation__HR032_only_for_identity_or_member_crosswalk,"Department visibility is source-row cooccurrence, not organizational dependence or stable partnership."
S002PL210,一般社団法人沖縄県発明協会,商工労働部,1,8,15,365,source_label_x_department_cooccurrence,machine_display_alias_only_not_actor_identity,none_for_source_label_aggregation__HR032_only_for_identity_or_member_crosswalk,"Department visibility is source-row cooccurrence, not organizational dependence or stable partnership."
S002PL211,沖縄県観光おみやげ品公正取引協議会,商工労働部,1,8,16,366,source_label_x_department_cooccurrence,machine_display_alias_only_not_actor_identity,none_for_source_label_aggregation__HR032_only_for_identity_or_member_crosswalk,"Department visibility is source-row cooccurrence, not organizational dependence or stable partnership."
S002PL212,一般社団法人沖縄県溶接協会,商工労働部,2,6;8,16,367;368,source_label_x_department_cooccurrence,machine_display_alias_only_not_actor_identity,none_for_source_label_aggregation__HR032_only_for_identity_or_member_crosswalk,"Department visibility is source-row cooccurrence, not organizational dependence or stable partnership."
S002PL213,沖縄県工業教育研究会,商工労働部,1,5,15,369,source_label_x_department_cooccurrence,machine_display_alias_only_not_actor_identity,none_for_source_label_aggregation__HR032_only_for_identity_or_member_crosswalk,"Department visibility is source-row cooccurrence, not organizational dependence or stable partnership."
S002PL214,特定非営利活動法人沖縄県工芸産業協働センター,商工労働部,2,2,16,370;371,source_label_x_department_cooccurrence,machine_display_alias_only_not_actor_identity,none_for_source_label_aggregation__HR032_only_for_identity_or_member_crosswalk,"Department visibility is source-row cooccurrence, not organizational dependence or stable partnership."
S002PL009,公益財団法人沖縄県平和祈念財団,土木建築部,1,3,10,496,source_label_x_department_cooccurrence,machine_display_alias_only_not_actor_identity,none_for_source_label_aggregation__HR032_only_for_identity_or_member_crosswalk,"Department visibility is source-row cooccurrence, not organizational dependence or stable partnership."
S002PL013,社会福祉法人みやこ福祉会,土木建築部,2,1,4,486;489,source_label_x_department_cooccurrence,machine_display_alias_only_not_actor_identity,none_for_source_label_aggregation__HR032_only_for_identity_or_member_crosswalk,"Department visibility is source-row cooccurrence, not organizational dependence or stable partnership."
S002PL020,公益財団法人沖縄県建設技術センター,土木建築部,9,1;5,3;7;9;14;16,441;442;443;455;456;457;478;479;480,source_label_x_department_cooccurrence,machine_display_alias_only_not_actor_identity,none_for_source_label_aggregation__HR032_only_for_identity_or_member_crosswalk,"Department visibility is source-row cooccurrence, not organizational dependence or stable partnership."
S002PL027,公益社団法人沖縄県緑化推進委員会,土木建築部,6,1,4;7;19,458;470;477;481;488;490,source_label_x_department_cooccurrence,machine_display_alias_only_not_actor_identity,none_for_source_label_aggregation__HR032_only_for_identity_or_member_crosswalk,"Department visibility is source-row cooccurrence, not organizational dependence or stable partnership."
S002PL129,NPO法人レインボーハートokinawa,土木建築部,1,10,3,466,source_label_x_department_cooccurrence,machine_display_alias_only_not_actor_identity,none_for_source_label_aggregation__HR032_only_for_identity_or_member_crosswalk,"Department visibility is source-row cooccurrence, not organizational dependence or stable partnership."
S002PL145,一般財団法人沖縄美ら島財団,土木建築部,4,1;3,4,491;492;493;494,source_label_x_department_cooccurrence,machine_display_alias_only_not_actor_identity,none_for_source_label_aggregation__HR032_only_for_identity_or_member_crosswalk,"Department visibility is source-row cooccurrence, not organizational dependence or stable partnership."
S002PL192,一般社団法人沖縄県中小企業診断士協会,土木建築部,1,2,16,449,source_label_x_department_cooccurrence,machine_display_alias_only_not_actor_identity,none_for_source_label_aggregation__HR032_only_for_identity_or_member_crosswalk,"Department visibility is source-row cooccurrence, not organizational dependence or stable partnership."
S002PL196,公益社団法人名護市シルバー人材センター,土木建築部,1,1,3,469,source_label_x_department_cooccurrence,machine_display_alias_only_not_actor_identity,none_for_source_label_aggregation__HR032_only_for_identity_or_member_crosswalk,"Department visibility is source-row cooccurrence, not organizational dependence or stable partnership."
S002PL218,一般財団法人沖縄観光コンベンションビューロー,土木建築部,1,3,4,495,source_label_x_department_cooccurrence,machine_display_alias_only_not_actor_identity,none_for_source_label_aggregation__HR032_only_for_identity_or_member_crosswalk,"Department visibility is source-row cooccurrence, not organizational dependence or stable partnership."
S002PL263,一般財団法人経済調査会,土木建築部,5,1,3;14,439;440;447;453;454,source_label_x_department_cooccurrence,machine_display_alias_only_not_actor_identity,none_for_source_label_aggregation__HR032_only_for_identity_or_member_crosswalk,"Department visibility is source-row cooccurrence, not organizational dependence or stable partnership."
S002PL264,一般財団法人日本建設情報総合センター,土木建築部,2,1,14,444;446,source_label_x_department_cooccurrence,machine_display_alias_only_not_actor_identity,none_for_source_label_aggregation__HR032_only_for_identity_or_member_crosswalk,"Department visibility is source-row cooccurrence, not organizational dependence or stable partnership."
S002PL265,一般財団法人建築コスト管理システム研究所,土木建築部,1,1,14,445,source_label_x_department_cooccurrence,machine_display_alias_only_not_actor_identity,none_for_source_label_aggregation__HR032_only_for_identity_or_member_crosswalk,"Department visibility is source-row cooccurrence, not organizational dependence or stable partnership."
S002PL266,一般財団法人建設物価調査会,土木建築部,1,1,14,448,source_label_x_department_cooccurrence,machine_display_alias_only_not_actor_identity,none_for_source_label_aggregation__HR032_only_for_identity_or_member_crosswalk,"Department visibility is source-row cooccurrence, not organizational dependence or stable partnership."
S002PL267,一般財団法人建設業情報管理センター,土木建築部,2,1,16,450;451,source_label_x_department_cooccurrence,machine_display_alias_only_not_actor_identity,none_for_source_label_aggregation__HR032_only_for_identity_or_member_crosswalk,"Department visibility is source-row cooccurrence, not organizational dependence or stable partnership."
S002PL268,一般社団法人沖縄しまたて協会,土木建築部,1,2,17,452,source_label_x_department_cooccurrence,machine_display_alias_only_not_actor_identity,none_for_source_label_aggregation__HR032_only_for_identity_or_member_crosswalk,"Department visibility is source-row cooccurrence, not organizational dependence or stable partnership."
S002PL269,特定非営利活動法人蒸暑地域住まいの研究会,土木建築部,1,1,7,459,source_label_x_department_cooccurrence,machine_display_alias_only_not_actor_identity,none_for_source_label_aggregation__HR032_only_for_identity_or_member_crosswalk,"Department visibility is source-row cooccurrence, not organizational dependence or stable partnership."
S002PL270,特定非営利活動法人沖縄県建築設計サポートセンター,土木建築部,1,2,3,460,source_label_x_department_cooccurrence,machine_display_alias_only_not_actor_identity,none_for_source_label_aggregation__HR032_only_for_identity_or_member_crosswalk,"Department visibility is source-row cooccurrence, not organizational dependence or stable partnership."
S002PL271,公益社団法人沖縄県建築士会,土木建築部,1,1,8,461,source_label_x_department_cooccurrence,machine_display_alias_only_not_actor_identity,none_for_source_label_aggregation__HR032_only_for_identity_or_member_crosswalk,"Department visibility is source-row cooccurrence, not organizational dependence or stable partnership."
S002PL272,公益社団法人沖縄県宅地建物取引業協会,土木建築部,1,1,18,462,source_label_x_department_cooccurrence,machine_display_alias_only_not_actor_identity,none_for_source_label_aggregation__HR032_only_for_identity_or_member_crosswalk,"Department visibility is source-row cooccurrence, not organizational dependence or stable partnership."
S002PL273,公益社団法人全日本不動産協会沖縄県本部,土木建築部,1,1,18,463,source_label_x_department_cooccurrence,machine_display_alias_only_not_actor_identity,none_for_source_label_aggregation__HR032_only_for_identity_or_member_crosswalk,"Department visibility is source-row cooccurrence, not organizational dependence or stable partnership."
S002PL274,特定非営利活動法人首里まちづくり研究会,土木建築部,1,1,3,464,source_label_x_department_cooccurrence,machine_display_alias_only_not_actor_identity,none_for_source_label_aggregation__HR032_only_for_identity_or_member_crosswalk,"Department visibility is source-row cooccurrence, not organizational dependence or stable partnership."
S002PL275,NPO法人バリアフリーネットワーク会議,土木建築部,2,8;10,3;6,465;467,source_label_x_department_cooccurrence,machine_display_alias_only_not_actor_identity,none_for_source_label_aggregation__HR032_only_for_identity_or_member_crosswalk,"Department visibility is source-row cooccurrence, not organizational dependence or stable partnership."
S002PL276,社会福祉法人豊饒会,土木建築部,2,1,3,468;471,source_label_x_department_cooccurrence,machine_display_alias_only_not_actor_identity,none_for_source_label_aggregation__HR032_only_for_identity_or_member_crosswalk,"Department visibility is source-row cooccurrence, not organizational dependence or stable partnership."
S002PL277,公益社団法人沖縄市シルバー人材センター,土木建築部,3,1,17,472;474;476,source_label_x_department_cooccurrence,machine_display_alias_only_not_actor_identity,none_for_source_label_aggregation__HR032_only_for_identity_or_member_crosswalk,"Department visibility is source-row cooccurrence, not organizational dependence or stable partnership."
S002PL278,(公社)西原町シルバー人材センター,土木建築部,1,1,17,473,source_label_x_department_cooccurrence,machine_display_alias_only_not_actor_identity,none_for_source_label_aggregation__HR032_only_for_identity_or_member_crosswalk,"Department visibility is source-row cooccurrence, not organizational dependence or stable partnership."
S002PL279,公益社団法人うるま市シルバー人材センター,土木建築部,1,1,17,475,source_label_x_department_cooccurrence,machine_display_alias_only_not_actor_identity,none_for_source_label_aggregation__HR032_only_for_identity_or_member_crosswalk,"Department visibility is source-row cooccurrence, not organizational dependence or stable partnership."
S002PL280,一般財団法人沖縄県セルプセンター,土木建築部,1,1,7,482,source_label_x_department_cooccurrence,machine_display_alias_only_not_actor_identity,none_for_source_label_aggregation__HR032_only_for_identity_or_member_crosswalk,"Department visibility is source-row cooccurrence, not organizational dependence or stable partnership."
S002PL281,(公社)那覇市シルバー人材センター,土木建築部,1,1,17,483,source_label_x_department_cooccurrence,machine_display_alias_only_not_actor_identity,none_for_source_label_aggregation__HR032_only_for_identity_or_member_crosswalk,"Department visibility is source-row cooccurrence, not organizational dependence or stable partnership."
S002PL282,同上,土木建築部,1,1,17,484,source_label_x_department_cooccurrence,machine_display_alias_only_not_actor_identity,none_for_source_label_aggregation__HR032_only_for_identity_or_member_crosswalk,"Department visibility is source-row cooccurrence, not organizational dependence or stable partnership."
S002PL283,特定非営利活動法人マーズ,土木建築部,1,1,4,485,source_label_x_department_cooccurrence,machine_display_alias_only_not_actor_identity,none_for_source_label_aggregation__HR032_only_for_identity_or_member_crosswalk,"Department visibility is source-row cooccurrence, not organizational dependence or stable partnership."
S002PL284,公益社団法人宮古島市シルバー人材センター,土木建築部,1,1,4,487,source_label_x_department_cooccurrence,machine_display_alias_only_not_actor_identity,none_for_source_label_aggregation__HR032_only_for_identity_or_member_crosswalk,"Department visibility is source-row cooccurrence, not organizational dependence or stable partnership."
S002PL010,特定非営利活動法人沖縄平和協力センター,教育庁,1,1,11,501,source_label_x_department_cooccurrence,machine_display_alias_only_not_actor_identity,none_for_source_label_aggregation__HR032_only_for_identity_or_member_crosswalk,"Department visibility is source-row cooccurrence, not organizational dependence or stable partnership."
S002PL046,社会福祉法人沖縄県社会福祉協議会,教育庁,1,6,2,521,source_label_x_department_cooccurrence,machine_display_alias_only_not_actor_identity,none_for_source_label_aggregation__HR032_only_for_identity_or_member_crosswalk,"Department visibility is source-row cooccurrence, not organizational dependence or stable partnership."
S002PL077,国立大学法人琉球大学,教育庁,1,5,2,544,source_label_x_department_cooccurrence,machine_display_alias_only_not_actor_identity,none_for_source_label_aggregation__HR032_only_for_identity_or_member_crosswalk,"Department visibility is source-row cooccurrence, not organizational dependence or stable partnership."
S002PL093,特定非営利活動法人サポートセンターゆめさき,教育庁,1,2,13,500,source_label_x_department_cooccurrence,machine_display_alias_only_not_actor_identity,none_for_source_label_aggregation__HR032_only_for_identity_or_member_crosswalk,"Department visibility is source-row cooccurrence, not organizational dependence or stable partnership."
S002PL129,NPO法人レインボーハートokinawa,教育庁,2,6;9,13,499;591,source_label_x_department_cooccurrence,machine_display_alias_only_not_actor_identity,none_for_source_label_aggregation__HR032_only_for_identity_or_member_crosswalk,"Department visibility is source-row cooccurrence, not organizational dependence or stable partnership."
S002PL140,一般社団法人沖縄県薬剤師会,教育庁,1,5,13,590,source_label_x_department_cooccurrence,machine_display_alias_only_not_actor_identity,none_for_source_label_aggregation__HR032_only_for_identity_or_member_crosswalk,"Department visibility is source-row cooccurrence, not organizational dependence or stable partnership."
S002PL145,一般財団法人沖縄美ら島財団,教育庁,1,8,2,570,source_label_x_department_cooccurrence,machine_display_alias_only_not_actor_identity,none_for_source_label_aggregation__HR032_only_for_identity_or_member_crosswalk,"Department visibility is source-row cooccurrence, not organizational dependence or stable partnership."
S002PL147,一般社団法人沖縄県公認心理師協会,教育庁,2,1,1,511;512,source_label_x_department_cooccurrence,machine_display_alias_only_not_actor_identity,none_for_source_label_aggregation__HR032_only_for_identity_or_member_crosswalk,"Department visibility is source-row cooccurrence, not organizational dependence or stable partnership."
S002PL151,一般社団法人那覇市医師会,教育庁,1,1,1,506,source_label_x_department_cooccurrence,machine_display_alias_only_not_actor_identity,none_for_source_label_aggregation__HR032_only_for_identity_or_member_crosswalk,"Department visibility is source-row cooccurrence, not organizational dependence or stable partnership."
S002PL244,公益財団法人国立劇場おきなわ運営財団,教育庁,1,5,2,561,source_label_x_department_cooccurrence,machine_display_alias_only_not_actor_identity,none_for_source_label_aggregation__HR032_only_for_identity_or_member_crosswalk,"Department visibility is source-row cooccurrence, not organizational dependence or stable partnership."
S002PL279,公益社団法人うるま市シルバー人材センター,教育庁,1,3,2,566,source_label_x_department_cooccurrence,machine_display_alias_only_not_actor_identity,none_for_source_label_aggregation__HR032_only_for_identity_or_member_crosswalk,"Department visibility is source-row cooccurrence, not organizational dependence or stable partnership."
S002PL286,認定特定非営利活動法人Teach For Japan,教育庁,1,8,13,498,source_label_x_department_cooccurrence,machine_display_alias_only_not_actor_identity,none_for_source_label_aggregation__HR032_only_for_identity_or_member_crosswalk,"Department visibility is source-row cooccurrence, not organizational dependence or stable partnership."
S002PL287,わくわくの会・サイオンコミュニケーションズコンソーシアム,教育庁,1,2,13,502,source_label_x_department_cooccurrence,machine_display_alias_only_not_actor_identity,none_for_source_label_aggregation__HR032_only_for_identity_or_member_crosswalk,"Department visibility is source-row cooccurrence, not organizational dependence or stable partnership."
S002PL288,公立学校共済組合,教育庁,3,1,1,503;504;513,source_label_x_department_cooccurrence,machine_display_alias_only_not_actor_identity,none_for_source_label_aggregation__HR032_only_for_identity_or_member_crosswalk,"Department visibility is source-row cooccurrence, not organizational dependence or stable partnership."
S002PL289,一般財団法人沖縄県健康づくり財団,教育庁,1,1,1,505,source_label_x_department_cooccurrence,machine_display_alias_only_not_actor_identity,none_for_source_label_aggregation__HR032_only_for_identity_or_member_crosswalk,"Department visibility is source-row cooccurrence, not organizational dependence or stable partnership."
S002PL290,一般社団法人中部地区医師会,教育庁,1,1,1,507,source_label_x_department_cooccurrence,machine_display_alias_only_not_actor_identity,none_for_source_label_aggregation__HR032_only_for_identity_or_member_crosswalk,"Department visibility is source-row cooccurrence, not organizational dependence or stable partnership."
S002PL291,社会医療法人かりゆし会,教育庁,1,1,1,508,source_label_x_department_cooccurrence,machine_display_alias_only_not_actor_identity,none_for_source_label_aggregation__HR032_only_for_identity_or_member_crosswalk,"Department visibility is source-row cooccurrence, not organizational dependence or stable partnership."
S002PL292,医療法人徳州会宮古島徳州会病院,教育庁,1,1,1,509,source_label_x_department_cooccurrence,machine_display_alias_only_not_actor_identity,none_for_source_label_aggregation__HR032_only_for_identity_or_member_crosswalk,"Department visibility is source-row cooccurrence, not organizational dependence or stable partnership."
S002PL293,医療法人徳州会石垣島徳州会病院,教育庁,1,1,1,510,source_label_x_department_cooccurrence,machine_display_alias_only_not_actor_identity,none_for_source_label_aggregation__HR032_only_for_identity_or_member_crosswalk,"Department visibility is source-row cooccurrence, not organizational dependence or stable partnership."
S002PL294,NPO法人メンタルぷらす協会Reforest,教育庁,1,6,13,514,source_label_x_department_cooccurrence,machine_display_alias_only_not_actor_identity,none_for_source_label_aggregation__HR032_only_for_identity_or_member_crosswalk,"Department visibility is source-row cooccurrence, not organizational dependence or stable partnership."
S002PL295,一般社団法人ホワイトボード,教育庁,1,6,13,515,source_label_x_department_cooccurrence,machine_display_alias_only_not_actor_identity,none_for_source_label_aggregation__HR032_only_for_identity_or_member_crosswalk,"Department visibility is source-row cooccurrence, not organizational dependence or stable partnership."
S002PL296,NPO法人教育の杜,教育庁,1,6,13,516,source_label_x_department_cooccurrence,machine_display_alias_only_not_actor_identity,none_for_source_label_aggregation__HR032_only_for_identity_or_member_crosswalk,"Department visibility is source-row cooccurrence, not organizational dependence or stable partnership."
S002PL297,公益財団法人沖縄県国際交流・人材育成財団,教育庁,1,4,13,517,source_label_x_department_cooccurrence,machine_display_alias_only_not_actor_identity,none_for_source_label_aggregation__HR032_only_for_identity_or_member_crosswalk,"Department visibility is source-row cooccurrence, not organizational dependence or stable partnership."
S002PL298,一般財団法人ざぶん環境・文化プロジェクト,教育庁,1,6,13,518,source_label_x_department_cooccurrence,machine_display_alias_only_not_actor_identity,none_for_source_label_aggregation__HR032_only_for_identity_or_member_crosswalk,"Department visibility is source-row cooccurrence, not organizational dependence or stable partnership."
S002PL299,沖縄タイムス社、沖縄民踊研究会,教育庁,1,6,6,519,source_label_x_department_cooccurrence,machine_display_alias_only_not_actor_identity,none_for_source_label_aggregation__HR032_only_for_identity_or_member_crosswalk,"Department visibility is source-row cooccurrence, not organizational dependence or stable partnership."
S002PL300,一般社団法人沖縄県女性連合会,教育庁,2,4,2,520;531,source_label_x_department_cooccurrence,machine_display_alias_only_not_actor_identity,none_for_source_label_aggregation__HR032_only_for_identity_or_member_crosswalk,"Department visibility is source-row cooccurrence, not organizational dependence or stable partnership."
S002PL301,全日本合唱連盟九州支部,教育庁,1,6,2,522,source_label_x_department_cooccurrence,machine_display_alias_only_not_actor_identity,none_for_source_label_aggregation__HR032_only_for_identity_or_member_crosswalk,"Department visibility is source-row cooccurrence, not organizational dependence or stable partnership."
S002PL302,国頭地区PTA連合会,教育庁,1,6,13,523,source_label_x_department_cooccurrence,machine_display_alias_only_not_actor_identity,none_for_source_label_aggregation__HR032_only_for_identity_or_member_crosswalk,"Department visibility is source-row cooccurrence, not organizational dependence or stable partnership."
S002PL303,公益社団法人沖縄県青少年育成県民会議,教育庁,3,5;8,13,524;553;557,source_label_x_department_cooccurrence,machine_display_alias_only_not_actor_identity,none_for_source_label_aggregation__HR032_only_for_identity_or_member_crosswalk,"Department visibility is source-row cooccurrence, not organizational dependence or stable partnership."
S002PL304,日本青年団協議会,教育庁,1,6,13,525,source_label_x_department_cooccurrence,machine_display_alias_only_not_actor_identity,none_for_source_label_aggregation__HR032_only_for_identity_or_member_crosswalk,"Department visibility is source-row cooccurrence, not organizational dependence or stable partnership."
S002PL305,沖縄県豆記者交歓会,教育庁,1,6,13,526,source_label_x_department_cooccurrence,machine_display_alias_only_not_actor_identity,none_for_source_label_aggregation__HR032_only_for_identity_or_member_crosswalk,"Department visibility is source-row cooccurrence, not organizational dependence or stable partnership."
S002PL306,(公財)沖縄県老人クラブ連合会,教育庁,1,6,13,527,source_label_x_department_cooccurrence,machine_display_alias_only_not_actor_identity,none_for_source_label_aggregation__HR032_only_for_identity_or_member_crosswalk,"Department visibility is source-row cooccurrence, not organizational dependence or stable partnership."
S002PL307,沖縄県小売酒販組合,教育庁,1,6,13,528,source_label_x_department_cooccurrence,machine_display_alias_only_not_actor_identity,none_for_source_label_aggregation__HR032_only_for_identity_or_member_crosswalk,"Department visibility is source-row cooccurrence, not organizational dependence or stable partnership."
S002PL308,沖縄県ユネスコ協会,教育庁,4,4;6,3;10;11;13,529;545;548;551,source_label_x_department_cooccurrence,machine_display_alias_only_not_actor_identity,none_for_source_label_aggregation__HR032_only_for_identity_or_member_crosswalk,"Department visibility is source-row cooccurrence, not organizational dependence or stable partnership."
S002PL309,島尻地区青少年の育成会議,教育庁,1,6,13,530,source_label_x_department_cooccurrence,machine_display_alias_only_not_actor_identity,none_for_source_label_aggregation__HR032_only_for_identity_or_member_crosswalk,"Department visibility is source-row cooccurrence, not organizational dependence or stable partnership."
S002PL310,豊見城市子ども会育成連絡協議会,教育庁,1,6,13,532,source_label_x_department_cooccurrence,machine_display_alias_only_not_actor_identity,none_for_source_label_aggregation__HR032_only_for_identity_or_member_crosswalk,"Department visibility is source-row cooccurrence, not organizational dependence or stable partnership."
S002PL311,一般社団法人沖縄県PTA連合会,教育庁,4,4;6;7,2;13,533;535;550;593,source_label_x_department_cooccurrence,machine_display_alias_only_not_actor_identity,none_for_source_label_aggregation__HR032_only_for_identity_or_member_crosswalk,"Department visibility is source-row cooccurrence, not organizational dependence or stable partnership."
S002PL312,公益社団法人全国子ども会連合会,教育庁,1,6,13,534,source_label_x_department_cooccurrence,machine_display_alias_only_not_actor_identity,none_for_source_label_aggregation__HR032_only_for_identity_or_member_crosswalk,"Department visibility is source-row cooccurrence, not organizational dependence or stable partnership."
S002PL313,一般社団法人ガールスカウト沖縄県連盟,教育庁,1,4,13,536,source_label_x_department_cooccurrence,machine_display_alias_only_not_actor_identity,none_for_source_label_aggregation__HR032_only_for_identity_or_member_crosswalk,"Department visibility is source-row cooccurrence, not organizational dependence or stable partnership."
S002PL314,一般社団法人民族衣裳文化普及協会,教育庁,1,6,6,537,source_label_x_department_cooccurrence,machine_display_alias_only_not_actor_identity,none_for_source_label_aggregation__HR032_only_for_identity_or_member_crosswalk,"Department visibility is source-row cooccurrence, not organizational dependence or stable partnership."
S002PL315,社会福祉法人沖縄県共同募金会,教育庁,2,6,4,538;540,source_label_x_department_cooccurrence,machine_display_alias_only_not_actor_identity,none_for_source_label_aggregation__HR032_only_for_identity_or_member_crosswalk,"Department visibility is source-row cooccurrence, not organizational dependence or stable partnership."
S002PL316,沖縄県高等学校PTA連合会,教育庁,2,4;6,2;13,539;552,source_label_x_department_cooccurrence,machine_display_alias_only_not_actor_identity,none_for_source_label_aggregation__HR032_only_for_identity_or_member_crosswalk,"Department visibility is source-row cooccurrence, not organizational dependence or stable partnership."
S002PL317,やいまSDGsシンポジウム実行委員会,教育庁,1,6,8,541,source_label_x_department_cooccurrence,machine_display_alias_only_not_actor_identity,none_for_source_label_aggregation__HR032_only_for_identity_or_member_crosswalk,"Department visibility is source-row cooccurrence, not organizational dependence or stable partnership."
S002PL318,公益財団法人日本習字教育財団,教育庁,1,6,2,542,source_label_x_department_cooccurrence,machine_display_alias_only_not_actor_identity,none_for_source_label_aggregation__HR032_only_for_identity_or_member_crosswalk,"Department visibility is source-row cooccurrence, not organizational dependence or stable partnership."
S002PL319,トーキョーコーヒー,教育庁,1,6,2,543,source_label_x_department_cooccurrence,machine_display_alias_only_not_actor_identity,none_for_source_label_aggregation__HR032_only_for_identity_or_member_crosswalk,"Department visibility is source-row cooccurrence, not organizational dependence or stable partnership."
S002PL320,子どもお仕事未来体験青年部実行委員会,教育庁,1,6,2,546,source_label_x_department_cooccurrence,machine_display_alias_only_not_actor_identity,none_for_source_label_aggregation__HR032_only_for_identity_or_member_crosswalk,"Department visibility is source-row cooccurrence, not organizational dependence or stable partnership."
S002PL321,(一社)沖縄県女性連合会,教育庁,1,6,2,547,source_label_x_department_cooccurrence,machine_display_alias_only_not_actor_identity,none_for_source_label_aggregation__HR032_only_for_identity_or_member_crosswalk,"Department visibility is source-row cooccurrence, not organizational dependence or stable partnership."
S002PL322,クラフトフェア沖縄実行委員,教育庁,2,6,6,549;556,source_label_x_department_cooccurrence,machine_display_alias_only_not_actor_identity,none_for_source_label_aggregation__HR032_only_for_identity_or_member_crosswalk,"Department visibility is source-row cooccurrence, not organizational dependence or stable partnership."
S002PL323,たいようのえくぼ1万人井戸端会議,教育庁,1,7,2,554,source_label_x_department_cooccurrence,machine_display_alias_only_not_actor_identity,none_for_source_label_aggregation__HR032_only_for_identity_or_member_crosswalk,"Department visibility is source-row cooccurrence, not organizational dependence or stable partnership."
S002PL324,全沖縄おかあさんコーラス連盟,教育庁,1,6,2,555,source_label_x_department_cooccurrence,machine_display_alias_only_not_actor_identity,none_for_source_label_aggregation__HR032_only_for_identity_or_member_crosswalk,"Department visibility is source-row cooccurrence, not organizational dependence or stable partnership."
S002PL325,湧き水fan倶楽部,教育庁,1,9,2,558,source_label_x_department_cooccurrence,machine_display_alias_only_not_actor_identity,none_for_source_label_aggregation__HR032_only_for_identity_or_member_crosswalk,"Department visibility is source-row cooccurrence, not organizational dependence or stable partnership."
S002PL326,一般社団法人沖縄県美ら海教育学校,教育庁,1,9,2,559,source_label_x_department_cooccurrence,machine_display_alias_only_not_actor_identity,none_for_source_label_aggregation__HR032_only_for_identity_or_member_crosswalk,"Department visibility is source-row cooccurrence, not organizational dependence or stable partnership."
S002PL327,NPO法人響愛学園パラ・アーティスト・マネージメント協会,教育庁,1,6,2,560,source_label_x_department_cooccurrence,machine_display_alias_only_not_actor_identity,none_for_source_label_aggregation__HR032_only_for_identity_or_member_crosswalk,"Department visibility is source-row cooccurrence, not organizational dependence or stable partnership."
S002PL328,那覇伝統織物事業協同組合,教育庁,1,9,2,562,source_label_x_department_cooccurrence,machine_display_alias_only_not_actor_identity,none_for_source_label_aggregation__HR032_only_for_identity_or_member_crosswalk,"Department visibility is source-row cooccurrence, not organizational dependence or stable partnership."
S002PL329,特定非営利活動法人1万人井戸端会議,教育庁,1,10,2,563,source_label_x_department_cooccurrence,machine_display_alias_only_not_actor_identity,none_for_source_label_aggregation__HR032_only_for_identity_or_member_crosswalk,"Department visibility is source-row cooccurrence, not organizational dependence or stable partnership."
S002PL330,専門学校那覇日経ビジネス,教育庁,1,3,2,564,source_label_x_department_cooccurrence,machine_display_alias_only_not_actor_identity,none_for_source_label_aggregation__HR032_only_for_identity_or_member_crosswalk,"Department visibility is source-row cooccurrence, not organizational dependence or stable partnership."
S002PL331,特定非営利活動法人八重山星の会,教育庁,1,3,2,565,source_label_x_department_cooccurrence,machine_display_alias_only_not_actor_identity,none_for_source_label_aggregation__HR032_only_for_identity_or_member_crosswalk,"Department visibility is source-row cooccurrence, not organizational dependence or stable partnership."
S002PL332,沖縄じんぶんの杜共同筐体(一般社団法人沖縄じんぶん考房・特定非営利活動法人1万人井戸端会議),教育庁,1,3,2,567,source_label_x_department_cooccurrence,machine_display_alias_only_not_actor_identity,none_for_source_label_aggregation__HR032_only_for_identity_or_member_crosswalk,"Department visibility is source-row cooccurrence, not organizational dependence or stable partnership."
S002PL333,特定非営利活動法人ばんず,教育庁,1,3,2,568,source_label_x_department_cooccurrence,machine_display_alias_only_not_actor_identity,none_for_source_label_aggregation__HR032_only_for_identity_or_member_crosswalk,"Department visibility is source-row cooccurrence, not organizational dependence or stable partnership."
S002PL334,NPO法人沖縄児童英語研究会,教育庁,1,8,13,569,source_label_x_department_cooccurrence,machine_display_alias_only_not_actor_identity,none_for_source_label_aggregation__HR032_only_for_identity_or_member_crosswalk,"Department visibility is source-row cooccurrence, not organizational dependence or stable partnership."
S002PL335,世界若者ウチナーンチュ連合会,教育庁,1,1,11,571,source_label_x_department_cooccurrence,machine_display_alias_only_not_actor_identity,none_for_source_label_aggregation__HR032_only_for_identity_or_member_crosswalk,"Department visibility is source-row cooccurrence, not organizational dependence or stable partnership."
S002PL336,公益財団法人放送番組センター,教育庁,1,8,2,572,source_label_x_department_cooccurrence,machine_display_alias_only_not_actor_identity,none_for_source_label_aggregation__HR032_only_for_identity_or_member_crosswalk,"Department visibility is source-row cooccurrence, not organizational dependence or stable partnership."
S002PL337,女流組踊研究会めばな,教育庁,1,2,6,573,source_label_x_department_cooccurrence,machine_display_alias_only_not_actor_identity,none_for_source_label_aggregation__HR032_only_for_identity_or_member_crosswalk,"Department visibility is source-row cooccurrence, not organizational dependence or stable partnership."
S002PL338,一般社団法人エーシーオー沖縄,教育庁,1,6,13,574,source_label_x_department_cooccurrence,machine_display_alias_only_not_actor_identity,none_for_source_label_aggregation__HR032_only_for_identity_or_member_crosswalk,"Department visibility is source-row cooccurrence, not organizational dependence or stable partnership."
S002PL339,一般社団法人トコイリヤ・ソサエティー,教育庁,1,6,13,575,source_label_x_department_cooccurrence,machine_display_alias_only_not_actor_identity,none_for_source_label_aggregation__HR032_only_for_identity_or_member_crosswalk,"Department visibility is source-row cooccurrence, not organizational dependence or stable partnership."
S002PL340,一般社団法人みむみむの森芸術文化振興グループ,教育庁,1,6,13,576,source_label_x_department_cooccurrence,machine_display_alias_only_not_actor_identity,none_for_source_label_aggregation__HR032_only_for_identity_or_member_crosswalk,"Department visibility is source-row cooccurrence, not organizational dependence or stable partnership."
S002PL341,社会福祉法人若杉福祉会,教育庁,1,6,13,577,source_label_x_department_cooccurrence,machine_display_alias_only_not_actor_identity,none_for_source_label_aggregation__HR032_only_for_identity_or_member_crosswalk,"Department visibility is source-row cooccurrence, not organizational dependence or stable partnership."
S002PL342,公益社団法人浦添青年会議所,教育庁,1,6,13,578,source_label_x_department_cooccurrence,machine_display_alias_only_not_actor_identity,none_for_source_label_aggregation__HR032_only_for_identity_or_member_crosswalk,"Department visibility is source-row cooccurrence, not organizational dependence or stable partnership."
S002PL343,公益社団法人沖縄県文化振興会,教育庁,1,6,13,579,source_label_x_department_cooccurrence,machine_display_alias_only_not_actor_identity,none_for_source_label_aggregation__HR032_only_for_identity_or_member_crosswalk,"Department visibility is source-row cooccurrence, not organizational dependence or stable partnership."
S002PL344,一般社団法人落語知育振興協会,教育庁,1,6,13,580,source_label_x_department_cooccurrence,machine_display_alias_only_not_actor_identity,none_for_source_label_aggregation__HR032_only_for_identity_or_member_crosswalk,"Department visibility is source-row cooccurrence, not organizational dependence or stable partnership."
S002PL345,公益財団法人民間放送教育協会,教育庁,1,6,13,581,source_label_x_department_cooccurrence,machine_display_alias_only_not_actor_identity,none_for_source_label_aggregation__HR032_only_for_identity_or_member_crosswalk,"Department visibility is source-row cooccurrence, not organizational dependence or stable partnership."
S002PL346,一般社団法人おきなわオペラアカデミー,教育庁,1,6,13,582,source_label_x_department_cooccurrence,machine_display_alias_only_not_actor_identity,none_for_source_label_aggregation__HR032_only_for_identity_or_member_crosswalk,"Department visibility is source-row cooccurrence, not organizational dependence or stable partnership."
S002PL347,全日本ピアノ指導者協会沖縄支部,教育庁,2,6,6,583;586,source_label_x_department_cooccurrence,machine_display_alias_only_not_actor_identity,none_for_source_label_aggregation__HR032_only_for_identity_or_member_crosswalk,"Department visibility is source-row cooccurrence, not organizational dependence or stable partnership."
S002PL348,日本バトン協会沖縄支部,教育庁,1,6,6,584,source_label_x_department_cooccurrence,machine_display_alias_only_not_actor_identity,none_for_source_label_aggregation__HR032_only_for_identity_or_member_crosswalk,"Department visibility is source-row cooccurrence, not organizational dependence or stable partnership."
S002PL349,全国はがき筆文字展実行委員会,教育庁,1,6,6,585,source_label_x_department_cooccurrence,machine_display_alias_only_not_actor_identity,none_for_source_label_aggregation__HR032_only_for_identity_or_member_crosswalk,"Department visibility is source-row cooccurrence, not organizational dependence or stable partnership."
S002PL350,一般社団法人カンタームス,教育庁,1,6,6,587,source_label_x_department_cooccurrence,machine_display_alias_only_not_actor_identity,none_for_source_label_aggregation__HR032_only_for_identity_or_member_crosswalk,"Department visibility is source-row cooccurrence, not organizational dependence or stable partnership."
S002PL351,公益財団法人沖縄県交通安全協会連合会,教育庁,1,6,13,588,source_label_x_department_cooccurrence,machine_display_alias_only_not_actor_identity,none_for_source_label_aggregation__HR032_only_for_identity_or_member_crosswalk,"Department visibility is source-row cooccurrence, not organizational dependence or stable partnership."
S002PL352,NPO法人沖縄がん教育サポートセンター,教育庁,1,8,13,589,source_label_x_department_cooccurrence,machine_display_alias_only_not_actor_identity,none_for_source_label_aggregation__HR032_only_for_identity_or_member_crosswalk,"Department visibility is source-row cooccurrence, not organizational dependence or stable partnership."
S002PL353,公益財団法人沖縄県学校給食会,教育庁,1,7,13,592,source_label_x_department_cooccurrence,machine_display_alias_only_not_actor_identity,none_for_source_label_aggregation__HR032_only_for_identity_or_member_crosswalk,"Department visibility is source-row cooccurrence, not organizational dependence or stable partnership."
S002PL354,一般財団法人沖縄県環境科学センター,教育庁,1,9,13,594,source_label_x_department_cooccurrence,machine_display_alias_only_not_actor_identity,none_for_source_label_aggregation__HR032_only_for_identity_or_member_crosswalk,"Department visibility is source-row cooccurrence, not organizational dependence or stable partnership."
S002PL355,(公財)沖縄県学校給食会,教育庁,4,5;6,13,595;596;597;598,source_label_x_department_cooccurrence,machine_display_alias_only_not_actor_identity,none_for_source_label_aggregation__HR032_only_for_identity_or_member_crosswalk,"Department visibility is source-row cooccurrence, not organizational dependence or stable partnership."
S002PL215,(一財)沖縄観光コンベンションビューロー,文化観光スポーツ部,4,1,4,372;373;378;379,source_label_x_department_cooccurrence,machine_display_alias_only_not_actor_identity,none_for_source_label_aggregation__HR032_only_for_identity_or_member_crosswalk,"Department visibility is source-row cooccurrence, not organizational dependence or stable partnership."
S002PL216,観光事業者収益力向上サポートコンソーシアム((一財)沖縄観光コンベンションビューロー、(一財)沖縄ITイノベーション戦略センター)※共同企業体,文化観光スポーツ部,1,1,4,374,source_label_x_department_cooccurrence,machine_display_alias_only_not_actor_identity,none_for_source_label_aggregation__HR032_only_for_identity_or_member_crosswalk,"Department visibility is source-row cooccurrence, not organizational dependence or stable partnership."
S002PL217,一般社団法人OTTOP,文化観光スポーツ部,2,4,4,375;377,source_label_x_department_cooccurrence,machine_display_alias_only_not_actor_identity,none_for_source_label_aggregation__HR032_only_for_identity_or_member_crosswalk,"Department visibility is source-row cooccurrence, not organizational dependence or stable partnership."
S002PL218,一般財団法人沖縄観光コンベンションビューロー,文化観光スポーツ部,4,1,4,376;380;381;383,source_label_x_department_cooccurrence,machine_display_alias_only_not_actor_identity,none_for_source_label_aggregation__HR032_only_for_identity_or_member_crosswalk,"Department visibility is source-row cooccurrence, not organizational dependence or stable partnership."
S002PL219,公益財団法人沖縄県産業振興公社,文化観光スポーツ部,2,1,4,382;384,source_label_x_department_cooccurrence,machine_display_alias_only_not_actor_identity,none_for_source_label_aggregation__HR032_only_for_identity_or_member_crosswalk,"Department visibility is source-row cooccurrence, not organizational dependence or stable partnership."
S002PL220,公益社団法人西原町シルバー人材センター,文化観光スポーツ部,1,1,7,385,source_label_x_department_cooccurrence,machine_display_alias_only_not_actor_identity,none_for_source_label_aggregation__HR032_only_for_identity_or_member_crosswalk,"Department visibility is source-row cooccurrence, not organizational dependence or stable partnership."
S002PL221,公益財団法人沖縄県文化振興会,文化観光スポーツ部,2,1,4;6,386;409,source_label_x_department_cooccurrence,machine_display_alias_only_not_actor_identity,none_for_source_label_aggregation__HR032_only_for_identity_or_member_crosswalk,"Department visibility is source-row cooccurrence, not organizational dependence or stable partnership."
S002PL222,Maeda Lacquer Project(漆工房・前田貝揃案),文化観光スポーツ部,1,4,6,387,source_label_x_department_cooccurrence,machine_display_alias_only_not_actor_identity,none_for_source_label_aggregation__HR032_only_for_identity_or_member_crosswalk,"Department visibility is source-row cooccurrence, not organizational dependence or stable partnership."
S002PL223,沖縄芝居研究会,文化観光スポーツ部,1,4,6,388,source_label_x_department_cooccurrence,machine_display_alias_only_not_actor_identity,none_for_source_label_aggregation__HR032_only_for_identity_or_member_crosswalk,"Department visibility is source-row cooccurrence, not organizational dependence or stable partnership."
S002PL224,仲尾次区,文化観光スポーツ部,1,4,6,389,source_label_x_department_cooccurrence,machine_display_alias_only_not_actor_identity,none_for_source_label_aggregation__HR032_only_for_identity_or_member_crosswalk,"Department visibility is source-row cooccurrence, not organizational dependence or stable partnership."
S002PL225,一般社団法人ビューローダンケ,文化観光スポーツ部,1,4,6,390,source_label_x_department_cooccurrence,machine_display_alias_only_not_actor_identity,none_for_source_label_aggregation__HR032_only_for_identity_or_member_crosswalk,"Department visibility is source-row cooccurrence, not organizational dependence or stable partnership."
S002PL226,演劇ユニット多々ら,文化観光スポーツ部,1,4,6,391,source_label_x_department_cooccurrence,machine_display_alias_only_not_actor_identity,none_for_source_label_aggregation__HR032_only_for_identity_or_member_crosswalk,"Department visibility is source-row cooccurrence, not organizational dependence or stable partnership."
S002PL227,2.24音楽祭実行委員会,文化観光スポーツ部,1,4,6,392,source_label_x_department_cooccurrence,machine_display_alias_only_not_actor_identity,none_for_source_label_aggregation__HR032_only_for_identity_or_member_crosswalk,"Department visibility is source-row cooccurrence, not organizational dependence or stable partnership."
S002PL228,一般社団法人UNIVA,文化観光スポーツ部,1,4,6,393,source_label_x_department_cooccurrence,machine_display_alias_only_not_actor_identity,none_for_source_label_aggregation__HR032_only_for_identity_or_member_crosswalk,"Department visibility is source-row cooccurrence, not organizational dependence or stable partnership."
S002PL229,沖縄ファミリーヒストリープロジェクト実行委員会,文化観光スポーツ部,1,4,6,394,source_label_x_department_cooccurrence,machine_display_alias_only_not_actor_identity,none_for_source_label_aggregation__HR032_only_for_identity_or_member_crosswalk,"Department visibility is source-row cooccurrence, not organizational dependence or stable partnership."
S002PL230,「沖縄戦と平和劇」実行委員会,文化観光スポーツ部,1,4,6,395,source_label_x_department_cooccurrence,machine_display_alias_only_not_actor_identity,none_for_source_label_aggregation__HR032_only_for_identity_or_member_crosswalk,"Department visibility is source-row cooccurrence, not organizational dependence or stable partnership."
S002PL231,特定非営利活動法人来間島大学まなびやー,文化観光スポーツ部,1,4,6,396,source_label_x_department_cooccurrence,machine_display_alias_only_not_actor_identity,none_for_source_label_aggregation__HR032_only_for_identity_or_member_crosswalk,"Department visibility is source-row cooccurrence, not organizational dependence or stable partnership."
S002PL232,崎枝公民館,文化観光スポーツ部,1,4,6,397,source_label_x_department_cooccurrence,machine_display_alias_only_not_actor_identity,none_for_source_label_aggregation__HR032_only_for_identity_or_member_crosswalk,"Department visibility is source-row cooccurrence, not organizational dependence or stable partnership."
S002PL233,With Artうらそえを考える会,文化観光スポーツ部,1,4,6,398,source_label_x_department_cooccurrence,machine_display_alias_only_not_actor_identity,none_for_source_label_aggregation__HR032_only_for_identity_or_member_crosswalk,"Department visibility is source-row cooccurrence, not organizational dependence or stable partnership."
S002PL234,あなたの沖縄,文化観光スポーツ部,1,4,6,399,source_label_x_department_cooccurrence,machine_display_alias_only_not_actor_identity,none_for_source_label_aggregation__HR032_only_for_identity_or_member_crosswalk,"Department visibility is source-row cooccurrence, not organizational dependence or stable partnership."
S002PL235,琉球薬草探究会,文化観光スポーツ部,1,4,6,400,source_label_x_department_cooccurrence,machine_display_alias_only_not_actor_identity,none_for_source_label_aggregation__HR032_only_for_identity_or_member_crosswalk,"Department visibility is source-row cooccurrence, not organizational dependence or stable partnership."
S002PL236,NPO法人沖縄県沖縄語普及協議会,文化観光スポーツ部,1,4,6,401,source_label_x_department_cooccurrence,machine_display_alias_only_not_actor_identity,none_for_source_label_aggregation__HR032_only_for_identity_or_member_crosswalk,"Department visibility is source-row cooccurrence, not organizational dependence or stable partnership."
S002PL237,しまくとぅばプロジェクト,文化観光スポーツ部,1,4,6,402,source_label_x_department_cooccurrence,machine_display_alias_only_not_actor_identity,none_for_source_label_aggregation__HR032_only_for_identity_or_member_crosswalk,"Department visibility is source-row cooccurrence, not organizational dependence or stable partnership."
S002PL238,NPO法人たのしい教育研究所,文化観光スポーツ部,1,4,6,403,source_label_x_department_cooccurrence,machine_display_alias_only_not_actor_identity,none_for_source_label_aggregation__HR032_only_for_identity_or_member_crosswalk,"Department visibility is source-row cooccurrence, not organizational dependence or stable partnership."
S002PL239,特定非営利法人Okinawa Hands-On NPO,文化観光スポーツ部,1,4,6,404,source_label_x_department_cooccurrence,machine_display_alias_only_not_actor_identity,none_for_source_label_aggregation__HR032_only_for_identity_or_member_crosswalk,"Department visibility is source-row cooccurrence, not organizational dependence or stable partnership."
S002PL240,浦添市古典芸能琉球舞踊協会,文化観光スポーツ部,1,4,6,405,source_label_x_department_cooccurrence,machine_display_alias_only_not_actor_identity,none_for_source_label_aggregation__HR032_only_for_identity_or_member_crosswalk,"Department visibility is source-row cooccurrence, not organizational dependence or stable partnership."
S002PL241,Kilua Hula Studio,文化観光スポーツ部,1,4,6,406,source_label_x_department_cooccurrence,machine_display_alias_only_not_actor_identity,none_for_source_label_aggregation__HR032_only_for_identity_or_member_crosswalk,"Department visibility is source-row cooccurrence, not organizational dependence or stable partnership."
S002PL242,みゃーくふつの会,文化観光スポーツ部,1,4,6,407,source_label_x_department_cooccurrence,machine_display_alias_only_not_actor_identity,none_for_source_label_aggregation__HR032_only_for_identity_or_member_crosswalk,"Department visibility is source-row cooccurrence, not organizational dependence or stable partnership."
S002PL243,特定非営利法人琉球交響楽団,文化観光スポーツ部,1,1,6,408,source_label_x_department_cooccurrence,machine_display_alias_only_not_actor_identity,none_for_source_label_aggregation__HR032_only_for_identity_or_member_crosswalk,"Department visibility is source-row cooccurrence, not organizational dependence or stable partnership."
S002PL244,公益財団法人国立劇場おきなわ運営財団,文化観光スポーツ部,1,1,6,410,source_label_x_department_cooccurrence,machine_display_alias_only_not_actor_identity,none_for_source_label_aggregation__HR032_only_for_identity_or_member_crosswalk,"Department visibility is source-row cooccurrence, not organizational dependence or stable partnership."
S002PL245,一般社団法人沖縄伝統空手道振興会,文化観光スポーツ部,8,1;4,6,411;412;413;414;415;416;417;418,source_label_x_department_cooccurrence,machine_display_alias_only_not_actor_identity,none_for_source_label_aggregation__HR032_only_for_identity_or_member_crosswalk,"Department visibility is source-row cooccurrence, not organizational dependence or stable partnership."
S002PL246,沖縄県特別支援学校卒業生保護者連絡協議会,文化観光スポーツ部,1,6,6,419,source_label_x_department_cooccurrence,machine_display_alias_only_not_actor_identity,none_for_source_label_aggregation__HR032_only_for_identity_or_member_crosswalk,"Department visibility is source-row cooccurrence, not organizational dependence or stable partnership."
S002PL247,国際沖縄剛柔流空手道連盟,文化観光スポーツ部,1,6,6,420,source_label_x_department_cooccurrence,machine_display_alias_only_not_actor_identity,none_for_source_label_aggregation__HR032_only_for_identity_or_member_crosswalk,"Department visibility is source-row cooccurrence, not organizational dependence or stable partnership."
S002PL248,一般社団法人劉衛流龍鳳会,文化観光スポーツ部,1,6,6,421,source_label_x_department_cooccurrence,machine_display_alias_only_not_actor_identity,none_for_source_label_aggregation__HR032_only_for_identity_or_member_crosswalk,"Department visibility is source-row cooccurrence, not organizational dependence or stable partnership."
S002PL249,沖縄県空手道連盟,文化観光スポーツ部,2,6,6,422;424,source_label_x_department_cooccurrence,machine_display_alias_only_not_actor_identity,none_for_source_label_aggregation__HR032_only_for_identity_or_member_crosswalk,"Department visibility is source-row cooccurrence, not organizational dependence or stable partnership."
S002PL250,沖縄県空手道連合会,文化観光スポーツ部,1,6,6,423,source_label_x_department_cooccurrence,machine_display_alias_only_not_actor_identity,none_for_source_label_aggregation__HR032_only_for_identity_or_member_crosswalk,"Department visibility is source-row cooccurrence, not organizational dependence or stable partnership."
S002PL251,国立大学法人琉球大学地域連携推進機構,文化観光スポーツ部,1,6,6,425,source_label_x_department_cooccurrence,machine_display_alias_only_not_actor_identity,none_for_source_label_aggregation__HR032_only_for_identity_or_member_crosswalk,"Department visibility is source-row cooccurrence, not organizational dependence or stable partnership."
S002PL252,一般財団法人沖縄美ら島財団・株式会社国建共同企業体,文化観光スポーツ部,1,2,6,426,source_label_x_department_cooccurrence,machine_display_alias_only_not_actor_identity,none_for_source_label_aggregation__HR032_only_for_identity_or_member_crosswalk,"Department visibility is source-row cooccurrence, not organizational dependence or stable partnership."
S002PL253,公益財団法人沖縄県スポーツ協会,文化観光スポーツ部,3,1;4,6,427;428;430,source_label_x_department_cooccurrence,machine_display_alias_only_not_actor_identity,none_for_source_label_aggregation__HR032_only_for_identity_or_member_crosswalk,"Department visibility is source-row cooccurrence, not organizational dependence or stable partnership."
S002PL254,沖縄県レクリエーション協会,文化観光スポーツ部,1,1,6,429,source_label_x_department_cooccurrence,machine_display_alias_only_not_actor_identity,none_for_source_label_aggregation__HR032_only_for_identity_or_member_crosswalk,"Department visibility is source-row cooccurrence, not organizational dependence or stable partnership."
S002PL255,特定非営利活動法人沖縄NGOセンター,文化観光スポーツ部,1,1,11,431,source_label_x_department_cooccurrence,machine_display_alias_only_not_actor_identity,none_for_source_label_aggregation__HR032_only_for_identity_or_member_crosswalk,"Department visibility is source-row cooccurrence, not organizational dependence or stable partnership."
S002PL256,令和6年度おきなわ国際協力人材育成事業共同企業体(公社)青年海外協力協会沖縄事務所、(株)JTB沖縄,文化観光スポーツ部,1,2,11,432,source_label_x_department_cooccurrence,machine_display_alias_only_not_actor_identity,none_for_source_label_aggregation__HR032_only_for_identity_or_member_crosswalk,"Department visibility is source-row cooccurrence, not organizational dependence or stable partnership."
S002PL257,一般社団法人世界若者ウチナーンチュ連合会,文化観光スポーツ部,1,1,11,433,source_label_x_department_cooccurrence,machine_display_alias_only_not_actor_identity,none_for_source_label_aggregation__HR032_only_for_identity_or_member_crosswalk,"Department visibility is source-row cooccurrence, not organizational dependence or stable partnership."
S002PL258,Team OKIYUA(株)沖縄映像センター、(一社)世界若者ウチナーンチュ連合会,文化観光スポーツ部,1,1,11,434,source_label_x_department_cooccurrence,machine_display_alias_only_not_actor_identity,none_for_source_label_aggregation__HR032_only_for_identity_or_member_crosswalk,"Department visibility is source-row cooccurrence, not organizational dependence or stable partnership."
S002PL259,公益社団法人青年海外協力協会沖縄事務所,文化観光スポーツ部,1,2,11,435,source_label_x_department_cooccurrence,machine_display_alias_only_not_actor_identity,none_for_source_label_aggregation__HR032_only_for_identity_or_member_crosswalk,"Department visibility is source-row cooccurrence, not organizational dependence or stable partnership."
S002PL260,令和6年度ウチナージュニアスタディー事業に係る共同企業体(公社)青年海外協力協会沖縄事務所、東武トップツアーズ(株)沖縄支店,文化観光スポーツ部,1,2,11,436,source_label_x_department_cooccurrence,machine_display_alias_only_not_actor_identity,none_for_source_label_aggregation__HR032_only_for_identity_or_member_crosswalk,"Department visibility is source-row cooccurrence, not organizational dependence or stable partnership."
S002PL261,(公財)沖縄県国際交流・人材育成財団,文化観光スポーツ部,1,4,11,437,source_label_x_department_cooccurrence,machine_display_alias_only_not_actor_identity,none_for_source_label_aggregation__HR032_only_for_identity_or_member_crosswalk,"Department visibility is source-row cooccurrence, not organizational dependence or stable partnership."
S002PL262,令和6年度長野県への生徒派遣交流事業共同企業体(公社)青年海外協力協会沖縄事務所、東武トップツアーズ(株)沖縄支店,文化観光スポーツ部,1,2,11,438,source_label_x_department_cooccurrence,machine_display_alias_only_not_actor_identity,none_for_source_label_aggregation__HR032_only_for_identity_or_member_crosswalk,"Department visibility is source-row cooccurrence, not organizational dependence or stable partnership."
S002PL026,一般財団法人沖縄県公衆衛生協会,環境部,2,1;4,7,40;41,source_label_x_department_cooccurrence,machine_display_alias_only_not_actor_identity,none_for_source_label_aggregation__HR032_only_for_identity_or_member_crosswalk,"Department visibility is source-row cooccurrence, not organizational dependence or stable partnership."
S002PL027,公益社団法人沖縄県緑化推進委員会,環境部,3,1,7,37;38;39,source_label_x_department_cooccurrence,machine_display_alias_only_not_actor_identity,none_for_source_label_aggregation__HR032_only_for_identity_or_member_crosswalk,"Department visibility is source-row cooccurrence, not organizational dependence or stable partnership."
S002PL028,公益財団法人沖縄こどもの国,環境部,1,2,7,42,source_label_x_department_cooccurrence,machine_display_alias_only_not_actor_identity,none_for_source_label_aggregation__HR032_only_for_identity_or_member_crosswalk,"Department visibility is source-row cooccurrence, not organizational dependence or stable partnership."
S002PL029,一般社団法人沖縄リサイクル運動市民の会,環境部,1,1,7,43,source_label_x_department_cooccurrence,machine_display_alias_only_not_actor_identity,none_for_source_label_aggregation__HR032_only_for_identity_or_member_crosswalk,"Department visibility is source-row cooccurrence, not organizational dependence or stable partnership."
S002PL030,特定非営利法人おきにゃあわんネットワーク,環境部,1,4,19,44,source_label_x_department_cooccurrence,machine_display_alias_only_not_actor_identity,none_for_source_label_aggregation__HR032_only_for_identity_or_member_crosswalk,"Department visibility is source-row cooccurrence, not organizational dependence or stable partnership."
S002PL031,PIPS,環境部,1,4,19,45,source_label_x_department_cooccurrence,machine_display_alias_only_not_actor_identity,none_for_source_label_aggregation__HR032_only_for_identity_or_member_crosswalk,"Department visibility is source-row cooccurrence, not organizational dependence or stable partnership."
S002PL032,石垣しっぽの会,環境部,1,4,19,46,source_label_x_department_cooccurrence,machine_display_alias_only_not_actor_identity,none_for_source_label_aggregation__HR032_only_for_identity_or_member_crosswalk,"Department visibility is source-row cooccurrence, not organizational dependence or stable partnership."
S002PL033,一般社団法人cloud9,環境部,1,4,19,47,source_label_x_department_cooccurrence,machine_display_alias_only_not_actor_identity,none_for_source_label_aggregation__HR032_only_for_identity_or_member_crosswalk,"Department visibility is source-row cooccurrence, not organizational dependence or stable partnership."
S002PL034,リライフ,環境部,1,4,19,48,source_label_x_department_cooccurrence,machine_display_alias_only_not_actor_identity,none_for_source_label_aggregation__HR032_only_for_identity_or_member_crosswalk,"Department visibility is source-row cooccurrence, not organizational dependence or stable partnership."
S002PL035,にゃんばるわんばる,環境部,1,4,19,49,source_label_x_department_cooccurrence,machine_display_alias_only_not_actor_identity,none_for_source_label_aggregation__HR032_only_for_identity_or_member_crosswalk,"Department visibility is source-row cooccurrence, not organizational dependence or stable partnership."
S002PL036,動物愛護推進プロジェクト実行委員会,環境部,1,5,7,50,source_label_x_department_cooccurrence,machine_display_alias_only_not_actor_identity,none_for_source_label_aggregation__HR032_only_for_identity_or_member_crosswalk,"Department visibility is source-row cooccurrence, not organizational dependence or stable partnership."
S002PL037,沖縄県獣医師会,環境部,1,5,7,51,source_label_x_department_cooccurrence,machine_display_alias_only_not_actor_identity,none_for_source_label_aggregation__HR032_only_for_identity_or_member_crosswalk,"Department visibility is source-row cooccurrence, not organizational dependence or stable partnership."
S002PL038,どうぶつたちの病院沖縄・南西環境研究所・野生鳥獣対策連携センター共同企業体,環境部,1,1,7,52,source_label_x_department_cooccurrence,machine_display_alias_only_not_actor_identity,none_for_source_label_aggregation__HR032_only_for_identity_or_member_crosswalk,"Department visibility is source-row cooccurrence, not organizational dependence or stable partnership."
S002PL039,公益社団法人沖縄県獣医師会,環境部,1,1,7,53,source_label_x_department_cooccurrence,machine_display_alias_only_not_actor_identity,none_for_source_label_aggregation__HR032_only_for_identity_or_member_crosswalk,"Department visibility is source-row cooccurrence, not organizational dependence or stable partnership."
S002PL040,NPO法人どうぶつたちの病院沖縄,環境部,1,1,7,54,source_label_x_department_cooccurrence,machine_display_alias_only_not_actor_identity,none_for_source_label_aggregation__HR032_only_for_identity_or_member_crosswalk,"Department visibility is source-row cooccurrence, not organizational dependence or stable partnership."
S002PL041,日本野鳥の会やんばる支部、宮古野鳥の会、カンムリワシリサーチ,環境部,1,1,7,55,source_label_x_department_cooccurrence,machine_display_alias_only_not_actor_identity,none_for_source_label_aggregation__HR032_only_for_identity_or_member_crosswalk,"Department visibility is source-row cooccurrence, not organizational dependence or stable partnership."
S002PL042,一般社団法人西表財団,環境部,1,4,7,56,source_label_x_department_cooccurrence,machine_display_alias_only_not_actor_identity,none_for_source_label_aggregation__HR032_only_for_identity_or_member_crosswalk,"Department visibility is source-row cooccurrence, not organizational dependence or stable partnership."
S002PL043,八重瀬町字小城公民館,環境部,1,4,7,57,source_label_x_department_cooccurrence,machine_display_alias_only_not_actor_identity,none_for_source_label_aggregation__HR032_only_for_identity_or_member_crosswalk,"Department visibility is source-row cooccurrence, not organizational dependence or stable partnership."
S002PL044,NPO法人おきにゃあわんネットワーク,環境部,1,1,7,58,source_label_x_department_cooccurrence,machine_display_alias_only_not_actor_identity,none_for_source_label_aggregation__HR032_only_for_identity_or_member_crosswalk,"Department visibility is source-row cooccurrence, not organizational dependence or stable partnership."
S002PL045,一般社団法人Cloud9,環境部,1,2,7,59,source_label_x_department_cooccurrence,machine_display_alias_only_not_actor_identity,none_for_source_label_aggregation__HR032_only_for_identity_or_member_crosswalk,"Department visibility is source-row cooccurrence, not organizational dependence or stable partnership."
S002PL013,社会福祉法人みやこ福祉会,生活福祉部,1,1,17,135,source_label_x_department_cooccurrence,machine_display_alias_only_not_actor_identity,none_for_source_label_aggregation__HR032_only_for_identity_or_member_crosswalk,"Department visibility is source-row cooccurrence, not organizational dependence or stable partnership."
S002PL046,社会福祉法人沖縄県社会福祉協議会,生活福祉部,14,1;4,1;8,60;61;62;63;64;65;66;67;71;79;80;81;82;83,source_label_x_department_cooccurrence,machine_display_alias_only_not_actor_identity,none_for_source_label_aggregation__HR032_only_for_identity_or_member_crosswalk,"Department visibility is source-row cooccurrence, not organizational dependence or stable partnership."
S002PL047,沖縄県社会福祉協議会,生活福祉部,4,1;3;4,1,68;69;70;73,source_label_x_department_cooccurrence,machine_display_alias_only_not_actor_identity,none_for_source_label_aggregation__HR032_only_for_identity_or_member_crosswalk,"Department visibility is source-row cooccurrence, not organizational dependence or stable partnership."
S002PL048,一般社団法人ADI災害研究所,生活福祉部,1,1,8,72,source_label_x_department_cooccurrence,machine_display_alias_only_not_actor_identity,none_for_source_label_aggregation__HR032_only_for_identity_or_member_crosswalk,"Department visibility is source-row cooccurrence, not organizational dependence or stable partnership."
S002PL049,特定非営利活動法人介護と福祉の調査機関おきなわ,生活福祉部,1,8,1,74,source_label_x_department_cooccurrence,machine_display_alias_only_not_actor_identity,none_for_source_label_aggregation__HR032_only_for_identity_or_member_crosswalk,"Department visibility is source-row cooccurrence, not organizational dependence or stable partnership."
S002PL050,一般社団法人沖縄県社会福祉士会,生活福祉部,1,8,1,75,source_label_x_department_cooccurrence,machine_display_alias_only_not_actor_identity,none_for_source_label_aggregation__HR032_only_for_identity_or_member_crosswalk,"Department visibility is source-row cooccurrence, not organizational dependence or stable partnership."
S002PL051,一般社団法人Kukuru,生活福祉部,2,1;2,1,76;78,source_label_x_department_cooccurrence,machine_display_alias_only_not_actor_identity,none_for_source_label_aggregation__HR032_only_for_identity_or_member_crosswalk,"Department visibility is source-row cooccurrence, not organizational dependence or stable partnership."
S002PL052,公益社団法人沖縄県看護協会,生活福祉部,1,1,1,77,source_label_x_department_cooccurrence,machine_display_alias_only_not_actor_identity,none_for_source_label_aggregation__HR032_only_for_identity_or_member_crosswalk,"Department visibility is source-row cooccurrence, not organizational dependence or stable partnership."
S002PL053,特定非営利活動法人珊瑚舎スコーレ,生活福祉部,1,2,13,84,source_label_x_department_cooccurrence,machine_display_alias_only_not_actor_identity,none_for_source_label_aggregation__HR032_only_for_identity_or_member_crosswalk,"Department visibility is source-row cooccurrence, not organizational dependence or stable partnership."
S002PL054,特定非営利活動法人エンカレッジ,生活福祉部,1,2,13,85,source_label_x_department_cooccurrence,machine_display_alias_only_not_actor_identity,none_for_source_label_aggregation__HR032_only_for_identity_or_member_crosswalk,"Department visibility is source-row cooccurrence, not organizational dependence or stable partnership."
S002PL055,一般社団法人教育振興会,生活福祉部,1,2,13,86,source_label_x_department_cooccurrence,machine_display_alias_only_not_actor_identity,none_for_source_label_aggregation__HR032_only_for_identity_or_member_crosswalk,"Department visibility is source-row cooccurrence, not organizational dependence or stable partnership."
S002PL056,公益財団法人沖縄県労働者福祉基金協会,生活福祉部,2,2,1,87;88,source_label_x_department_cooccurrence,machine_display_alias_only_not_actor_identity,none_for_source_label_aggregation__HR032_only_for_identity_or_member_crosswalk,"Department visibility is source-row cooccurrence, not organizational dependence or stable partnership."
S002PL057,特定非営利活動法人沖縄県障がい者スポーツ協会,生活福祉部,4,1;4,1,89;90;91;92,source_label_x_department_cooccurrence,machine_display_alias_only_not_actor_identity,none_for_source_label_aggregation__HR032_only_for_identity_or_member_crosswalk,"Department visibility is source-row cooccurrence, not organizational dependence or stable partnership."
S002PL058,社会福祉法人沖縄県身体障害者福祉協会,生活福祉部,4,1;4,1,93;99;112;128,source_label_x_department_cooccurrence,machine_display_alias_only_not_actor_identity,none_for_source_label_aggregation__HR032_only_for_identity_or_member_crosswalk,"Department visibility is source-row cooccurrence, not organizational dependence or stable partnership."
S002PL059,公益社団法人沖縄県手をつなぐ育成会・一般社団法人沖縄県知的障害者福祉協会共同企業体,生活福祉部,1,1,1,94,source_label_x_department_cooccurrence,machine_display_alias_only_not_actor_identity,none_for_source_label_aggregation__HR032_only_for_identity_or_member_crosswalk,"Department visibility is source-row cooccurrence, not organizational dependence or stable partnership."
S002PL060,社会福祉法人若竹福祉会,生活福祉部,2,1,1;17,95;133,source_label_x_department_cooccurrence,machine_display_alias_only_not_actor_identity,none_for_source_label_aggregation__HR032_only_for_identity_or_member_crosswalk,"Department visibility is source-row cooccurrence, not organizational dependence or stable partnership."
S002PL061,社会福祉法人トゥムヌイ福祉会,生活福祉部,1,2,1,96,source_label_x_department_cooccurrence,machine_display_alias_only_not_actor_identity,none_for_source_label_aggregation__HR032_only_for_identity_or_member_crosswalk,"Department visibility is source-row cooccurrence, not organizational dependence or stable partnership."
S002PL062,公益財団法人沖縄県手をつなぐ育成会,生活福祉部,1,1,1,97,source_label_x_department_cooccurrence,machine_display_alias_only_not_actor_identity,none_for_source_label_aggregation__HR032_only_for_identity_or_member_crosswalk,"Department visibility is source-row cooccurrence, not organizational dependence or stable partnership."
S002PL063,特定非営利活動法人わくわくの会,生活福祉部,1,1,1,98,source_label_x_department_cooccurrence,machine_display_alias_only_not_actor_identity,none_for_source_label_aggregation__HR032_only_for_identity_or_member_crosswalk,"Department visibility is source-row cooccurrence, not organizational dependence or stable partnership."
S002PL064,公益社団法人沖縄県手をつなぐ育成会,生活福祉部,1,1,1,100,source_label_x_department_cooccurrence,machine_display_alias_only_not_actor_identity,none_for_source_label_aggregation__HR032_only_for_identity_or_member_crosswalk,"Department visibility is source-row cooccurrence, not organizational dependence or stable partnership."
S002PL065,特定非営利活動法人沖縄県脊髄損傷者協会,生活福祉部,1,1,1,101,source_label_x_department_cooccurrence,machine_display_alias_only_not_actor_identity,none_for_source_label_aggregation__HR032_only_for_identity_or_member_crosswalk,"Department visibility is source-row cooccurrence, not organizational dependence or stable partnership."
S002PL066,特定非営利活動法人名護市障がい者関係団体協議会,生活福祉部,3,1,1,102;106;125,source_label_x_department_cooccurrence,machine_display_alias_only_not_actor_identity,none_for_source_label_aggregation__HR032_only_for_identity_or_member_crosswalk,"Department visibility is source-row cooccurrence, not organizational dependence or stable partnership."
S002PL067,一般社団法人人文福祉会,生活福祉部,2,1,1,103;107,source_label_x_department_cooccurrence,machine_display_alias_only_not_actor_identity,none_for_source_label_aggregation__HR032_only_for_identity_or_member_crosswalk,"Department visibility is source-row cooccurrence, not organizational dependence or stable partnership."
S002PL068,特定非営利活動法人おきなわ障がい者相談支援ネットワーク,生活福祉部,4,1,1,104;105;108;116,source_label_x_department_cooccurrence,machine_display_alias_only_not_actor_identity,none_for_source_label_aggregation__HR032_only_for_identity_or_member_crosswalk,"Department visibility is source-row cooccurrence, not organizational dependence or stable partnership."
S002PL069,特定非営利活動法人沖縄県自立生活センター・イルカ,生活福祉部,1,4,1,109,source_label_x_department_cooccurrence,machine_display_alias_only_not_actor_identity,none_for_source_label_aggregation__HR032_only_for_identity_or_member_crosswalk,"Department visibility is source-row cooccurrence, not organizational dependence or stable partnership."
S002PL070,全国パーキンソン病友の会沖縄県支部,生活福祉部,1,4,1,110,source_label_x_department_cooccurrence,machine_display_alias_only_not_actor_identity,none_for_source_label_aggregation__HR032_only_for_identity_or_member_crosswalk,"Department visibility is source-row cooccurrence, not organizational dependence or stable partnership."
S002PL071,社会福祉法人沖縄県視覚障害者福祉協会,生活福祉部,2,1;4,1,111;118,source_label_x_department_cooccurrence,machine_display_alias_only_not_actor_identity,none_for_source_label_aggregation__HR032_only_for_identity_or_member_crosswalk,"Department visibility is source-row cooccurrence, not organizational dependence or stable partnership."
S002PL072,NPO法人沖縄県脊髄損傷者協会,生活福祉部,1,4,1,113,source_label_x_department_cooccurrence,machine_display_alias_only_not_actor_identity,none_for_source_label_aggregation__HR032_only_for_identity_or_member_crosswalk,"Department visibility is source-row cooccurrence, not organizational dependence or stable partnership."
S002PL073,一般社団法人セレニティパークジャパン沖縄,生活福祉部,1,4,1,114,source_label_x_department_cooccurrence,machine_display_alias_only_not_actor_identity,none_for_source_label_aggregation__HR032_only_for_identity_or_member_crosswalk,"Department visibility is source-row cooccurrence, not organizational dependence or stable partnership."
S002PL074,沖縄県手話通訳問題研究会,生活福祉部,1,4,1,115,source_label_x_department_cooccurrence,machine_display_alias_only_not_actor_identity,none_for_source_label_aggregation__HR032_only_for_identity_or_member_crosswalk,"Department visibility is source-row cooccurrence, not organizational dependence or stable partnership."
S002PL075,一般社団法人沖縄県聴覚障害者協会,生活福祉部,1,1,1,117,source_label_x_department_cooccurrence,machine_display_alias_only_not_actor_identity,none_for_source_label_aggregation__HR032_only_for_identity_or_member_crosswalk,"Department visibility is source-row cooccurrence, not organizational dependence or stable partnership."
S002PL076,一般社団法人沖縄県言語聴覚士会,生活福祉部,1,1,1,119,source_label_x_department_cooccurrence,machine_display_alias_only_not_actor_identity,none_for_source_label_aggregation__HR032_only_for_identity_or_member_crosswalk,"Department visibility is source-row cooccurrence, not organizational dependence or stable partnership."
S002PL077,国立大学法人琉球大学,生活福祉部,1,1,1,120,source_label_x_department_cooccurrence,machine_display_alias_only_not_actor_identity,none_for_source_label_aggregation__HR032_only_for_identity_or_member_crosswalk,"Department visibility is source-row cooccurrence, not organizational dependence or stable partnership."
S002PL078,社会福祉法人聴力障害者情報文化センター,生活福祉部,1,1,1,121,source_label_x_department_cooccurrence,machine_display_alias_only_not_actor_identity,none_for_source_label_aggregation__HR032_only_for_identity_or_member_crosswalk,"Department visibility is source-row cooccurrence, not organizational dependence or stable partnership."
S002PL079,一般社団法人沖縄県精神保健福祉士協会,生活福祉部,3,1,1,122;129;130,source_label_x_department_cooccurrence,machine_display_alias_only_not_actor_identity,none_for_source_label_aggregation__HR032_only_for_identity_or_member_crosswalk,"Department visibility is source-row cooccurrence, not organizational dependence or stable partnership."
S002PL080,公益財団法人沖縄県精神保健福祉会連合会,生活福祉部,1,1,1,123,source_label_x_department_cooccurrence,machine_display_alias_only_not_actor_identity,none_for_source_label_aggregation__HR032_only_for_identity_or_member_crosswalk,"Department visibility is source-row cooccurrence, not organizational dependence or stable partnership."
S002PL081,一般社団法人沖縄県作業療法士協会,生活福祉部,2,1,1,124;127,source_label_x_department_cooccurrence,machine_display_alias_only_not_actor_identity,none_for_source_label_aggregation__HR032_only_for_identity_or_member_crosswalk,"Department visibility is source-row cooccurrence, not organizational dependence or stable partnership."
S002PL082,社会福祉法人残波かりゆし会,生活福祉部,1,1,1,126,source_label_x_department_cooccurrence,machine_display_alias_only_not_actor_identity,none_for_source_label_aggregation__HR032_only_for_identity_or_member_crosswalk,"Department visibility is source-row cooccurrence, not organizational dependence or stable partnership."
S002PL083,社会福祉法人名護学院,生活福祉部,1,1,17,131,source_label_x_department_cooccurrence,machine_display_alias_only_not_actor_identity,none_for_source_label_aggregation__HR032_only_for_identity_or_member_crosswalk,"Department visibility is source-row cooccurrence, not organizational dependence or stable partnership."
S002PL084,医療法人一灯の会,生活福祉部,1,1,17,132,source_label_x_department_cooccurrence,machine_display_alias_only_not_actor_identity,none_for_source_label_aggregation__HR032_only_for_identity_or_member_crosswalk,"Department visibility is source-row cooccurrence, not organizational dependence or stable partnership."
S002PL085,医療法人陽和会,生活福祉部,1,1,17,134,source_label_x_department_cooccurrence,machine_display_alias_only_not_actor_identity,none_for_source_label_aggregation__HR032_only_for_identity_or_member_crosswalk,"Department visibility is source-row cooccurrence, not organizational dependence or stable partnership."
S002PL086,社会福祉法人わしの里,生活福祉部,1,1,17,136,source_label_x_department_cooccurrence,machine_display_alias_only_not_actor_identity,none_for_source_label_aggregation__HR032_only_for_identity_or_member_crosswalk,"Department visibility is source-row cooccurrence, not organizational dependence or stable partnership."
S002PL087,特定非営利活動法人消費者センター沖縄,生活福祉部,1,1,18,137,source_label_x_department_cooccurrence,machine_display_alias_only_not_actor_identity,none_for_source_label_aggregation__HR032_only_for_identity_or_member_crosswalk,"Department visibility is source-row cooccurrence, not organizational dependence or stable partnership."
S002PL088,特定非営利活動法人まちなか研究所わくわく,生活福祉部,2,1;2,19,138;139,source_label_x_department_cooccurrence,machine_display_alias_only_not_actor_identity,none_for_source_label_aggregation__HR032_only_for_identity_or_member_crosswalk,"Department visibility is source-row cooccurrence, not organizational dependence or stable partnership."
S002PL089,公益社団法人沖縄被害者支援ゆいセンター,生活福祉部,2,1;5,9,140;141,source_label_x_department_cooccurrence,machine_display_alias_only_not_actor_identity,none_for_source_label_aggregation__HR032_only_for_identity_or_member_crosswalk,"Department visibility is source-row cooccurrence, not organizational dependence or stable partnership."
S002PL090,沖縄県計量協会,生活福祉部,1,5,18,142,source_label_x_department_cooccurrence,machine_display_alias_only_not_actor_identity,none_for_source_label_aggregation__HR032_only_for_identity_or_member_crosswalk,"Department visibility is source-row cooccurrence, not organizational dependence or stable partnership."
S002PL356,おきなわ子ども未来ネットワーク,病院事業局,1,8,1,599,source_label_x_department_cooccurrence,machine_display_alias_only_not_actor_identity,none_for_source_label_aggregation__HR032_only_for_identity_or_member_crosswalk,"Department visibility is source-row cooccurrence, not organizational dependence or stable partnership."
S002PL285,(福)基督教児童福祉会愛隣園,県議会事務局,1,1,7,497,source_label_x_department_cooccurrence,machine_display_alias_only_not_actor_identity,none_for_source_label_aggregation__HR032_only_for_identity_or_member_crosswalk,"Department visibility is source-row cooccurrence, not organizational dependence or stable partnership."
S002PL001,新外交イニシアティブ,知事公室,1,2,10,1,source_label_x_department_cooccurrence,machine_display_alias_only_not_actor_identity,none_for_source_label_aggregation__HR032_only_for_identity_or_member_crosswalk,"Department visibility is source-row cooccurrence, not organizational dependence or stable partnership."
S002PL002,沖縄災害救助犬協会,知事公室,1,9,8,2,source_label_x_department_cooccurrence,machine_display_alias_only_not_actor_identity,none_for_source_label_aggregation__HR032_only_for_identity_or_member_crosswalk,"Department visibility is source-row cooccurrence, not organizational dependence or stable partnership."
S002PL003,沖縄県消防設備協会,知事公室,1,9,8,3,source_label_x_department_cooccurrence,machine_display_alias_only_not_actor_identity,none_for_source_label_aggregation__HR032_only_for_identity_or_member_crosswalk,"Department visibility is source-row cooccurrence, not organizational dependence or stable partnership."
S002PL004,日本エレベーター協会,知事公室,1,9,8,4,source_label_x_department_cooccurrence,machine_display_alias_only_not_actor_identity,none_for_source_label_aggregation__HR032_only_for_identity_or_member_crosswalk,"Department visibility is source-row cooccurrence, not organizational dependence or stable partnership."
S002PL005,沖縄県消防協会,知事公室,1,9,8,5,source_label_x_department_cooccurrence,machine_display_alias_only_not_actor_identity,none_for_source_label_aggregation__HR032_only_for_identity_or_member_crosswalk,"Department visibility is source-row cooccurrence, not organizational dependence or stable partnership."
S002PL006,沖縄県高圧ガス保安協会,知事公室,1,9,8,6,source_label_x_department_cooccurrence,machine_display_alias_only_not_actor_identity,none_for_source_label_aggregation__HR032_only_for_identity_or_member_crosswalk,"Department visibility is source-row cooccurrence, not organizational dependence or stable partnership."
S002PL007,日本防炎協会,知事公室,1,9,8,7,source_label_x_department_cooccurrence,machine_display_alias_only_not_actor_identity,none_for_source_label_aggregation__HR032_only_for_identity_or_member_crosswalk,"Department visibility is source-row cooccurrence, not organizational dependence or stable partnership."
S002PL008,日本無線協会,知事公室,1,9,8,8,source_label_x_department_cooccurrence,machine_display_alias_only_not_actor_identity,none_for_source_label_aggregation__HR032_only_for_identity_or_member_crosswalk,"Department visibility is source-row cooccurrence, not organizational dependence or stable partnership."
S002PL009,公益財団法人沖縄県平和祈念財団,知事公室,1,1,10,9,source_label_x_department_cooccurrence,machine_display_alias_only_not_actor_identity,none_for_source_label_aggregation__HR032_only_for_identity_or_member_crosswalk,"Department visibility is source-row cooccurrence, not organizational dependence or stable partnership."
S002PL010,特定非営利活動法人沖縄平和協力センター,知事公室,2,2,10,10;11,source_label_x_department_cooccurrence,machine_display_alias_only_not_actor_identity,none_for_source_label_aggregation__HR032_only_for_identity_or_member_crosswalk,"Department visibility is source-row cooccurrence, not organizational dependence or stable partnership."
S002PL011,一般社団法人宮古島観光協会,総務部,1,1,4,12,source_label_x_department_cooccurrence,machine_display_alias_only_not_actor_identity,none_for_source_label_aggregation__HR032_only_for_identity_or_member_crosswalk,"Department visibility is source-row cooccurrence, not organizational dependence or stable partnership."
S002PL012,宮古島商工会議所,総務部,1,4,16,13,source_label_x_department_cooccurrence,machine_display_alias_only_not_actor_identity,none_for_source_label_aggregation__HR032_only_for_identity_or_member_crosswalk,"Department visibility is source-row cooccurrence, not organizational dependence or stable partnership."
S002PL013,社会福祉法人みやこ福祉会,総務部,1,1,7,14,source_label_x_department_cooccurrence,machine_display_alias_only_not_actor_identity,none_for_source_label_aggregation__HR032_only_for_identity_or_member_crosswalk,"Department visibility is source-row cooccurrence, not organizational dependence or stable partnership."
S002PL014,宇堅福祉会,総務部,1,1,7,15,source_label_x_department_cooccurrence,machine_display_alias_only_not_actor_identity,none_for_source_label_aggregation__HR032_only_for_identity_or_member_crosswalk,"Department visibility is source-row cooccurrence, not organizational dependence or stable partnership."
S002PL015,(一社)八重山ビジターズビューロー,総務部,2,1;8,4,16;17,source_label_x_department_cooccurrence,machine_display_alias_only_not_actor_identity,none_for_source_label_aggregation__HR032_only_for_identity_or_member_crosswalk,"Department visibility is source-row cooccurrence, not organizational dependence or stable partnership."
S002PL016,八重山地区商工会広域連携協議会,総務部,1,4,16,18,source_label_x_department_cooccurrence,machine_display_alias_only_not_actor_identity,none_for_source_label_aggregation__HR032_only_for_identity_or_member_crosswalk,"Department visibility is source-row cooccurrence, not organizational dependence or stable partnership."
S002PL017,公益社団法人石垣市シルバー人材センター,総務部,2,1,7,19;20,source_label_x_department_cooccurrence,machine_display_alias_only_not_actor_identity,none_for_source_label_aggregation__HR032_only_for_identity_or_member_crosswalk,"Department visibility is source-row cooccurrence, not organizational dependence or stable partnership."
S002PL089,公益社団法人沖縄被害者支援ゆいセンター,警察本部,2,1;5,9,600;601,source_label_x_department_cooccurrence,machine_display_alias_only_not_actor_identity,none_for_source_label_aggregation__HR032_only_for_identity_or_member_crosswalk,"Department visibility is source-row cooccurrence, not organizational dependence or stable partnership."
S002PL303,公益社団法人沖縄県青少年育成県民会議,警察本部,2,5,13,606;607,source_label_x_department_cooccurrence,machine_display_alias_only_not_actor_identity,none_for_source_label_aggregation__HR032_only_for_identity_or_member_crosswalk,"Department visibility is source-row cooccurrence, not organizational dependence or stable partnership."
S002PL357,公益財団法人沖縄県防犯協会連合会,警察本部,3,8;10,9,602;603;604,source_label_x_department_cooccurrence,machine_display_alias_only_not_actor_identity,none_for_source_label_aggregation__HR032_only_for_identity_or_member_crosswalk,"Department visibility is source-row cooccurrence, not organizational dependence or stable partnership."
S002PL358,御万人すりてぃクリーン・グリーン・グレイシャス(CGG)運動沖縄県実行委員会,警察本部,1,5,13,605,source_label_x_department_cooccurrence,machine_display_alias_only_not_actor_identity,none_for_source_label_aggregation__HR032_only_for_identity_or_member_crosswalk,"Department visibility is source-row cooccurrence, not organizational dependence or stable partnership."
S002PL359,沖縄県酒造組合沖縄県卸売酒販組合沖縄県小売酒販組合(株)オリオンビール,警察本部,1,6,13,608,source_label_x_department_cooccurrence,machine_display_alias_only_not_actor_identity,none_for_source_label_aggregation__HR032_only_for_identity_or_member_crosswalk,"Department visibility is source-row cooccurrence, not organizational dependence or stable partnership."
S002PL360,第74回社会を明るくする運動沖縄県推進委員会事務局,警察本部,1,7,13,609,source_label_x_department_cooccurrence,machine_display_alias_only_not_actor_identity,none_for_source_label_aggregation__HR032_only_for_identity_or_member_crosswalk,"Department visibility is source-row cooccurrence, not organizational dependence or stable partnership."
S002PL361,一般社団法人沖縄県PTA連合会、沖縄県高等学校PTA連合会等(主催は、沖縄県教育委員会),警察本部,1,6,13,610,source_label_x_department_cooccurrence,machine_display_alias_only_not_actor_identity,none_for_source_label_aggregation__HR032_only_for_identity_or_member_crosswalk,"Department visibility is source-row cooccurrence, not organizational dependence or stable partnership."
S002PL362,一般財団法人沖縄マリンレジャーセイフティービューロー,警察本部,3,1,9,611;612;613,source_label_x_department_cooccurrence,machine_display_alias_only_not_actor_identity,none_for_source_label_aggregation__HR032_only_for_identity_or_member_crosswalk,"Department visibility is source-row cooccurrence, not organizational dependence or stable partnership."
S002PL363,公益財団法人暴力団追放沖縄県民会議,警察本部,1,1,9,614,source_label_x_department_cooccurrence,machine_display_alias_only_not_actor_identity,none_for_source_label_aggregation__HR032_only_for_identity_or_member_crosswalk,"Department visibility is source-row cooccurrence, not organizational dependence or stable partnership."
S002PL364,公益社団法人全日本断酒連盟沖縄県断酒会,警察本部,1,8,9,615,source_label_x_department_cooccurrence,machine_display_alias_only_not_actor_identity,none_for_source_label_aggregation__HR032_only_for_identity_or_member_crosswalk,"Department visibility is source-row cooccurrence, not organizational dependence or stable partnership."
S002PL365,ジェイ・ディ共済協同組合,警察本部,1,6,9,616,source_label_x_department_cooccurrence,machine_display_alias_only_not_actor_identity,none_for_source_label_aggregation__HR032_only_for_identity_or_member_crosswalk,"Department visibility is source-row cooccurrence, not organizational dependence or stable partnership."
S002PL197,公益財団法人沖縄県農業振興公社,農林水産部,4,1;4,5;17,335;336;337;338,source_label_x_department_cooccurrence,machine_display_alias_only_not_actor_identity,none_for_source_label_aggregation__HR032_only_for_identity_or_member_crosswalk,"Department visibility is source-row cooccurrence, not organizational dependence or stable partnership."
S002PL198,沖縄県植物防疫協会,農林水産部,1,1,5,339,source_label_x_department_cooccurrence,machine_display_alias_only_not_actor_identity,none_for_source_label_aggregation__HR032_only_for_identity_or_member_crosswalk,"Department visibility is source-row cooccurrence, not organizational dependence or stable partnership."
S002PL199,特定非営利活動法人芸術と遊び創造協会,農林水産部,1,2,13,340,source_label_x_department_cooccurrence,machine_display_alias_only_not_actor_identity,none_for_source_label_aggregation__HR032_only_for_identity_or_member_crosswalk,"Department visibility is source-row cooccurrence, not organizational dependence or stable partnership."
S002PL200,一般財団法人沖縄県水産公社,農林水産部,2,1,16,341;342,source_label_x_department_cooccurrence,machine_display_alias_only_not_actor_identity,none_for_source_label_aggregation__HR032_only_for_identity_or_member_crosswalk,"Department visibility is source-row cooccurrence, not organizational dependence or stable partnership."
S002PL201,一般社団法人沖縄県漁業無線協会,農林水産部,3,1,9,343;344;345,source_label_x_department_cooccurrence,machine_display_alias_only_not_actor_identity,none_for_source_label_aggregation__HR032_only_for_identity_or_member_crosswalk,"Department visibility is source-row cooccurrence, not organizational dependence or stable partnership."
S002PL202,NPO法人おきなわグリーンネットワーク,農林水産部,1,9,7,346,source_label_x_department_cooccurrence,machine_display_alias_only_not_actor_identity,none_for_source_label_aggregation__HR032_only_for_identity_or_member_crosswalk,"Department visibility is source-row cooccurrence, not organizational dependence or stable partnership."
