source_row_number,pdf_page,department,office,official_mechanism_code,official_issue_field_code,program_name,program_description,partner_kind_code,partner_name,period,project_cost_thousand_jpy,planning主体,implementation主体,included_r10_relation_id,included_r10_amount_id,coverage_status,interpretation_limit
1,1,知事公室,基地対策課,2,10,在沖米軍基地問題に 関するシンポジウム等 開催業務,今一度、沖縄の基地問題に関する正確な 情報を県内外に発信することを目的に、こ れまでの在沖米軍基地問題を改めて共有 し、今後の展望を議論するシンポジウムを 開催する。,1,新外交イニシアティブ,R6.5.16 ～ R7.3.31,"12,843",行政,行政,R10R008,R10AM010,selected_in_r10_purposive_sample,Source-universe row extraction only; inclusion does not approve the relation or amount.
2,1,知事公室,消防学校,9,8,教育訓練,教育課程（初任教育）に講師を招聘し知識 向上を図る（１日）,1,沖縄災害救助犬協会,R6.8.6,35,行政,行政,,,not_selected,Source-universe row extraction only; inclusion does not approve the relation or amount.
3,1,知事公室,消防学校,9,8,教育訓練,教育課程（初任教育・救助科）に講師を招 聘し知識向上を図る（２日）,3,沖縄県消防設備協会,R6.5.22 R7.2.14,18,行政,行政,,,not_selected,Source-universe row extraction only; inclusion does not approve the relation or amount.
4,1,知事公室,消防学校,9,8,教育訓練,教育課程（救助科）に講師を招聘し知識向 上を図る（１日）,3,日本エレベーター協 会,R7.2.27,24,行政,行政,,,not_selected,Source-universe row extraction only; inclusion does not approve the relation or amount.
5,1,知事公室,消防学校,9,8,教育訓練,教育課程（初任教育・消防団初級幹部科） に講師を招聘し知識向上を図る（２日）,2,沖縄県消防協会,R6.8.14 R6.12.11,0,行政,行政,,,not_selected,Source-universe row extraction only; inclusion does not approve the relation or amount.
6,1,知事公室,消防学校,9,8,教育訓練,教育課程（初任教育・救助科）に講師を招 聘し知識向上を図る（２日）,3,沖縄県高圧ガス保安 協会,R6.6.17 R7.2.14,0,行政,行政,,,not_selected,Source-universe row extraction only; inclusion does not approve the relation or amount.
7,1,知事公室,消防学校,9,8,教育訓練,教育課程（予防査察科）に講師を招聘し知 識向上を図る（１日）,2,日本防炎協会,R6.7.4,0,行政,行政,,,not_selected,Source-universe row extraction only; inclusion does not approve the relation or amount.
8,1,知事公室,消防学校,9,8,教育訓練,教育課程（初任教育）に講師を招聘し知識 向上を図る（２日）,2,日本無線協会,R6.5.30,0,行政,行政,,,not_selected,Source-universe row extraction only; inclusion does not approve the relation or amount.
9,2,知事公室,平和祈念資 料館,1,10,沖縄県平和祈念資料 館施設管理・学芸業務,子ども・プロセス展示室及び情報ライブラ リーの施設・図書資料等の管理・整理及び 企画展の開催。沖縄戦に関するレファレン ス業務を行う。,2,公益財団法人沖縄県 平和祈念財団,R6.4.1 ～ R7.3.31,"13,499",行政,一緒に,,,not_selected,Source-universe row extraction only; inclusion does not approve the relation or amount.
10,2,知事公室,平和祈念資 料館,2,10,「平和への思い」発信・ 交流・継承事業,戦争体験を有する広島・長崎、アジア諸国 の若者が、オンライン及び対面形式で県 内の若者と共に沖縄の歴史と文化、沖縄 戦の実相と教訓を共に学び、平和構築の ためのネットワーク形成と平和教育活動の 推進を目的に実施する。,1,特定非営利活動法人 沖縄平和協力セン ター,R6.6.12 ～ R7.3.14,"25,547",行政,一緒に,R10R009,R10AM012,selected_in_r10_purposive_sample,Source-universe row extraction only; inclusion does not approve the relation or amount.
11,2,知事公室,平和祈念資 料館,2,10,沖縄戦の語り継ぎ手 養成事業,戦争体験者の高齢化に伴い、これまで平 和講話を担ってきた人材が減少しており、 次世代へ継承する後継者の育成を目的と し、養成講座を実施する。,1,特定非営利活動法人 沖縄平和協力セン ター,R6.6.12 ～ R7.3.14,"6,496",行政,一緒に,R10R010,R10AM014,selected_in_r10_purposive_sample,Source-universe row extraction only; inclusion does not approve the relation or amount.
12,2,総務部,宮古事務所 総務課,1,4,離島観光活性化促進 事業,宮古圏域への観光誘客プロモーションの 実施,3,一般社団法人宮古島 観光協会,R6.4.1 R7.3.31,"17,452",行政,行政,,,not_selected,Source-universe row extraction only; inclusion does not approve the relation or amount.
13,2,総務部,宮古事務所 総務課,4,16,宮古の産業まつり,宮古地域における特産品等の生産意欲高 揚と県産品に対する消費者意識の啓発を 図る,2,宮古島商工会議所,R6.11.23 R6.11.24,894,ＮＰＯ等,ＮＰＯ等,,,not_selected,Source-universe row extraction only; inclusion does not approve the relation or amount.
14,2,総務部,宮古事務所 総務課,1,7,宮古合同庁舎敷地内 における除草及び花 苗植え付け等業務,宮古合同庁舎の除草・花苗植え付け作業 を行い環境の美化を図る,4,社会福祉法人みやこ 福祉会,R6.4.1 ～ R7.3.31,"1,914",行政,ＮＰＯ等,,,not_selected,Source-universe row extraction only; inclusion does not approve the relation or amount.
15,2,総務部,管財課,1,7,広場内花壇管理業務,県民広場の花壇への草花の植え付け、施 肥、灌水、除草、病害虫駆除、花柄づみ、 清掃等の業務を行う,4,宇堅福祉会,R6.6.1 R7.3.31,"3,300",行政,ＮＰＯ等,,,not_selected,Source-universe row extraction only; inclusion does not approve the relation or amount.
16,2,総務部,八重山事務 所総務課,1,4,離島観光活性化促進 事業（八重山）,離島独自でまたは県全体で連携して観光 客誘客プロモーションを実施,3,（一社）八重山ビジ ターズビューロー,R6.4.1 ～ R7.3.31,"18,151",行政,行政,,,not_selected,Source-universe row extraction only; inclusion does not approve the relation or amount.
17,3,総務部,八重山事務 所総務課,8,4,八重山観光感謝のつ どい,八重山地域の振興・持続的発展のため に、官民一体となった誘客宣伝活動を実 施,3,（一社）八重山ビジ ターズビューロー,R6.10.23,309,一緒に,ＮＰＯ等,,,not_selected,Source-universe row extraction only; inclusion does not approve the relation or amount.
18,3,総務部,八重山事務 所総務課,4,16,八重山の産業まつり,八重山地域の産業振興・活性化を図るた め、地域の特産物等を販売するまつりを開 催,7,八重山地区商工会広 域連携協議会,R6.10.5 ～ R6.10.6,894,一緒に,一緒に,,,not_selected,Source-universe row extraction only; inclusion does not approve the relation or amount.
19,3,総務部,八重山事務 所総務課,1,7,八重山合同庁舎の除 草・剪定・清掃作業の 委託,八重山合同庁舎の除草・剪定・清掃作業 を行い環境の美化を図る,2,公益社団法人石垣市 シルバー人材セン ター,R7.1.24 ～ R7.3.31,446,行政,ＮＰＯ等,,,not_selected,Source-universe row extraction only; inclusion does not approve the relation or amount.
20,3,総務部,八重山事務 所総務課,1,7,八重山合同庁舎の除 草・剪定・清掃作業の 委託,八重山合同庁舎の除草・剪定・清掃作業 を行い環境の美化を図る,2,公益社団法人石垣市 シルバー人材セン ター,R7.2.5 ～ R7.3.31,83,行政,ＮＰＯ等,,,not_selected,Source-universe row extraction only; inclusion does not approve the relation or amount.
21,3,企画部,交通政策課,1,5,離島航路船員確保・育 成支援事業委託業務 （Ｒ６）,離島住民のライフラインである離島航路に ついて、船員不足の課題解決のため、船 員の確保及び質の向上に資する支援を実 施することで、安定的・持続的な航路の確 保・維持を図り、離島の定住条件の整備を する。,7,NPO法人キャリエイト,R6.5.30 R7.3.31,"5,647",行政,行政,,,not_selected,Source-universe row extraction only; inclusion does not approve the relation or amount.
22,3,企画部,県土・跡地利 用対策課,1,16,令和６年沖縄県地価 調査業務,国土利用計画法施行令第９条の規定に基 づき、県内284地点の基準地について、単 位面積当たりの標準価格を判定し、公表 する。,2,公益社団法人 沖縄県不動産鑑定士 協会,R6.4.1 ～ R6.10.31,"22,896",行政,行政,,,not_selected,Source-universe row extraction only; inclusion does not approve the relation or amount.
23,3,企画部,県土・跡地利 用対策課,6,16,沖縄県不動産市場DI 調査,県内の不動産価格等の変動動向を不動 産取引業者へのアンケートにより調査し指 標化の上、県民に広く公表する。,2,公益社団法人 沖縄県不動産鑑定士 協会,R6.4.1 ～ R6.12.24,0,ＮＰＯ等,ＮＰＯ等,,,not_selected,Source-universe row extraction only; inclusion does not approve the relation or amount.
24,3,企画部,県土・跡地利 用対策課,5,16,「土地月間」に係る無 料相談会,土地・不動産鑑定全般についての不動産 鑑定士による無料相談会を実施し、土地 対策の重要性について県民の理解を高め る。,2,公益社団法人 沖縄 県不動産鑑定士協会,R6.10.9 ～ R6.10.9,0,一緒に,一緒に,,,not_selected,Source-universe row extraction only; inclusion does not approve the relation or amount.
25,4,企画部,県土・跡地利 用対策課,5,16,「土地月間」動画配信,「令和６年地価調査結果の概要」を不動産 鑑定士が解説する動画を投稿することに より、不動産鑑定評価制度の普及および 土地対策の重要性についての県民の理解 を高める。,2,公益社団法人 沖縄 県不動産鑑定士協会,R6.10.10 ～ R6.10.31,0,一緒に,一緒に,,,not_selected,Source-universe row extraction only; inclusion does not approve the relation or amount.
26,4,企画部,県土･跡地利 用対策課,1,3,地籍成果電子化業務 委託（R6）,県で保管する紙媒体の地籍調査成果の電 子化及び検索・閲覧が可能となるシステム の構築を行い、公共サービスの充実を図 る。,2,公益財団法人沖縄県 建設技術センター,R6.7.9 ～ R6.12.16,"2,156",一緒に,一緒に,,,not_selected,Source-universe row extraction only; inclusion does not approve the relation or amount.
27,4,企画部,科学技術振 興課,2,15,沖縄イノベーション・エ コシステム共同研究推 進事業（出口志向型研 究支援業務）,県内大学等の研究シーズと県内外の企業 ニーズのマッチングを推進する体制づくり をし、事業化に向けた共同研究等の取組 を支援する。,2,公益財団法人沖縄科 学技術振興センター,H27.7.21 ～ R9.3.31,"84,000",一緒に,ＮＰＯ等,,,not_selected,Source-universe row extraction only; inclusion does not approve the relation or amount.
28,4,企画部,科学技術振 興課,2,15,沖縄イノベーション・エ コシステム共同研究推 進事業（共同研究その ７）,マッチングされた県内大学等の研究シー ズと県内外企業ニーズによる、出口志向 型の共同研究等を行う。,5,学校法人 沖縄科学 技術大学院大学学園,R6.5.7 ～ R7.2.28,"4,400",ＮＰＯ等,ＮＰＯ等,,,not_selected,Source-universe row extraction only; inclusion does not approve the relation or amount.
29,4,企画部,科学技術振 興課,2,15,沖縄イノベーション・エ コシステム共同研究推 進事業（共同研究その ８）,マッチングされた県内大学等の研究シー ズと県内外企業ニーズによる、出口志向 型の共同研究等を行う。,5,学校法人 沖縄科学 技術大学院大学学園,R6.5.7 ～ R7.2.28,"4,800",ＮＰＯ等,ＮＰＯ等,,,not_selected,Source-universe row extraction only; inclusion does not approve the relation or amount.
30,4,企画部,科学技術振 興課,2,15,沖縄イノベーション・エ コシステム共同研究推 進事業（大学等共同研 究推進）委託業務,県内大学等が持つ有望な研究シーズを事 業化に繋げるため、県内大学等を中心とし た、企業や他研究機関との共同研究を推 進する。,7,SDGs×沖縄天然資 源：ウイルスや原虫に 対する創薬研究およ び食品・水産業への 展開事業共同企業体 ※「一般社団法人トロ ピカルテクノプラス」を 含む,R6.4.19 ～ R7.2.28,"18,000",ＮＰＯ等,ＮＰＯ等,,,not_selected,Source-universe row extraction only; inclusion does not approve the relation or amount.
31,4,企画部,科学技術振 興課,2,15,沖縄イノベーション・エ コシステム共同研究推 進事業（大学等共同研 究推進）委託業務,県内大学等が持つ有望な研究シーズを事 業化に繋げるため、県内大学等を中心とし た、企業や他研究機関との共同研究を推 進する。,7,沖縄県の発注に係る 沖縄イノベーション・ エコシステム共同研 究推進事業受託共同 企業体 ※「一般財団法人沖 縄県環境科学セン ター」及び「学校法人 沖縄科学技術大学院 大学学園」で構成,R6.4.19 ～ R7.2.28,"7,000",ＮＰＯ等,ＮＰＯ等,,,not_selected,Source-universe row extraction only; inclusion does not approve the relation or amount.
32,5,企画部,科学技術振 興課,2,15,沖縄イノベーション・エ コシステム共同研究推 進事業（感染症分野） 委託業務,新たな振興計画の施策目標を達成するた め、産学官金の各主体が有機的に連携 し、絶え間なくイノベーションが創出される イノベーション・エコシステムの構築に向け て、産業振興や社会課題の解決につなげ る共同研究等の推進に取り組む。本業務 においては、特に課題解決に向け支援が 求められている感染症分野における研究 促進を図る。,7,一般財団法人南西地 域産業活性化セン ター,R6.5.28 ～ R7.2.28,"25,668",ＮＰＯ等,ＮＰＯ等,,,not_selected,Source-universe row extraction only; inclusion does not approve the relation or amount.
33,5,企画部,科学技術振 興課,2,15,大学発ベンチャー創出 志向型研究支援事業,大学等の研究成果を実用化・社会実装に 効率良く繋げるため、県内大学等の優れ た研究成果等を活用した大学発ベン チャーの創出を促し、起業に向けた課題解 決支援や大学と企業のマッチング支援等 を行う。,2,公益財団法人沖縄科 学技術振興センター,R6.5.1 ～ R7.3.14,"12,220",行政,ＮＰＯ等,,,not_selected,Source-universe row extraction only; inclusion does not approve the relation or amount.
34,5,企画部,科学技術振 興課,2,15,ヒト介入試験プラット フォーム構築事業,県内健康食品等の企業が、県内で食資源 等の機能性検証（ヒト介入試験）を恒常的・ 経済的に利用できるよう、県内大学等中心 の体制を構築し、その自走化を目指す。,2,公益財団法人沖縄科 学技術振興センター,R6.4.1 ～ R7.2.28,"26,692",行政,ＮＰＯ等,,,not_selected,Source-universe row extraction only; inclusion does not approve the relation or amount.
35,5,企画部,科学技術振 興課,2,15,沖縄ライフサイエンス 研究センター入居者支 援等業務委託,入居者の事業化に関する資金調達や経営 戦略等の支援に関するコーディネートや県 内外での展示会への出展や県内外企業と のマッチング機会の提供等を行う。,2,公益財団法人沖縄科 学技術振興センター,R6.5.14 ～ R7.3.21,"4,950",行政,ＮＰＯ等,,,not_selected,Source-universe row extraction only; inclusion does not approve the relation or amount.
36,5,企画部,科学技術振 興課,2,15,令和６年度子ども科学 技術人材育成事業,子どもたちの科学技術に対する興味、関 心を高め、沖縄の科学技術、産業振興を 担う人材の育成に繋げるため、OIST、琉 球大学、沖縄高専等と連携し、科学教室、 科学教育プログラム等を実施する。,3,一般財団法人 沖縄 県公衆衛生協会,R6.5.7 ～ R7.3.14,"33,887",行政,ＮＰＯ等,,,not_selected,Source-universe row extraction only; inclusion does not approve the relation or amount.
37,5,環境部,環境再生課,1,7,令和６年度花のゆりか ご事業,県内の農林高校生等によって生産された 花苗を地域緑化や学校のために配布す る。,2,公益社団法人沖縄県 緑化推進委員会,R6.5.11 ～ R7.3.21,"1,826",ＮＰＯ等,ＮＰＯ等,,,not_selected,Source-universe row extraction only; inclusion does not approve the relation or amount.
38,5,環境部,環境再生課,1,7,令和６年度緑化推進 運動事業,第74回沖縄県植樹祭に係る業務（①式典 開催に関する業務②関係機関への案内、 通知及び参加者取りまとめ③祝辞依頼④ その他業務）の実施,2,公益社団法人沖縄県 緑化推進委員会,R6.4.18 ～ R6.6.28,"1,977",行政,ＮＰＯ等,,,not_selected,Source-universe row extraction only; inclusion does not approve the relation or amount.
39,6,環境部,環境再生課,1,7,令和6年度みどりを活 用した地域環境保全 推進事業,緑化活動を通じた地域の環境保全活動を 支援するため、緑化活動団体を対象とした 技術講習会や交流会を開催する。,2,公益社団法人沖縄県 緑化推進委員会,R6.4.1 ～ R7.3.7,"3,056",ＮＰＯ等,ＮＰＯ等,,,not_selected,Source-universe row extraction only; inclusion does not approve the relation or amount.
40,6,環境部,環境再生課,1,7,沖縄県地球温暖化防 止活動推進員活用促 進業務,沖縄県地球温暖化防止活動推進員を活 用した普及啓発を行うほか、広報等を通じ て推進員の自主的な活動を支援する。,3,一般財団法人沖縄県 公衆衛生協会,R6.6.12 ～ R7.2.28,"1,924",行政,一緒に,,,not_selected,Source-universe row extraction only; inclusion does not approve the relation or amount.
41,6,環境部,環境再生課,4,7,地球温暖化防止活動 促進事業,地球温暖化対策等についてセミナーの開 催等の啓発活動を行う。,3,一般財団法人沖縄県 公衆衛生協会,R6.6.3 ～ R7.2.28,"1,500",一緒に,一緒に,,,not_selected,Source-universe row extraction only; inclusion does not approve the relation or amount.
42,6,環境部,環境再生課,2,7,令和６年度沖縄県地 域環境センター管理運 営委託業務,本県の環境保全活動拠点である「沖縄県 地域環境センター」の管理運営と地域や学 校等での啓発活動を実施する。,2,公益財団法人沖縄こ どもの国,R6.4.1 ～ R7.3.31,"17,940",行政,一緒に,,,not_selected,Source-universe row extraction only; inclusion does not approve the relation or amount.
43,6,環境部,環境整備課,1,7,環境教育（買い物ゲー ム）によるごみ減量化 推進委託業務,ごみの減量化を推進するため、本事業で は小学生を対象とし、買い物の模擬体験 を通して、普段購入している商品からトレイ や紙箱、ラップ、ペットボトル等多くの包装 ごみが発生し、その処理に多額の費用が かかることを示すことで、必要以上の物や 過剰包装の商品を買わない等、環境にや さしい買い物の仕方を学ぶ機会を提供す る。,3,一般社団法人沖縄リ サイクル運動市民の 会,R6.9.3 ～ R7.3.13,"1,992",行政,ＮＰＯ等,,,not_selected,Source-universe row extraction only; inclusion does not approve the relation or amount.
44,6,環境部,自然保護課,4,19,犬猫のいのちをつなぐ 事業補助金,犬猫のいのちをつなぐ活動に必要な経費 の一部を県が補助することにより、沖縄県 で収容した犬猫の譲渡を推進することで、 犬猫殺処分ゼロにつなげることを目的とす る。,1,特定非営利法人おき にゃあわんネットワー ク,R6.6.5 ～ R7.3.31,189,ＮＰＯ等,ＮＰＯ等,,,not_selected,Source-universe row extraction only; inclusion does not approve the relation or amount.
45,6,環境部,自然保護課,4,19,犬猫のいのちをつなぐ 事業補助金,犬猫のいのちをつなぐ活動に必要な経費 の一部を県が補助することにより、沖縄県 で収容した犬猫の譲渡を推進することで、 犬猫殺処分ゼロにつなげることを目的とす る。,8,PIPS,R6.6.10 ～ R7.3.31,262,ＮＰＯ等,ＮＰＯ等,,,not_selected,Source-universe row extraction only; inclusion does not approve the relation or amount.
46,6,環境部,自然保護課,4,19,犬猫のいのちをつなぐ 事業補助金,犬猫のいのちをつなぐ活動に必要な経費 の一部を県が補助することにより、沖縄県 で収容した犬猫の譲渡を推進することで、 犬猫殺処分ゼロにつなげることを目的とす る。,8,石垣しっぽの会,R6.9.1 ～ R7.3.29,40,ＮＰＯ等,ＮＰＯ等,,,not_selected,Source-universe row extraction only; inclusion does not approve the relation or amount.
47,7,環境部,自然保護課,4,19,犬猫のいのちをつなぐ 事業補助金,犬猫のいのちをつなぐ活動に必要な経費 の一部を県が補助することにより、沖縄県 で収容した犬猫の譲渡を推進することで、 犬猫殺処分ゼロにつなげることを目的とす る。,3,一般社団法人cloud９,R6.9.25 ～ R7.3.31,93,ＮＰＯ等,ＮＰＯ等,,,not_selected,Source-universe row extraction only; inclusion does not approve the relation or amount.
48,7,環境部,自然保護課,4,19,犬猫のいのちをつなぐ 事業補助金,犬猫のいのちをつなぐ活動に必要な経費 の一部を県が補助することにより、沖縄県 で収容した犬猫の譲渡を推進することで、 犬猫殺処分ゼロにつなげることを目的とす る。,8,リライフ,R6.9.30 ～ R7.2.28,262,ＮＰＯ等,ＮＰＯ等,,,not_selected,Source-universe row extraction only; inclusion does not approve the relation or amount.
49,7,環境部,自然保護課,4,19,犬猫のいのちをつなぐ 事業補助金,犬猫のいのちをつなぐ活動に必要な経費 の一部を県が補助することにより、沖縄県 で収容した犬猫の譲渡を推進することで、 犬猫殺処分ゼロにつなげることを目的とす る。,8,にゃんばるわんばる,R6.10.1 ～ R7.2.28,10,ＮＰＯ等,ＮＰＯ等,,,not_selected,Source-universe row extraction only; inclusion does not approve the relation or amount.
50,7,環境部,自然保護課,5,7,save the dog FUN SPACE,沖縄県内における動物愛護活動を啓発及 び推進することを目的とする。,8,動物愛護推進プロ ジェクト実行委員会,R6.6.29,0,ＮＰＯ等,一緒に,,,not_selected,Source-universe row extraction only; inclusion does not approve the relation or amount.
51,7,環境部,自然保護課,5,7,動物愛護週間行事,広く県民の間に動物愛護思想の普及啓 発を図り、あわせて生命尊重、友愛および 平和の情操の涵養を図ることを目的とす る。,2,沖縄県獣医師会,R6.6.9 ～ R6.11.10,81,行政,一緒に,,,not_selected,Source-universe row extraction only; inclusion does not approve the relation or amount.
52,7,環境部,自然保護課,1,7,令和６年度ノネコ等対 策事業,世界自然遺産に登録された沖縄島北部の 豊かな生態系の保全を図るため、希少野 生動物の生存の脅威となるノネコおよびノ イヌの対策を行う。,7,どうぶつたちの病院 沖縄・南西環境研究 所・野生鳥獣対策連 携センター共同企業 体,R6.4.1 ～ R7.3.21,"70,000",行政,一緒に,,,not_selected,Source-universe row extraction only; inclusion does not approve the relation or amount.
53,7,環境部,自然保護課,1,7,傷病野生鳥獣救護事 業,野生動物救護獣医師及び救護施設におい て、傷病鳥獣の救護を行う。,2,公益社団法人沖縄県 獣医師会,R6.4.1 ～ R7.3.31,"1,845",行政,一緒に,,,not_selected,Source-universe row extraction only; inclusion does not approve the relation or amount.
54,7,環境部,自然保護課,1,7,傷病野生鳥獣救護事 業,野生動物救護獣医師及び救護施設におい て、傷病鳥獣の救護を行う。,1,NPO法人どうぶつた ちの病院沖縄,R6.4.1 ～ R7.3.31,816,行政,一緒に,,,not_selected,Source-universe row extraction only; inclusion does not approve the relation or amount.
55,7,環境部,自然保護課,1,7,傷病野生鳥獣救護事 業,野生動物救護獣医師及び救護施設におい て、傷病鳥獣の救護を行う。,8,日本野鳥の会やんば る支部、宮古野鳥の 会、カンムリワシリ サーチ,R6.4.1 ～ R7.3.31,486,行政,一緒に,,,not_selected,Source-universe row extraction only; inclusion does not approve the relation or amount.
56,8,環境部,自然保護課,4,7,沖縄県外来種防除支 援補助金,西表島における外来植物防除作業及び外 来植物防除に係る普及啓発イベント実施。,3,一般社団法人西表財 団,R6.12.3 ～ R7.2.28,528,ＮＰＯ等,ＮＰＯ等,,,not_selected,Source-universe row extraction only; inclusion does not approve the relation or amount.
57,8,環境部,自然保護課,4,7,沖縄県外来種防除支 援補助金,八重瀬町字小城における外来植物防除作 業実施。,6,八重瀬町字小城公民 館,R7.1.11 ～ R7.2.28,401,ＮＰＯ等,ＮＰＯ等,,,not_selected,Source-universe row extraction only; inclusion does not approve the relation or amount.
58,8,環境部,動物愛護管 理センター,1,7,適正飼養普及啓発事 業にかかる調査確認 等業務委託,犬猫の譲渡に際し、適正飼養講習や追跡 調査等の補助業務等を実施する。,1,NPO法人おきにゃあ わんネットワーク,R6.4.1 ～ R7.3.31,369,行政,行政,,,not_selected,Source-universe row extraction only; inclusion does not approve the relation or amount.
59,8,環境部,動物愛護管 理センター,2,7,譲渡推進棟の飼養管 理および維持管理等 に関する業務委託,譲渡推進棟の譲渡対象犬猫、傷病鳥獣の 飼養管理、棟の清掃、維持管理、譲渡対 象犬猫のしつけ、運動等の業務を実施し、 譲渡の推進を図る。,3,一般社団法人Cloud９,R6.4.1 ～ R7.3.31,"18,452",行政,行政,,,not_selected,Source-universe row extraction only; inclusion does not approve the relation or amount.
60,8,生活福祉部,福祉政策課,1,1,地域生活定着支援事 業,高齢又は障害により福祉的な支援を必要 とする犯罪を犯した者等に対し、刑事司法 関係機関等と連携・協働しつつ、刑事上の 手続き又は身体拘束中から釈放後まで一 貫した支援を実施する。,4,社会福祉法人沖縄県 社会福祉協議会,R6.4.1 ～ R7.3.31,"39,988",一緒に,ＮＰＯ等,,,not_selected,Source-universe row extraction only; inclusion does not approve the relation or amount.
61,8,生活福祉部,福祉政策課,4,1,福祉活動指導員設置 費,社会福祉増進を目的に活動する福祉活動 指導員設置に要する経費を補助し、県社 協の体制を強化することで民間社会福祉 活動の充実と発展を図る。,4,社会福祉法人沖縄県 社会福祉協議会,S47 ～ 終期未定,"25,062",ＮＰＯ等,ＮＰＯ等,,,not_selected,Source-universe row extraction only; inclusion does not approve the relation or amount.
62,8,生活福祉部,福祉政策課,4,1,日常生活自立支援事 業,認知症高齢者、知的障害者、精神障害者 等のうち判断能力が十分でない者が地域 において自立した生活を送ることができる よう、福祉サービスの適切な利用のための 一連の援助を行う。,4,社会福祉法人沖縄県 社会福祉協議会,R6.4.1 ～ R7.3.31,"100,182",ＮＰＯ等,ＮＰＯ等,,,not_selected,Source-universe row extraction only; inclusion does not approve the relation or amount.
63,8,生活福祉部,福祉政策課,4,1,運営適正化委員会設 置運営事業,福祉サービス提供方法の利用契約制度化 に伴い、利用者保護及び日常生活自立支 援事業の適正な運営を確保するため、社 会福祉法第83条に基づき県社協に設置さ れる第三者機関「運営適正化委員会」の 運営経費を補助する。,4,社会福祉法人沖縄県 社会福祉協議会,R6.4.1 ～ R7.3.31,"8,066",ＮＰＯ等,ＮＰＯ等,,,not_selected,Source-universe row extraction only; inclusion does not approve the relation or amount.
64,9,生活福祉部,福祉政策課,1,1,再犯防止推進事業,市町村に対する施策の企画立案支援等。 市町村に対する理解促進・人材育成。犯 罪をした者に対する再犯防止相談窓口の 設置等。,4,社会福祉法人沖縄県 社会福祉協議会,R6.4.1 ～ R7.3.31,"3,000",一緒に,ＮＰＯ等,,,not_selected,Source-universe row extraction only; inclusion does not approve the relation or amount.
65,9,生活福祉部,福祉政策課,1,1,民生委員・児童委員研 修事業,民生委員・児童委員の資質向上を図るた め、研修を階層別に実施する。,4,社会福祉法人沖縄県 社会福祉協議会,R6.4.1 ～ R7.3.31,"2,368",一緒に,ＮＰＯ等,,,not_selected,Source-universe row extraction only; inclusion does not approve the relation or amount.
66,9,生活福祉部,福祉政策課,4,1,社会福祉協議会県費 補助金（県民児協運営 費）,民生委員・児童委員の活動に必要な全国 民生委員児童委員連合会分担金及び全 国民生委員互助共励事業会費を補助する,4,社会福祉法人沖縄県 社会福祉協議会,R6.4.1 ～ R7.3.31,"4,142",一緒に,ＮＰＯ等,,,not_selected,Source-universe row extraction only; inclusion does not approve the relation or amount.
67,9,生活福祉部,福祉政策課,4,1,社会福祉協議会県費 補助金（地区民生委員 活動推進事業費）,地区民生委員児童委員協議会へ補助を 行い、民生委員・児童委員の活動を支援 する。,4,社会福祉法人沖縄県 社会福祉協議会,R6.4.1 ～ R7.3.31,"19,250",一緒に,ＮＰＯ等,,,not_selected,Source-universe row extraction only; inclusion does not approve the relation or amount.
68,9,生活福祉部,福祉政策課,1,1,沖縄県福祉人材研修 センター事業,資質の高い福祉人材を確保するとともに、 専門的知識・意欲等を高め、県民のニー ズに対応した適切な福祉サービスを提供 することを目的に、社会福祉事業等への 就業援助や研修等を実施する。,4,沖縄県社会福祉協議 会,R6.4.1 ～ R7.3.31,"62,155",一緒に,ＮＰＯ等,,,not_selected,Source-universe row extraction only; inclusion does not approve the relation or amount.
69,9,生活福祉部,福祉政策課,4,1,生涯現役活躍支援事 業,県社会福祉協議会が運営する「沖縄県ボ ランティア・市民活動支援センター」の運営 費を補助し、ボランティア活動の振興を図 ることで、地域において互いに支え、助け 合う地域福祉社会の実現を促進する。,4,沖縄県社会福祉協議 会,R6.4.1 ～ R7.3.31,"5,250",一緒に,ＮＰＯ等,,,not_selected,Source-universe row extraction only; inclusion does not approve the relation or amount.
70,9,生活福祉部,福祉政策課,4,1,災害ボランティアセン ター設置運営研修等 支援事業,沖縄県社会福祉協議会が実施する災害ボ ランティアセンター設置運営等の研修や訓 練にかかる運営費を補助し、市町村社協 の災害ボランティアセンターの設置運営能 力向上を図る。,4,沖縄県社会福祉協議 会,R6.4.1 ～ R7.3.31,"4,750",一緒に,ＮＰＯ等,,,not_selected,Source-universe row extraction only; inclusion does not approve the relation or amount.
71,9,生活福祉部,福祉政策課,1,8,災害時福祉支援体制 整備事業,災害時における高齢者等の災害時要配慮 者の避難支援及び福祉支援体制の整備・ 維持を図るため、災害派遣福祉チームの 組成や災害福祉支援ネットワークの構築 を図る。,4,社会福祉法人沖縄県 社会福祉協議会,R6.4.1 ～ R7.3.31,"7,100",一緒に,ＮＰＯ等,,,not_selected,Source-universe row extraction only; inclusion does not approve the relation or amount.
72,10,生活福祉部,福祉政策課,1,8,災害時要配慮者支援 アドバイザー派遣事業,災害福祉支援に関し、専門的な知識をゆう うるアドバイザーの市町村への派遣等を行 い、「個別避難計画」の策定等を支援す る。,3,一般社団法人ＡＤＩ災 害研究所,R6.5.14 ～ R7.3.21,"2,364",ＮＰＯ等,ＮＰＯ等,,,not_selected,Source-universe row extraction only; inclusion does not approve the relation or amount.
73,10,生活福祉部,福祉政策課,3,1,総合福祉センター事業 費,沖縄県総合福祉センターの管理運営業務,4,沖縄県社会福祉協議 会,R6.4.1 ～ R12.3.31,"79,224",行政,行政,,,not_selected,Source-universe row extraction only; inclusion does not approve the relation or amount.
74,10,生活福祉部,福祉政策課,8,1,沖縄県福祉サービス 第三者評価事業,福祉サービスの質を公正・中立な第三者 の視点から評価し、福祉サービスの質の 更なる向上を促す。,1,特定非営利活動法人 介護と福祉の調査機 関おきなわ,H19.3.29 ～ 終期未定,－,一緒に,ＮＰＯ等,,,not_selected,Source-universe row extraction only; inclusion does not approve the relation or amount.
75,10,生活福祉部,福祉政策課,8,1,沖縄県福祉サービス 第三者評価事業,福祉サービスの質を公正・中立な第三者 の視点から評価し、福祉サービスの質の 更なる向上を促す。,1,一般社団法人沖縄県 社会福祉士会,H31.1.13 ～ 終期未定,－,一緒に,ＮＰＯ等,,,not_selected,Source-universe row extraction only; inclusion does not approve the relation or amount.
76,10,生活福祉部,福祉政策課,1,1,沖縄県喀痰吸引等研 修事業,介護職員等及び指導看護師向けの喀痰 吸引等研修を実施する。,3,一般社団法人Kukuru,R6.6.3 ～ R7.3.31,"19,000",行政,ＮＰＯ等,,,not_selected,Source-universe row extraction only; inclusion does not approve the relation or amount.
77,10,生活福祉部,福祉政策課,1,1,沖縄県喀痰吸引等指 導者講習,指導看護師向けの喀痰吸引等研修を実施 する。,2,公益社団法人沖縄県 看護協会,R6.11.5 ～ R7.3.31,"1,300",行政,ＮＰＯ等,,,not_selected,Source-universe row extraction only; inclusion does not approve the relation or amount.
78,10,生活福祉部,福祉政策課,2,1,沖縄県喀痰吸引等研 修推進事業,事業所や介護職員等の相談対応・支援、 喀痰吸引等研修を実施する登録研修機関 の参入促進を目的とした新規開拓を行う。,3,一般社団法人Kukuru,R6.5.1 ～ R7.3.31,"8,316",一緒に,ＮＰＯ等,,,not_selected,Source-universe row extraction only; inclusion does not approve the relation or amount.
79,10,生活福祉部,福祉政策課,4,1,沖縄県介護福祉士修 学資金等貸付事業,介護福祉士・社会福祉士の資格取得を目 指す学生への修学資金、実務者研修受講 者の受講費用、離職した介護職員や他業 種からの転職者への就職支援金の貸付を 行い、介護職員等の育成・確保を図る。,4,社会福祉法人沖縄県 社会福祉協議会,R6.4.1 ～ R7.3.31,"142,416",一緒に,ＮＰＯ等,,,not_selected,Source-universe row extraction only; inclusion does not approve the relation or amount.
80,11,生活福祉部,福祉政策課,4,1,沖縄県福祉系高校修 学資金貸付事業,介護福祉士取得を目指す福祉系高校に在 学する学生への修学資金の貸し付けを行 い、介護職員の育成・確保を図る。,4,社会福祉法人沖縄県 社会福祉協議会,R6.4.1 ～ R7.3.31,"2,146",一緒に,ＮＰＯ等,,,not_selected,Source-universe row extraction only; inclusion does not approve the relation or amount.
81,11,生活福祉部,福祉政策課,4,1,沖縄県介護分野就職 支援金貸付事業,他業種から介護分野への転職者への就職 支援金の貸付を行い、介護職員の確保を 図る。,4,社会福祉法人沖縄県 社会福祉協議会,R6.4.1 ～ R7.3.31,"8,392",一緒に,ＮＰＯ等,,,not_selected,Source-universe row extraction only; inclusion does not approve the relation or amount.
82,11,生活福祉部,福祉政策課,1,1,地域住民を見守り、支 えるネットワーク形成 促進事業,地域住民の複雑化・複合化した支援ニー ズに対応する市町村の重層的な支援体 制・包括的な支援体制の構築に向けた支 援を行う。,4,社会福祉法人沖縄県 社会福祉協議会,R6.4.1 ～ R7.3.31,"8,000",一緒に,ＮＰＯ等,,,not_selected,Source-universe row extraction only; inclusion does not approve the relation or amount.
83,11,生活福祉部,福祉政策課,4,1,生活福祉資金貸付事 業費,低所得者、高齢者、障害者等に対し、経済 的自立、社会参加の促進、安定した生活 が送れるすることを目的として、資金の貸 付と必要な相談支援を実施している。,4,社会福祉法人沖縄県 社会福祉協議会,～ 終期未定,"15,270",行政,行政,,,not_selected,Source-universe row extraction only; inclusion does not approve the relation or amount.
84,11,生活福祉部,保護・援護課,2,13,沖縄県子どもの健全 育成事業（南部圏域）,貧困の連鎖を防止するため、生活保護世 帯を含む生活困窮世帯の子ども及び保護 者を対象として、学習支援、生活習慣・育 成環境の改善、進路選択に関する支援等 を行う。,1,特定非営利活動法人 珊瑚舎スコーレ,R6.4.1 R7.3.31,"16,479",行政,ＮＰＯ等,,,not_selected,Source-universe row extraction only; inclusion does not approve the relation or amount.
85,11,生活福祉部,保護・援護課,2,13,沖縄県子どもの健全 育成事業（中部圏域）,貧困の連鎖を防止するため、生活保護世 帯を含む生活困窮世帯の子ども及び保護 者を対象として、学習支援、生活習慣・育 成環境の改善、進路選択に関する支援等 を行う。,1,特定非営利活動法人 エンカレッジ,R6.4.1 R7.3.31,"18,948",行政,ＮＰＯ等,,,not_selected,Source-universe row extraction only; inclusion does not approve the relation or amount.
86,11,生活福祉部,保護・援護課,2,13,沖縄県子どもの健全 育成事業（北部圏域）,貧困の連鎖を防止するため、生活保護世 帯を含む生活困窮世帯の子ども及び保護 者を対象として、学習支援、生活習慣・育 成環境の改善、進路選択に関する支援等 を行う。,3,一般社団法人教育振 興会,R6.4.1 R7.3.31,"2,195",行政,ＮＰＯ等,,,not_selected,Source-universe row extraction only; inclusion does not approve the relation or amount.
87,11,生活福祉部,保護・援護課,2,1,沖縄県生活困窮者等 就準備支援事業,雇用による就業が著しく困難な生活困窮 者に対し、就労に必要な知識及び能力の 向上のために必要な訓練を行う。,2,公益財団法人沖縄県 労働者福祉基金協会,R6.4.1 R7.3.31,"60,139",行政,ＮＰＯ等,,,not_selected,Source-universe row extraction only; inclusion does not approve the relation or amount.
88,11,生活福祉部,保護・援護課,2,1,沖縄県生活困窮者自 立支援事業,複合的な課題を抱えた生活困窮者からの 相談に応じ、必要な情報提供及び助言を 行うとともに、訪問支援等による支援を行 い、生活困窮者の自立の推進を図る。,2,公益財団法人沖縄県 労働者福祉基金協会,R6.4.1 R7.3.31,"146,631",行政,ＮＰＯ等,,,not_selected,Source-universe row extraction only; inclusion does not approve the relation or amount.
89,12,生活福祉部,障害福祉課,4,1,障害者スポーツ推進 強化事業,県内における障害者スポーツを総合的に 推進し、生活の中で楽しむことができる障 害者スポーツを広く普及･発展させるため に必要な事業や取組を実施する。,1,特定非営利活動法人 沖縄県障がい者ス ポーツ協会,R6.4.1 ～ R7.3.31,"5,700",ＮＰＯ等,ＮＰＯ等,,,not_selected,Source-universe row extraction only; inclusion does not approve the relation or amount.
90,12,生活福祉部,障害福祉課,1,1,全国障害者スポーツ 大会派遣事業,毎年、国民スポーツ大会と併せて開催され る「全国障害者スポーツ大会」へ沖縄県選 手団を派遣することにより、障害のある選 手が、障害者スポーツの全国的な祭典で ある本大会に参加し、競技等を通じ、ス ポーツの楽しさを体験するとともに、国民 の障害者に対する理解を深め、障害者の 社会参加に寄与する。,1,特定非営利活動法人 沖縄県障がい者ス ポーツ協会,R6.4.1 ～ R7.3.31,"13,634",ＮＰＯ等,ＮＰＯ等,,,not_selected,Source-universe row extraction only; inclusion does not approve the relation or amount.
91,12,生活福祉部,障害福祉課,1,1,全国障害者スポーツ 大会九州ブロック地区 予選会（知的競技）派 遣事業,知的障害のある選手が、全国障害者ス ポーツ大会九州地区予選大会に参加する ことによって、スポーツの楽しさを体験する とともに、国民・県民の障害者への理解を 深めることで、障害者の社会参加の促進 に寄与することを目的とする。,1,特定非営利活動法人 沖縄県障がい者ス ポーツ協会,R6.4.1 ～ R7.3.31,"6,124",ＮＰＯ等,ＮＰＯ等,,,not_selected,Source-universe row extraction only; inclusion does not approve the relation or amount.
92,12,生活福祉部,障害福祉課,1,1,全国障害者スポーツ 大会九州ブロック地区 予選会（精神競技）派 遣事業,精神障害のある選手が、全国障害者ス ポーツ大会九州地区予選大会に参加する ことによって、スポーツの楽しさを体験する とともに、国民・県民の障害者への理解を 深めることで、障害者の社会参加の促進 に寄与することを目的とする。,1,特定非営利活動法人 沖縄県障がい者ス ポーツ協会,R6.4.1 ～ R7.3.31,"1,690",ＮＰＯ等,ＮＰＯ等,,,not_selected,Source-universe row extraction only; inclusion does not approve the relation or amount.
93,12,生活福祉部,障害福祉課,1,1,全国障害者スポーツ 大会九州予選会派遣 事業（身体）及び県身 体障害者スポーツ振 興事業,・身体に障害のある選手が、全国障害者 スポーツ大会九州地区予選大会に参加す ることによって、スポーツの楽しさを体験す るとともに、県民の障害者への理解を深め ることで、障害者の社会参加の促進に寄 与する。 ・県内の身体障害者がスポーツを通じて、 体力の維持増強及び機能回復を図るとと もに、身体障害者のスポーツを振興し障害 者に対する社会の理解を深めることで、障 害者の自立と社会参加の促進に寄与す る。,4,社会福祉法人沖縄県 身体障害者福祉協会,R6.4.1 ～ R7.3.31,"12,732",ＮＰＯ等,ＮＰＯ等,,,not_selected,Source-universe row extraction only; inclusion does not approve the relation or amount.
94,13,生活福祉部,障害福祉課,1,1,知的障害者スポーツ 振興事業,県内の知的障害者がスポーツを通じて、 体力向上、相互交流、社会参加と自立促 進を図るとともに、身体障害者のスポーツ を振興し障害者に対する社会の理解を深 めることで、障害者の自立と社会参加の促 進に寄与する。,4,公益社団法人沖縄県 手をつなぐ育成会・一 般社団法人沖縄県知 的障害者福祉協会共 同企業体,R6.4.1 ～ R7.3.31,"3,224",ＮＰＯ等,ＮＰＯ等,,,not_selected,Source-universe row extraction only; inclusion does not approve the relation or amount.
95,13,生活福祉部,障害福祉課,1,1,社会参加支援事業 （アートキャンプ）,障害者の社会参画機会の創出や障害者 芸術活動の県民への啓発を目的とする。,4,社会福祉法人若竹福 祉会,R6.5.1 ～ R7.3.31,542,ＮＰＯ等,ＮＰＯ等,,,not_selected,Source-universe row extraction only; inclusion does not approve the relation or amount.
96,13,生活福祉部,障害福祉課,2,1,沖縄県障害者芸術文 化活動支援センター運 営業務,沖縄県障害者芸術文化活動支援センター を設置し、障害者による文化芸術活動へ の支援を充実させ、文化芸術活動を通じた 障害者の個性と能力の発揮及び社会参加 の促進を図る。,4,社会福祉法人トゥムヌ イ福祉会,R7.1.15 ～ R7.3.31,"5,915",ＮＰＯ等,ＮＰＯ等,,,not_selected,Source-universe row extraction only; inclusion does not approve the relation or amount.
97,13,生活福祉部,障害福祉課,1,1,心の輪を広げる障害 者理解促進事業,障害の有無に関わらず、誰もが相互に人 格と個性を尊重し支え合う共生社会を目 指し、障害者に対する理解促進を図るた め、「心の輪を広げる体験作文」及び「障 害者週間のポスター」を募集し、優秀作品 に対し表彰等を行う事業を実施する。,4,公益財団法人沖縄県 手をつなぐ育成会,R6.4.1 ～ R7.3.31,"1,000",ＮＰＯ等,ＮＰＯ等,,,not_selected,Source-universe row extraction only; inclusion does not approve the relation or amount.
98,13,生活福祉部,障害福祉課,1,1,発達障害地域支援マ ネジメント強化事業,発達障害が疑われる事例や、通常の支援 が難しい困難事例に対応する事業所に対 し、発達障害児（者）の特性沿った対応が できるよう、マネジャーを配置し、支援者の 育成や地域支援体制の強化・整備を図 る。,1,特定非営利活動法人 わくわくの会,R6.4.1 ～ R7.3.31,"9,628",ＮＰＯ等,ＮＰＯ等,,,not_selected,Source-universe row extraction only; inclusion does not approve the relation or amount.
99,13,生活福祉部,障害福祉課,1,1,沖縄県障害者社会参 加促進事業（身体障害 者関係事業）,身体障害者が自立した日常生活または社 会生活を営むことができるよう、日常生活 を維持するための訓練及び社会参加を促 進する取組を実施する事業。,4,社会福祉法人沖縄県 身体障害者福祉協会,R6.4.1 ～ R7.3.31,"8,135",ＮＰＯ等,ＮＰＯ等,,,not_selected,Source-universe row extraction only; inclusion does not approve the relation or amount.
100,13,生活福祉部,障害福祉課,1,1,沖縄県障害者社会参 加促進事業（知的障害 者関係事業）,日常生活や社会生活における自己決定ス キル等を身につけ、より自立した生活を送 れるようにするため、知的障害者を中心と した本人活動支援（コミュニティ活動等）を 行う事業。,2,公益社団法人沖縄県 手をつなぐ育成会,R6.4.1 ～ R7.3.31,655,ＮＰＯ等,ＮＰＯ等,,,not_selected,Source-universe row extraction only; inclusion does not approve the relation or amount.
101,14,生活福祉部,障害福祉課,1,1,沖縄県ITサポートセン ター運営事業,障害者等の情報通信技術（IT）の利用機 会や活動能力の格差是正を図るための総 合的なサービス提供拠点として、沖縄県IT サポートセンターを設置・運営する事業。,1,特定非営利活動法人 沖縄県脊髄損傷者協 会,R6.4.1 ～ R7.3.31,"5,740",ＮＰＯ等,ＮＰＯ等,,,not_selected,Source-universe row extraction only; inclusion does not approve the relation or amount.
102,14,生活福祉部,障害福祉課,1,1,沖縄県障害者相談支 援体制整備事業,障害児者等の相談支援に関するネット ワーク構築に向けた指導・調整の委託,1,特定非営利活動法人 名護市障がい者関係 団体協議会,R6.4.1 ～ R7.3.31,"5,617",ＮＰＯ等,ＮＰＯ等,,,not_selected,Source-universe row extraction only; inclusion does not approve the relation or amount.
103,14,生活福祉部,障害福祉課,1,1,沖縄県障害者相談支 援体制整備事業,障害児者等の相談支援に関するネット ワーク構築に向けた指導・調整の委託,3,一般社団法人 人文 福祉会,R6.4.1 ～ R7.3.31,"5,255",ＮＰＯ等,ＮＰＯ等,,,not_selected,Source-universe row extraction only; inclusion does not approve the relation or amount.
104,14,生活福祉部,障害福祉課,1,1,沖縄県障害者相談支 援体制整備事業,障害児者等の相談支援に関するネット ワーク構築に向けた指導・調整の委託,1,特定非営利活動法人 おきなわ障がい者相 談支援ネットワーク,R6.4.1 ～ R7.3.31,"5,717",ＮＰＯ等,ＮＰＯ等,,,not_selected,Source-universe row extraction only; inclusion does not approve the relation or amount.
105,14,生活福祉部,障害福祉課,1,1,沖縄県自立支援協議 会部会・圏域自立支援 連絡会議部会運営業 務,障害児者等の相談支援に関するネット ワーク構築に向けた指導・調整の委託,1,特定非営利活動法人 おきなわ障がい者相 談支援ネットワーク,R6.4.1 ～ R7.3.31,"3,777",一緒に,一緒に,,,not_selected,Source-universe row extraction only; inclusion does not approve the relation or amount.
106,14,生活福祉部,障害福祉課,1,1,障害者の地域生活の 推進に向けた体制強 化支援事業,都道府県における広域的な観点での取組 や、地域に密接に関係する市町村への助 言や情報提供を通じて、障害者のニーズ を的確に把握し、地域で障害者を支える体 制の構築を行う事業,1,特定非営利活動法人 名護市障がい者関係 団体協議会,R6.4.1 ～ R7.3.31,"3,367",ＮＰＯ等,ＮＰＯ等,,,not_selected,Source-universe row extraction only; inclusion does not approve the relation or amount.
107,14,生活福祉部,障害福祉課,1,1,障害者の地域生活の 推進に向けた体制強 化支援事業,都道府県における広域的な観点での取組 や、地域に密接に関係する市町村への助 言や情報提供を通じて、障害者のニーズ を的確に把握し、地域で障害者を支える体 制の構築を行う事業,3,一般社団法人 人文 福祉会,R6.4.1 ～ R7.3.31,"3,355",ＮＰＯ等,ＮＰＯ等,,,not_selected,Source-universe row extraction only; inclusion does not approve the relation or amount.
108,14,生活福祉部,障害福祉課,1,1,障害者の地域生活の 推進に向けた体制強 化支援事業,都道府県における広域的な観点での取組 や、地域に密接に関係する市町村への助 言や情報提供を通じて、障害者のニーズ を的確に把握し、地域で障害者を支える体 制の構築を行う事業,1,特定非営利活動法人 おきなわ障がい者相 談支援ネットワーク,R6.4.1 ～ R7.3.31,"4,008",ＮＰＯ等,ＮＰＯ等,,,not_selected,Source-universe row extraction only; inclusion does not approve the relation or amount.
109,15,生活福祉部,障害福祉課,4,1,障害者社会活動推進 事業,総括所見と脱施設化ガイドラインの理念を 生活に活かしていく事業,1,特定非営利活動法人 沖縄県自立生活セン ター・イルカ,R6.4.1 ～ R7.3.31,700,ＮＰＯ等,ＮＰＯ等,,,not_selected,Source-universe row extraction only; inclusion does not approve the relation or amount.
110,15,生活福祉部,障害福祉課,4,1,障害者社会活動推進 事業,家族介護者リフレッシュ事業,8,全国パーキンソン病 友の会沖縄県支部,R6.4.1 ～ R7.3.31,700,ＮＰＯ等,ＮＰＯ等,,,not_selected,Source-universe row extraction only; inclusion does not approve the relation or amount.
111,15,生活福祉部,障害福祉課,4,1,障害者社会活動推進 事業,福祉機器展,4,社会福祉法人沖縄県 視覚障害者福祉協会,R6.4.1 ～ R7.3.31,493,ＮＰＯ等,ＮＰＯ等,,,not_selected,Source-universe row extraction only; inclusion does not approve the relation or amount.
112,15,生活福祉部,障害福祉課,4,1,障害者社会活動推進 事業,①沖縄県障がい者フィールドスポーツ開催 事業 ②障がい者防災ミーティング開催事業,4,社会福祉法人沖縄県 身体障害者福祉協会,R6.4.1 ～ R7.3.31,628,ＮＰＯ等,ＮＰＯ等,,,not_selected,Source-universe row extraction only; inclusion does not approve the relation or amount.
113,15,生活福祉部,障害福祉課,4,1,障害者社会活動推進 事業,ピアサポート活動推進事業,1,NPO法人沖縄県脊髄 損傷者協会,R6.4.1 ～ R7.3.31,700,ＮＰＯ等,ＮＰＯ等,,,not_selected,Source-universe row extraction only; inclusion does not approve the relation or amount.
114,15,生活福祉部,障害福祉課,4,1,障害者社会活動推進 事業,インクルーシブを理解するホースセラピー で磨く豊かな人間関係,3,一般社団法人セレニ ティパークジャパン沖 縄,R6.4.1 ～ R7.3.31,696,ＮＰＯ等,ＮＰＯ等,,,not_selected,Source-universe row extraction only; inclusion does not approve the relation or amount.
115,15,生活福祉部,障害福祉課,4,1,障害者社会活動推進 事業,専従通訳者研修会,8,沖縄県手話通訳問題 研究会,R6.4.1 ～ R7.3.31,83,ＮＰＯ等,ＮＰＯ等,,,not_selected,Source-universe row extraction only; inclusion does not approve the relation or amount.
116,15,生活福祉部,障害福祉課,1,1,沖縄県医療的ケア児 等コーディネーター養 成研修等事業及び医 療的ケア児ワーキング 運営業務委託,医療的ケア児等コーディネーター等を養成 する研修の実施及び医療的ケア児の協議 の場の運営業務。,1,特定非営利活動法人 おきなわ障がい者相 談支援ネットワーク,R6.6.7 ～ R7.3.31,"1,015",一緒に,一緒に,,,not_selected,Source-universe row extraction only; inclusion does not approve the relation or amount.
117,16,生活福祉部,障害福祉課,1,1,令和6年度沖縄県障害 者社会参加促進事業,障害者の社会参加を促進するための中心 的施策である沖縄県障害者社会参加促進 事業等の各種事業を委託し、事業の円滑 な実施及び障害者等の福祉の増進を図 る。,3,一般社団法人沖縄県 聴覚障害者協会,R6.4.1 ～ R7.3.31,"23,804",ＮＰＯ等,ＮＰＯ等,,,not_selected,Source-universe row extraction only; inclusion does not approve the relation or amount.
118,16,生活福祉部,障害福祉課,1,1,令和6年度沖縄県障害 者社会参加促進事業,障害者の社会参加を促進するための中心 的施策である沖縄県障害者社会参加促進 事業等の各種事業を委託し、事業の円滑 な実施及び障害者等の福祉の増進を図 る。,4,社会福祉法人沖縄県 視覚障害者福祉協会,R6.4.1 ～ R7.3.31,"6,998",ＮＰＯ等,ＮＰＯ等,,,not_selected,Source-universe row extraction only; inclusion does not approve the relation or amount.
119,16,生活福祉部,障害福祉課,1,1,令和6年度沖縄県障害 者社会参加促進事業,障害者の社会参加を促進するための中心 的施策である沖縄県障害者社会参加促進 事業等の各種事業を委託し、事業の円滑 な実施及び障害者等の福祉の増進を図 る。,3,一般社団法人沖縄県 言語聴覚士会,R6.4.1 ～ R7.3.31,"2,121",ＮＰＯ等,ＮＰＯ等,,,not_selected,Source-universe row extraction only; inclusion does not approve the relation or amount.
120,16,生活福祉部,障害福祉課,1,1,令和6年度沖縄県聴覚 障害児支援中核機能 モデル事業,聴覚障害児の支援は乳児からの切れ目の ない支援と多様な状態像への支援が求め られている。福祉部局と教育部局等が連 携を強化し、聴覚障害児支援の中核機能 を整備し、聴覚障害児と保護者に対し適切 な情報と支援を提供する。,5,国立大学法人琉球大 学,R6.4.1 ～ R7.3.31,"7,353",ＮＰＯ等,ＮＰＯ等,,,not_selected,Source-universe row extraction only; inclusion does not approve the relation or amount.
121,16,生活福祉部,障害福祉課,1,1,令和6年度字幕入り映 像ライブラリー作品制 作・頒布事業,聴覚障害者に対する情報支援事業として 実施する字幕ビデオライブラリー事業で貸 出使用する作品について、聴覚障害者の 鑑賞に適した字幕又は手話を付した良質 な映像作品の製作を委託する。,4,社会福祉法人聴力障 害者情報文化セン ター,R6.4.1 ～ R7.3.31,251,ＮＰＯ等,ＮＰＯ等,,,not_selected,Source-universe row extraction only; inclusion does not approve the relation or amount.
122,16,生活福祉部,障害福祉課,1,1,沖縄県地域における 医療と福祉の連携体 制整備事業,精神障害者の地域移行・地域定着を促進 する支援体制整備を目的とし、各圏域に コーディネーターを配置する。,3,一般社団法人 沖縄 県精神保健福祉士協 会,R6.4.1 R7.3.31,"5,988",ＮＰＯ等,ＮＰＯ等,,,not_selected,Source-universe row extraction only; inclusion does not approve the relation or amount.
123,16,生活福祉部,障害福祉課,1,1,沖縄県精神障害者入 院患者に対する地域 生活体験事業,精神疾患で入院している精神障害者を一 定期間事業所に通わせ、退院後の環境変 化への不安緩和を図り、精神障害者の社 会復帰、社会的自立を促進することを目的 とする。,2,公益財団法人 沖縄 県精神保健福祉会連 合会,R6.4.1 R7.3.31,"2,949",ＮＰＯ等,ＮＰＯ等,,,not_selected,Source-universe row extraction only; inclusion does not approve the relation or amount.
124,17,生活福祉部,障害福祉課,1,1,沖縄県精神障害者に も対応した地域包括ケ アシステム構築推進事 業（ピアサポーター養 成研修）,精神障害者の支援推進のため、ピアサ ポーターとして精神障害者の相談支援に 対応するために必要な基礎知識を身につ けたピアサポーターを養成し、地域相談支 援の充実を図ることを目的に研修を実施し ている。,3,一般社団法人 沖縄 県作業療法士協会,R6.5.13 R7.3.31,"1,230",ＮＰＯ等,ＮＰＯ等,,,not_selected,Source-universe row extraction only; inclusion does not approve the relation or amount.
125,17,生活福祉部,障害福祉課,1,1,沖縄県精神障害者に も対応した地域包括ケ アシステム構築推進事 業（ピアサポート活用 事業）,精神疾患のある入院患者と同じ目線で支 援を展開し、専門職とは違う共感や安心を 与えることができるピアサポーターを病院 や地域の交流会等へ派遣し、退院に向け た意欲を向上させることを目的に実施して いる。,1,特定非営利活動法人 名護市障がい者関係 団体協議会,R6.4.1 R7.3.31,0,ＮＰＯ等,ＮＰＯ等,,,not_selected,Source-universe row extraction only; inclusion does not approve the relation or amount.
126,17,生活福祉部,障害福祉課,1,1,沖縄県精神障害者に も対応した地域包括ケ アシステム構築推進事 業（ピアサポート活用 事業）,精神疾患のある入院患者と同じ目線で支 援を展開し、専門職とは違う共感や安心を 与えることができるピアサポーターを病院 や地域の交流会等へ派遣し、退院に向け た意欲を向上させることを目的に実施して いる。,4,社会福祉法人 残波 かりゆし会,R6.4.1 R7.3.31,225,ＮＰＯ等,ＮＰＯ等,,,not_selected,Source-universe row extraction only; inclusion does not approve the relation or amount.
127,17,生活福祉部,障害福祉課,1,1,沖縄県精神障害者に も対応した地域包括ケ アシステム構築推進事 業（ピアサポート活用 事業）,精神疾患のある入院患者と同じ目線で支 援を展開し、専門職とは違う共感や安心を 与えることができるピアサポーターを病院 や地域の交流会等へ派遣し、退院に向け た意欲を向上させることを目的に実施して いる。,3,一般社団法人 沖縄 県作業療法士協会,R6.4.1 R7.3.31,25,ＮＰＯ等,ＮＰＯ等,,,not_selected,Source-universe row extraction only; inclusion does not approve the relation or amount.
128,17,生活福祉部,障害福祉課,1,1,沖縄県障害者ピアサ ポート研修事業,自ら障害や疾病の経験をもち、その経験を 活かしながら、他の障害や疾病のある障 害者の支援を行うピアサポーター及びピア サポーターの活用方法等を理解した障害 福祉サービス事業等の管理者等の養成を 図ることにより、障害福祉サービス等にお ける質の高いピアサポート活動の取組を 支援することを目的とする。,4,社会福祉法人 沖縄 県身体障害者福祉協 会,R6.6.1 R7.3.31,"4,082",ＮＰＯ等,ＮＰＯ等,,,not_selected,Source-universe row extraction only; inclusion does not approve the relation or amount.
129,17,生活福祉部,障害福祉課,1,1,沖縄県精神障害者に も対応した地域包括ケ アシステム構築推進事 業（精神障害者地域移 行・地域定着のための 多職種合同研修）,精神障害の支援推進のため、支援者が地 域移行支援に関する基礎的・専門的知識 を身につけ、業務に必要な能力の向上を 図るとともに、医療・福祉それぞれの支援 者の役割、立場について理解し、地域移 行支援に係る多職種連携体制構築を図る ための研修を実施する。,3,一般社団法人 沖縄 県精神保健福祉士協 会,R6.4.1 R7.3.31,"4,800",ＮＰＯ等,ＮＰＯ等,,,not_selected,Source-universe row extraction only; inclusion does not approve the relation or amount.
130,18,生活福祉部,障害福祉課,1,1,沖縄県精神障害者支 援の障害特性と支援 技法を学ぶ研修事業,精神障害者の特性に応じた適切な支援が より一層行えるよう、精神障害者の支援に かかわる地域の支援事業所や行政職員 等に対し、精神障害者の特性と支援方法 について学ぶ研修を実施する。,3,一般社団法人 沖縄 県精神保健福祉士協 会,R6.4.1 R7.3.31,"1,238",ＮＰＯ等,ＮＰＯ等,,,not_selected,Source-universe row extraction only; inclusion does not approve the relation or amount.
131,18,生活福祉部,障害福祉課,1,17,沖縄県障害者就業・生 活支援センター事業,障害者の雇用促進等に関する法律に基づ く障害者就業・生活支援センターにおい て、就職や職場への定着が困難な障害者 及び就業経験のない障害者に対し、就業 及びこれに伴う生活習慣の形成や日常生 活の管理などの社会生活上の支援を行う ことにより、障害者の職業生活における自 立を図る。,4,社会福祉法人 名護 学院,R6.4.1 R7.3.31,"6,932",ＮＰＯ等,ＮＰＯ等,,,not_selected,Source-universe row extraction only; inclusion does not approve the relation or amount.
132,18,生活福祉部,障害福祉課,1,17,沖縄県障害者就業・生 活支援センター事業,障害者の雇用促進等に関する法律に基づ く障害者就業・生活支援センターにおい て、就職や職場への定着が困難な障害者 及び就業経験のない障害者に対し、就業 及びこれに伴う生活習慣の形成や日常生 活の管理などの社会生活上の支援を行う ことにより、障害者の職業生活における自 立を図る。,5,医療法人 一灯の会,R6.4.1 R7.3.31,"6,932",ＮＰＯ等,ＮＰＯ等,,,not_selected,Source-universe row extraction only; inclusion does not approve the relation or amount.
133,18,生活福祉部,障害福祉課,1,17,沖縄県障害者就業・生 活支援センター事業,障害者の雇用促進等に関する法律に基づ く障害者就業・生活支援センターにおい て、就職や職場への定着が困難な障害者 及び就業経験のない障害者に対し、就業 及びこれに伴う生活習慣の形成や日常生 活の管理などの社会生活上の支援を行う ことにより、障害者の職業生活における自 立を図る。,3,社会福祉法人 若竹 福祉会,R6.4.1 R7.3.31,"6,932",ＮＰＯ等,ＮＰＯ等,,,not_selected,Source-universe row extraction only; inclusion does not approve the relation or amount.
134,18,生活福祉部,障害福祉課,1,17,沖縄県障害者就業・生 活支援センター事業,障害者の雇用促進等に関する法律に基づ く障害者就業・生活支援センターにおい て、就職や職場への定着が困難な障害者 及び就業経験のない障害者に対し、就業 及びこれに伴う生活習慣の形成や日常生 活の管理などの社会生活上の支援を行う ことにより、障害者の職業生活における自 立を図る。,5,医療法人 陽和会,R6.4.1 R7.3.31,"6,932",ＮＰＯ等,ＮＰＯ等,,,not_selected,Source-universe row extraction only; inclusion does not approve the relation or amount.
135,19,生活福祉部,障害福祉課,1,17,沖縄県障害者就業・生 活支援センター事業,障害者の雇用促進等に関する法律に基づ く障害者就業・生活支援センターにおい て、就職や職場への定着が困難な障害者 及び就業経験のない障害者に対し、就業 及びこれに伴う生活習慣の形成や日常生 活の管理などの社会生活上の支援を行う ことにより、障害者の職業生活における自 立を図る。,3,社会福祉法人 みや こ福祉会,R6.4.1 R7.3.31,"6,932",ＮＰＯ等,ＮＰＯ等,,,not_selected,Source-universe row extraction only; inclusion does not approve the relation or amount.
136,19,生活福祉部,障害福祉課,1,17,沖縄県障害者就業・生 活支援センター事業,障害者の雇用促進等に関する法律に基づ く障害者就業・生活支援センターにおい て、就職や職場への定着が困難な障害者 及び就業経験のない障害者に対し、就業 及びこれに伴う生活習慣の形成や日常生 活の管理などの社会生活上の支援を行う ことにより、障害者の職業生活における自 立を図る。,3,社会福祉法人 わし の里,R6.4.1 R7.3.31,"6,932",ＮＰＯ等,ＮＰＯ等,,,not_selected,Source-universe row extraction only; inclusion does not approve the relation or amount.
137,19,生活福祉部,生活安全安 心課,1,18,令和６年度消費生活 相談等業務,沖縄県消費生活センターにおいて、消費 者トラブル等、消費生活に係る相談を受け 付ける。,1,特定非営利活動法人 消費者センター沖縄,R6.4.1 ～ R7.3.31,"29,714",行政,ＮＰＯ等,,,not_selected,Source-universe row extraction only; inclusion does not approve the relation or amount.
138,19,生活福祉部,生活安全安 心課,2,19,令和６年度沖縄県NPO 等支援個別相談事業,ＮＰＯ法人の活動基盤強化を図るために、 専門家による個別相談会を通じて活動、 運営、情報公開を支え、ＮＰＯ法人の情報 発信力を向上させ、社会的信頼を高めるこ とを目的とする。,1,特定非営利活動法人 まちなか研究所わく わく,R6.10.2 ～ R7.3.27,"1,144",一緒に,一緒に,,,not_selected,Source-universe row extraction only; inclusion does not approve the relation or amount.
139,19,生活福祉部,生活安全安 心課,1,19,令和６年度協働の実 践研修会,多様な連携と協働の取組を促進するため に市町村職員および県職員に対して、協 働に関する意識向上を目的とする研修会 を行った。,1,特定非営利活動法人 まちなか研究所わく わく,R7.1.23,128,一緒に,一緒に,,,not_selected,Source-universe row extraction only; inclusion does not approve the relation or amount.
140,19,生活福祉部,生活安全安 心課,5,9,犯罪被害者週間,犯罪被害者週間（11月25日から12月1日） において、犯罪被害者等の置かれている 状況について、県民の理解を深め、社会 的支援の輪を広げることを目的に県民の 集い（イベント）を開催した。,2,公益社団法人沖縄被 害者支援ゆいセン ター,R6.11.25 ～ R6.12.1,0,一緒に,一緒に,,,not_selected,Source-universe row extraction only; inclusion does not approve the relation or amount.
141,20,生活福祉部,生活安全安 心課,1,9,犯罪被害者等支援事 業,犯罪被害者を支援する体制構築のための アドバイザーの配置、相談・問い合わせに 対応した情報提供や連絡調整、被害者支 援活動員養成研修会や、市町村職員を対 象とした出前講座を開催した。,2,公益社団法人沖縄被 害者支援ゆいセン ター,R6.4.3 ～ R7.3.31,"10,192",行政,ＮＰＯ等,,,not_selected,Source-universe row extraction only; inclusion does not approve the relation or amount.
142,20,生活福祉部,計量検定所,5,18,計量記念日事業,パネル及び各種メーター類の展示、計量 器による実測、計量ゲーム等により、県民 への計量制度の普及や計量意識の向上 を図ることを目的とする。,8,沖縄県計量協会,R6.11.7,27,一緒に,一緒に,,,not_selected,Source-universe row extraction only; inclusion does not approve the relation or amount.
143,20,こども未来部,こども若者政 策課,2,13,沖縄こども調査事業,沖縄県の子ども及びその保護者の生活 実態や支援ニーズ等の把握・分析を行い、 子どもの貧困対策の効果的な実施や、施 策の評価に活用することを目的に実施す る。,3,一般社団法人Co- Link,R6.4.25 ～ R7.3.31,"10,186",行政,一緒に,,,not_selected,Source-universe row extraction only; inclusion does not approve the relation or amount.
144,20,こども未来部,こども若者政 策課,2,13,沖縄県こども計画策定 事業,こども施策の総合的かつ効果的な推進を 図るため、こども施策に関する基本的な方 針や重要事項を定める「沖縄県こども計画 （仮称）」の策定に向けて、有識者会議の 開催や子供等の意見の整理・分類等側面 支援を行う。,3,一般社団法人Co- Link,R6.4.1 ～ R7.3.31,"5,149",行政,一緒に,,,not_selected,Source-universe row extraction only; inclusion does not approve the relation or amount.
145,20,こども未来部,こども若者政 策課,1,13,沖縄県拠点型こどもの 居場所運営事業（南部 圏域）,困窮世帯のこどもであって、かつ不登校や 引きこもり、非行など専門的な支援を要す るこどもなどに対して、食事や生活支援、 キャリア形成支援等の専門的な支援を行 うこどもの居場所を設置し、学校への登校 や進学、就職など自立に向けた総合的な 支援を行う。,1,特定非営利活動法人 侍学園スクオーラ・今 人,R6.4.1 ～ R7.3.31,"34,196",行政,ＮＰＯ等,,,not_selected,Source-universe row extraction only; inclusion does not approve the relation or amount.
146,20,こども未来部,こども若者政 策課,1,13,沖縄県子ども・若者総 合相談センター事業 （ソラエ（なは））,社会生活を円滑に営む上で困難を有する 子ども・若者の自立を支援するため、子ど も・若者及びその家族等からの相談に応 じ、関係機関等の紹介、その他必要な情 報の提供及び助言を行う。,1,特定非営利活動法人 サポートセンターゆめ さき,R6.4.1 ～ R7.3.31,"33,113",一緒に,一緒に,,,not_selected,Source-universe row extraction only; inclusion does not approve the relation or amount.
147,20,こども未来部,こども若者政 策課,1,13,沖縄県子ども・若者総 合相談センター事業 （ソラエ（なご））,社会生活を円滑に営む上で困難を有する 子ども・若者の自立を支援するため、子ど も・若者及びその家族等からの相談に応 じ、関係機関等の紹介、その他必要な情 報の提供及び助言を行う。,5,労働者協同組合ワー カーズコープ・セン ター事業団,R6.4.1 ～ R7.3.31,"5,944",一緒に,一緒に,,,not_selected,Source-universe row extraction only; inclusion does not approve the relation or amount.
148,21,こども未来部,こども若者政 策課,1,13,子ども・若者社会適応 促進事業（サポステな ご）,修学及び就業のいずれもしていない子ど も・若者、その他の子ども・若者であって社 会生活を円滑に営む上での困難を有する ものの社会的自立を促進することを目的 に社会適応プログラム等を実施する。,5,労働者協同組合ワー カーズコープ・セン ター事業団,R6.4.1 ～ R7.3.31,"2,291",ＮＰＯ等,ＮＰＯ等,,,not_selected,Source-universe row extraction only; inclusion does not approve the relation or amount.
149,21,こども未来部,こども若者政 策課,1,13,子ども・若者社会適応 促進事業（サポステ沖 縄）,修学及び就業のいずれもしていない子ど も・若者、その他の子ども・若者であって社 会生活を円滑に営む上での困難を有する ものの社会的自立を促進することを目的 に社会適応プログラム等を実施する。,1,特定非営利活動法人 サポートセンターゆめ さき,R6.4.1 ～ R7.3.31,"2,498",ＮＰＯ等,ＮＰＯ等,,,not_selected,Source-universe row extraction only; inclusion does not approve the relation or amount.
150,21,こども未来部,こども若者政 策課,1,13,子ども・若者社会適応 促進事業（サポステ琉 球）,修学及び就業のいずれもしていない子ど も・若者、その他の子ども・若者であって社 会生活を円滑に営む上での困難を有する ものの社会的自立を促進することを目的 に社会適応プログラム等を実施する。,1,特定非営利活動法人 サポートセンターゆめ さき,R6.4.1 ～ R7.3.31,"2,449",ＮＰＯ等,ＮＰＯ等,,,not_selected,Source-universe row extraction only; inclusion does not approve the relation or amount.
151,21,こども未来部,こども家庭課,2,13,要支援家庭寄り添い 支援業務（北部）,困難を抱える子ども（ヤングケアラー含む） や家庭を直接訪問し、必要な支援を届け、 必要な支援に繋げるとともに、今後の支援 体制の構築に向けて必要とされる支援体 制の検証を行う。,7,要支援家庭寄り添い 支援事業受託コン ソーシアム（（一社） TAKE-OFF、（一社） ぷらっと）,R6.4.1 ～ R7.3.31,"14,617",行政,ＮＰＯ等,,,not_selected,Source-universe row extraction only; inclusion does not approve the relation or amount.
152,21,こども未来部,こども家庭課,2,13,要支援家庭寄り添い 支援業務（中部①）,困難を抱える子ども（ヤングケアラー含む） や家庭を直接訪問し、必要な支援を届け、 必要な支援に繋げるとともに、今後の支援 体制の構築に向けて必要とされる支援体 制の検証を行う。,7,子どもゲンキプロジェ クト共同体（（一社）宜 野湾子どもゲンキ食 堂、（一社）3ピース 58、（一社）くじら寺子 屋）,R6.4.1 ～ R7.3.31,"14,620",行政,ＮＰＯ等,,,not_selected,Source-universe row extraction only; inclusion does not approve the relation or amount.
153,21,こども未来部,こども家庭課,2,13,要支援家庭寄り添い 支援業務（中部②）,困難を抱える子ども（ヤングケアラー含む） や家庭を直接訪問し、必要な支援を届け、 必要な支援に繋げるとともに、今後の支援 体制の構築に向けて必要とされる支援体 制の検証を行う。,3,一般社団法人みんな のももやま子ども食堂,R6.6.14 ～ R7.3.31,"11,120",行政,ＮＰＯ等,,,not_selected,Source-universe row extraction only; inclusion does not approve the relation or amount.
154,21,こども未来部,こども家庭課,2,13,要支援家庭寄り添い 支援業務（南部①）,困難を抱える子ども（ヤングケアラー含む） や家庭を直接訪問し、必要な支援を届け、 必要な支援に繋げるとともに、今後の支援 体制の構築に向けて必要とされる支援体 制の検証を行う。,3,一般社団法人UTT,R6.4.1 ～ R7.3.31,"14,620",行政,ＮＰＯ等,,,not_selected,Source-universe row extraction only; inclusion does not approve the relation or amount.
155,22,こども未来部,こども家庭課,2,13,要支援家庭寄り添い 支援業務（南部②）,困難を抱える子ども（ヤングケアラー含む） や家庭を直接訪問し、必要な支援を届け、 必要な支援に繋げるとともに、今後の支援 体制の構築に向けて必要とされる支援体 制の検証を行う。,7,「要支援家庭寄り添い 支援業務」共同体 （（一社）カナカナ、 （特非）沖縄上等プロ ジェクト）,R6.4.1 ～ R7.3.31,"14,196",行政,ＮＰＯ等,,,not_selected,Source-universe row extraction only; inclusion does not approve the relation or amount.
156,22,こども未来部,こども家庭課,2,13,要支援家庭寄り添い 支援業務（宮古）,困難を抱える子ども（ヤングケアラー含む） や家庭を直接訪問し、必要な支援を届け、 必要な支援に繋げるとともに、今後の支援 体制の構築に向けて必要とされる支援体 制の検証を行う。,3,一般社団法人宮古島 こどもこそだてワクワ ク未来会議,R6.4.1 ～ R7.3.31,"11,619",行政,ＮＰＯ等,,,not_selected,Source-universe row extraction only; inclusion does not approve the relation or amount.
157,22,こども未来部,こども家庭課,2,13,要支援家庭寄り添い 支援業務（八重山）,困難を抱える子ども（ヤングケアラー含む） や家庭を直接訪問し、必要な支援を届け、 必要な支援に繋げるとともに、今後の支援 体制の構築に向けて必要とされる支援体 制の検証を行う。,8,子育てサポート団体 HUGs,R6.7.23 ～ R7.3.31,"7,165",行政,ＮＰＯ等,,,not_selected,Source-universe row extraction only; inclusion does not approve the relation or amount.
158,22,こども未来部,こども家庭課,2,13,離島及び広域相談体 制整備事業,離島町村へこどもの貧困対策支援員を巡 回派遣するほか、電話・メール等により離 島地域を中心に県内全域を対象としてこど もの貧困問題に関する相談に対応し、困 難を抱えるこどもや家庭を必要な支援につ なげる体制の強化を図る。,3,一般社団法人UTT,R6.4.1 ～ R7.3.31,"19,128",行政,ＮＰＯ等,,,not_selected,Source-universe row extraction only; inclusion does not approve the relation or amount.
159,22,こども未来部,こども家庭課,2,13,支援員及び子供の居 場所の活動支援事業 （北部地区）,市町村が配置及び設置するこどもの貧困 対策支援員及びこどもの居場所に対して、 活動状況の把握、助言、研修等やこどもの 貧困対策に関するネットワーク構築に向け た助言・調整等の広域支援を行う。,7,沖縄子供の貧困緊急 対策事業受託コン ソーシアム（（一社） TAKE-OFFと（一社） ぷらっとの共同体）,R6.4.1 ～ R7.3.31,"5,813",行政,ＮＰＯ等,,,not_selected,Source-universe row extraction only; inclusion does not approve the relation or amount.
160,22,こども未来部,こども家庭課,2,13,支援員及び子供の居 場所の活動支援事業 （南部地区）,市町村が配置及び設置する子供の貧困対 策支援員及び子供の居場所に対して、活 動状況の把握、助言、研修等や子どもの 貧困対策に関するネットワーク構築に向け た助言・調整等の広域支援を行う。,1,特定非営利活動法人 侍学園スクオーラ・今 人,R6.4.1 ～ R7.3.31,"8,081",行政,ＮＰＯ等,,,not_selected,Source-universe row extraction only; inclusion does not approve the relation or amount.
161,22,こども未来部,こども家庭課,2,13,支援員及び子供の居 場所の活動支援事業 （宮古地区）,市町村が配置及び設置する子供の貧困対 策支援員及び子供の居場所に対して、活 動状況の把握、助言、研修等や子どもの 貧困対策に関するネットワーク構築に向け た助言・調整等の広域支援を行う。,3,一般社団法人宮古島 こどもこそだてワクワ ク未来会議,R6.4.1 ～ R7.3.31,"4,446",行政,ＮＰＯ等,,,not_selected,Source-universe row extraction only; inclusion does not approve the relation or amount.
162,23,こども未来部,こども家庭課,2,13,支援員及び子供の居 場所の活動支援事業 （研修会）,市町村が配置及び設置するこどもの貧困 対策支援員及びこどもの居場所に対して、 研修等を行うことにより、地域の実情に応 じたこどもの支援体制の整備を推進する。,3,一般社団法人Co- Link,R6.4.5 ～ R7.2.28,"4,563",行政,ＮＰＯ等,,,not_selected,Source-universe row extraction only; inclusion does not approve the relation or amount.
163,23,こども未来部,こども家庭課,1,13,沖縄県こどもの居場所 ネットワーク事業（運営 等）,各市町村及び各地域等に設置されている こどもの居場所の連携を促すため、こども の居場所ネットワーク構築に取り組み、中 間支援等を行う。,4,社会福祉法人 沖縄 県社会福祉協議会,R6.4.1 ～ R7.3.31,"12,243",行政,ＮＰＯ等,,,not_selected,Source-universe row extraction only; inclusion does not approve the relation or amount.
164,23,こども未来部,こども家庭課,1,1,令和６年度沖縄県里 親養育包括支援事業,里親への委託を推進するため、里親のリク ルート及びアセスメント、未委託里親に対 する研修、こどもと里親のマッチング、こど もの里親委託中における里親養育への支 援を総合的に実施することを目的とする。,4,社会福祉法人袋中園,R6.4.1 ～ R7.3.31,"35,008",行政,ＮＰＯ等,,,not_selected,Source-universe row extraction only; inclusion does not approve the relation or amount.
165,23,こども未来部,こども家庭課,1,1,令和６年度こどもの権 利擁護に係る意見表 明等支援事業,社会的養護に係るこどもの権利擁護の強 化を図るため、意見表明等支援員による 定期訪問等の実施により、こども自身が実 現したいことを考え、それを周囲に説明で きるようになることを支援する仕組みを構 築する。,1,特定非営利活動法人 おきなわＣＡＰセン ター,R6.4.1 ～ R7.3.31,"19,396",一緒に,ＮＰＯ等,,,not_selected,Source-universe row extraction only; inclusion does not approve the relation or amount.
166,23,こども未来部,こども家庭課,1,1,令和６年度沖縄県保 護者支援事業,こどもに虐待をしてしまった保護者が虐待 に頼らない育児をできるよう、プログラムの 参加を通じて、子どもへの関りを適切なも のにしていく,4,社会福祉法人友興会 ノアーズガーデン,R6.4.1 ～ R7.3.31,"7,930",一緒に,ＮＰＯ等,,,not_selected,Source-universe row extraction only; inclusion does not approve the relation or amount.
167,23,こども未来部,こども家庭課,1,1,令和６年度沖縄県児 童相談所等第三者評 価業務,第三者評価を通じて、児童相談所及び一 時保護所の「機能しているところ」や「改善 すべきところ」を確認するとともに、役割や 機能を果たすためのソーシャルワークの在 り方、必要な職員配置、各機関の役割や 関係機関との連携体制等の確認、見直 し、改善等につなげていくことを目的とす る。,3,一般社団法人日本児 童相談業務評価機関,R6.5.10 ～ R7.3.31,"3,308",行政,ＮＰＯ等,,,not_selected,Source-universe row extraction only; inclusion does not approve the relation or amount.
168,23,こども未来部,こども家庭課,1,13,令和６年度子ども虐待 防止推進事業,専門家による講演会等を実施し地域や関 係団体等に対して子ども虐待防止を促す とともに、市町村職員及び県民向けの研 修を行い、団体間連携体制構築や、子ども の虐待に対する意識向上を図る。,1,特定非営利活動法人 おきなわCAPセンター,R6.5.1 ～ R7.3.31,"5,665",ＮＰＯ等,ＮＰＯ等,,,not_selected,Source-universe row extraction only; inclusion does not approve the relation or amount.
169,24,こども未来部,こども家庭課,1,13,令和６年度こども虐待 を防止するためのSNS 相談業務,こども達が困りごとや悩みごとを、SNS （LINE）を活用し相談できる窓口を設置し、 児童虐待の防止及び早期発見を図る。,1,認定特定非営利活動 法人エンパワメントか ながわ,R6.4.1 ～ R7.3.31,"16,687",ＮＰＯ等,ＮＰＯ等,,,not_selected,Source-universe row extraction only; inclusion does not approve the relation or amount.
170,24,こども未来部,こども家庭課,4,1,児童家庭支援センター 事業費補助金,地域・家庭からの相談、市町村の後方支 援、児童相談所からの受託による指導、里 親等への支援、関係機関等との連携・連 絡調整を実施する。,4,社会福祉法人ひんぷ ん会,R6.4.1 ～ R7.3.31,"14,782",ＮＰＯ等,ＮＰＯ等,,,not_selected,Source-universe row extraction only; inclusion does not approve the relation or amount.
171,24,こども未来部,こども家庭課,4,1,児童家庭支援センター 事業費補助金,〃,4,社会福祉法人沖縄県 社会福祉事業団,R6.4.1 ～ R7.3.31,"10,255",ＮＰＯ等,ＮＰＯ等,,,not_selected,Source-universe row extraction only; inclusion does not approve the relation or amount.
172,24,こども未来部,こども家庭課,4,1,児童家庭支援センター 事業費補助金,〃,4,社会福祉法人国際福 祉会,R6.4.1 ～ R7.3.31,"13,830",ＮＰＯ等,ＮＰＯ等,,,not_selected,Source-universe row extraction only; inclusion does not approve the relation or amount.
173,24,こども未来部,こども家庭課,1,13,沖縄こどもの貧困緊急 対策事業分析・評価・ 普及事業,地域において、困難を抱える子どもの情報 を把握し、関係者が連携して適切な機関 等へつなげる仕組みを構築するとともに、 連携手法（以下、「学校版スクリーニング」 という。）に係る成果や課題を詳細に分析 することで、今後の学校版スクリーニング をより効果的に行うことを目的として、本事 業を実施する。,5,公立大学法人大阪,R6.4.1 ～ R7.3.31,"9,231",行政,ＮＰＯ等,,,not_selected,Source-universe row extraction only; inclusion does not approve the relation or amount.
174,24,こども未来部,こども家庭課,1,13,こどもの居場所学生ボ ランティアコーディネー ト事業,市町村等が設置する子供の居場所等へ学 生ボランティアを派遣し、学生ボランティア が居場所で行われる食事の提供や共同調 理、生活指導、学習支援等に関する活動 に関わることにより、居場所の活動の充実 を図る。,3,一般社団法人大学コ ンソーシアム沖縄,R6.4.1 ～ R7.3.31,"40,323",行政,ＮＰＯ等,,,not_selected,Source-universe row extraction only; inclusion does not approve the relation or amount.
175,24,こども未来部,こども家庭課,3,13,石嶺児童園運営費,沖縄県立石嶺児童園の運営を委託する。,4,社会福祉法人偕生会,R6.4.1 ～ R7.3.31,"389,498",行政,ＮＰＯ等,,,not_selected,Source-universe row extraction only; inclusion does not approve the relation or amount.
176,25,こども未来部,こども家庭課,1,1,令和6年度社会的養護 自立支援拠点事業,児童養護施設等の退所者や里親への委 託を解除された者に対し、継続支援計画 の作成や担当職員による生活相談、就労 相談の実施、居宅費支援などの自立に向 けた日常的な支援を行う。,3,一般社団法人ある,R6.4.1 ～ R7.3.31,"30,923",ＮＰＯ等,ＮＰＯ等,,,not_selected,Source-universe row extraction only; inclusion does not approve the relation or amount.
177,25,こども未来部,こども家庭課,4,1,養子縁組民間あっせ ん機関助成事業補助 金,要親希望者や実親との相談・援助及び要 親希望者への研修等の業務を行い、若年 妊婦等の悩み相談から養子縁組へのつな ぎ・支援する。,3,一般社団法人おきな わ子ども未来ネット ワーク,R6.4.1 ～ R7.3.31,"10,347",ＮＰＯ等,ＮＰＯ等,,,not_selected,Source-universe row extraction only; inclusion does not approve the relation or amount.
178,25,こども未来部,こども家庭課,4,1,児童福祉事業等県費 補助金,社会的養護が必要な児童を、可能な限り 家庭的な環境において安定した人間関係 の下で育てることができるよう、里親会の 事業を支援し、里親制度の普及啓発に寄 与する。,3,一般社団法人沖縄県 里親会,R6.4.1 ～ R7.3.31,377,ＮＰＯ等,ＮＰＯ等,,,not_selected,Source-universe row extraction only; inclusion does not approve the relation or amount.
179,25,こども未来部,こども家庭課,1,1,里親研修・相互交流事 業,里親の登録及び更新に必要な研修や里親 等の資質向上に資する研修及び里親相互 の交流等、里親への支援を適切に行うこと を目的として、研修及び里親サロンを実施 する。,3,一般社団法人沖縄県 里親会,R6.4.1 ～ R7.3.31,"4,070",ＮＰＯ等,ＮＰＯ等,,,not_selected,Source-universe row extraction only; inclusion does not approve the relation or amount.
180,25,こども未来部,こども家庭課,4,1,被虐待児等地域療育 支援事業,特別なケアを必要としている地域の子ど もとその家庭に対して相談や支援を行う事 業。 県内４施設と１団体の各施設に療育支援 コーディネータ、心理士を配置して、養育に 関する事や子どもの情緒面や行動面で気 になる等の相談を受けています。また、専 門医がアドバイザーとして定期的に相談事 業所を訪問しており、医療の専門的な支援 が必要な児童やその家庭に対する助言等 も行っています。,4,社会福祉法人国際福 祉会,R6.4.1 ～ R7.3.31,"3,727",ＮＰＯ等,ＮＰＯ等,,,not_selected,Source-universe row extraction only; inclusion does not approve the relation or amount.
181,25,こども未来部,こども家庭課,4,1,被虐待児等地域療育 支援事業,〃,4,社会福祉法人偕生会,R6.4.1 ～ R7.3.31,"8,456",ＮＰＯ等,ＮＰＯ等,,,not_selected,Source-universe row extraction only; inclusion does not approve the relation or amount.
182,25,こども未来部,こども家庭課,4,1,被虐待児等地域療育 支援事業,〃,4,社会福祉法人基督教 児童福祉会,R6.4.1 ～ R7.3.31,"7,217",ＮＰＯ等,ＮＰＯ等,,,not_selected,Source-universe row extraction only; inclusion does not approve the relation or amount.
183,26,こども未来部,こども家庭課,4,1,被虐待児等地域療育 支援事業,〃,4,社会福祉法人豊友会,R6.4.1 ～ R7.3.31,"4,204",ＮＰＯ等,ＮＰＯ等,,,not_selected,Source-universe row extraction only; inclusion does not approve the relation or amount.
184,26,こども未来部,こども家庭課,4,1,被虐待児等地域療育 支援事業,〃,3,一般社団法人沖縄県 里親会,R6.4.1 ～ R7.3.31,"8,750",ＮＰＯ等,ＮＰＯ等,,,not_selected,Source-universe row extraction only; inclusion does not approve the relation or amount.
185,26,こども未来部,こども家庭課,1,2,保健に関する相談支 援事業,「こどもの居場所」や「県立高校の居場所」 などで、「性に関する正しい知識」を伝える とともに、専門相談員が、個別に相談を受 けることで、予期せぬ妊娠や誤った性行動 を予防することを目的とする。同時に、居 場所の職員等に向けての研修を行い、性 教育に関する認識を高めることができるよ う取り組むものとする。,3,一般社団法人沖縄い のちにエールを贈る 会,R6.4.1 ～ R7.3.31,"23,600",行政,一緒に,,,not_selected,Source-universe row extraction only; inclusion does not approve the relation or amount.
186,26,こども未来部,こども家庭課,1,1,児童虐待対応職員等 法定義務研修事業,児童福祉法に規定される児童福祉司等に 対する法定義務研修を実施する。,3,一般社団法人沖縄県 社会福祉士会,R6.6.20 ～ R7.3.31,"2,999",一緒に,一緒に,,,not_selected,Source-universe row extraction only; inclusion does not approve the relation or amount.
187,26,こども未来部,子育て支援 課,2,13,沖縄県放課後児童支 援員認定資格研修事 業委託,放課後児童支援員認定資格研修を実施す ることにより、当該支援員の確保及び児童 健全育成事業の円滑な運営を支援する。,1,ＮＰＯ法人沖縄県学 童・保育支援センター,R6.4.1 ～ R7.3.31,"5,610",行政,一緒に,,,not_selected,Source-universe row extraction only; inclusion does not approve the relation or amount.
188,26,こども未来部,子育て支援 課,2,13,沖縄県放課後児童クラ ブ公的施設活用促進 等環境整備支援事業 委託,県内の放課後児童クラブの公的施設活用 の促進等を通して、利用者の負担軽減等 を図るため、市町村のクラブ設置等に係る 計画策定・見直し等を支援する。,1,ＮＰＯ法人沖縄県学 童・保育支援センター,R6.4.1 ～ R7.3.14,"20,000",行政,一緒に,,,not_selected,Source-universe row extraction only; inclusion does not approve the relation or amount.
189,26,こども未来部,子育て支援 課,2,1,沖縄県保育士確保対 策強化事業委託,保育所入所待機児童を生じさせないため、 市町村や保育所等と連携し、保育士の確 保及び定着促進など、安定した保育の提 供体制の構築に必要な事業を総合的に実 施する。,1,NPO法人沖縄県学 童・保育支援センター,R6.4.1 ～ R7.3.31,"66,506",一緒に,ＮＰＯ等,,,not_selected,Source-universe row extraction only; inclusion does not approve the relation or amount.
190,26,こども未来部,子育て支援 課,1,1,保育士登録業務およ び国家戦略特別区域 限定保育士登録業務 事務委託,保育士資格登録事業の円滑な実施を図る ため、保育士資格登録事務の一部を委託 し実施する。,4,社会福祉法人日本保 育協会,R6.4.1 ～ R7.3.31,"4,112",ＮＰＯ等,ＮＰＯ等,,,not_selected,Source-universe row extraction only; inclusion does not approve the relation or amount.
191,27,こども未来部,子育て支援 課,1,1,沖縄県福祉人材研修 センター認可外保育施 設職員研修事業委託,認可外保育施設に従事する者を対象とし た研修を企画・実施することにより、保育 の質を向上させ、入所児童の処遇の向上 を図ることを目的とする。,4,社会福祉法人沖縄県 社会福祉協議会,R6.4.1 R7.3.31,"1,625",行政,行政,,,not_selected,Source-universe row extraction only; inclusion does not approve the relation or amount.
192,27,こども未来部,子育て支援 課,1,1,令和６年度沖縄県不 妊・不育専門相談セン ター事業,不妊・不育に悩む夫婦等を対象に専門的 な相談を行い、不妊・不育の課題に適切に 対応するために体制を確立するとともに、 生涯を通じた女性の健康の保持増進を図 ることを目的とする。,2,公益社団法人沖縄県 看護協会,R6.4.1 ～ R7.3.31,"1,829",一緒に,行政,,,not_selected,Source-universe row extraction only; inclusion does not approve the relation or amount.
193,27,こども未来部,子育て支援 課,1,1,令和６年度沖縄県女 性健康支援センター事 業,妊娠、出産等固有の機能を有し、女性特 有の身体的特徴を有することで生じる様々 な支障や心身にわたる悩みを抱える女 性、予期せぬ妊娠に悩む女性に対して、 専門的な知識を有する相談員に気軽に相 談できる体制を確保する。,3,一般社団法人沖縄県 助産師会,R6.4.1 ～ R7.3.31,"3,331",一緒に,行政,,,not_selected,Source-universe row extraction only; inclusion does not approve the relation or amount.
194,27,こども未来部,子育て支援 課,5,1,沖縄県母子保健大会,心身ともに健やかな親と子・明るい家庭・ 健全な地域社会の実現のために、諸課題 について理解を深め、なお一層の母子保 健に対する意識を高める。 また、母子保健事業の推進に功績のあっ た個人及び団体を表彰し、沖縄県の母子 保健事業の一層の推進を図る事を目的と する。,2,公益社団法人沖縄県 小児保健協会,R7.1.16,132,一緒に,一緒に,,,not_selected,Source-universe row extraction only; inclusion does not approve the relation or amount.
195,27,こども未来部,子育て支援 課,5,1,令和５年度市町村母 子保健担当者及び母 子保健推進員研修会,「健やか親子おきなわ２１（第２次）」の施策 を円滑に推進するために、地域母子保健 活動の核となる市町村母子保健関係職員 及び母子保健推進員に対して、その活動 に必要な知識の習得と、スキルの向上を 図ることを目的に研修会を開催する。,2,公益社団法人母子保 健推進会議 沖縄県母子保健推進 員連絡協議会,R7.1.16,"1,004",一緒に,行政,,,not_selected,Source-universe row extraction only; inclusion does not approve the relation or amount.
196,27,こども未来部,女性力・ダイ バーシティ推 進課,4,1,配偶者暴力被害者 セーフティネット強化支 援事業,配偶者からの暴力被害者等を支援する民 間シェルター等が行う先進的な取組に対 し、事業に要した経費の一部を補助する。,1,NPO法人ひだまり,R6.4.1 ～ R7.3.31,"10,000",ＮＰＯ等,ＮＰＯ等,,,not_selected,Source-universe row extraction only; inclusion does not approve the relation or amount.
197,27,こども未来部,女性力・ダイ バーシティ推 進課,1,1,女性支援等に係る相 談員養成研修事業,女性支援等の相談業務に従事する相談員 候補者の養成研修を実施。,2,公益財団法人おきな わ女性財団,R6.5.31 ～ R7.3.31,"4,238",ＮＰＯ等,ＮＰＯ等,,,not_selected,Source-universe row extraction only; inclusion does not approve the relation or amount.
198,28,こども未来部,女性力・ダイ バーシティ推 進課,1,1,沖縄県ひとり親家庭等 日常生活支援事業,ひとり親等に対し、家庭生活支援員を派遣 し、子育て支援や日常生活の援助を実施 する。,2,公益社団法人沖縄県 母子寡婦福祉連合会,R6.4.1 ～ R7.3.31,"50,286",ＮＰＯ等,ＮＰＯ等,,,not_selected,Source-universe row extraction only; inclusion does not approve the relation or amount.
199,28,こども未来部,女性力・ダイ バーシティ推 進課,2,1,沖縄県低所得子育て 家庭日常生活支援事 業（北部圏域）,低所得子育て家庭等に対し、家庭生活支 援員を派遣し、子育て支援や日常生活の 援助を実施する。,2,公益社団法人沖縄県 母子寡婦福祉連合会,R6.4.1 ～ R7.3.31,"8,176",ＮＰＯ等,ＮＰＯ等,,,not_selected,Source-universe row extraction only; inclusion does not approve the relation or amount.
200,28,こども未来部,女性力・ダイ バーシティ推 進課,2,1,沖縄県低所得子育て 家庭日常生活支援事 業（中南部圏域）,低所得子育て家庭等に対し、家庭生活支 援員を派遣し、子育て支援や日常生活の 援助を実施する。,2,公益社団法人那覇市 母子寡婦福祉会,R6.4.1 ～ R7.3.31,"23,596",ＮＰＯ等,ＮＰＯ等,,,not_selected,Source-universe row extraction only; inclusion does not approve the relation or amount.
201,28,こども未来部,女性力・ダイ バーシティ推 進課,1,1,沖縄県母子家庭等自 立促進事業,母子家庭等の経済的自立を図り、その福 祉を増進するために、就業相談や講習会 等を実施する。,2,公益社団法人沖縄県 母子寡婦福祉連合会,R6.4.1 ～ R7.3.31,"21,461",ＮＰＯ等,ＮＰＯ等,,,not_selected,Source-universe row extraction only; inclusion does not approve the relation or amount.
202,28,こども未来部,女性力・ダイ バーシティ推 進課,4,1,沖縄県ひとり親家庭高 等職業訓練促進資金 貸付事業補助金 （訓練促進資金貸付 分）,就職に有利な資格の取得を目指すひとり 親家庭の親に対し高等職業訓練促進資金 を貸付けることにより、資格の取得を促進 し、ひとり親家庭の親の自立促進を図る。,2,公益社団法人沖縄県 母子寡婦福祉連合会,R6.4.1 ～ R7.3.31,"1,173",ＮＰＯ等,ＮＰＯ等,,,not_selected,Source-universe row extraction only; inclusion does not approve the relation or amount.
203,28,こども未来部,女性力・ダイ バーシティ推 進課,4,1,沖縄県ひとり親家庭高 等職業訓練促進資金 貸付事業補助金 （訓練促進資金貸付 分）,安定就労を通じた中長期的な自立支援や 住居確保を促進することを目的に、住居の 借り上げに必要となる資金の償還免除付 きの無利子無担保の住宅資金貸付を実施 する。,2,公益社団法人沖縄県 母子寡婦福祉連合会,R6.4.1 ～ R7.3.31,"71,550",ＮＰＯ等,ＮＰＯ等,,,not_selected,Source-universe row extraction only; inclusion does not approve the relation or amount.
204,28,こども未来部,女性力・ダイ バーシティ推 進課,1,10,性の多様性に関する 理解促進に向けた啓 発業務,性の多様性に関する普及啓発を行うととも にパートナーシップ制度について広く県民 に周知し、スムーズな制度導入に向けた 機運醸成を図るための各種啓発活動を行 う。,1,NPO法人レインボー ハートokinawa,R6.12.6 ～ R7.3.19,"3,896",ＮＰＯ等,ＮＰＯ等,,,not_selected,Source-universe row extraction only; inclusion does not approve the relation or amount.
205,28,こども未来部,女性力・ダイ バーシティ推 進課,1,12,沖縄県男女共同参画 センター事業,男女共同参画センターにおける各種講 座、研修会、講演会、相談業務等の実施,2,公益財団法人おきな わ女性財団,R6.4.1 ～ R7.3.31,"42,656",行政,一緒に,,,not_selected,Source-universe row extraction only; inclusion does not approve the relation or amount.
206,29,こども未来部,女性力・ダイ バーシティ推 進課,1,12,女性人材育成事業 「てぃるる塾」,若い世代の女性のスキルアップやネット ワーク構築を目的とした講座の開催,2,公益財団法人おきな わ女性財団,R6.4.1 ～ R7.3.31,"7,772",行政,一緒に,,,not_selected,Source-universe row extraction only; inclusion does not approve the relation or amount.
207,29,こども未来部,女性力・ダイ バーシティ推 進課,3,12,沖縄県男女共同参画 センター指定管理,沖縄県男女共同参画センターの管理運営 業務,7,公益財団法人おきな わ女性財団（沖縄県 男女共同参画セン ター管理運営団体）,R2.4.1 ～ R7.3.31,"57,374",行政,ＮＰＯ等,,,not_selected,Source-universe row extraction only; inclusion does not approve the relation or amount.
208,29,こども未来部,女性力・ダイ バーシティ推 進課,1,1,令和6年度性暴力被害 者支援に係る関係機 関等従事者研修業務 委託,性暴力被害者ﾜﾝｽﾄｯﾌﾟ支援ｾﾝﾀｰの中核 機能である相談支援体制を構築するにあ たり、各種関係機関の者等が被害に遭わ れた方の心情や適切な対応等について理 解を深め、互いに連携を図る必要がある ため、性暴力被害者支援に従事する者等 を対象とした研修を実施。,2,公益社団法人 沖縄看護協会,R6.8.20 ～ R7.3.31,852,行政,一緒に,,,not_selected,Source-universe row extraction only; inclusion does not approve the relation or amount.
209,29,こども未来部,女性力・ダイ バーシティ推 進課,1,1,令和6年度性暴力被害 者ﾜﾝｽﾄｯﾌﾟ支援ｾﾝﾀｰ 相談支援業務,令和6年度性暴力被害者ﾜﾝｽﾄｯﾌﾟ支援ｾﾝ ﾀｰ相談支援業務の円滑な推進と被害者に 対する早期かつ適切な支援（電話相談、 面接・ｶｳﾝｾﾘﾝｸﾞ、同行支援）,2,公益社団法人 沖縄看護協会,R6.4.1 ～ R7.3.31,"56,868",行政,行政,,,not_selected,Source-universe row extraction only; inclusion does not approve the relation or amount.
210,29,こども未来部,女性力・ダイ バーシティ推 進課,1,12,令和6年度つながりｻ ﾎﾟｰﾄ支援事業委託,孤独・孤立等で負担を抱える女性が、社会 との絆・つながりを回復することができるよ う相談会を兼ねた居場所づくりを実施。継 続的に支援が必要とされる女性について、 居場所づくりと連動して訪問相談支援を行 う。,8,女性を元気にする会,R6.7.1 ～ R7.3.14,"5,172",行政,一緒に,,,not_selected,Source-universe row extraction only; inclusion does not approve the relation or amount.
211,29,こども未来部,女性力・ダイ バーシティ推 進課,1,1,令和6年度性暴力被害 者ﾜﾝｽﾄｯﾌﾟ支援ｾﾝﾀｰ 相談支援員養成研修 委託,性暴力被害者ﾜﾝｽﾄｯﾌﾟ支援ｾﾝﾀｰの中核 機能である相談支援体制を構築するにあ たり、相談支援員を育成するため、その候 補者等を対象とした研修を実施。,2,公益社団法人 沖縄看護協会,R6.8.1 ～ R7.3.31,"3,423",行政,一緒に,,,not_selected,Source-universe row extraction only; inclusion does not approve the relation or amount.
212,29,こども未来部,女性力・ダイ バーシティ推 進課,1,1,令和6年度沖縄県性暴 力被害者ﾜﾝｽﾄｯﾌﾟ支援 ｾﾝﾀｰ医療関係者研修 業務委託,性暴力被害者に対して被害直後からの総 合的な支援を可能な限り１ｹ所で提供する ことを目的としている。その中でも重要な 位置づけである医療的支援を適切に行う 為に被害に遭われた方の心情や適切な対 応等について理解を深める必要があること から医療従事者を対象とした研修を実施 する。,3,一般社団法人 沖縄県医師会,R6.1.15 ～ R7.3.31,"1,404",行政,一緒に,,,not_selected,Source-universe row extraction only; inclusion does not approve the relation or amount.
213,30,こども未来部,女性力・ダイ バーシティ推 進課,1,1,令和6年度DV防止対 策事業委託,DV加害者に対し暴力行為の変容を働きか けるとともに、加害防止のための予防教育 を通し、男女の人権を尊重する意識を高め ることを目的として、DV加害者更生相談窓 口の設置及びDV防止教育等を行う。,5,更生保護法人 がじゅまる沖縄,R6.4.1 ～ R7.3.31,"9,950",行政,一緒に,,,not_selected,Source-universe row extraction only; inclusion does not approve the relation or amount.
214,30,保健医療介護 部,中部保健所,7,1,難病患者ネットワーク 会議,地域で生活する人工呼吸器装着者（児）に 対し、支援関係者が平時より連携すること で、災害対策に取り組む体制の構築を目 的とする。,1,ＮＰＯ法人アンビシャ ス,R6.5.9 ～ R7.2.7,386,行政,行政,,,not_selected,Source-universe row extraction only; inclusion does not approve the relation or amount.
215,30,保健医療介護 部,中部保健所,9,1,在宅難病患者支援者 研修会,在宅難病患者支援に関わる支援者がコ ミュニケーション支援に関する知識を習 得、実際の機器を体験することで支援の実 際をイメージでき、対象者への支援場面に 役立てられるようになることを目的として研 修会を開催。,1,ＮＰＯ法人アンビシャ ス,R6.11.15 ～ R6.11.15,386,行政,行政,,,not_selected,Source-universe row extraction only; inclusion does not approve the relation or amount.
216,30,保健医療介護 部,中部保健所,9,1,アルコール家族教室,アルコール関連問題を抱えている家族が、 アルコール依存症について正しい知識を 学び、家族同士の交流を行うことで、家族 自身が回復のイメージを持つことが出来る ことを目的とする。,3,一般社団法人おきな わASK,R6.8.23 ～ R6.8.23,342,行政,行政,,,not_selected,Source-universe row extraction only; inclusion does not approve the relation or amount.
217,30,保健医療介護 部,医療政策課,1,1,臨床研修医確保対策 事業,県外で実施される医学生・研修医を対象と した臨床研修病院の合同説明会へ、県内 すべての臨床研修病院が合同で参加し、 県内病院の臨床研修の魅力を効果的・効 率的にPRすることで、県内の臨床研修医 の確保を図る。,3,一般社団法人沖縄県 医師会,H24.4.1 ～ 終期未定,"28,581",ＮＰＯ等,ＮＰＯ等,,,not_selected,Source-universe row extraction only; inclusion does not approve the relation or amount.
218,30,保健医療介護 部,医療政策課,1,1,地域医療連携体制推 進事業,５疾病６事業等（がん対策、脳卒中対策、 急性心筋梗塞対策、糖尿病対策、救急医 療対策、災害医療対策、へき地医療対 策、周産期医療対策、小児救急医療を含 む小児医療対策など）ごとの医療連携体 制を構築することを目的とする。,3,一般社団法人沖縄県 医師会ほか７地区医 師会,H18.4.1 ～ 終期未定,"4,685",ＮＰＯ等,一緒に,,,not_selected,Source-universe row extraction only; inclusion does not approve the relation or amount.
219,30,保健医療介護 部,医療政策課,1,8,令和６年度沖縄県災 害医療コーディネート 研修実施業務,災害医療に携わる県及び市町村の行政職 員、保健医療関係者を対象として、大規模 災害時の医療救護活動の調整に関する研 修を実施することにより、災害医療体制の 充実・強化を図る。,1,特定非営利活動法人 災害医療ACT研究所,R6.11.20 ～ R7.2.28,"3,228",ＮＰＯ等,ＮＰＯ等,,,not_selected,Source-universe row extraction only; inclusion does not approve the relation or amount.
220,31,保健医療介護 部,医療政策課,4,1,地域医療構想機能連 携強化事業（おきなわ 津梁ネットワーク）,病院・診療所間の切れ目のない医療情報 連携を可能とするため、医療機関相互の ネットワーク構築を図るとともに、津波など による診療情報流出防止の観点から、防 災上安全な地域にデータサーバーを設置 し、診療情報等のデータを当該サーバーに 標準的な形式で保存することができるよう 設備の整備を行う。,3,一般社団法人沖縄県 医師会,H22.4.1 ～ 終期未定,"40,000",ＮＰＯ等,ＮＰＯ等,,,not_selected,Source-universe row extraction only; inclusion does not approve the relation or amount.
221,31,保健医療介護 部,医療政策課,1,1,へき地医療支援機構 運営事業,へき地離島診療所からの代診医の派遣要 請等、広域的なへき地医療支援事業の企 画・調整等を行い、へき地医療対策の各種 事業を円滑かつ効率的に実施することを 目的とする。,2,公益社団法人地域医 療振興協会,H19.4.1 ～ 終期未定,"33,068",ＮＰＯ等,ＮＰＯ等,,,not_selected,Source-universe row extraction only; inclusion does not approve the relation or amount.
222,31,保健医療介護 部,医療政策課,1,1,勤務医等環境整備事 業,出産・育児・介護等による女性医師等の離 職防止や、復職を希望する医師の再就業 の促進を図るため、相談窓口を設け、仕事 と家庭の両立に関する相談・助言をおこな うとともに、復職を希望する医師に就業先 医療機関や復職支援研修を実施する医療 機関の紹介を行う。,3,一般社団法人沖縄県 医師会,H27.2.1 ～ 終期未定,"4,165",ＮＰＯ等,ＮＰＯ等,,,not_selected,Source-universe row extraction only; inclusion does not approve the relation or amount.
223,31,保健医療介護 部,医療政策課,4,1,医療人育成事業,沖縄県で医師臨床研修を行っている若手 医師の県内定着やスキルアップ、及び臨 床研修病院間の協力関係の構築に伴う臨 床研修環境の向上を図るため、県内全て の基幹型臨床研修病院が連携して取り組 む研修医の育成に対して支援を行う。,3,一般社団法人沖縄県 医師会,H28.4.1 ～ 終期未定,"2,737",ＮＰＯ等,ＮＰＯ等,,,not_selected,Source-universe row extraction only; inclusion does not approve the relation or amount.
224,31,保健医療介護 部,医療政策課,1,1,医療機能分化連携推 進事業,将来不足が見込まれる回復期機能病床の 整備を促進するため、回復期機能等の現 状や課題に関する調査・分析を実施すると ともに、課題解消に向けた勉強会の開催 や必要となる人材の確保に向けた研修会 等を実施する。,3,一般社団法人沖縄県 医師会,H30.10.1 ～ 終期未定,"5,418",ＮＰＯ等,ＮＰＯ等,,,not_selected,Source-universe row extraction only; inclusion does not approve the relation or amount.
225,31,保健医療介護 部,薬務生活衛 生課,1,1,薬剤師確保対策モデ ル事業,奨学金返還予定の薬学生又は返還中の 県外勤務の薬剤師に対し、県内での就業 を条件として奨学金返還額の一部を補助 することで、県内で就業する薬剤師の確保 を図る。,3,一般社団法人沖縄県 薬剤師会,R6.4.1 ～ R7.3.31,"2,796",行政,行政,,,not_selected,Source-universe row extraction only; inclusion does not approve the relation or amount.
226,32,保健医療介護 部,薬務生活衛 生課,4,1,訪問薬剤管理指導推 進事業,訪問薬剤管理指導事業を行っている薬 局、薬剤師による業務研修等を実施し、訪 問薬剤管理指導業務を実施する薬局の増 加を図る。,3,一般社団法人沖縄県 薬剤師会,R6.8.1 ～ R7.3.31,929,ＮＰＯ等,ＮＰＯ等,,,not_selected,Source-universe row extraction only; inclusion does not approve the relation or amount.
227,32,保健医療介護 部,薬務生活衛 生課,4,1,薬剤師確保対策事業,沖縄県内に勤務する薬剤師を確保するた めの全国の薬科大学をはじめ、薬剤師就 職合同説明会、薬剤師国家試験合格ゼミ ナールにおける進路相談会等へ出向き、 就職斡旋を実施する。また、広告等を活用 し県内での就業を促進する。,3,一般社団法人沖縄県 薬剤師会,R6.7.1 ～ R7.3.31,"1,864",ＮＰＯ等,ＮＰＯ等,,,not_selected,Source-universe row extraction only; inclusion does not approve the relation or amount.
228,32,保健医療介護 部,薬務生活衛 生課,4,1,認定薬剤師育成支援 事業,国が2025年までに構築を目指している地 域包括ケアシステムを推進するにあたり、 高度薬学管理機能を発揮できる薬剤師・ 薬局が必要となっている。学会等が認定す る認定（専門）薬剤師の資格取得ができる よう支援を行い、認定（専門）薬剤師の増 加を図る。,3,一般社団法人沖縄県 薬剤師会,R6.8.1 ～ R7.3.31,105,ＮＰＯ等,ＮＰＯ等,,,not_selected,Source-universe row extraction only; inclusion does not approve the relation or amount.
229,32,保健医療介護 部,薬務生活衛 生課,4,19,生活衛生営業指導セ ンター育成事業,生活衛生関係営業の経営の健全化、生活 衛生同業組合の育成等について助言・指 導を行う沖縄県生活衛生営業指導セン ターの人件費及び事業費について補助を 行う。,2,公益財団法人沖縄県 生活衛生営業指導セ ンター,R6.4.1 ～ R7.3.31,"16,851",ＮＰＯ等,ＮＰＯ等,,,not_selected,Source-universe row extraction only; inclusion does not approve the relation or amount.
230,32,保健医療介護 部,薬務生活衛 生課,1,19,沖縄振興開発金融公 庫及び日本政策金融 公庫（生活衛生資金貸 付）の一般貸付に係る 沖縄県知事の推せん 事務委託,沖縄振興開発金融公庫及び日本政策金 融公庫への融資、経営指導を行っている 専門性、優位性を活かして、沖縄振興開 発金融公庫及び日本政策金融公庫（生活 衛生資金貸付）の一般貸付に係る沖縄県 知事の推せん事務の業務を実施する。,2,公益財団法人沖縄県 生活衛生営業指導セ ンター,R6.4.1 ～ R7.3.31,152,ＮＰＯ等,ＮＰＯ等,,,not_selected,Source-universe row extraction only; inclusion does not approve the relation or amount.
231,32,保健医療介護 部,薬務生活衛 生課,1,9,薬物乱用防止特別啓 発事業,地域における薬物乱用防止啓発活動の充 実及び強化を図るため、街頭キャンペーン や薬物乱用防止教室等を実施する。,8,沖縄県薬物乱用防止 協会,H17.4.1 ～ 終期未定,"2,800",一緒に,一緒に,,,not_selected,Source-universe row extraction only; inclusion does not approve the relation or amount.
232,32,保健医療介護 部,薬務生活衛 生課,1,1,沖縄県「薬と健康の週 間」にかかる啓発事業,医薬品や薬剤師、登録販売者等（以下、 「薬剤師等」という。）の専門家の役割に関 する正しい知識を広く県民に浸透させるこ とにより、県民の保健衛生の維持向上に 寄与することを目的とする。,3,一般財団法人 沖縄 県薬剤師会,R1.10.1 ～ 終期未定,499,一緒に,一緒に,,,not_selected,Source-universe row extraction only; inclusion does not approve the relation or amount.
233,33,保健医療介護 部,宮古保健所,8,1,令和6年度 難病対策 地域ネットワーク会議,医療的ケアを必要とす在宅難病等療養者 の災害時対策等について、関係機関等と 緊密な連携を図りながら個別支援体制の 構築を目指す。,1,ＮＰＯ法人アンビシャ ス,R6.6.25 R6.6.25,0,行政,行政,,,not_selected,Source-universe row extraction only; inclusion does not approve the relation or amount.
234,33,保健医療介護 部,宮古保健所,1,7,宮古保健所庁舎敷地 内の除草及び木の剪 定作業委託,宮古保健所庁舎敷地内の除草及び木の 剪定作業を行い、環境の美化を図る,1,ＮＰＯ法人すこやか ネット,R6.12.10 R6.12.10,80,行政,ＮＰＯ等,,,not_selected,Source-universe row extraction only; inclusion does not approve the relation or amount.
235,33,保健医療介護 部,衛生環境研 究所,8,1,環境DNAによるハブク ラゲのモニタリング手 法の野外研究（ハブク ラゲ等危害防止対策 事業）,ハブクラゲ等の海洋危険生物による県民 への危害を防止する目的で、環境DNAに よるハブクラゲのモニタリング手法につい て研究する。,3,一般財団法人沖縄美 ら島財団,R6.12.13 ～ R7.3.31,519,行政,一緒に,,,not_selected,Source-universe row extraction only; inclusion does not approve the relation or amount.
236,33,保健医療介護 部,地域保健課,4,1,小児慢性特定疾患児 人工呼吸器用外部 バッテリー等貸与事業,小児慢性特定疾病児童等の安定した療養 生活の確保のため、人工呼吸器等を装着 する在宅療養児に対して、外部バッテリー 等の予備電源を貸与することにより、台風 等に伴う停電時の安全確保を図る。,1,NPO法人アンビシャス,H24.5.31 ～ 終期未定,"4,612",一緒に,ＮＰＯ等,,,not_selected,Source-universe row extraction only; inclusion does not approve the relation or amount.
237,33,保健医療介護 部,地域保健課,4,1,沖縄県小児慢性特定 疾病児自立支援事業 に係るピアカウンセリ ング業務,小児慢性特定疾病児やその家族に対し て、ピアカウンセリングによる精神的なサ ポートを行うほか、県内各地域の関係団体 を支援し、新たなピアサポーターの育成を 行うことにより、患者家族の自立促進に向 けた支援体制の構築を図る。,1,NPO法人子ども医療 支援わらびの会,H28.4.1 ～ 終期未定,"1,233",ＮＰＯ等,ＮＰＯ等,,,not_selected,Source-universe row extraction only; inclusion does not approve the relation or amount.
238,33,保健医療介護 部,地域保健課,1,1,ゲートキーパー養成研 修講師派遣事業,自殺対策として、各種団体等へのゲート キーパー養成のため、講師を派遣する,3,一般社団法人沖縄県 公認心理師協会,R6.5.24 ～ R7.3.31,493,一緒に,ＮＰＯ等,,,not_selected,Source-universe row extraction only; inclusion does not approve the relation or amount.
239,33,保健医療介護 部,地域保健課,1,1,ゲートキーパー養成研 修講師派遣事業,自殺対策として、各種団体等へのゲート キーパー養成のため、講師を派遣する,3,一般社団法人日本産 業カウンセラー協会 沖縄支部,R6.5.24 ～ R7.3.31,230,一緒に,ＮＰＯ等,,,not_selected,Source-universe row extraction only; inclusion does not approve the relation or amount.
240,34,保健医療介護 部,地域保健課,1,1,ひきこもり支援体制構 築加速化事業,ひきこもり状態にある本人同士をつなげる オンライン居場所づくり及びオンライン交 流の場の設置,1,NPO法人 はじめまし た。,R6.4.1 ～ R7.3.31,988,ＮＰＯ等,ＮＰＯ等,,,not_selected,Source-universe row extraction only; inclusion does not approve the relation or amount.
241,34,保健医療介護 部,地域保健課,4,1,電話相談員人材育成 事業,沖縄いのちの電話相談員の資質向上を図 ることを目的に相談員勉強会及びスーパ バイズ相談会の実施,4,社会福祉法人沖縄い のちの電話,R6.4.1 ～ R7.3.31,"1,400",ＮＰＯ等,ＮＰＯ等,,,not_selected,Source-universe row extraction only; inclusion does not approve the relation or amount.
242,34,保健医療介護 部,地域保健課,4,1,自殺対策フォーラム （普及啓発事業）,自殺対策に関する県民向けフォーラムを 開催することで、県民が自殺対策に関心を 持ち、また正しい知識を獲得する目的とす る,3,一般社団法人那覇市 医師会,R6.4.1 ～ R7.3.31,350,ＮＰＯ等,ＮＰＯ等,,,not_selected,Source-universe row extraction only; inclusion does not approve the relation or amount.
243,34,保健医療介護 部,地域保健課,1,1,地域連携による依存 症早期発見、早期対 応、継続支援モデル事 業,地域での医療連携による依存症患者の早 期発見から、早期対応、継続的なサポート を実施し、依存症患者を適切な治療、支援 に確実に結びつけることを目的とする。,5,医療法人タピック 沖縄リハビリテーショ ンセンター病院,R6.4.1 ～ R7.3.31,"1,995",ＮＰＯ等,ＮＰＯ等,,,not_selected,Source-universe row extraction only; inclusion does not approve the relation or amount.
244,34,保健医療介護 部,地域保健課,1,1,地域連携による依存 症早期発見、早期対 応、継続支援モデル事 業,地域での医療連携による依存症患者の早 期発見から、早期対応、継続的なサポート を実施し、依存症患者を適切な治療、支援 に確実に結びつけることを目的とする。,5,沖縄県医療生活協同 組合沖縄協同病院,R6.4.1 ～ R7.3.31,"1,660",ＮＰＯ等,ＮＰＯ等,,,not_selected,Source-universe row extraction only; inclusion does not approve the relation or amount.
245,34,保健医療介護 部,地域保健課,1,1,都道府県臓器移植連 絡調整者設置事業費,県臓器移植コーディネーターを設置し、臓 器移植に関する関係機関との連絡調整及 び県民への普及啓発を行う。,2,（公財）沖縄県保健医 療福祉事業団,H10.4.1 ～ 終期未定,"3,264",行政,一緒に,,,not_selected,Source-universe row extraction only; inclusion does not approve the relation or amount.
246,34,保健医療介護 部,地域保健課,9,10,ハンセン病問題から学 ぶ人権啓発講演会,小中学校においてハンセン病問題に関す る人権啓発講演会を実施。,6,沖縄愛楽園自治会,H29.4.1 ～ 終期未定,0,行政,一緒に,,,not_selected,Source-universe row extraction only; inclusion does not approve the relation or amount.
247,34,保健医療介護 部,地域保健課,1,1,沖縄県精神科救急医 療体制整備事業,沖縄県内において、緊急な医療を必要と する全ての精神障害者等が、迅速かつ適 正な医療を受けられるように、沖縄県が精 神科救急医療体制を確保することを目的 とする。,3,一般財団法人沖縄県 精神保健福祉協会,H10.6.1 ～ 終期未定,"14,775",行政,ＮＰＯ等,,,not_selected,Source-universe row extraction only; inclusion does not approve the relation or amount.
248,35,保健医療介護 部,地域保健課,1,1,沖縄県精神科救急医 療体制整備事業,沖縄県内において、緊急な医療を必要と する全ての精神障害者等が、迅速かつ適 正な医療を受けられるように、沖縄県が精 神科救急医療体制を確保することを目的 とする。,8,沖縄県精神科病院協 会,H10.6.1 ～ 終期未定,"23,143",行政,ＮＰＯ等,,,not_selected,Source-universe row extraction only; inclusion does not approve the relation or amount.
249,35,保健医療介護 部,地域保健課,4,1,精神保健福祉普及大 会,地域社会における精神保健及び精神障害 者の福祉に関する理解を深め、精神障害 者の早期治療並びにその社会復帰及び自 立と社会参加の促進を図ることを目的に 開催,3,一般財団法人沖縄県 精神保健福祉協会,R6.4.1 ～ R7.3.31,780,ＮＰＯ等,ＮＰＯ等,,,not_selected,Source-universe row extraction only; inclusion does not approve the relation or amount.
250,35,保健医療介護 部,地域保健課,1,1,ＭＳＭを対象としたＨＩ Ｖ／エイズ等の性感染 症に関する普及啓発 事業,県内ではＨＩＶ感染者・エイズ患者の報告 数が多く、2005年以降は男性が7～9割を 占める。男性間性的接触者（ＭＳＭ）など 個別施策層に焦点をあて、普及啓発活動 の強化、保健所等における検査・検査体 制の周知を図る,1,ｎａｎｋｒ沖縄,R6.8.1 ～ R7.2.28,500,ＮＰＯ等,ＮＰＯ等,,,not_selected,Source-universe row extraction only; inclusion does not approve the relation or amount.
251,35,保健医療介護 部,地域保健課,4,1,原子爆弾被爆者健康 診断実施事業、原爆 被爆者諸手当支給事 業,・被爆者健康診断時の立ち合い補助業務 ・介護保険利用助成金の申請手続の補助 業務 ・他県照会等に係る調査への情報提供等,8,沖縄県原爆被爆者協 議会,～ 終期未定,713,ＮＰＯ等,ＮＰＯ等,,,not_selected,Source-universe row extraction only; inclusion does not approve the relation or amount.
252,35,保健医療介護 部,地域保健課,1,1,難病相談支援センター 事業,地域で生活する難病患者・家族等への相 談支援や地域交流活動の促進、就労支援 等を推進する。,1,ＮＰＯ法人アンビシャ ス,R6.4.1 ～ R7.3.31,"9,726",ＮＰＯ等,ＮＰＯ等,,,not_selected,Source-universe row extraction only; inclusion does not approve the relation or amount.
253,35,保健医療介護 部,地域保健課,4,1,難病患者人工呼吸器 用外部バッテリー等貸 与事業,難病患者等の安定した療養生活の質の向 上を図るため、在宅難病患者等へ人工呼 吸器用の外部バッテリー等を在宅難病患 者支援機関を通して貸与することにより、 台風襲来時等に伴う停電時の電源確保を 図る。,1,ＮＰＯ法人アンビシャ ス,H24.5.31 ～ 終期未定,"1,470",行政,ＮＰＯ等,,,not_selected,Source-universe row extraction only; inclusion does not approve the relation or amount.
254,35,保健医療介護 部,健康長寿課,1,1,節度ある適度な飲酒 サポート事業,・職場におけるアルコール対策調査の実 施 ・出前講座の実施,3,一般社団法人おきな わASK,R6.5 ～ R7.3,994,行政,一緒に,,,not_selected,Source-universe row extraction only; inclusion does not approve the relation or amount.
255,35,保健医療介護 部,健康長寿課,1,1,がん検診充実強化促 進事業,がん検診の精度向上ため、検診機関（医 療機関）における実態を把握し、改善に向 けた助言等を行うとともに、がん検診従事 者の人材育成を行うための研修会等を開 催する。,3,一般社団法人沖縄県 医師会,H30 ～ 終期未定,"17,000",行政,一緒に,,,not_selected,Source-universe row extraction only; inclusion does not approve the relation or amount.
256,36,保健医療介護 部,健康長寿課,1,1,飲食店受動喫煙状況 調査,改正健康増進法の周知と法の適正運用を 図るため、県内飲食店（那覇市を除く）にお ける禁煙状況を把握し、必要な受動喫煙 対策につなげる事を目的に調査を実施。,3,一般社団法人沖縄県 食品衛生協会,R2.5.1 ～ 終期未定,"1,240",一緒に,行政,,,not_selected,Source-universe row extraction only; inclusion does not approve the relation or amount.
257,36,保健医療介護 部,健康長寿課,1,1,いきいき健康づくりヘ ルスアップ事業,生活習慣病の発症及び重症化予防を目指 し、バランスの良い食生活の普及のため、 地域での食生活改善を基本とした実践活 動を推進する。,8,沖縄県食生活改善推 進員連絡協議会,H20.11 ～ 終期未定,160,ＮＰＯ等,ＮＰＯ等,,,not_selected,Source-universe row extraction only; inclusion does not approve the relation or amount.
258,36,保健医療介護 部,健康長寿課,5,1,第3回うりずんフェスタ,健康的な生活習慣の普及啓発を図るた め、県民向けの健康づくり啓発イベント「う りずんフェスタ」を開催する。,3,一般社団法人沖縄県 医師会,R5 ～ 終期未定,"2,935",一緒に,一緒に,,,not_selected,Source-universe row extraction only; inclusion does not approve the relation or amount.
259,36,保健医療介護 部,健康長寿課,5,1,第4回うりずんフェスタ,健康的な生活習慣の普及啓発を図るた め、県民向けの健康づくり啓発イベント「う りずんフェスタ」へブースを出展し、歯科疾 患の予防に関する啓発活動を実施。,3,一般社団法人沖縄県 歯科医師会,R6 ～ 終期未定,0,一緒に,一緒に,,,not_selected,Source-universe row extraction only; inclusion does not approve the relation or amount.
260,36,保健医療介護 部,健康長寿課,8,1,第48回沖縄の産業ま つり,沖縄の産業まつりへブース出展し、啓発活 動を実施 （健康関連の啓発活動で出展し、那覇地 区薬剤師会は骨密度測定、お薬相談等を 実施）,3,一般社団法人那覇地 区薬剤師会,R6 ～ 終期未定,0,行政,一緒に,,,not_selected,Source-universe row extraction only; inclusion does not approve the relation or amount.
261,36,保健医療介護 部,健康長寿課,8,1,第48回沖縄の産業ま つり,沖縄の産業まつりへブース出展し、啓発活 動を実施 （健康関連の啓発活動で出展し、歯科医 師会は歯科医師のお仕事紹介等を実施）,3,一般社団法人沖縄県 歯科医師会,R6 ～ 終期未定,0,行政,一緒に,,,not_selected,Source-universe row extraction only; inclusion does not approve the relation or amount.
262,36,保健医療介護 部,健康長寿課,8,1,おきなわ花と食のフェ スティバルへの出展協 力,おきなわ花と食のフェスティバルへブース 出展し、啓発活動を実施 （食育及び健康関連の啓発活動で出展し、 栄養士会はお箸文化の紹介等を実施）,2,公益社団法人沖縄県 栄養士会,R5 ～ 終期未定,78,行政,一緒に,,,not_selected,Source-universe row extraction only; inclusion does not approve the relation or amount.
263,36,保健医療介護 部,健康長寿課,1,1,出前・歯と口の健康講 座事業,歯と口の健康に関する知識を普及し、むし 歯や歯周病の具体的な予防方法を普及す るため、出前の講座を行う,3,一般社団法人沖縄県 歯科衛生士会,H27 ～ 終期未定,"1,500",行政,一緒に,,,not_selected,Source-universe row extraction only; inclusion does not approve the relation or amount.
264,37,保健医療介護 部,健康長寿課,1,1,沖縄県歯科口腔保健 啓発月間事業,県民の歯科口腔保健に対する関心と理解 を深めるためにイベントや講演会等啓発 活動を行う,3,一般社団法人沖縄県 歯科衛生士会,R5 ～ 終期未定,"2,500",行政,一緒に,,,not_selected,Source-universe row extraction only; inclusion does not approve the relation or amount.
265,37,保健医療介護 部,健康長寿課,1,1,親子で歯っぴープロ ジェクト（5歳児版）,①就学時健診での歯科保健指導内容の 標準化 ②モデル３市（名護市、豊見城市、糸満 市）での学年に応じた歯科保健学習用資 料の活用促進等,2,公益社団法人沖縄県 小児保健協会,R3 ～ R7,"10,892",行政,一緒に,,,not_selected,Source-universe row extraction only; inclusion does not approve the relation or amount.
266,37,保健医療介護 部,健康長寿課,1,1,かかりつけ歯科医推進 事業,かかりつけ歯科医を推進し、県民が定期 歯科検診や歯石除去等を受けることを目 的とする,3,一般社団法人沖縄県 歯科医師会,R4 ～ 終期未定,"3,274",行政,一緒に,,,not_selected,Source-universe row extraction only; inclusion does not approve the relation or amount.
267,37,保健医療介護 部,健康長寿課,1,1,障害児者歯科保健対 策支援事業,障害者入所施設で歯科健診等の実施,3,一般社団法人沖縄県 歯科医師会,R5 ～ R9,"2,132",行政,一緒に,,,not_selected,Source-universe row extraction only; inclusion does not approve the relation or amount.
268,37,保健医療介護 部,地域包括ケ ア推進課,1,1,訪問看護支援事業,在宅医療・介護サービスの充実に向けて､ 訪問看護師の人材育成と在宅ケアサービ スの質向上を支援・推進するための拠点・ 支援体制整備を行う。,2,公益社団法人沖縄県 看護協会,R6.4.1 ～ R7.3.31,"13,623",一緒に,ＮＰＯ等,,,not_selected,Source-universe row extraction only; inclusion does not approve the relation or amount.
269,37,保健医療介護 部,地域包括ケ ア推進課,1,1,高齢者虐待対応力向 上事業,高齢者虐待や高齢者権利擁護に対する取 り組みを推進し、対応力の向上を図るた め、市町村職員を対象とした高齢者虐待 困難事例等に関する相談窓口の設置、高 齢者虐待対応・防止研修会の実施する。,3,一般社団法人沖縄県 社会福祉士会,R6.4.1 ～ R7.3.31,"4,128",一緒に,一緒に,,,not_selected,Source-universe row extraction only; inclusion does not approve the relation or amount.
270,37,保健医療介護 部,地域包括ケ ア推進課,1,1,沖縄県生活支援コー ディネーター養成研修 等事業,介護保険法に基づく生活支援体制整備事 業に関わる生活支援コーディネーターの養 成研修等を体系的（基礎、応用等）に実施 する。,1,特定非営利活動法人 全国コミュニティーラ イフサポートセンター,R6.5.9 ～ R7.3.31,"6,097",一緒に,一緒に,,,not_selected,Source-universe row extraction only; inclusion does not approve the relation or amount.
271,37,保健医療介護 部,地域包括ケ ア推進課,4,1,社会参加促進事業,沖縄県老人クラブ連合会が行う各種事業 を補助することにより、老人クラブの活性 化を図り、高齢者の社会参加を促進する。,2,公益財団法人沖縄県 老人クラブ連合会,R6.4.1 ～ R7.3.31,"22,403",ＮＰＯ等,ＮＰＯ等,,,not_selected,Source-universe row extraction only; inclusion does not approve the relation or amount.
272,38,保健医療介護 部,地域包括ケ ア推進課,1,1,在宅医療介護連携支 援事業,在宅医療需要に対応するため、在宅医療 の実態を把握し、患者が住み慣れた地域 で安心して療養生活を送ることができるよ う、在宅医療提供体制の構築を図る。,3,一般社団法人沖縄県 医師会,R6.4.1 ～ R7.3.31,"13,155",一緒に,一緒に,,,not_selected,Source-universe row extraction only; inclusion does not approve the relation or amount.
273,38,保健医療介護 部,地域包括ケ ア推進課,1,1,入退院支援連携デザ イン事業,市町村の地域包括ケアシステムの構築に 向けて、入退院支援連携に関する取組を 支援する。,3,一般社団法人沖縄県 医療ソーシャルワー カー協会,R6.4.1 ～ R7.3.31,"4,954",一緒に,一緒に,,,not_selected,Source-universe row extraction only; inclusion does not approve the relation or amount.
274,38,保健医療介護 部,地域包括ケ ア推進課,1,1,在宅・介護施設等療養 者への継続的な在宅 歯科診療の提供のた めの他職種連携事業,在宅並びに介護施設等で療養する者に対 し、訪問歯科診療を中断することなく実施 するため、他職種連携の基盤構築に向け た取組を支援する。,3,一般社団法人沖縄県 歯科医師会,R6.5.8 ～ R7.3.31,"2,400",一緒に,一緒に,,,not_selected,Source-universe row extraction only; inclusion does not approve the relation or amount.
275,38,保健医療介護 部,地域包括ケ ア推進課,1,1,多職種連携ケアマネジ メント基盤強化促進事 業,地域ケア個別会議を構成する専門職人材 の資質向上等を目的に市町村・地域包括 支援センター職員・専門職の実務研修を 実施する。,2,公益社団法人沖縄県 理学療法士協会,R5.4.1 ～ R7.3.31,"2,000",一緒に,ＮＰＯ等,,,not_selected,Source-universe row extraction only; inclusion does not approve the relation or amount.
276,38,保健医療介護 部,地域包括ケ ア推進課,1,1,地域支援事業等市町 村支援アドバイザリー 事業,市町村において、地域支援事業を効果的 に実施出来るよう、医療・介護の専門職を 派遣し伴走的支援を行うとともに、市町村 等職員の資質向上を支援するための研修 を実施する。,2,公益社団法人沖縄県 理学療法士協会,R5.4.1 ～ R7.3.31,"6,428",一緒に,ＮＰＯ等,,,not_selected,Source-universe row extraction only; inclusion does not approve the relation or amount.
277,38,保健医療介護 部,地域包括ケ ア推進課,1,1,地域リハビリ専門職等 広域調整等事業,市町村における地域リハビリテーション活 動支援事業に関するコーディネート業務、 リハビリ専門職等に対する研修を実施す る。,3,一般社団法人沖縄県 リハビリテーション専 門職協会,R6.4.1 ～ R7.3.31,"2,634",一緒に,ＮＰＯ等,,,not_selected,Source-universe row extraction only; inclusion does not approve the relation or amount.
278,38,保健医療介護 部,地域包括ケ ア推進課,1,1,沖縄県認知症疾患医 療センター運営事業,保健医療、介護機関等と連携を図りなが ら、認知症疾患に関する鑑別診断、急性 期治療、専門医療相談、診断後の相談支 援等を実施するとともに、地域保健医療等 関係者への研修等を実施する。,5,国立大学法人琉球大 学 琉球大学病院,R6.4.1 ～ R7.3.31,"10,074",一緒に,一緒に,,,not_selected,Source-universe row extraction only; inclusion does not approve the relation or amount.
279,39,保健医療介護 部,地域包括ケ ア推進課,1,1,沖縄県認知症疾患医 療センター運営事業,保健医療、介護機関等と連携を図りなが ら、認知症疾患に関する鑑別診断、急性 期治療、専門医療相談、診断後の相談支 援等を実施するとともに、地域保健医療等 関係者への研修等を実施する。,5,医療法人タピック 宮里病院,R6.4.1 ～ R7.3.31,"5,621",一緒に,一緒に,,,not_selected,Source-universe row extraction only; inclusion does not approve the relation or amount.
280,39,保健医療介護 部,地域包括ケ ア推進課,1,1,沖縄県認知症疾患医 療センター運営事業,保健医療、介護機関等と連携を図りなが ら、認知症疾患に関する鑑別診断、急性 期治療、専門医療相談、診断後の相談支 援等を実施するとともに、地域保健医療等 関係者への研修等を実施する。,5,医療法人タピック 沖縄リハビリテーショ ン病院,R6.4.1 ～ R7.3.31,"5,621",一緒に,一緒に,,,not_selected,Source-universe row extraction only; inclusion does not approve the relation or amount.
281,39,保健医療介護 部,地域包括ケ ア推進課,1,1,沖縄県認知症疾患医 療センター運営事業,保健医療、介護機関等と連携を図りなが ら、認知症疾患に関する鑑別診断、急性 期治療、専門医療相談、診断後の相談支 援等を実施するとともに、地域保健医療等 関係者への研修等を実施する。,5,医療法人社団輔仁会 嬉野が丘サマリヤ人 病院,R6.4.1 ～ R7.3.31,"5,621",一緒に,一緒に,,,not_selected,Source-universe row extraction only; inclusion does not approve the relation or amount.
282,39,保健医療介護 部,地域包括ケ ア推進課,1,1,沖縄県認知症疾患医 療センター運営事業,保健医療、介護機関等と連携を図りなが ら、認知症疾患に関する鑑別診断、急性 期治療、専門医療相談、診断後の相談支 援等を実施するとともに、地域保健医療等 関係者への研修等を実施する。,5,医療法人天仁会 天久台病院,R6.4.1 ～ R7.3.31,"5,621",一緒に,一緒に,,,not_selected,Source-universe row extraction only; inclusion does not approve the relation or amount.
283,39,保健医療介護 部,地域包括ケ ア推進課,1,1,沖縄県認知症疾患医 療センター運営事業,保健医療、介護機関等と連携を図りなが ら、認知症疾患に関する鑑別診断、急性 期治療、専門医療相談、診断後の相談支 援等を実施するとともに、地域保健医療等 関係者への研修等を実施する。,5,医療法人たぶの木 うむやすみゃあす・ん 診療所,R6.4.1 ～ R7.3.31,"2,464",一緒に,一緒に,,,not_selected,Source-universe row extraction only; inclusion does not approve the relation or amount.
284,39,保健医療介護 部,地域包括ケ ア推進課,1,1,沖縄県若年性認知症 支援推進事業,若年性認知症支援コーディネーターの配 置等を通して、孤立しやすい若年性認知 症の人やその家族が、お互いに支え合う ことのできるネットワークを構築するととも に、研修開催やリーフレットの活用等によ り若年性認知症に関する理解の促進及び 普及啓発を行う。,5,特定医療法人アガペ 会,R6.4.1 ～ R7.3.31,"14,085",一緒に,一緒に,,,not_selected,Source-universe row extraction only; inclusion does not approve the relation or amount.
285,39,保健医療介護 部,地域包括ケ ア推進課,1,1,認知症サポート医養成 研修事業,認知症の人の診療に習熟し、かかりつけ 医等への助言その他の支援を行い、専門 医療機関や地域包括支援センター等との 連携の推進役となる認知症サポート医を 養成する。,5,国立研究開発法人 国立長寿医療研究セ ンター,R6.5.13 ～ R7.3.31,400,一緒に,ＮＰＯ等,,,not_selected,Source-universe row extraction only; inclusion does not approve the relation or amount.
286,40,保健医療介護 部,地域包括ケ ア推進課,1,1,認知症初期集中支援 チーム員研修事業業 務委託,地域において、認知症の早期診断･早期 対応に向けた支援体制の構築を図るた め、認知症の人やその家族に早期に関わ る認知症初期集中支援チーム員としての 必要な知識・技能を習得するための研修 を実施する。,5,国立研究開発法人 国立長寿医療研究セ ンター,R6.6.6 ～ R7.3.31,760,一緒に,ＮＰＯ等,,,not_selected,Source-universe row extraction only; inclusion does not approve the relation or amount.
287,40,保健医療介護 部,地域包括ケ ア推進課,1,1,認知症地域支援推進 員研修事業,認知症の人が住み慣れた地域で安心して 暮らし続けるために、医療機関や介護 サービス及び地域の支援機関の間の連携 を図るための支援や、認知症の人やその 家族に対する相談支援等を行う認知症地 域支援推進員への研修を実施する。,5,社会福祉法人浴風会 認知症介護研究・研 修東京センター,R6.5.13 ～ R7.3.31,"2,280",一緒に,ＮＰＯ等,,,not_selected,Source-universe row extraction only; inclusion does not approve the relation or amount.
288,40,保健医療介護 部,地域包括ケ ア推進課,1,1,沖縄県看護職員認知 症対応力向上研修事 業,看護職員に対し、医療機関等に入院から 退院までのプロセスに沿った必要な基本 知識や、個々の認知症の特徴等に対する 実践的な対応力を習得し、同じ医療機関 等の看護職員に対し伝達をすることで、医 療機関内等での認知症ケアの適切な実施 とマネジメント体制の構築を目的とする。,2,公益社団法人沖縄県 看護協会,R6.4.1 ～ R7.3.31,"1,130",行政,一緒に,,,not_selected,Source-universe row extraction only; inclusion does not approve the relation or amount.
289,40,保健医療介護 部,地域包括ケ ア推進課,1,1,沖縄県薬剤師認知症 対応力向上研修事業,薬局・薬剤師に対し、認知症の人本人とそ の家族を支えるために必要な基本知識 や、医療と介護の連携の重要性等を習得 するための研修を実施することにより、認 知症の疑いのある人に早期に気づき、か かりつけ医等と連携して対応するとともに、 その後も認知症の人の状況に応じた薬学 的管理を適切に行い、認知症の人への支 援体制構築の担い手となることを目的とす る。,3,一般社団法人 沖縄 県薬剤師会,R6.8.6 ～ R7.3.31,295,行政,一緒に,,,not_selected,Source-universe row extraction only; inclusion does not approve the relation or amount.
290,40,保健医療介護 部,地域包括ケ ア推進課,1,1,沖縄県歯科医師認知 症対応力向上研修事 業,歯科医師に対し、認知症の人本人とその 家族を支えるために必要な基本知識や、 医療と介護の連携の重要性等を習得する ための研修を実施することにより、認知症 の疑いのある人に早期に気づき、かかりつ け医等と連携して対応するとともに、その 後も認知症の人の状況に応じた歯科治 療・口腔管理を適切に行い、認知症の人 への支援体制構築の担い手となることを 目的とする。,3,一般社団法人 沖縄 県歯科医師会,R6.8.27 ～ R7.3.31,629,行政,一緒に,,,not_selected,Source-universe row extraction only; inclusion does not approve the relation or amount.
291,41,保健医療介護 部,地域包括ケ ア推進課,1,1,成年後見制度利用促 進事業,市町村等の成年後見制度に対する取り組 みを推進することを目的として、相談窓口 の設置、研修会等を実施する。,3,一般社団法人沖縄県 社会福祉士会,R6.4.1 ～ R7.3.31,"1,887",一緒に,一緒に,,,not_selected,Source-universe row extraction only; inclusion does not approve the relation or amount.
292,41,保健医療介護 部,地域包括ケ ア推進課,1,1,高齢者自身の取組み 支援事業,高齢者の生きがいと健康づくりを推進する ため、全国健康福祉祭（ねんりんピック）選 手等派遣事業、沖縄ねんりんピック開催事 業、かりゆし美術展開催事業、沖縄県かり ゆし長寿大学校運営事業等を実施する。,4,社会福祉法人沖縄県 社会福祉協議会,R6.4.1 ～ R7.3.31,"59,373",行政,一緒に,,,not_selected,Source-universe row extraction only; inclusion does not approve the relation or amount.
293,41,保健医療介護 部,地域包括ケ ア推進課,7,1,「超高齢社会に対応す る公共私の連携」に関 する万国津梁会議,県が広域的立場から市町村と多様な主体 とを接続する枠組みを構築し、高齢者の生 活課題に対応する多様な主体による連 携・協働サービスの創出を支援するための 仕組みを議論する有識者会議を開催し た。,1,特定非営利活動法人 いきがいLABO,R6.10.21 ～ R7.3.14,34,行政,行政,,,not_selected,Source-universe row extraction only; inclusion does not approve the relation or amount.
294,41,保健医療介護 部,地域包括ケ ア推進課,7,1,高齢者の生活課題の 解決に向けた官民連 携ワーキンググループ,高齢者の生活課題の解決に向け、多様な 主体の連携・協働によるサービス開発の 可能性及び事業化に向けた課題解決の糸 口を整理するためのワーキンググループ を開催した。,1,特定非営利活動法人 グランアーク,R6.11.26 ～ R7.3.21,0,行政,行政,,,not_selected,Source-universe row extraction only; inclusion does not approve the relation or amount.
295,41,保健医療介護 部,地域包括ケ ア推進課,1,1,病院勤務の医療従事 者向け及び病院勤務 以外の看護師等認知 症対応力向上研修事 業,病院勤務の医療従事者及び病院勤務以 外の看護師等に対し、認知症の人や家族 を支えるために必要な基本知識や認知症 ケアの原則、医療と介護の連携の重要性 等の知識について習得するための研修を 実施することにより、認知症の疑いのある 人に早期に気づき、地域における認知症 の人への支援体制構築の担い手になるこ とを目的とする。,2,公益社団法人沖縄県 看護協会,R6.4.1 ～ R7.3.31,"1,146",行政,一緒に,,,not_selected,Source-universe row extraction only; inclusion does not approve the relation or amount.
296,41,保健医療介護 部,地域包括ケ ア推進課,1,1,認知症サポート医フォ ローアップ研修事業,認知症サポート医等が、認知症の診断・治 療・ケア等に関する研修、症例検討、グ ループ討議を通じて、地域における認知症 の人への支援体制の充実・強化を図るこ と、また、本研修の機会を活用し、地域に おける認知症サポート医等の連携強化を 図ることを目的とする。,5,国立大学法人琉球大 学 琉球大学病院,R6.10.15 ～ R7.3.31,486,一緒に,一緒に,,,not_selected,Source-universe row extraction only; inclusion does not approve the relation or amount.
297,42,保健医療介護 部,地域包括ケ ア推進課,1,1,認知症介護指導者 フォローアップ研修事 業,認知症介護指導者養成研修修了後1年以 上を経過し、認知症介護実践者研修の講 師等に従事する方等に対して、最新の認 知症介護に関する高度な専門的知識・技 術の習得と、高齢者介護実務者に対する 研修プログラム作成方法及び教育技術の 向上を目的に研修を実施する。,5,社会福祉法人浴風会 認知症介護研究・研 修東京センター,R6.8.15 ～ R7.3.31,380,一緒に,ＮＰＯ等,,,not_selected,Source-universe row extraction only; inclusion does not approve the relation or amount.
298,42,保健医療介護 部,沖縄県立総 合精神保健 福祉センター,9,1,令和６年度 精神保健 福祉担当職員初任者 研修,市町村や保健所及び福祉事務所におい て、新たに精神保健福祉業務に従事する 職員が、精神保健福祉に関する基礎的な 知識を習得することにより、精神障害者へ の理解を深め、精神保健福祉活動を円滑 に行えるようにする。,1,NPO法人名護市障害 者関係団体協議会 地域生活支援セン ターウェーブ,R6.5.15 R6.5.15,12,行政,行政,,,not_selected,Source-universe row extraction only; inclusion does not approve the relation or amount.
299,42,保健医療介護 部,沖縄県立総 合精神保健 福祉センター,5,1,令和６年度 かかりつ け医等心の健康対応 力向上研修,自殺予防の観点から、内科医等のかか りつけ医によるうつ病の早期発見及び早 期治療が可能となる技術を向上させ、かつ 精神科医との連携により、自殺予防対策 の推進を図る。,3,一般社団法人 沖縄 県医師会,R7.1.18 R7.1.18,0,一緒に,一緒に,,,not_selected,Source-universe row extraction only; inclusion does not approve the relation or amount.
300,42,保健医療介護 部,沖縄県立総 合精神保健 福祉センター,10,1,令和６年度 かかりつ け医等心の健康対応 力向上研修企画委員 会,かかりつけ医等心の健康対応力向上研 修の実施にあたり、円滑に事業を推進す るため、企画・立案、広報活動等について 効果的な方法を検討する。,3,一般社団法人 沖縄 県医師会、各地区医 師会（北部・中部・南 部・那覇市・浦添市） （委員として会員の推 薦・選出）,R6.6 R7.2.26,51,行政,行政,,,not_selected,Source-universe row extraction only; inclusion does not approve the relation or amount.
301,42,保健医療介護 部,沖縄県立総 合精神保健 福祉センター,9,1,思春期自殺予防研修,近年増加している若年者の自殺対策とし て、学校職員等が、不安や生きづらさを抱 え希死念慮の訴えや自傷行為等のある児 童生徒について理解を深め、適切な支援 ができることを目的とする。,3,一般社団法人 高橋 聡美研究室,R6.8.9 R6.8.9,114,行政,行政,,,not_selected,Source-universe row extraction only; inclusion does not approve the relation or amount.
302,42,保健医療介護 部,沖縄県立総 合精神保健 福祉センター,6,19,創設30周年記念フォー ラム,当事者の発表、前代表「沖縄ダルク30年 の歩み」、精神科医「外側から見た沖縄ダ ルクの歩み」等,3,一般社団法人 沖縄 ダルクサントゥアリオ,R6.10.23 R6.10.23,0,ＮＰＯ等,ＮＰＯ等,,,not_selected,Source-universe row extraction only; inclusion does not approve the relation or amount.
303,42,保健医療介護 部,保健医療総 務課,1,1,助産師活用促進事業,産科医療機関相互の助産師交流研修の 実施を支援することで助産実践能力の向 上、周産期医療体制の充実を図る。,2,公益社団法人沖縄県 看護協会,R6.4.1 ～ R7.3.31,"2,337",一緒に,ＮＰＯ等,,,not_selected,Source-universe row extraction only; inclusion does not approve the relation or amount.
304,43,保健医療介護 部,保健医療総 務課,1,1,看護師等就労促進事 業,未就業看護師等に対する講演会、就労斡 旋等を実施し、就労促進を図るとともに就 労看護師等への相談援助等を行う。,2,公益社団法人沖縄県 看護協会,R6.4.1 ～ R7.3.31,"15,498",一緒に,ＮＰＯ等,,,not_selected,Source-universe row extraction only; inclusion does not approve the relation or amount.
305,43,保健医療介護 部,保健医療総 務課,1,1,潜在看護職の再就職 支援事業,看護師人材確保のため、看護師資格を有 しながら現在就業していない潜在看護師 に対して、看護技術トレーニング等を行い 復職支援を行う。,2,公益社団法人沖縄県 看護協会,R6.4.1 ～ R7.3.31,"10,547",一緒に,ＮＰＯ等,,,not_selected,Source-universe row extraction only; inclusion does not approve the relation or amount.
306,43,保健医療介護 部,保健医療総 務課,1,1,看護職の就労環境改 善支援事業,看護職のワークライフ・バランスの推進を 図るため、就労環境改善相談窓口の設 置、医療機関看護管理者に対し勤務環境 改善アドバイザー派遣による指導及び相 談対応、看護業務の効率化や職場風土改 善の研修を開催する。,2,公益社団法人沖縄県 看護協会,R6.4.1 ～ R7.3.31,"6,220",一緒に,ＮＰＯ等,,,not_selected,Source-universe row extraction only; inclusion does not approve the relation or amount.
307,43,保健医療介護 部,保健医療総 務課,1,1,看護教員養成講習会 事業,看護教育に携わる者に対して、必要な知 識や技術を習得させ、看護教育の質向上 を図るため、専任教員養成講習会及び実 習指導者講習会を実施する。,2,公益社団法人沖縄県 看護協会,R6.4.1 ～ R7.3.31,"8,759",一緒に,ＮＰＯ等,,,not_selected,Source-universe row extraction only; inclusion does not approve the relation or amount.
308,43,保健医療介護 部,保健医療総 務課,1,1,専任教員再教育事業,看護教員の質向上を図るため、看護師等 養成所の教員を対象とした研修を実施す る。,2,公益社団法人沖縄県 看護協会,R6.4.1 ～ R7.3.31,"1,252",一緒に,ＮＰＯ等,,,not_selected,Source-universe row extraction only; inclusion does not approve the relation or amount.
309,43,保健医療介護 部,保健医療総 務課,1,1,新人看護職員研修事 業,自施設単独で新人看護職員研修を完結で きない医療機関等の新人看護師を対象 に、「新人看護職員研修ガイドライン」に 沿った「多施設合同研修」を実施すること で看護の質の向上及び早期離職防止を図 る。,2,公益社団法人沖縄県 看護協会,R6.4.1 ～ R7.3.31,"3,224",一緒に,ＮＰＯ等,,,not_selected,Source-universe row extraction only; inclusion does not approve the relation or amount.
310,43,保健医療介護 部,保健医療総 務課,1,1,特定町村人材確保対 策事業,離島及びへき地の町村に対し、人材確保 支援計画を策定し、保健師確保対策の支 援に取り組み、離島及びへき地における 地域保健対策の円滑な実施を図る。,2,公益社団法人沖縄県 看護協会,R6.4.1 ～ R7.3.31,"6,573",一緒に,ＮＰＯ等,,,not_selected,Source-universe row extraction only; inclusion does not approve the relation or amount.
311,43,保健医療介護 部,南部保健所,1,7,沖縄県南部保健・福祉 合同庁舎構内の除 草、低木樹木剪定、運 搬処分の委託,沖縄県南部保健・福祉合同庁舎構内の除 草・剪定・清掃作業を行い、環境の美化及 び利便性の向上を図る,2,公益社団法人豊見城 市シルバー人材セン ター,R6.8.22 ～ R6.8.24,108,行政,ＮＰＯ等,,,not_selected,Source-universe row extraction only; inclusion does not approve the relation or amount.
312,44,保健医療介護 部,南部保健所,9,1,難病療養者支援関係 者研修会,管内市町村及び支援関係者が、災害時対 応について学ぶことで、在宅において人工 呼吸器を要する状態にある療養者(児)及 び家族の自助を支援できるようになる,1,認定NPO法人アンビ シャス,R6.7.19 ～ R6.7.19,12,行政,行政,,,not_selected,Source-universe row extraction only; inclusion does not approve the relation or amount.
313,44,保健医療介護 部,南部保健所,9,1,小児慢性特定疾病・指 定難病学習会及び交 流会,療養者（児）およびその家族に対して在宅 での電源確保についての情報提供や、療 養者（児）及び家族相互の交流や情報交 換の機会を設けることにより、対象者が在 宅で必要な電源や災害対策について理解 し、災害に備え適切な対応がとれるように なることを目的とする。,1,認定NPO法人アンビ シャス,R7.2.4 ～ R7.2.4,12,行政,行政,,,not_selected,Source-universe row extraction only; inclusion does not approve the relation or amount.
314,44,保健医療介護 部,高齢者介護 課,1,1,沖縄県介護実習・普及 センター運営事業,介護機器の普及を図るとともに、県民の健 康増進に資するため、高齢者の介護研 修・実習の実施、県民に対する介護意識 の啓発及び介護機器の展示・相談等を実 施する。,4,社会福祉法人沖縄県 社会福祉協議会,R6.4.1 ～ R7.3.31,"11,888",行政,一緒に,,,not_selected,Source-universe row extraction only; inclusion does not approve the relation or amount.
315,44,保健医療介護 部,高齢者介護 課,1,1,介護支援専門員資質 向上事業,介護支援専門員の専門職としての資質の 維持・向上を図るため、「介護支援専門員 資質向上事業の実施について」（H26.7.4老 発第0704第2号厚労省老健局通知）に基 づき、法定研修を体系的に実施する。,3,一般社団法人沖縄県 介護支援専門員協会,R6.4.1 ～ R7.3.31,"46,652",一緒に,一緒に,,,not_selected,Source-universe row extraction only; inclusion does not approve the relation or amount.
316,44,保健医療介護 部,高齢者介護 課,1,1,主任介護支援専門員 フォローアップ研修事 業,主任介護支援専門員に求められる相談業 務、介護支援専門員の指導・教育等の能 力の向上、また法定研修において講師及 びファシリテーターを担う者を養成する研 修を実施する。,3,一般社団法人沖縄県 介護支援専門員協会,R6.4.1 ～ R7.3.31,"1,772",一緒に,一緒に,,,not_selected,Source-universe row extraction only; inclusion does not approve the relation or amount.
317,44,保健医療介護 部,高齢者介護 課,1,1,介護人材キャリアアッ プ研修支援事業,保健・医療・福祉・介護サービス分野に従 事する中堅職員や介護サービス分野への 再就業を希望する者で、介護支援専門員 の資格取得など、適切なキャリアパス、ス キルアップを促進するための研修を実施 することで、介護人材の安定的な定着を図 る。,4,社会福祉法人沖縄県 社会福祉協議会,R6.4.1 ～ R7.3.31,"6,708",一緒に,一緒に,,,not_selected,Source-universe row extraction only; inclusion does not approve the relation or amount.
318,44,保健医療介護 部,高齢者介護 課,1,1,多職種連携ケアマネジ メント研修事業,地域包括ケアシステムの構築の一端を担 うことを目的とし、多職種間におけるケアマ ネジメントへの理解と、連携の強化を図る 研修を実施する。,3,一般社団法人沖縄県 介護支援専門員協会,R6.4.1 ～ R7.3.31,"1,172",一緒に,一緒に,,,not_selected,Source-universe row extraction only; inclusion does not approve the relation or amount.
319,45,保健医療介護 部,高齢者介護 課,1,1,沖縄県認定調査員等 研修事業委託,要介護認定の適正な実施に資するため、 認定調査員、介護認定審査会委員及び主 治医等に対して研修を実施する。,3,一般財団法人福祉 サービス評価機構,R6.9.27 ～ R7.3.31,"1,260",一緒に,一緒に,,,not_selected,Source-universe row extraction only; inclusion does not approve the relation or amount.
320,45,保健医療介護 部,高齢者介護 課,1,1,介護職員処遇改善加 算等の取得促進支援 事業,介護サービス事業所にたいし、賃金改善 に充てることを目的とする「介護職員処遇 改善加算」及び「介護職員等特定処遇改 善加算」の取得要件等整備に係る支援を 行うことで、介護人材の処遇改善を図る。,2,公益財団法人介護労 働安定センター沖縄 支部,R6.4.24 ～ R7.2.28,"2,816",一緒に,一緒に,,,not_selected,Source-universe row extraction only; inclusion does not approve the relation or amount.
321,45,保健医療介護 部,高齢者介護 課,1,1,高齢者権利擁護推進 員養成研修,介護保険施設、事業所等において指導的 立場にある者を 対象に、「高齢者虐待の 防止、高齢者の養護者に対する支援等に 関する法律」の趣旨の理解及び利用者の 権利擁護の視点に立った介護に関する実 践的手法を修得させ、介護現場での権利 擁護のための取組を指導する人材を養成 するための研修を実施する。,4,一般社団法人沖縄県 社会福祉士会,R6.7.26 ～ R7.3.31,"1,690",行政,一緒に,,,not_selected,Source-universe row extraction only; inclusion does not approve the relation or amount.
322,45,保健医療介護 部,高齢者介護 課,1,1,沖縄県看護実務者研 修事業,介護施設の看護職員を対象として、高齢 者が尊厳を保持し、自立した日常生活を営 むことができるよう支援するための実践 的、専門的手法を習得し、高齢者の権利 擁護のために必要な援助等を地域におい て実践できる人材を養成するための研修 を実施する。,2,公益社団法人沖縄県 看護協会,R6.8.1 ～ R7.3.31,655,行政,一緒に,,,not_selected,Source-universe row extraction only; inclusion does not approve the relation or amount.
323,45,保健医療介護 部,高齢者介護 課,1,1,沖縄県看護職人材育 成研修事業,介護施設等に勤務する看護職員を対象 に、高齢者ケアに必要な知識及び技術を 修得させ、看護実践能力の向上を図ること 目的とした研修を地区別に実施する。,2,公益社団法人沖縄県 看護協会,R6.4.15 ～ R7.3.31,"2,730",行政,一緒に,,,not_selected,Source-universe row extraction only; inclusion does not approve the relation or amount.
324,45,保健医療介護 部,高齢者介護 課,1,1,沖縄県地域密着サー ビス外部評価調査員 養成研修事業業務委 託,沖縄県地域密着型サービス外部評価実施 要綱に基づき、グループホーム事業者に 対する外部評価を行う評価調査員の新規 養成研修を行う。,3,一般財団法人福祉 サービス評価機構,R6.10.21 ～ R7.3.31,"1,000",一緒に,一緒に,,,not_selected,Source-universe row extraction only; inclusion does not approve the relation or amount.
325,45,保健医療介護 部,高齢者介護 課,1,1,沖縄県地域密着型 サービス外部評価調 査員養成研修事業業 務委託,沖縄県における地域密着型サービス外部 評価制度の推進及び円滑な実施を図るた め、本制度における評価事務を実施する 現任評価調査員に対するフォローアップ研 修を行う。,1,特定非営利活動法人 介護と福祉の調査機 関おきなわ,R7.1.6 ～ R7.2.28,285,一緒に,一緒に,,,not_selected,Source-universe row extraction only; inclusion does not approve the relation or amount.
326,46,保健医療介護 部,高齢者介護 課,1,1,沖縄県看護指導者養 成研修事業,介護施設において看護の指導的立場にあ る者を対象として、高齢者が尊厳を保持 し、自立した日常生活を営むことができる よう支援し、権利擁護に必要な援助等を行 うための専門的知識・技術を習得させるた めの研修を実施する。,2,公益社団法人日本看 護協会,R6.5.17 ～ R7.3.31,100,行政,一緒に,,,not_selected,Source-universe row extraction only; inclusion does not approve the relation or amount.
327,46,保健医療介護 部,高齢者介護 課,1,1,介護サービス情報の 公表に係る調査業務 委託,介護サービス情報の公表制度の実施によ る介護サービス全体の質の向上並びに利 用者による主体的な選択ができる環境等 の実現に資するため、事業者による公表 内容の確認のための調査を行う。,1,特定非営利活動法人 介護と福祉の調査機 関おきなわ,R6.12.13 ～ R7.3.31,"1,960",一緒に,一緒に,,,not_selected,Source-universe row extraction only; inclusion does not approve the relation or amount.
328,46,保健医療介護 部,高齢者介護 課,1,16,介護役職者向けマネ ジメント研修事業,介護施設等の経営者及び役職者を対象 に、将来を見据えた経営・組織戦略の構築 及び多様な人材の確保・定着に資するた めの研修事業を実施する。,3,一般社団法人 沖縄 県中小企業診断士協 会,R6.4.19 ～ R7.3.31,"3,999",行政,一緒に,,,not_selected,Source-universe row extraction only; inclusion does not approve the relation or amount.
329,46,保健医療介護 部,高齢者介護 課,1,1,サービス提供責任者 適正実施研修,サービス提供責任者に求められる適切な アセスメントや、それに基づく訪問介護計 画作成、訪問介護員の指導・教育等の能 力の向上を図るための研修を実施する。,3,一般社団法人 沖縄 県介護福祉士会,R6.4.1 ～ R7.3.31,"1,246",行政,ＮＰＯ等,,,not_selected,Source-universe row extraction only; inclusion does not approve the relation or amount.
330,46,保健医療介護 部,高齢者介護 課,1,1,テーマ別技術向上研 修,訪問介護事業所や介護施設等に勤める現 任の介護職員に対し、介護の現場で必要 となる知識や技術を身につけるための研 修を階層別、テーマ毎に実施する。,5,学校法人 大庭学園,R6.4.1 ～ R7.3.31,768,行政,ＮＰＯ等,,,not_selected,Source-universe row extraction only; inclusion does not approve the relation or amount.
331,46,保健医療介護 部,高齢者介護 課,1,1,外国人介護人材受入 支援事業,県内で就労する介護職種の技能実習生や 介護分野における1号特定技能外国人の 介護技能を向上させるため、日本語及び 介護技術の集合研修を実施する。,2,公益財団法人介護労 働安定センター沖縄 支部,R6.5.31 ～ R7.3.31,"2,229",行政,一緒に,,,not_selected,Source-universe row extraction only; inclusion does not approve the relation or amount.
332,46,保健医療介護 部,高齢者介護 課,1,1,多職種連携ケアマネジ メント支援事業,保険者が実施する介護予防及び介護給付 にかかるケアプラン点検業務に関し、技術 的支援を実施する。,3,一般社団法人沖縄県 介護支援専門員協会,R6.4.1 ～ R7.3.31,"4,500",一緒に,一緒に,,,not_selected,Source-universe row extraction only; inclusion does not approve the relation or amount.
333,46,保健医療介護 部,北部保健所,9,1,小児慢性特定疾病児 童等自立支援事業相 互交流支援事業,「きょうだい児の気持ちと関わり方」をテー マに講義や交流の場を設け参加者がきょ うだい児の気持ちを理解し関わり方を学ぶ ことや参加者同士が気持ちを分かち合うこ とで子育てに対する不安の軽減を目的と する,3,一般社団法人ちゅら まーる在宅看護セン ターはなはな,R6.6.21 ～ R6.6.21,12,行政,行政,,,not_selected,Source-universe row extraction only; inclusion does not approve the relation or amount.
334,47,保健医療介護 部,北部保健所,1,7,北部保健・福祉合同庁 舎構内の除草等作業,北部保健・福祉合同庁舎構内の除草等を 行い環境の美化及び利便性の向上を図る,2,公益社団法人名護市 シルバー人材セン ター,R6.6.22 ～ R7.1.25,252,行政,ＮＰＯ等,,,not_selected,Source-universe row extraction only; inclusion does not approve the relation or amount.
335,47,農林水産部,農政経済課,1,17,農地利用集積事業費 （農業経営者サポート 事業）,農業を担う人材を幅広く確保・育成し、円 滑な就農促進を図るため、就農相談窓口 を設置し、相談対応、就農相談会等就農 等に関する情報の提供等を行う。,2,公益財団法人沖縄県 農業振興公社,Ｒ４ ～ 終期未定,"4,682",行政,ＮＰＯ等,,,not_selected,Source-universe row extraction only; inclusion does not approve the relation or amount.
336,47,農林水産部,営農支援課,4,17,新農業人材育成確保 対策事業,将来農業を志す多様な人材を創出する ため、農業体験学習や相談から就農に至 るまでの道筋を支援する各種取り組を行 い、新規就農者の増加を図る。,2,公益財団法人沖縄県 農業振興公社,R4 ～ R6,"5,000",行政,行政,,,not_selected,Source-universe row extraction only; inclusion does not approve the relation or amount.
337,47,農林水産部,営農支援課,4,5,産地人材ネットワーク 育成確保対策事業,農業者の高齢化、世代交代が進む中青 年農業者の早期経営強化及び産地の維 持・発展を図るため。青年農業者間のネッ トワークの拡大や熟練農業者との世代間 交流(技術継承)の取組を促進する。,2,公益財団法人沖縄県 農業振興公社,R4 ～ R6,"11,296",行政,行政,,,not_selected,Source-universe row extraction only; inclusion does not approve the relation or amount.
338,47,農林水産部,営農支援課,1,5,新規畑人資金支援事 業,次世代の農業者となることを志向する者に 対して、就農前の研修を後押しする資金及 び就農開始直後の経営確立を支援する資 金を交付し、経営感覚に優れた次世代の 担い手を育成・確保する。,2,公益財団法人沖縄県 農業振興公社,R4 ～ R7,"9,121",行政,行政,,,not_selected,Source-universe row extraction only; inclusion does not approve the relation or amount.
339,47,農林水産部,営農支援課,1,5,産地へ広がる総合的 病害虫管理技術普及 事業,安定的な農業生産を維持しつつ、環境負 荷や化学農薬の削減を図るため、天敵利 用技術を中心とした総合的病害虫管理 （IPM）技術の普及拡大を図る。,2,沖縄県植物防疫協会,R3 ～ R7,900,行政,行政,,,not_selected,Source-universe row extraction only; inclusion does not approve the relation or amount.
340,47,農林水産部,森林管理課,2,13,沖縄県ウッドスタート 推進委託業務,森林資源の循環利用について考える機会 創出のため、保育従事者や学生を対象と した保育環境セミナーを開催するとともに、 県民の森や首里城公園において木育イベ ントを実施した。,2,特定非営利活動法人 芸術と遊び創造協会,R6.5.28 ～ R7.3.21,"2,970",一緒に,一緒に,,,not_selected,Source-universe row extraction only; inclusion does not approve the relation or amount.
341,47,農林水産部,水産課,1,16,糸満漁港管理運営事 務所委託事業,糸満漁港管理運営事務所の清掃、建 物・備品の維持管理及び巡回警備等の業 務を行う。,3,一般財団法人沖縄県 水産公社,S62.4 ～ 終期未定,890,行政,行政,,,not_selected,Source-universe row extraction only; inclusion does not approve the relation or amount.
342,48,農林水産部,水産課,1,16,高度衛生管理型荷捌 施設委託事業,高度衛生管理型荷捌施設の清掃、建 物・備品の維持管理及び巡回警備等の業 務を行う。,3,一般財団法人沖縄県 水産公社,R4.5 ～ 終期未定,"2,963",行政,行政,,,not_selected,Source-universe row extraction only; inclusion does not approve the relation or amount.
343,48,農林水産部,水産課,1,9,漁業指導監督用通信 委託,交通安全対策基本法第４条に基づく地 方公共団体の責務を全うするため、海上 交通においての生命と財産の保護を行う 方法の一つとして、沖縄県は、無線通信業 務を行っている。本業務は、漁業指導監督 通信、気象通報、漁海況予報情報、漁業 取締の通信、海難事故、米軍演習情報以 外に、緊急事態に対する対処等の安全確 保に関する通信を行う。,3,一般社団法人沖縄県 漁業無線協会,H1．4 ～ 終期未定,"53,000",行政,行政,,,not_selected,Source-universe row extraction only; inclusion does not approve the relation or amount.
344,48,農林水産部,水産課,1,9,沖合操業の安全確保 支援事業委託業務,気象や米軍訓練、航行警報等の安全情 報の受信や、事故、船員発病などの緊急 時の通信連絡に必要な高出力無線機の 整備を支援することにより、沖合で操業す る漁船の安全確保に資する。これにより本 県水産業の健全な発展と水産物の安定供 給を図る。,3,一般社団法人沖縄県 漁業無線協会,H24.4 ～ 終期未定,"2,602",行政,行政,,,not_selected,Source-universe row extraction only; inclusion does not approve the relation or amount.
345,48,農林水産部,水産課,1,9,漁業指導監督用通信 委託,交通安全対策基本法第４条に基づく地 方公共団体の責務を全うするため、海上 交通においての生命と財産の保護を行う 方法の一つとして、沖縄県は、無線通信業 務を行っている。本事業は、電波法改正に より無線機器の規格が見直されたことか ら、通信を行うための機器を換装すること を目的としている。,3,一般社団法人沖縄県 漁業無線協会,R4．4 ～ R7.3,"203,266",行政,行政,,,not_selected,Source-universe row extraction only; inclusion does not approve the relation or amount.
346,48,農林水産部,北部農林水 産振興セン ター農業改 良普及課,9,7,令和６年度第34回「土 壌保全の日」,農家や農業関係者を対象に、農地からの 赤土流出防止対策の実施を啓発し、農業 経営と自然保護の両立を目指す。,1,NPO法人おきなわグ リーンネットワーク,R6.6.5 ～ R6.6.5,14,行政,行政,,,not_selected,Source-universe row extraction only; inclusion does not approve the relation or amount.
347,48,商工労働部,グローバル マーケット 戦略課,7,16,国際航空物流機能強 化推進事業（沖縄大交 易会開催負担金）,沖縄国際物流ハブを活用した県産品及び 全国特産品の輸出促進を図ることを目的 に、事前マッチング型においては、日本最 大級の「食」をテーマとした国際商談会で ある沖縄大交易会の開催支援に取り組ん だ。具体的には、実行委員会への負担金 支払いのほか、総会、幹事会、部会等へ の参加や事前準備のための事務調整等を 行った。,7,沖縄大交易会実行委 員会,R6.4.9 ～ R7.3.31,"62,000",一緒に,一緒に,,,not_selected,Source-universe row extraction only; inclusion does not approve the relation or amount.
348,49,商工労働部,ものづくり振 興課,1,16,令和６年度バイオ関連 産業事業化促進事業 （補助事業支援）委託 業務,補助事業者にハンズオン支援を行い、技 術開発等において必要な支援を行う。,2,公益財団法人沖縄科 学技術振興センター,R6.4.16 ～ R7.3.17,"10,190",行政,ＮＰＯ等,,,not_selected,Source-universe row extraction only; inclusion does not approve the relation or amount.
349,49,商工労働部,ものづくり振 興課,1,16,令和６年度健康・医療 分野を軸とした産業拠 点の形成に向けた基 本計画等検討業務,令和４年７月に策定した「バイオ関連産業 振興計画（健康・医療分野）」で位置づけら れた拠点構想に基づき、健康・医療分野を 軸とする新たな産業拠点の形成に向けた 調査を行う。,3,一般財団法人地方自 治体公民連携研究財 団,R6.9.27 ～ R7.3.28,"19,419",行政,一緒に,,,not_selected,Source-universe row extraction only; inclusion does not approve the relation or amount.
350,49,商工労働部,ものづくり振 興課,1,16,令和６年度健康食品ブ ランド力強化普及支援 事業委託業務,県産健康食品のブランド力を強化し販路 拡大等を図るため、沖縄県独自の認証制 度のプロモーションや機能性食品開発支 援、県産素材のエビデンス調査・活用支援 等を行う。,3,一般社団法人沖縄健 康産業協議会,R6.4.1 ～ R7.3.14,"20,750",行政,ＮＰＯ等,,,not_selected,Source-universe row extraction only; inclusion does not approve the relation or amount.
351,49,商工労働部,ＩＴイノベー ション推進課,2,16,令和６年度経済金融 活性化促進事業,北部圏域の自立的発展に向け、経済金 融活性化特別地区制度をインセンティブと した立地を促進するため、対象産業である 金融関連産業や情報通信関連産業の人 材確保や人材育成に関する取組について 支援を行う。,1,特定非営利活動法人 NDA,R6.5.1 ～ R7.3.31,"10,043",一緒に,一緒に,,,not_selected,Source-universe row extraction only; inclusion does not approve the relation or amount.
352,49,商工労働部,雇用政策課,2,17,沖縄型総合就業支援 拠点形成事業,就職・雇用等に関する求職者や事業主等 の様々なニーズに対応するため、生活か ら就労までをワンストップで支援する総合 的な就業支援拠点、グッジョブセンターお きなわの管理運営を行う。,2,公益財団法人沖縄県 労働者福祉基金協会,R6.4.1 ～ R7.3.31,"59,617",行政,行政,,,not_selected,Source-universe row extraction only; inclusion does not approve the relation or amount.
353,49,商工労働部,雇用政策課,4,17,高齢者雇用対策事業,高齢者の社会参加の促進及びシルバー事 業の健全な発展を図るための補助。,2,公益社団法人沖縄県 シルバー人材セン ター連合,R6.4.1 ～ R7.3.31,"13,489",ＮＰＯ等,ＮＰＯ等,,,not_selected,Source-universe row extraction only; inclusion does not approve the relation or amount.
354,49,商工労働部,雇用政策課,2,17,正規雇用化サポート事 業,正規雇用を検討している企業に専門家等 の派遣により、正規雇用の促進を図る。,3,一般社団法人沖縄県 中小企業診断士協会,R6.4.1 ～ R7.3.31,"32,702",行政,行政,,,not_selected,Source-universe row extraction only; inclusion does not approve the relation or amount.
355,49,商工労働部,雇用政策課,2,17,就職困難者等就労支 援事業,長期未就労、コミュニケーション難などの 困難に直面し、本人の力だけでは個々の 支援策を的確に活用して自立することが 難しい求職者に対し、専門の相談員が個 別的・継続的な支援を行い、相談者の就 労に繋げる。,2,公益財団法人沖縄県 労働者福祉基金協会,R6.4.1 ～ R7.3.31,"108,448",行政,行政,,,not_selected,Source-universe row extraction only; inclusion does not approve the relation or amount.
356,50,商工労働部,労働政策課,1,17,働く女性応援事業,女性労働者の多様な働き方を総合的に支 援することにより、働きがいをもって仕事に 取り組むことができる環境作りを推進し、 雇用の質の向上を図る。,2,（公財）沖縄県労働福 祉基金協会,R6.4.1 ～ R7.3.31,"26,635",行政,ＮＰＯ等,,,not_selected,Source-universe row extraction only; inclusion does not approve the relation or amount.
357,50,商工労働部,労働政策課,1,17,労働相談事業,労働者及び使用者からの労働問題全般に 関する相談に対し、助言等を行うとともに セミナーの実施により労働関係法令に関 する基礎的知識の普及を図ることで労使 関係の安定を促進する。,2,（公財）沖縄県労働福 祉基金協会,R6.4.1 ～ R7.3.31,"20,111",行政,ＮＰＯ等,,,not_selected,Source-universe row extraction only; inclusion does not approve the relation or amount.
358,50,商工労働部,労働政策課,1,17,若年無業者等職業基 礎訓練事業,若年無業者等に対し、基礎的な職業訓練 により就労に必要な知識、技能を習得させ ることで無業者状態から就労移行を図る。,8,労働者協同組合ワー カーズコープ・セン ター事業団,R6.7.1 ～ R6.10.31,"1,045",行政,行政,,,not_selected,Source-universe row extraction only; inclusion does not approve the relation or amount.
359,50,商工労働部,労働政策課,1,17,若年無業者等職業基 礎訓練事業,若年無業者等に対し、基礎的な職業訓練 により就労に必要な知識、技能を習得させ ることで無業者状態から就労移行を図る。,8,労働者協同組合ワー カーズコープ・セン ター事業団,R6.11.1 ～ R7.2.28,926,行政,行政,,,not_selected,Source-universe row extraction only; inclusion does not approve the relation or amount.
360,50,商工労働部,労働政策課,1,17,若年無業者等職業基 礎訓練事業,若年無業者等に対し、基礎的な職業訓練 により就労に必要な知識、技能を習得させ ることで無業者状態から就労移行を図る。,1,特定非営利活動法人 サポートセンターゆめ さき,R6.8.1 ～ R6.11.30,"3,336",行政,行政,,,not_selected,Source-universe row extraction only; inclusion does not approve the relation or amount.
361,50,商工労働部,労働政策課,1,17,若年無業者等職業基 礎訓練事業,若年無業者等に対し、基礎的な職業訓練 により就労に必要な知識、技能を習得させ ることで無業者状態から就労移行を図る。,1,特定非営利活動法人 サポートセンターゆめ さき,R6.8.1 ～ R6.11.30,"2,599",行政,行政,,,not_selected,Source-universe row extraction only; inclusion does not approve the relation or amount.
362,50,商工労働部,労働政策課,1,17,若年無業者等職業基 礎訓練事業,若年無業者等に対し、基礎的な職業訓練 により就労に必要な知識、技能を習得させ ることで無業者状態から就労移行を図る。,1,特定非営利活動法人 サポートセンターゆめ さき,R6.12.1 ～ R7.3.24,"1,437",行政,行政,,,not_selected,Source-universe row extraction only; inclusion does not approve the relation or amount.
363,50,商工労働部,労働政策課,1,17,若年無業者等職業基 礎訓練事業,若年無業者等に対し、基礎的な職業訓練 により就労に必要な知識、技能を習得させ ることで無業者状態から就労移行を図る。,1,特定非営利活動法人 サポートセンターゆめ さき,R6.12.1 ～ R7.3.24,"2,896",行政,行政,,,not_selected,Source-universe row extraction only; inclusion does not approve the relation or amount.
364,51,商工労働部,工業技術セ ンター,7,15,沖縄県商工労働部試 験研究評価会議個別 評価部会,県立試験研究機関が実施する研究課題及 び研究事業体系等について、有識者等 （外部専門家）が評価を行う。,2,公益社団法人沖縄県 工業連合会,H25 ～ 終期未定,22,行政,行政,,,not_selected,Source-universe row extraction only; inclusion does not approve the relation or amount.
365,51,商工労働部,工業技術セ ンター,8,15,未来の科学の夢絵画 展（県内展）審査会,未来の科学や発明の夢を、自由な発想に よって絵に表現し、子供達の科学的な探 求心と想像力の伸長を図ることを目的に、 審査会を開催する。,3,一般社団法人沖縄県 発明協会,終期未定,0,ＮＰＯ等,ＮＰＯ等,,,not_selected,Source-universe row extraction only; inclusion does not approve the relation or amount.
366,51,商工労働部,工業技術セ ンター,8,16,観光土産品認定審査 会,観光土産品の表示の適正化を図るため、 県内の観光土産品の認定審査会を実施す る。,3,沖縄県観光おみやげ 品公正取引協議会,終期未定,0,ＮＰＯ等,ＮＰＯ等,,,not_selected,Source-universe row extraction only; inclusion does not approve the relation or amount.
367,51,商工労働部,工業技術セ ンター,6,16,沖縄県溶接技術競技 会,沖縄県の溶接作業に携わる技能者の技術 向上と県内溶接技術の振興を図ることを 目的に技術を競う,3,一般社団法人 沖縄 県溶接協会,S47 ～ 終期未定,0,ＮＰＯ等,ＮＰＯ等,,,not_selected,Source-universe row extraction only; inclusion does not approve the relation or amount.
368,51,商工労働部,工業技術セ ンター,8,16,溶接技能者評価試験,鋼構造物製作時の溶接作業に従事する技 能者の資格を認証するための評価試験,3,一般社団法人 沖縄 県溶接協会,S47 ～ 終期未定,0,ＮＰＯ等,ＮＰＯ等,,,not_selected,Source-universe row extraction only; inclusion does not approve the relation or amount.
369,51,商工労働部,工業技術セ ンター,5,15,高校生ものづくりコン テスト沖縄県予選大会 （溶接競技部門）,高校生の溶接技術の習得およびその向上 を図ることを目的に、同一の課題で技術を 競う,8,沖縄県工業教育研究 会,H22 ～ 終期未定,0,ＮＰＯ等,ＮＰＯ等,,,not_selected,Source-universe row extraction only; inclusion does not approve the relation or amount.
370,51,商工労働部,工芸振興セ ンター,2,16,高度工芸技術者養成 事業,織物・紅型・漆芸・木工芸の各分野におけ る工芸技術者等に対して技術研修を行 い、工芸産業を担う高度な技術を持った中 核人材の育成を図る。,1,特定非営利活動法人 沖縄県工芸産業協働 センター,R6.4.1 ～ R7.3.31,"30,012",行政,ＮＰＯ等,,,not_selected,Source-universe row extraction only; inclusion does not approve the relation or amount.
371,51,商工労働部,工芸振興セ ンター,2,16,金細工工芸縫製研修 事業,既存の織物など伝統工芸品における二次 加工技術としてニーズが高い、工芸縫製 及び近年市場ニーズが高い金細工に関す る技術者を育成する。,1,特定非営利活動法人 沖縄県工芸産業協働 センター,R6.5.7 ～ R7.3.26,"7,513",行政,ＮＰＯ等,,,not_selected,Source-universe row extraction only; inclusion does not approve the relation or amount.
372,52,文化観光ス ポーツ部,観光振興課,1,4,令和６年度国内需要 安定化事業委託業務,国内観光客の安定的かつ継続的な確保に 向け、航空会社等との連携により各就航 地等で戦略的な観光プロモーション活動を 展開し、沖縄観光客のリピーター化を促進 するとともに、沖縄観光需要の新規創出等 につながる取組みを実施する。,3,（一財）沖縄観光コン ベンションビューロー,R6.4.1 ～ R7.3.31,"181,696",行政,行政,,,not_selected,Source-universe row extraction only; inclusion does not approve the relation or amount.
373,52,文化観光ス ポーツ部,観光振興課,1,4,令和６年度沖縄観光 誘致対策事業委託業 務,沖縄県への誘致促進を図るため、国内外 での誘客プロモーション及び観光関連業 界・団体と連携し、各種取組を実施する。,3,（一財）沖縄観光コン ベンションビューロー,R6.4.1 ～ R7.3.31,"70,255",行政,行政,,,not_selected,Source-universe row extraction only; inclusion does not approve the relation or amount.
374,52,文化観光ス ポーツ部,観光振興課,1,4,沖縄観光人材不足緊 急対策事業,観光事業者の収益力を向上させるため に、デジタル技術を活用し、業務効率を高 め、顧客体験の満足度を図ることで、沖縄 観光の持続可能な発展を促進する。,3,観光事業者収益力向 上サポートコンソーシ アム（（一財）沖縄観 光コンベンション ビューロー、（一財）沖 縄ITイノベーション戦 略センター） ※共同企業体,R6.4.1 ～ R7.3.31,"75,169",行政,行政,,,not_selected,Source-universe row extraction only; inclusion does not approve the relation or amount.
375,52,文化観光ス ポーツ部,観光振興課,4,4,観光情報基盤構築事 業,観光客が利用する検索サイト等において、 観光客が必要とする公共交通機関や観光 施設等の情報が掲載出来るように、必要 な観光情報を整理し、オープンデータとし て提供する。,3,一般社団法人OTTOP,R6 ～ R9,"4,540",一緒に,一緒に,,,not_selected,Source-universe row extraction only; inclusion does not approve the relation or amount.
376,52,文化観光ス ポーツ部,観光振興課,1,4,フィルムツーリズム推 進事業,映像コンテンツを通して沖縄の認知度、好 意度及び来訪意欲を高め、誘客を促進す るための経費,3,一般財団法人沖縄観 光コンベンション ビューロー,R6.4.1 ～ R7.3.31,"29,161",行政,行政,,,not_selected,Source-universe row extraction only; inclusion does not approve the relation or amount.
377,52,文化観光ス ポーツ部,観光振興課,4,4,観光情報基盤構築事 業,観光客が利用する検索サイト等において、 観光客が必要とする公共交通機関や観光 施設等の情報が掲載出来るように、必要 な観光情報を整理し、オープンデータとし て提供する。,3,一般社団法人OTTOP,R6 ～ R9,"4,540",一緒に,一緒に,,,not_selected,Source-universe row extraction only; inclusion does not approve the relation or amount.
378,52,文化観光ス ポーツ部,観光振興課,1,4,令和６年度国内需要 安定化事業委託業務,国内観光客の安定的かつ継続的な確保に 向け、航空会社等との連携により各就航 地等で戦略的な観光プロモーション活動を 展開し、沖縄観光客のリピーター化を促進 するとともに、沖縄観光需要の新規創出等 につながる取組みを実施する。,3,（一財）沖縄観光コン ベンションビューロー,R6.4.1 ～ R7.3.31,"181,696",行政,行政,,,not_selected,Source-universe row extraction only; inclusion does not approve the relation or amount.
379,53,文化観光ス ポーツ部,観光振興課,1,4,令和６年度沖縄観光 誘致対策事業委託業 務,沖縄県への誘致促進を図るため、国内外 での誘客プロモーション及び観光関連業 界・団体と連携し、各種取組を実施する。,3,（一財）沖縄観光コン ベンションビューロー,R6.4.1 ～ R7.3.31,"70,255",行政,行政,,,not_selected,Source-universe row extraction only; inclusion does not approve the relation or amount.
380,53,文化観光ス ポーツ部,MICE推進課,1,4,戦略的MICE誘致促進 事業,MICEの誘致・広報活動、開催支援、受入 体制整備等を実施する。,3,一般財団法人沖縄観 光コンベンション ビューロー,R6.4.1 R7.3.31,"182,000",行政,ＮＰＯ等,,,not_selected,Source-universe row extraction only; inclusion does not approve the relation or amount.
381,53,文化観光ス ポーツ部,MICE推進課,1,4,観光誘致対策事業 （MICE推進課）,MICEの需要開拓、開催支援等を実施す る。,3,一般財団法人沖縄観 光コンベンション ビューロー,R6.4.1 R7.3.31,"15,500",行政,ＮＰＯ等,,,not_selected,Source-universe row extraction only; inclusion does not approve the relation or amount.
382,53,文化観光ス ポーツ部,MICE推進課,1,4,戦略的MICE誘致促進 事業（海外事務所 MICE誘致活動強化事 業）,海外のMICE主催者等に対する誘致活動 やMICE商談会等への出展などにより、海 外の企業、学協会、政府系機関等が主催 するMICEの誘致や国際的なMICE都市とし ての認知度の向上を目指す。,2,公益財団法人沖縄県 産業振興公社,R6.10.1 R7.3.31,"6,000",行政,ＮＰＯ等,,,not_selected,Source-universe row extraction only; inclusion does not approve the relation or amount.
383,53,文化観光ス ポーツ部,MICE推進課,1,4,MICE受入体制強化等 事業,MICE人材育成、アドバイザー派遣、開催 歓迎支援を実施する。県内の受入体制情 報の整理と情報の発信。,3,一般財団法人沖縄観 光コンベンション ビューロー,R6.4.1 R7.3.31,"70,250",行政,ＮＰＯ等,,,not_selected,Source-universe row extraction only; inclusion does not approve the relation or amount.
384,53,文化観光ス ポーツ部,MICE推進課,1,4,展示会等誘致促進事 業,展示会・商談会等の誘致、開催支援を行う とともに、MICEネットワークを活用した専門 人材の育成及び展示会の受入体制の強 化に取り組む。,2,公益財団法人沖縄県 産業振興公社,R6.4.1 R7.3.31,"19,210",行政,ＮＰＯ等,,,not_selected,Source-universe row extraction only; inclusion does not approve the relation or amount.
385,53,文化観光ス ポーツ部,MICE推進課,1,7,令和６年度大型MICＥ 施設建設用地環境整 備業務（R6その２）,大型MICE施設建設用地（与那原側）の外 周及びフェンス内側約1ｍまでの範囲にお ける除草（処理を含む）と投棄物の処理に 係る業務,2,公益社団法人 西原 町シルバー人材セン ター,R7.2.27 R7.3.25,"1,671",行政,ＮＰＯ等,,,not_selected,Source-universe row extraction only; inclusion does not approve the relation or amount.
386,53,文化観光ス ポーツ部,文化振興課,1,6,沖縄文化芸術の創造 発信支援事業業務委 託,県内の文化芸術活動の持続的発展につな がる取組を公募し、文化の専門人材の目 利きのもとで審査・採択し、支援する。,8,公益財団法人沖縄県 文化振興会,R6.4.1 ～ R7.3.31,"38,585",一緒に,ＮＰＯ等,,,not_selected,Source-universe row extraction only; inclusion does not approve the relation or amount.
387,54,文化観光ス ポーツ部,文化振興課,4,6,沖縄文化芸術の創造 発信支援事業,琉球漆器螺鈿伝統技術を若者へ広げるた めの「Gateway作品」試作事業,8,Maeda Lacquer Project（漆工房・前田 貝揃案）,R6.6.28 ～ R7.2.28,"3,981",ＮＰＯ等,ＮＰＯ等,,,not_selected,Source-universe row extraction only; inclusion does not approve the relation or amount.
388,54,文化観光ス ポーツ部,文化振興課,4,6,沖縄文化芸術の創造 発信支援事業,沖縄芝居における大道具製作の技能伝承,2,沖縄芝居研究会,R6.6.28 ～ R7.2.28,"3,783",ＮＰＯ等,ＮＰＯ等,,,not_selected,Source-universe row extraction only; inclusion does not approve the relation or amount.
389,54,文化観光ス ポーツ部,文化振興課,4,6,沖縄文化芸術の創造 発信支援事業,仲尾次豊年踊り次世代継承のためのWeb 発信事業,6,仲尾次区,R6.6.28 ～ R7.2.28,920,ＮＰＯ等,ＮＰＯ等,,,not_selected,Source-universe row extraction only; inclusion does not approve the relation or amount.
390,54,文化観光ス ポーツ部,文化振興課,4,6,沖縄文化芸術の創造 発信支援事業,クラシックでしまくとぅばワークショップ事業,3,一般社団法人ビュー ローダンケ,R6.6.28 ～ R7.2.28,"2,312",ＮＰＯ等,ＮＰＯ等,,,not_selected,Source-universe row extraction only; inclusion does not approve the relation or amount.
391,54,文化観光ス ポーツ部,文化振興課,4,6,沖縄文化芸術の創造 発信支援事業,次世代と考える身体的・心理的に安心でき る創作環境の提案と実施,8,演劇ユニット多々ら,R6.6.28 ～ R7.2.28,"1,612",ＮＰＯ等,ＮＰＯ等,,,not_selected,Source-universe row extraction only; inclusion does not approve the relation or amount.
392,54,文化観光ス ポーツ部,文化振興課,4,6,沖縄文化芸術の創造 発信支援事業,沖縄・アジア平和音楽祭2025 ～文化交 流を通じた国際共生を目指して～,8,2.24 音楽祭実行委員 会,R6.6.28 ～ R7.2.28,"5,000",ＮＰＯ等,ＮＰＯ等,,,not_selected,Source-universe row extraction only; inclusion does not approve the relation or amount.
393,54,文化観光ス ポーツ部,文化振興課,4,6,沖縄文化芸術の創造 発信支援事業,「Uni-q（ゆにーく）」演劇プロジェクト vol.2 ～Uni-q きょーげん（狂言）～,3,一般社団法人UNIVA,R6.6.28 ～ R7.2.28,"1,505",ＮＰＯ等,ＮＰＯ等,,,not_selected,Source-universe row extraction only; inclusion does not approve the relation or amount.
394,54,文化観光ス ポーツ部,文化振興課,4,6,沖縄文化芸術の創造 発信支援事業,沖縄ファミリーヒストリープロジェクト,8,沖縄ファミリーヒスト リープロジェクト実行 委員会,R6.6.28 ～ R7.2.28,"3,585",ＮＰＯ等,ＮＰＯ等,,,not_selected,Source-universe row extraction only; inclusion does not approve the relation or amount.
395,55,文化観光ス ポーツ部,文化振興課,4,6,沖縄文化芸術の創造 発信支援事業,「戦争体験の継承」平和劇ロングラン公演 プロジェクト,8,「沖縄戦と平和劇」実 行委員会,R6.6.28 ～ R7.2.28,"4,892",ＮＰＯ等,ＮＰＯ等,,,not_selected,Source-universe row extraction only; inclusion does not approve the relation or amount.
396,55,文化観光ス ポーツ部,文化振興課,4,6,沖縄文化芸術の創造 発信支援事業,琉球弧の「みき」継承プロジェクト,1,特定非営利活動法人 来間島大学まなび やー,R6.6.28 ～ R7.2.28,"2,137",ＮＰＯ等,ＮＰＯ等,,,not_selected,Source-universe row extraction only; inclusion does not approve the relation or amount.
397,55,文化観光ス ポーツ部,文化振興課,4,6,沖縄文化芸術の創造 発信支援事業,崎枝地域の歴史を記録した本と写真を活 用した後世に継ぐための環境整備事業,6,崎枝公民館,R6.6.28 ～ R7.2.28,"1,281",ＮＰＯ等,ＮＰＯ等,,,not_selected,Source-universe row extraction only; inclusion does not approve the relation or amount.
398,55,文化観光ス ポーツ部,文化振興課,4,6,沖縄文化芸術の創造 発信支援事業,ステップアップ！With Art うらそえ,8,With Art うらそえを考 える会,R6.6.28 ～ R7.2.28,344,ＮＰＯ等,ＮＰＯ等,,,not_selected,Source-universe row extraction only; inclusion does not approve the relation or amount.
399,55,文化観光ス ポーツ部,文化振興課,4,6,沖縄文化芸術の創造 発信支援事業,個人的な体験から沖縄を表現する新たな 言葉を獲得するための市民運動,8,あなたの沖縄,R6.6.28 ～ R7.2.28,549,ＮＰＯ等,ＮＰＯ等,,,not_selected,Source-universe row extraction only; inclusion does not approve the relation or amount.
400,55,文化観光ス ポーツ部,文化振興課,4,6,沖縄文化芸術の創造 発信支援事業,「琉球の薬草を楽しむ暮らし」推進事業,8,琉球薬草探究会,R6.6.28 ～ R7.2.28,763,ＮＰＯ等,ＮＰＯ等,,,not_selected,Source-universe row extraction only; inclusion does not approve the relation or amount.
401,55,文化観光ス ポーツ部,文化振興課,4,6,しまくとぅば普及継承事 業,・小学校や幼稚園等での講座を実施（15カ 所） ・沖縄県立博物館・美術館で県民向けに、 しまくとぅばに関する講座の実施（7回）,1,NPO法人沖縄県沖縄 語普及協議会,R6.6.21 ～ R7.2.18,849,ＮＰＯ等,ＮＰＯ等,,,not_selected,Source-universe row extraction only; inclusion does not approve the relation or amount.
402,55,文化観光ス ポーツ部,文化振興課,4,6,しまくとぅば普及継承事 業,・しまくとぅばによる鼎談を実施（3回） ・しまくとぅば継承のための講座を実施,8,しまくとぅばプロジェク ト,R6.6.18 ～ R7.2.28,"1,000",ＮＰＯ等,ＮＰＯ等,,,not_selected,Source-universe row extraction only; inclusion does not approve the relation or amount.
403,56,文化観光ス ポーツ部,文化振興課,4,6,しまくとぅば普及継承事 業,・学校や家庭で気軽に使える「しまくとぅば プログラム」を作成し、広報、配布する。 ・教員向けに、授業で使えるしまくとぅばワ ンポイント指導を実施する（３～４回程度） ・公民館等で子ども・保護者向けのしまく とぅばで楽しめるワークショップ等（３～４回 程度）,1,NPO法人たのしい教 育研究所,R6.6.18 ～ R7.1.31,"1,000",ＮＰＯ等,ＮＰＯ等,,,not_selected,Source-universe row extraction only; inclusion does not approve the relation or amount.
404,56,文化観光ス ポーツ部,文化振興課,4,6,しまくとぅば普及継承事 業,浦添市沢岻小学校内にある子ども農園で 稲作水田の基礎づくりを構築中。米を作る 工程から収穫までを、全てしまくとぅばで学 び、地域のしまくとぅば話者と連携し、持続 可能な米作りを通じた言葉の継承プログラ ムとして次世代へ引き継いでいく。,1,特定非営利法人 Okinawa Hands-On NPO,R6.7.1 ～ R7.2.28,"1,000",ＮＰＯ等,ＮＰＯ等,,,not_selected,Source-universe row extraction only; inclusion does not approve the relation or amount.
405,56,文化観光ス ポーツ部,文化振興課,4,6,しまくとぅば普及継承事 業,琉球舞踊の講演を実施し、しまくとぅばに触 れることにより、沖縄語を学ぶ,8,浦添市古典芸能琉球 舞踊協会,R6.7.15 ～ R7.1.5,"1,000",ＮＰＯ等,ＮＰＯ等,,,not_selected,Source-universe row extraction only; inclusion does not approve the relation or amount.
406,56,文化観光ス ポーツ部,文化振興課,4,6,しまくとぅば普及継承事 業,沖縄とハワイのしまくとぅばを用いたオリジ ナルソング「しまぬあいくとぅば‐アロハイサ イ‐」を保育園や幼稚園、小学校、福祉施 設で子供たちに活用してもらう活動を実施 する。,8,Kilua Hula Studio,R6.6.24 ～ R7.2.28,997,ＮＰＯ等,ＮＰＯ等,,,not_selected,Source-universe row extraction only; inclusion does not approve the relation or amount.
407,56,文化観光ス ポーツ部,文化振興課,4,6,しまくとぅば普及継承事 業,「みゃーくふつ祭り2025」を開催し、みゃーく ふつの普及促進と学習・交流を図る。,8,みゃーくふつの会,R6.11.12 ～ R7.2.28,810,ＮＰＯ等,ＮＰＯ等,,,not_selected,Source-universe row extraction only; inclusion does not approve the relation or amount.
408,56,文化観光ス ポーツ部,文化振興課,1,6,地域の文化芸術振興 事業（北部・離島）,都市部と比較して文化芸術公演に触れる 機会の少ない北部・離島地域において地 域住民に対して専門家による鑑賞の機会 の提供を行う。,1,特定非営利法人 琉 球交響楽団,R6.6.21 ～ R7.2.28,"3,000",一緒に,ＮＰＯ等,,,not_selected,Source-universe row extraction only; inclusion does not approve the relation or amount.
409,56,文化観光ス ポーツ部,文化振興課,1,4,文化資源を活用した沖 縄観光の魅力アップ支 援事業,沖縄の特色ある伝統行事や伝統芸能に代 表される多様で豊かな文化資源を活用し て、新たな観光コンテンツを創出し、観光 誘客を図る。,2,公益財団法人沖縄県 文化振興会,R6.4.1 ～ R7.3.31,"15,344",一緒に,ＮＰＯ等,,,not_selected,Source-universe row extraction only; inclusion does not approve the relation or amount.
410,57,文化観光ス ポーツ部,文化振興課,1,6,琉球歴史文化芸術興 隆事業（細節：担い手 確保・県外PR事業）,・沖縄の伝統文化の認知度向上及び理解 を促進するため、県外において、沖縄の伝 統文化の公演を行う ・県内の若年層を対象に、沖縄の伝統文 化の公演等の鑑賞機会を提供するととも に、沖縄の文化や歴史に関する周知広報 を行う,2,公益財団法人国立劇 場おきなわ運営財団,R6.4.1 ～ R7.2.21,"10,136",ＮＰＯ等,ＮＰＯ等,,,not_selected,Source-universe row extraction only; inclusion does not approve the relation or amount.
411,57,文化観光ス ポーツ部,空手振興課,1,6,沖縄空手案内センター 事業,沖縄空手に関する情報の発信及び国内外 からの問い合わせ対応、国内外の空手愛 好家と県内道場及び県内空手家を繋ぎ交 流を促進し、沖縄伝統空手の普及啓発を 目的とする。,3,一般社団法人 沖縄 伝統空手道振興会,R6.4.1 ～ R7.3.31,"10,358",行政,一緒に,,,not_selected,Source-universe row extraction only; inclusion does not approve the relation or amount.
412,57,文化観光ス ポーツ部,空手振興課,4,6,沖縄空手産業連携構 築支援事業,沖縄伝統空手道振興会におけるライセン スビジネス等の産業連携事業構築に向け た調査検討と取組推進を図る。,3,一般社団法人 沖縄 伝統空手道振興会,R6.4.25 ～ R7.1.10,"1,727",ＮＰＯ等,ＮＰＯ等,,,not_selected,Source-universe row extraction only; inclusion does not approve the relation or amount.
413,57,文化観光ス ポーツ部,空手振興課,1,6,空手ツーリズム受入体 制構築事業,沖縄空手を文化観光資源として活用した 「空手ツーリズム」を推進し、国内外からの 空手愛好家や観光客の受入体制構築及 び強化を図る各取組を行う。,3,一般社団法人 沖縄 伝統空手道振興会,R6.4.1 ～ R7.3.31,"26,295",行政,一緒に,,,not_selected,Source-universe row extraction only; inclusion does not approve the relation or amount.
414,57,文化観光ス ポーツ部,空手振興課,1,6,沖縄空手イベント開催 事業,10月25日の「空手の日」を記念して、奉納 演武祭及び記念演武祭を行い、「空手の 日」及び「空手発祥の地・沖縄」を国内外に 発信する。,3,一般社団法人 沖縄 伝統空手道振興会,R6.4.1 ～ R7.3.24,"15,000",行政,一緒に,,,not_selected,Source-universe row extraction only; inclusion does not approve the relation or amount.
415,57,文化観光ス ポーツ部,空手振興課,1,6,沖縄空手流派指導体 制構築事業,沖縄空手の精緻な技法や精神性の保存・ 継承に向けて、若手指導者や後継者を継 続的に育成する。,3,一般社団法人 沖縄 伝統空手道振興会,R6.4.1 ～ R7.3.31,"9,556",行政,一緒に,,,not_selected,Source-universe row extraction only; inclusion does not approve the relation or amount.
416,57,文化観光ス ポーツ部,空手振興課,1,6,沖縄空手県内普及促 進事業,県内の小中高校・保育所等やニーズを有 する団体へ空手指導者等を派遣して現地 又は沖縄空手会館で沖縄空手を学ぶ出前 講座や実技指導等を実施する。,3,一般社団法人 沖縄 伝統空手道振興会,R6.4.1 ～ R7.3.31,"10,049",行政,一緒に,,,not_selected,Source-universe row extraction only; inclusion does not approve the relation or amount.
417,57,文化観光ス ポーツ部,空手振興課,1,6,沖縄空手会館ミュージ アム事業,沖縄空手会館のミュージアムの諸活動の 充実強化の一環として、収蔵資料の整理、 新たな資料（古新聞の空手関連記事等） の収集と成果展、年1回の企画展、内外の 博物館や教育機関と連携した巡回展等を 開催し、「空手発祥の地・沖縄」を発信す る。,3,一般社団法人 沖縄 伝統空手道振興会,R6.4.1 ～ R7.3.31,"10,885",行政,一緒に,,,not_selected,Source-universe row extraction only; inclusion does not approve the relation or amount.
418,58,文化観光ス ポーツ部,空手振興課,1,6,沖縄空手次世代道場 継承事業,沖縄空手の道場継承を促進するため、効 果的な道場運営に係る知識や方法、後継 者の育成方法等をまとめた道場継承プロ グラムを策定し沖縄空手の次世代への保 存・継承を図る。,3,一般社団法人 沖縄 伝統空手道振興会,R6.4.1 ～ R7.3.31,"6,910",行政,一緒に,,,not_selected,Source-universe row extraction only; inclusion does not approve the relation or amount.
419,58,文化観光ス ポーツ部,空手振興課,6,6,第４回チャレンジング・ パーソン空手,知的障がいのある方々が沖縄伝統である 空手を通して地域社会に参加して自立成 長を目的とする。,8,沖縄県特別支援学校 卒業生 保護者連絡 協議会,R6.5.9 ～ R6.7.7,0,ＮＰＯ等,ＮＰＯ等,,,not_selected,Source-universe row extraction only; inclusion does not approve the relation or amount.
420,58,文化観光ス ポーツ部,空手振興課,6,6,第九回世界武道祭,伝統空手発祥の地・沖縄にて伝統空手を 通じて人的交流・技術交流・精神交流・文 化交流を深める場を創出するとともに先人 たちが体系化し今日まで受け継がれてき た沖縄伝統空手を今後も正しく継承し、将 来にわたっての振興を図る。,8,国際沖縄剛柔流空手 道連盟,R6.5.21 ～ R6.7.27,0,ＮＰＯ等,ＮＰＯ等,,,not_selected,Source-universe row extraction only; inclusion does not approve the relation or amount.
421,58,文化観光ス ポーツ部,空手振興課,6,6,第１回劉衛流国際交 流空手道選手権大会,海外の空手仲間と楽しくコミュニケーション を図り、国際交流を深める中から、世界の 恒久平和に寄与するとともに、空手道の技 術向上を目指す。,8,一般社団法人劉衛流 龍鳳会,R6.6.3 ～ R7.8.17,0,ＮＰＯ等,ＮＰＯ等,,,not_selected,Source-universe row extraction only; inclusion does not approve the relation or amount.
422,58,文化観光ス ポーツ部,空手振興課,6,6,第11回沖縄県古武道 選手権大会,沖縄の伝統武道である古武道の普及発展 並びに文化としての古武道の継承者育 成、愛好者の拡大を目的とする。,8,沖縄県空手道連盟,R6.9.2 ～ R6.9.29,0,ＮＰＯ等,ＮＰＯ等,,,not_selected,Source-universe row extraction only; inclusion does not approve the relation or amount.
423,58,文化観光ス ポーツ部,空手振興課,6,6,2024沖縄伝統空手道 古武道少年少女全国 大会,沖縄伝統空手道・古武道の継承・発展と青 少年の健全育成を目的とする。,8,沖縄県空手道連合会,R6.9.26 ～ R6.11.7,0,ＮＰＯ等,ＮＰＯ等,,,not_selected,Source-universe row extraction only; inclusion does not approve the relation or amount.
424,58,文化観光ス ポーツ部,空手振興課,6,6,第40回沖縄県空手道・ 古武道演武大会及び 第19回団体組手選手 権大会,沖縄の伝統武道である空手道・古武道を 修練する子どもから大人まで全ての愛好 家に活躍の場を与えるとともに、青少年の 健全な育成に寄与することを目的とする。,8,沖縄県空手道連盟,R7.2.8 ～ R7.3.2,0,ＮＰＯ等,ＮＰＯ等,,,not_selected,Source-universe row extraction only; inclusion does not approve the relation or amount.
425,58,文化観光ス ポーツ部,空手振興課,6,6,令和６年度琉球大学っ サテライトキャンパス 出前講座「生活文化に おける沖縄伝統空手と 健康」,沖縄伝統空手をほしぞら公民から全世界 へ発信！ 熱意ある空手家が、空手による健康や体 力への増進を図るための専門的知識や技 術をお伝えします。,5,国立大学法人琉球大 学地域連携推進機構,R7.3.11 ～ R7.3.30,0,ＮＰＯ等,ＮＰＯ等,,,not_selected,Source-universe row extraction only; inclusion does not approve the relation or amount.
426,59,文化観光ス ポーツ部,博物館・美術 館,2,6,令和６年度琉球王国 文化遺産集積・再興事 業復元製作・発信委託 業務,模造復元に係る科学分析、材料調達、試 作、発信,7,一般財団法人沖縄美 ら島財団・株式会社 国建共同企業体,R6.10.18 ～ R7.3.31,"69,949",行政,ＮＰＯ等,,,not_selected,Source-universe row extraction only; inclusion does not approve the relation or amount.
427,59,文化観光ス ポーツ部,スポーツ振興 課,1,6,令和６年度総合型地 域スポーツクラブ育成 業務委託,地域に根ざした総合型地域スポーツクラブ が、継続的かつ安定した運営ができるよ う、助言・指導を行う。,2,公益財団法人沖縄県 スポーツ協会,R6.4.1 ～ R7.3.31,"2,113",一緒に,ＮＰＯ等,,,not_selected,Source-universe row extraction only; inclusion does not approve the relation or amount.
428,59,文化観光ス ポーツ部,スポーツ振興 課,1,6,第27回沖縄県スポー ツ・レクリエーション祭 開催委託業務,公益財団法人沖縄県スポーツ協会,2,公益財団法人沖縄県 スポーツ協会,R6.5.1 ～ R7.3.31,"3,287",一緒に,ＮＰＯ等,,,not_selected,Source-universe row extraction only; inclusion does not approve the relation or amount.
429,59,文化観光ス ポーツ部,スポーツ振興 課,1,6,第27回沖縄県スポー ツ・レクリエーション祭 開催委託業務,第27回沖縄県スポーツ・レクリエーション 祭開催委託業務,8,沖縄県レクリエーショ ン協会,R6.5.1 ～ R7.3.31,550,一緒に,ＮＰＯ等,,,not_selected,Source-universe row extraction only; inclusion does not approve the relation or amount.
430,59,文化観光ス ポーツ部,スポーツ振興 課,4,6,スポーツコミッション沖 縄体制整備事業,スポーツを目的とした来訪者の円滑な受 入を行うワンストップ機能を持ったスポーツ コミッション沖縄を設置し、各種問い合わせ に対するきめ細やかな対応を行う。,2,公益財団法人沖縄県 スポーツ協会,R6.4.1 ～ R7.3.31,"27,000",一緒に,ＮＰＯ等,,,not_selected,Source-universe row extraction only; inclusion does not approve the relation or amount.
431,59,文化観光ス ポーツ部,交流推進課,1,11,令和6年度多文化共生 社会の構築に関する 万国津梁会議運営等 支援業務委託,在住外国人が住みやすい地域づくりや県 民の異文化理解・国際理解の促進につい ての総合的かつ多角的な視点からの提言 の具体化に向けて、有識者で構成する万 国津梁会議の開催及び取りまとめを行う。,1,特定非営利活動法人 沖縄NGOセンター,R6.7.4 ～ R7.3.31,"5,140",行政,一緒に,R10R005,R10AM007,selected_in_r10_purposive_sample,Source-universe row extraction only; inclusion does not approve the relation or amount.
432,59,文化観光ス ポーツ部,交流推進課,2,11,令和６年度おきなわ国 際協力人材育成事業 委託業務,県内高校生を開発途上国等に派遣して ODA現場の視察等を行う。併せて県内高 校等において国際協力に係る出前講座を 実施し、県内学生の国際協力への理解促 進を図る。,7,令和６年度おきなわ 国際協力人材育成事 業共同企業体 （公 社）青年海外協力協 会沖縄事務所、（株） ＪＴＢ沖縄,R6.5.15 ～ R7.2.28,"21,799",行政,ＮＰＯ等,R10R011,R10AM016,selected_in_r10_purposive_sample,Source-universe row extraction only; inclusion does not approve the relation or amount.
433,59,文化観光ス ポーツ部,交流推進課,1,11,令和６年度次世代ウチ ナーネットワーク継承 基盤構築事業 （ウチナーネットワー クコンシェルジュ運営 業務）,次世代へウチナーネットワークを安定的に 継承するためのプラットフォーム「ウチナー ネットワークコンシェルジュ（ＵＮＣ）を運営 する。,3,一般社団法人世界若 者ウチナーンチュ連 合会,R6.4.1 ～ R7.3.31,"10,329",行政,ＮＰＯ等,R10R012,R10AM017,selected_in_r10_purposive_sample,Source-universe row extraction only; inclusion does not approve the relation or amount.
434,60,文化観光ス ポーツ部,交流推進課,1,11,令和６年度次世代ウチ ナーネットワーク継承 基盤構築構築事業委 託業務 （ウチナーンチュ子弟 等留学生受入業務）,海外に移住したウチナーンチュの子弟や 相互交換留学をしているアジア地域(福建 省・台湾)から優秀な人物を県内大学や企 業等で就学・研修させ、各国・地域と沖縄 との架け橋となる人材を育成し、またウチ ナーネットワークにおける活動促進の仕組 み作りを行う。,7,Team OKIYUA （株）沖縄映像セン ター、（一社）世界若 者ウチナーンチュ連 合会,R6.4.1 ～ R7.3.31,"39,739",行政,ＮＰＯ等,R10R013,R10AM018,selected_in_r10_purposive_sample,Source-universe row extraction only; inclusion does not approve the relation or amount.
435,60,文化観光ス ポーツ部,交流推進課,2,11,令和６年度レッツスタ ディー！ウチナーネッ トワーク事業,県内小中高を中心とした出前講座の実 施、出前講座を行う指導者の養成、移民 の歴史啓発イベント等の実施など,2,公益社団法人青年海 外協力協会 沖縄事 務所,R6.5.24 ～ R7.2.28,"7,171",行政,ＮＰＯ等,R10R014,R10AM019,selected_in_r10_purposive_sample,Source-universe row extraction only; inclusion does not approve the relation or amount.
436,60,文化観光ス ポーツ部,交流推進課,2,11,令和６年度ウチナー ジュニアスタディー事 業委託,世界の沖縄県系人子弟と沖縄県内の同世 代の学生が生活を共にしながら沖縄の歴 史や文化、自然等を学ぶことで、強い絆を 構築するとともに、県系人子弟については ルーツである沖縄への理解を深め、県内 学生については国際的な視野を広げるこ とで世界のウチナーネットワークを担う次 世代を育成する,7,令和６年度ウチナー ジュニアスタディー事 業に係る共同企業体 (公社)青年海外協力 協会沖縄事務所、東 武トップツアーズ(株) 沖縄支店,R6.4.30 ～ R7.2.28,"15,442",行政,ＮＰＯ等,R10R015,R10AM020,selected_in_r10_purposive_sample,Source-universe row extraction only; inclusion does not approve the relation or amount.
437,60,文化観光ス ポーツ部,交流推進課,4,11,国際交流・協力推進事 業,21世紀ビジョンで掲げる「世界に開かれた 交流と共生の島」実現のため、国際交流・ 協力事業を実施している（公財）沖縄県国 際交流・人材育成財団が行う国際交流・協 力事業に要する経費に対し、補助金を交 付する。,2,（公財）沖縄県国際交 流・人材育成財団,R6.4.1 ～ R7.3.31,"17,932",ＮＰＯ等,ＮＰＯ等,R10R016,R10AM021,selected_in_r10_purposive_sample,Source-universe row extraction only; inclusion does not approve the relation or amount.
438,60,文化観光ス ポーツ部,交流推進課,2,11,令和６年度長野県へ の生徒派遣交流事業,沖縄県内の中学生を長野県に派遣し、歴 史（移民）、自然、文化学習等を行うことで 長野県についての理解を深めるとともに、 長野県内の中学生と交流を行い、将来に わたるこども・若者の交流を促進する。ま た、沖縄県と長野県それぞれの異なる移 民の歴史を学ぶことで、それぞれの移民 政策がもたらした影響や沖縄県が持つ独 自のウチナーネットワークについて学ぶこ とを目的とする。,7,令和６年度長野県へ の生徒派遣交流事業 共同企業体 (公社) 青年海外協力協会沖 縄事務所、東武トップ ツアーズ(株)沖縄支 店,R6.12.23 ～ R7.3.31,"5,999",行政,ＮＰＯ等,,,not_selected,Source-universe row extraction only; inclusion does not approve the relation or amount.
439,60,土木建築部,技術・建設業 課,1,3,建設資材単価及び建 設廃棄物関係調査業 務委託,公共工事の積算に必要な設計単価の基 礎資料とするため地区別単価及び廃棄物 処分料等の実態の把握を行う。,3,一般財団法人経済調 査会,R6.4.27 ～ R7.3.31,"32,274",ＮＰＯ等,ＮＰＯ等,,,not_selected,Source-universe row extraction only; inclusion does not approve the relation or amount.
440,61,土木建築部,技術・建設業 課,1,3,公共事業労務費調査 委託業務,公共工事の積算に必要な労務単価の基 礎資料とするため労働者に支払われた職 種別の賃金の把握を行う。,3,一般財団法人経済調 査会,R6.8.14 ～ R7.1.31,"6,710",ＮＰＯ等,ＮＰＯ等,,,not_selected,Source-universe row extraction only; inclusion does not approve the relation or amount.
441,61,土木建築部,技術・建設業 課,1,7,沖縄県リサイクル資材 評価認定制度運営業 務委託,平成16年度に制定した「沖縄県リサイクル 資材評価認定制度（ゆいくる）の運営等を 行う。,2,公益財団法人沖縄県 建設技術センター,R6.5.10 ～ R7.3.31,"15,785",ＮＰＯ等,ＮＰＯ等,,,not_selected,Source-universe row extraction only; inclusion does not approve the relation or amount.
442,61,土木建築部,技術・建設業 課,1,7,フライアッシュコンク リートに関する講習会 支援業務委託,令和５年度に改訂した「沖縄県におけるフ ライアッシュコンクリートの配合及び施工指 針」のポイントや指針で示す配合の考え 方、コンクリートの表層品質確保に有効と 考えられたコンクリートの打込み締固めの テクニック等に関する講習会の業務を支援 する。,2,公益財団法人沖縄県 建設技術センター,R6.6.4 ～ R6.12.27,"3,223",ＮＰＯ等,ＮＰＯ等,,,not_selected,Source-universe row extraction only; inclusion does not approve the relation or amount.
443,61,土木建築部,技術・建設業 課,1,14,電子納品保管管理業 務委託,「公共施設情報管理システム（OCTC）」を 活用し、電子納品（成果品データ）の保管 管理及び電子化されていない過去の成果 品（マイクロフィルム等）を電子化し、本シ ステムに登録する。,2,公益財団法人沖縄県 建設技術センター,R6.8.7 ～ R7.3.31,"4,598",ＮＰＯ等,ＮＰＯ等,,,not_selected,Source-universe row extraction only; inclusion does not approve the relation or amount.
444,61,土木建築部,技術・建設業 課,1,14,プログラムサポート サービス,コアシステムのプログラムサポート,3,一般財団法人日本建 設情報総合センター,R6.4.1 ～ R7.3.31,"2,723",行政,ＮＰＯ等,,,not_selected,Source-universe row extraction only; inclusion does not approve the relation or amount.
445,61,土木建築部,技術・建設業 課,1,14,営繕積算システム等 整備業務,営繕積算システム関連委員会等の運営、 システムの開発・管理等を行う。,3,一般財団法人建築コ スト管理システム研 究所,R6.7.1 ～ R7.3.31,"1,035",行政,ＮＰＯ等,,,not_selected,Source-universe row extraction only; inclusion does not approve the relation or amount.
446,61,土木建築部,技術・建設業 課,1,14,沖縄県土木工事積算 システムメンテナンス 委託業務,県職員が土木工事等の積算を行うため積 算システムを導入しており、当該システム のメンテナンスを行う。,3,一般財団法人日本建 設情報総合センター,R6.4.1 ～ R7.3.31,"30,690",ＮＰＯ等,ＮＰＯ等,,,not_selected,Source-universe row extraction only; inclusion does not approve the relation or amount.
447,61,土木建築部,技術・建設業 課,1,14,土木工事積算システ ム資材等単価データ ファイル作成業務（そ の１）,積算システムによる積算作業に必要な資 材等の単価データファイルを作成し、積算 システムへ登録を行う。,3,一般財団法人経済調 査会,R6.4.15 ～ R7.3.31,"7,326",ＮＰＯ等,ＮＰＯ等,,,not_selected,Source-universe row extraction only; inclusion does not approve the relation or amount.
448,62,土木建築部,技術・建設業 課,1,14,土木工事積算システ ム資材等単価データ ファイル作成業務（そ の２）,積算システムによる積算作業に必要な資 材等の単価データファイルの作成を行う。,3,一般財団法人建設物 価調査会,R6.4.15 ～ R7.3.31,"5,940",ＮＰＯ等,ＮＰＯ等,,,not_selected,Source-universe row extraction only; inclusion does not approve the relation or amount.
449,62,土木建築部,技術・建設業 課,2,16,沖縄県建設業経営力 強化支援事業業務委 託,県内建設業者の経営改善や経営革新等 の取組を支援する。また各種セミナーを開 催し、建設業者の自立や活性化を促進す る。,3,一般社団法人沖縄県 中小企業診断士協会,R6.4.1 ～ R7.3.31,"13,118",ＮＰＯ等,ＮＰＯ等,,,not_selected,Source-universe row extraction only; inclusion does not approve the relation or amount.
450,62,土木建築部,技術・建設業 課,1,16,建設業情報管理シス テム電算処理業務委 託,旧建設省の「建設業許可審査事務のＯＡ 化構想に基づき各都道府県が出資して設 立した(一財)建設業情報管理センターと、 国土交通省及び各都道府県をＬＧＷＡＮで 結び、建設業許可及び経営事項審査デー タの電算処理を行う。,3,一般財団法人建設業 情報管理センター,R6.4.3 ～ R7.3.31,"6,591",ＮＰＯ等,ＮＰＯ等,,,not_selected,Source-universe row extraction only; inclusion does not approve the relation or amount.
451,62,土木建築部,技術・建設業 課,1,16,建設業許可・経営事項 審査電子申請システ ム電算処理業務委託,旧建設省の「建設業許可審査事務のＯＡ 化構想に基づき各都道府県が出資して設 立した(一財)建設業情報管理センターと、 国土交通省及び各都道府県をＬＧＷＡＮで 結び、建設業許可及び経営事項審査電子 申請データの電算処理を行う。,3,一般財団法人建設業 情報管理センター,R6.4.1 ～ R7.3.31,"3,273",ＮＰＯ等,ＮＰＯ等,,,not_selected,Source-universe row extraction only; inclusion does not approve the relation or amount.
452,62,土木建築部,技術・建設業 課,2,17,沖縄県建設産業ビジョ ン推進事業業務委託,建設産業ビジョン2018及びアクションプロ グラムの推進に係る進捗確認、効果検証 のための各種調査、分析・検討業務を行 い、建設産業の活性化を促進する。 また、建設現場親子バスツアーの実施、イ ベントへの出展等に取り組み、建設産業の 魅力発信に繋げる。,3,一般社団法人沖縄し またて協会,R6.6.3 ～ R7.3.31,"9,880",ＮＰＯ等,ＮＰＯ等,,,not_selected,Source-universe row extraction only; inclusion does not approve the relation or amount.
453,62,土木建築部,技術・建設業 課,1,3,建設コンサルタント業 務発注に係る検討委 員会等運営支援業務 委託,「建設コンサルタント業務コスト調査」の調 査結果等を基に、建設工事にかかるコン サルタント業務の最低制限価格の見直し について審議する検討委員会等の運営を 支援する。,3,一般財団法人経済調 査会,R6.6.4 ～ R6.9.30,"3,245",ＮＰＯ等,ＮＰＯ等,,,not_selected,Source-universe row extraction only; inclusion does not approve the relation or amount.
454,62,土木建築部,技術・建設業 課,1,3,建設工事発注に係る 検討委員会等運営支 援業務委託,「建設工事コスト調査」の調査結果等を基 に、建設工事にかかるコンサルタント業務 の最低制限価格の見直しについて審議す る検討委員会等の運営を支援する。,3,一般財団法人経済調 査会,R6.10.30 ～ R7.3.28,"7,623",ＮＰＯ等,ＮＰＯ等,,,not_selected,Source-universe row extraction only; inclusion does not approve the relation or amount.
455,63,土木建築部,技術・建設業 課,5,9,建設工事の安全対策 研修会,建設工事現場における労働災害の防止対 策に万全を期すため、建設監督業務等に 携わる職員を対象に安全対策についての 研修会を実施する。,2,公益財団法人沖縄県 建設技術センター,R6.9.6,0,ＮＰＯ等,ＮＰＯ等,,,not_selected,Source-universe row extraction only; inclusion does not approve the relation or amount.
456,63,土木建築部,技術・建設業 課,5,14,沖縄県CALSセミナー （電子納品）,沖縄県土木建築部が推進するCLAS/EC の普及啓発と電子成果物の品質確保を図 るため、受発注者双方を対象として電子納 品に関する研修会を実施する。,2,公益財団法人沖縄県 建設技術センター,R6.7.23,0,一緒に,一緒に,,,not_selected,Source-universe row extraction only; inclusion does not approve the relation or amount.
457,63,土木建築部,技術・建設業 課,5,3,工事に係る総合評価 落札方式技術審査等 講習会,工事発注業務に携わる県・市町村職員を 対象として、総合評価落札方式の概要、運 用の改定内容、手続き、評価項目の設 定、審査等に関する講習会を実施する。,2,公益財団法人沖縄県 建設技術センター,R6.6.7,0,一緒に,一緒に,,,not_selected,Source-universe row extraction only; inclusion does not approve the relation or amount.
458,63,土木建築部,道路管理課,1,4,道路植栽に係る官民 連携制度実施等検討 業務委託（R6）,地域や企業の参画による官民連携制度の 運用や道路ボランティア制度の見直し等の 検討を行う。,2,公益社団法人 沖縄 県緑化推進委員会,R6.8.19 ～ R7.3.25,990,行政,ＮＰＯ等,,,not_selected,Source-universe row extraction only; inclusion does not approve the relation or amount.
459,63,土木建築部,建築指導課,1,7,沖縄の気候風土適応 住宅検討事業委託業 務（Ｒ６）,改正省エネ法等における気候風土住宅の 調査・整理を行い、所管行政庁が定める気 候風土適応住宅の基準を検討することに より、建築物省エネ法の円滑な運用を図る 業務,1,特定非営利活動法人 蒸暑地域住まいの研 究会,R6.7.12 ～ R7.2.28,"2,968",行政,ＮＰＯ等,,,not_selected,Source-universe row extraction only; inclusion does not approve the relation or amount.
460,63,土木建築部,建築指導課,2,3,令和6年度簡易診断技 術者派遣等事業委託 業務,建築物の耐震化に対する県民の意識の向 上を図るとともに、建築物の耐震並びに防 災・減災対策を推進する事業,1,特定非営利活動法人 沖縄県建築設計サ ポートセンター,R6.9.3 ～ R7.3.7,"13,051",行政,ＮＰＯ等,,,not_selected,Source-universe row extraction only; inclusion does not approve the relation or amount.
461,63,土木建築部,建築指導課,1,8,令和6年度被災建築物 の応急危険度判定体 制整備業務,応急危険度判定士を養成するための講習 会、模擬訓練及び判定コーディネーター養 成講習会を実施する業務,2,公益社団法人沖縄県 建築士会,R6.8.23 ～ R7.3.19,"2,515",行政,ＮＰＯ等,,,not_selected,Source-universe row extraction only; inclusion does not approve the relation or amount.
462,63,土木建築部,建築指導課,1,18,宅地建物取引士証作 成交付業務委託,宅地建物取引業法第２２条の２第２項にお いて規定される講習において、講習申込 者の宅地建物取引士証を作成し、交付す る業務,2,公益社団法人沖縄県 宅地建物取引業協会,R6.4.1 ～ R7.3.31,977,行政,ＮＰＯ等,,,not_selected,Source-universe row extraction only; inclusion does not approve the relation or amount.
463,63,土木建築部,建築指導課,1,18,宅地建物取引士証作 成交付業務委託,宅地建物取引業法第２２条の２第２項にお いて規定される講習において、講習申込 者の宅地建物取引士証を作成し、交付す る業務,2,公益社団法人全日本 不動産協会沖縄県本 部,R6.4.1 ～ R7.3.31,87,行政,ＮＰＯ等,,,not_selected,Source-universe row extraction only; inclusion does not approve the relation or amount.
464,64,土木建築部,首里城復興 課,1,3,令和６年度首里杜地 区交通・観光マネジメ ント調査等業務委託,首里杜地区整備基本計画に基づく、首里 杜地区の交通・観光マネジメントに関わる 分野の実施内容を具体化することを目的 とする。,1,特定非営利活動法人 首里まちづくり研究会,R6.10.5 ～ R7.3.31,"1,650",一緒に,一緒に,,,not_selected,Source-universe row extraction only; inclusion does not approve the relation or amount.
465,64,土木建築部,首里城復興 課,10,3,首里城公園龍潭周辺 公衆トイレ新築工事監 理業務,首里城公園龍潭周辺公衆トイレの整備に かかる監理業務,1,NPO法人 バリアフ リーネットワーク会議,R6.1.23 ～ R6.7.12,0,行政,行政,,,not_selected,Source-universe row extraction only; inclusion does not approve the relation or amount.
466,64,土木建築部,首里城復興 課,10,3,首里城公園龍潭周辺 公衆トイレ新築工事監 理業務,首里城公園龍潭周辺公衆トイレの整備に かかる監理業務,1,NPO法人 レインボー ハートokinawa,R6.1.23 ～ R6.7.12,0,行政,行政,,,not_selected,Source-universe row extraction only; inclusion does not approve the relation or amount.
467,64,土木建築部,首里城復興 課,8,6,令和５年度中城御殿 御内原・表御殿西側エ リア実施設計業務委託,中城御殿跡地整備基本計画に基づき、中 城御殿跡地整備にかかる建築実施設計業 務,1,NPO法人 バリアフ リーネットワーク会議,R5.9.26 ～ R6.9.30,835,行政,行政,,,not_selected,Source-universe row extraction only; inclusion does not approve the relation or amount.
468,64,土木建築部,北部土木事 務所,1,3,北部管内植栽管理業 務委託（R6-2）,県が管理する道路周辺の植栽作業（除 草）,4,社会福祉法人 豊饒 会,R6.4.1 ～ R7.3.31,"5,003",行政,ＮＰＯ等,,,not_selected,Source-universe row extraction only; inclusion does not approve the relation or amount.
469,64,土木建築部,北部土木事 務所,1,3,北部管内植栽管理業 務委託（R6-3）,県が管理する道路周辺の植栽作業（除 草）,2,公益社団法人 名護 市シルバー人材セン ター,R6.4.1 ～ R7.3.31,"2,411",行政,ＮＰＯ等,,,not_selected,Source-universe row extraction only; inclusion does not approve the relation or amount.
470,64,土木建築部,北部土木事 務所,1,19,北部管内道路及び河 川ボランティア支援業 務委託（R6）,県が管理する道路の清掃活動等に取り組 むボランティア団体支援を行うもの,2,公益社団法人 沖縄 県緑化推進委員会,R6.6.4 ～ R7.3.31,"10,978",行政,ＮＰＯ等,,,not_selected,Source-universe row extraction only; inclusion does not approve the relation or amount.
471,64,土木建築部,北部土木事 務所,1,3,北部管内フラワークリ エイション業務委託 （R6-4）,県が管理する道路周辺の植栽作業（花壇 植栽）,4,社会福祉法人 豊饒 会,R6.6.18 ～ R7.3.28,"6,338",行政,ＮＰＯ等,,,not_selected,Source-universe row extraction only; inclusion does not approve the relation or amount.
472,64,土木建築部,中部土木事 務所（河川都 市班）,1,17,街路事業草刈清掃業 務委託（Ｒ６）,県が管理する計画道路のための取得済み 県有地の草刈・清掃作業,2,公益社団法人 沖縄 市シルバー人材セン ター,R6.7.3 ～ R7.3.14,"3,190",行政,ＮＰＯ等,,,not_selected,Source-universe row extraction only; inclusion does not approve the relation or amount.
473,65,土木建築部,中部土木事 務所(維持管 理班),1,17,中城湾港（西原与那原 地区）臨港道路樹木管 理業務委託（Ｒ６）,県が管理する臨港道路周辺の樹木管理 （除草、低木剪定、枯葉集積等）,2,（公社）西原町シル バー人材センター,R6.6.6 ～ R7.3.31,"2,977",行政,ＮＰＯ等,,,not_selected,Source-universe row extraction only; inclusion does not approve the relation or amount.
474,65,土木建築部,中部土木事 務所(維持管 理班),1,17,中城湾港（新港地区） 清掃及び道路等樹木 管理業務委託（Ｒ６）,県が管理する臨港道路周辺の樹木管理 （除草、低木剪定、枯葉集積等）,2,公益社団法人 沖縄 市シルバー人材セン ター,R6.4.1 ～ R7.3.31,"8,490",行政,ＮＰＯ等,,,not_selected,Source-universe row extraction only; inclusion does not approve the relation or amount.
475,65,土木建築部,中部土木事 務所(維持管 理班),1,17,中城湾港（新港地区） 公園トイレ清掃業務委 託（Ｒ６）,県が管理する公園トイレ清掃作業,2,公益社団法人 うるま 市シルバー人材セン ター,R6.4.1 ～ R7.3.31,"1,997",行政,ＮＰＯ等,,,not_selected,Source-universe row extraction only; inclusion does not approve the relation or amount.
476,65,土木建築部,中部土木事 務所 （倉敷ダム管 理所）,1,17,倉敷ダム周辺管理業 務委託（令和６年度 分）,県管理倉敷ダム施設内の除草、清掃等業 務を行うもの,2,公益社団法人 沖縄 市シルバー人材セン ター,R4.4.1 ～ R7.3.31,"11,385",行政,ＮＰＯ等,,,not_selected,Source-universe row extraction only; inclusion does not approve the relation or amount.
477,65,土木建築部,中部土木事 務所(維持管 理班),1,4,中部管内道路及び河 川ボランティア支援業 務委託（Ｒ６）,県が管理する道路の清掃活動等に取り組 むボランティア団体支援を行うもの,2,公益社団法人 沖縄 県緑化推進委員会,R6.6.21 ～ R7.3.26,"25,410",行政,ＮＰＯ等,,,not_selected,Source-universe row extraction only; inclusion does not approve the relation or amount.
478,65,土木建築部,南部土木事 務所 （維持管理 班）,1,16,南部管内特殊車両通 行許可申請等審査支 援業務委託(R6),本業務は、道路法第47条の2に基づく特殊 車両通行許可申請書の通行経路、通行車 両等の確認及び許可条件付与等の審査、 審査書類の作成･整理･報告を行うと共に、 審査の基礎資料となる道路情報便覧にお ける未収録箇所（区間、橋梁等）の基礎情 報の収集、及び資料作成･データ入力を行 うものとする。,2,公益財団法人 沖縄県建設技術セン ター,R6.4.16 ～ R7.3.31,"4,587",一緒に,一緒に,,,not_selected,Source-universe row extraction only; inclusion does not approve the relation or amount.
479,65,土木建築部,南部土木事 務所 （維持管理 班）,1,16,道路防災保全事業等 技術審査支援業務委 託(R6),本業務は、「公共工事の品質確保の促進 に関する法律」に基づく総合評価方式一般 競争入札において、競争参加資格確認申 請書等の審査を行う。,2,公益財団法人 沖縄県建設技術セン ター,R6.7.31 ～ R7.4.23,990,一緒に,一緒に,,,not_selected,Source-universe row extraction only; inclusion does not approve the relation or amount.
480,65,土木建築部,南部土木事 務所 （維持管理 班）,1,16,県道131号線（八重瀬 町東風平）台帳調書作 成業務委託,県道131号線において、道路台帳調書を作 成する業務である。,2,公益財団法人 沖縄県建設技術セン ター,R6.8.8 ～ R7.3.18,"2,343",一緒に,一緒に,,,not_selected,Source-universe row extraction only; inclusion does not approve the relation or amount.
481,66,土木建築部,南部土木事 務所 （維持管理 班）,1,7,南部管内道路及び河 川ボランティア支援業 務委託（Ｒ６）,本業務は、緑の美ら島づくりをめざし、県 民と協働による継続的な緑化の推進を目 的に、道路や河川の美化活動を行ってい るボランティア団体の支援を行う業務であ る。,2,公益社団法人 沖縄県緑化推進委員 会,R6.6.19 ～ R7.3.31,"33,312",一緒に,一緒に,,,not_selected,Source-universe row extraction only; inclusion does not approve the relation or amount.
482,66,土木建築部,南部土木事 務所 （維持管理 班）,1,7,フラワークリエイション 業務委託（南部管内 R6-1）,道路等へ飾花を行うため 障害者に可能 な作業を提供し、障害者の社会参加及び 雇用の促進を図る業務。,3,一般財団法人 沖縄県セルプセン ター,R6.5.16 ～ R7.3.21,"13,981",一緒に,一緒に,,,not_selected,Source-universe row extraction only; inclusion does not approve the relation or amount.
483,66,土木建築部,南部土木事 務所 （ダム管理担 当）,1,17,金城ダム環境管理業 務委託（R6）,金城ダム地内の環境維持管理,2,（公社）那覇市シル バー人材センター,R6.4.25 ～ R6.9.30,"1,608",行政,ＮＰＯ等,,,not_selected,Source-universe row extraction only; inclusion does not approve the relation or amount.
484,66,土木建築部,南部土木事 務所 （ダム管理担 当）,1,17,金城ダム環境管理業 務委託（R6）その２,同上,2,同上,R6.10.1 ～ R7.3.24,"1,771",行政,ＮＰＯ等,,,not_selected,Source-universe row extraction only; inclusion does not approve the relation or amount.
485,66,土木建築部,宮古土木事 務所,1,4,池間大橋橋詰広場外2 箇所維持管理業務委 託(R6),県が管理する道路周辺の植栽作業(路面 清掃、除草、低木選定、花壇植栽),1,特定非営利活動法人 マーズ,R6.5.23 ～ R7.3.21,"2,450",行政,ＮＰＯ等,,,not_selected,Source-universe row extraction only; inclusion does not approve the relation or amount.
486,66,土木建築部,宮古土木事 務所,1,4,比嘉ロードパーク外4 箇所維持管理業務委 託(R6),県が管理する道路周辺の植栽作業(路面 清掃、除草、低木選定、花壇植栽),4,社会福祉法人みやこ 福祉会,R6.5.16 ～ R7.3.21,"6,116",行政,ＮＰＯ等,,,not_selected,Source-universe row extraction only; inclusion does not approve the relation or amount.
487,66,土木建築部,宮古土木事 務所,1,4,保良西里線外道路維 持管理業務委託(R6),県が管理する道路周辺の植栽作業(路面 清掃、除草、低木選定、花壇植栽),2,公益社団法人宮古島 市シルバー人材セン ター,R6.5.18 ～ R7.3.21,"9,592",行政,ＮＰＯ等,,,not_selected,Source-universe row extraction only; inclusion does not approve the relation or amount.
488,66,土木建築部,宮古土木事 務所,1,4,宮古管内道路ボラン ティア支援業務委託 (R6),県が管理する道路の清掃活動等に取り組 むボランティア団体支援を行うもの,2,公益社団法人沖縄県 緑化推進委員会,R6.5.30 ～ R7.3.31,"14,047",行政,ＮＰＯ等,,,not_selected,Source-universe row extraction only; inclusion does not approve the relation or amount.
489,66,土木建築部,宮古土木事 務所,1,4,宮古管内道路修景業 務委託(R6-1),県が管理する道路の草花植栽、鉢植製 作、管理等を行うもの。,4,社会福祉法人みやこ 福祉会,R6.5.17 ～ R7.3.21,"4,169",行政,ＮＰＯ等,,,not_selected,Source-universe row extraction only; inclusion does not approve the relation or amount.
490,67,土木建築部,八重山土木 事務所,1,4,県単道路維持費,県が管理する道路の清掃活動等に取り組 むボランティア団体支援を行うもの,2,公益社団法人 沖縄 県緑化推進委員会,R6.8.22 ～ R7.3.31,"6,974",行政,ＮＰＯ等,,,not_selected,Source-universe row extraction only; inclusion does not approve the relation or amount.
491,67,土木建築部,都市公園課,3,4,国営公園管理費（水族 館等）,沖縄県国営沖縄記念公園内施設（海洋博 覧会地区内施設）の管理運営,3,一般財団法人沖縄美 ら島財団,H31.2 ～ R10.3,"923,976",一緒に,ＮＰＯ等,,,not_selected,Source-universe row extraction only; inclusion does not approve the relation or amount.
492,67,土木建築部,都市公園課,3,4,国営公園管理費（首里 城）,沖縄県国営沖縄記念公園内施設（首里城 地区内施設）の管理運営,3,一般財団法人沖縄美 ら島財団,H31.2 ～ R8.3,"210,457",一緒に,ＮＰＯ等,,,not_selected,Source-universe row extraction only; inclusion does not approve the relation or amount.
493,67,土木建築部,都市公園課,3,4,公園指定管理費,県営首里城公園の管理運営,3,一般財団法人沖縄美 ら島財団,H31.4 ～ R8.3,"232,609",一緒に,ＮＰＯ等,,,not_selected,Source-universe row extraction only; inclusion does not approve the relation or amount.
494,67,土木建築部,都市公園課,1,4,沖縄国際海洋博覧会 50周年記念事業,令和7年度に開催する沖縄国際海洋博覧 会50周年記念事業企画展の総合企画業 務,3,一般財団法人沖縄美 ら島財団,R7.2 ～ R7.3,"10,669",一緒に,一緒に,,,not_selected,Source-universe row extraction only; inclusion does not approve the relation or amount.
495,67,土木建築部,都市公園課,3,4,公園指定管理費,県営海軍壕公園の管理運営,3,一般財団法人沖縄観 光コンベンション ビューロー,H18.4 ～ R12.3,"111,085",一緒に,ＮＰＯ等,,,not_selected,Source-universe row extraction only; inclusion does not approve the relation or amount.
496,67,土木建築部,都市公園課,3,10,公園指定管理費,県営平和祈念公園の管理運営,3,公益財団法人沖縄県 平和祈念財団,H18.4 ～ R12.3,"241,109",一緒に,ＮＰＯ等,,,not_selected,Source-universe row extraction only; inclusion does not approve the relation or amount.
497,67,県議会事務局,総務課,1,7,県議会庁舎敷地内花 壇管理業務,庁舎敷地内の美化を図り、景観を良好に 維持する作業 （地拵え、草花植付、施肥、除草、病害虫 防除、花柄摘み など）,4,（福）基督教児童福祉 会愛隣園,R6.9.1 ～ R7.3.31,712,行政,行政,,,not_selected,Source-universe row extraction only; inclusion does not approve the relation or amount.
498,68,教育庁,学校人事課,8,13,教員不足解消にかか る講師の紹介,文部科学省が、教師のなり手発掘のた め、大学、PTA、民間企業等と連携・協働 し、教師の仕事の価値ややりがいについ て、地域社会全体に魅力を発信する取組 及び、教員免許保有者を始めとした新たな 外部人材の学校現場への入職支援の実 施を行うNPO法人を支援している。その NPO法人が育てた人材を臨時的任用講師 として紹介してもらう。,1,認定特定非営利活動 法人Teach For Japan,R6.4.1 ～ 終期未定,0,一緒に,一緒に,,,not_selected,Source-universe row extraction only; inclusion does not approve the relation or amount.
499,68,教育庁,学校人事課,9,13,県立学校事務職員研 修会,ちがいを尊重し合い、だれもが安心して過 ごせる学校・職場づくりをめざして～ LGBTQ・性の多様性をテーマに～,1,NPO法人レインボー ハートokinawa,R6.8.23 ～ R6.8.23,8,行政,行政,,,not_selected,Source-universe row extraction only; inclusion does not approve the relation or amount.
500,68,教育庁,県立学校教 育課,2,13,就学継続支援員配置 事業,支援を必要とする生徒が多い県立高等学 校へ心理系・福祉系の就学継続支援員を 派遣し、アウトリーチ支援等を含めた教育・ 福祉の協働体制を構築する。,1,特定非営利活動法人 サポートセンターゆめ さき,R6.4.1 ～ R7.3.14,"56,269",行政,一緒に,,,not_selected,Source-universe row extraction only; inclusion does not approve the relation or amount.
501,68,教育庁,県立学校教 育課,1,11,令和６年度アジア高校 生オンライン国際交流 事業,沖縄県とアジアの高校生がオンラインでの 協働的な学びに約２ヶ月間に渡って取り組 む。,1,特定非営利活動法人 沖縄平和協力セン ター,R6.6.3 ～ R6.12.27,"10,596",一緒に,ＮＰＯ等,,,not_selected,Source-universe row extraction only; inclusion does not approve the relation or amount.
502,68,教育庁,県立学校教 育課,2,13,令和６年度合理的配 慮に係る環境整備事 業,合理的配慮を提供する上で、各障害の特 性に応じた教育支援機器等の活用促進を 図り、生徒の学びと生活を支えると共に、 学力向上に寄与する。また、支援を要する 生徒のアセスメントを学校職員と連携の上 進め、各種専門家を活用することで、個々 のニーズに応じた合理的配慮の充実を図 る。,7,わくわくの会・サイオ ンコミュニケーション ズコンソーシアム,R6.4.1 ～ R7.3.21,"8,750",行政,一緒に,,,not_selected,Source-universe row extraction only; inclusion does not approve the relation or amount.
503,68,教育庁,働き方改革 推進課,1,1,心の健康チェック事業 ストレスオプション利用 契約,労働安全衛生法に基づくストレスチェック を実施することにより、教職員の心身の健 康を保持増進する。,5,公立学校共済組合,R6.6.10 ～ R7.3.31,638,行政,行政,,,not_selected,Source-universe row extraction only; inclusion does not approve the relation or amount.
504,68,教育庁,働き方改革 推進課,1,1,人間ドック式健康診断 に関する業務委託,人間ドック式健康診断に関する業務委託,5,公立学校共済組合,R6.4.22 ～ R7.3.31,"2,207",行政,行政,,,not_selected,Source-universe row extraction only; inclusion does not approve the relation or amount.
505,69,教育庁,働き方改革 推進課,1,1,教育庁職員定期健康 診断業務委託（本島 南部地区）,教育庁職員定期健康診断業務委託（本島 南部地区）,3,一般財団法人沖縄県 健康づくり財団,R6.5.24 ～ R7.3.31,665,行政,行政,,,not_selected,Source-universe row extraction only; inclusion does not approve the relation or amount.
506,69,教育庁,働き方改革 推進課,1,1,教育庁職員定期健康 診断業務委託（本島 那覇地区）,教育庁職員定期健康診断業務委託（本島 那覇地区）,3,一般社団法人那覇市 医師会,R6.5.24 ～ R7.3.31,900,行政,行政,,,not_selected,Source-universe row extraction only; inclusion does not approve the relation or amount.
507,69,教育庁,働き方改革 推進課,1,1,教育庁職員定期健康 診断業務委託（本島 中北部地区）,教育庁職員定期健康診断業務委託（本島 中北部地区）,3,一般社団法人中部地 区医師会,R6.5.24 ～ R7.3.31,231,行政,行政,,,not_selected,Source-universe row extraction only; inclusion does not approve the relation or amount.
508,69,教育庁,働き方改革 推進課,1,1,教育庁職員定期健康 診断業務委託（本島 中部地区）,教育庁職員定期健康診断業務委託（本島 中北部地区）,5,社会医療法人かりゆ し会,R6.5.24 ～ R7.3.31,457,行政,行政,,,not_selected,Source-universe row extraction only; inclusion does not approve the relation or amount.
509,69,教育庁,働き方改革 推進課,1,1,教育庁職員定期健康 診断業務委託（宮古教 育事務所）,教育庁職員定期健康診断業務委託（宮古 教育事務所）,5,医療法人徳州会宮古 島徳州会病院,R6.5.29 ～ R7.3.31,31,行政,行政,,,not_selected,Source-universe row extraction only; inclusion does not approve the relation or amount.
510,69,教育庁,働き方改革 推進課,1,1,教育庁職員定期健康 診断業務委託（八重山 教育事務所）,教育庁職員定期健康診断業務委託（八重 山教育事務所）,5,医療法人徳州会石垣 島徳州会病院,R6.5.29 ～ R7.3.31,29,行政,行政,,,not_selected,Source-universe row extraction only; inclusion does not approve the relation or amount.
511,69,教育庁,働き方改革 推進課,1,1,教職員元気力アップ事 業,教職員のメンタルヘルス対策として、県立 学校へ公認心理師を派遣して面談を実施 し、メンタル不調の軽減を図っていく。,3,一般社団法人沖縄県 公認心理師協会,R6.4.17 ～ R7.3.31,"1,393",行政,行政,,,not_selected,Source-universe row extraction only; inclusion does not approve the relation or amount.
512,69,教育庁,働き方改革 推進課,1,1,メンタルヘルスに関す る相談業務,教職員のメンタルヘルス対策として、公認 心理師による相談事業の実施し、メンタル 不調の軽減を図っていく。,3,一般社団法人沖縄県 公認心理師協会,R6.4.1 ～ R7.3.31,495,行政,行政,,,not_selected,Source-universe row extraction only; inclusion does not approve the relation or amount.
513,70,教育庁,働き方改革 推進課,1,1,生涯生活設計セミナー,教職員等の意欲の向上と勤務能率の増進 及び学校等における活力ある教育活動の 一層の展開を図っていくため、教職員自ら の生涯生活設計の確立とその実現に向け た取り組みを支援する。,5,公立学校共済組合,R6.6.6 ～ R6.8.31,50,行政,ＮＰＯ等,,,not_selected,Source-universe row extraction only; inclusion does not approve the relation or amount.
514,70,教育庁,働き方改革 推進課,6,13,メンタルヘルスケアサ ポートセミナー,学校関係者に対して、メンタルヘルスの重 要性についての普及啓発に関するセミ ナーを行い、これからの社会を担う子ども の健全育成と、子どもを取り巻く大人の心 の健康管理に寄与する。,1,ＮＰＯ法人メンタルぷ らす協会Reforest,R6.4.8 ～ R6.8.23,0,ＮＰＯ等,ＮＰＯ等,,,not_selected,Source-universe row extraction only; inclusion does not approve the relation or amount.
515,70,教育庁,働き方改革 推進課,6,13,おきなわソーシャルセ ミナー,こども達のSOSに気付き寄り添うこと、それ に関わる教職員・支援者のメンタルヘルス について実践的に学ぶ事で、持続可能な 支援環境づくりに寄与することを目的とす る。,3,一般社団法人ホワイ トボード,R6.7.8 ～ R6.8.5,0,ＮＰＯ等,ＮＰＯ等,,,not_selected,Source-universe row extraction only; inclusion does not approve the relation or amount.
516,70,教育庁,働き方改革 推進課,6,13,学校にもウエルビーン グな風を～教職の魅 力向上のために～,産業医、学校メンタルヘルス対策の研究 者によるパネルディスカッションを通じて、 教員のメンタルヘルス対策の課題を浮き 彫りにすることを目的とする。,1,ＮＰＯ法人教育の杜,R6.8.14 ～ R6.11.1,0,ＮＰＯ等,ＮＰＯ等,,,not_selected,Source-universe row extraction only; inclusion does not approve the relation or amount.
517,70,教育庁,教育支援課,4,13,高等学校等奨学事業,高校生等を対象とした勉学意欲がありな がら経済的理由によって修学困難な者に 奨学金を貸与する事業（「高等学校等奨学 事業」）の実施に要する経費に対し補助金 を交付する,2,公益財団法人沖縄県 国際交流・人材育成 財団,R6.4.1 ～ R7.3.31,"15,866",ＮＰＯ等,ＮＰＯ等,,,not_selected,Source-universe row extraction only; inclusion does not approve the relation or amount.
518,70,教育庁,生涯学習振 興課,6,13,『ざぶん賞＆ざぶん SDGｓ大賞』,生命の源である、水に関係した内容の作 文・童話・詩・手紙。コロナ禍で社会環境・ 教育環境・家庭環境が大きく変化し、子ど もたちの貧困・格差・孤立など、より申告に なっている子どもたちに寄り添い、水のよう に沁み入り、一人も取りこぼさない。,3,一般財団法人ざぶん 環境・文化プロジェク ト,R6.4.8 ～ R7.3.31,0,ＮＰＯ等,ＮＰＯ等,,,not_selected,Source-universe row extraction only; inclusion does not approve the relation or amount.
519,71,教育庁,生涯学習振 興課,6,6,第32回沖縄民踊フェス ティバル,行事の趣旨及び内容等： 沖縄民踊の底辺拡大と普及発展を目的 に県内各地域の民踊愛好家が意図同に 集い、民踊を生涯学習・生涯スポーツレク の一環として楽しんでいる団体の日頃の 学習成果の発表と愛好家同士の親睦を図 る,5,沖縄タイムス社、沖縄 民踊研究会,R6.6.26 ～ R6.10.10,0,ＮＰＯ等,ＮＰＯ等,,,not_selected,Source-universe row extraction only; inclusion does not approve the relation or amount.
520,71,教育庁,生涯学習振 興課,4,2,令和６年度沖女連中 央研修会,多様化・複雑化する社会の変化に伴い必 要とされるスキルを学び、昨今の自然災害 を教訓とするとともに、まさかの時の学習と 学習と取り組みを協議し、実践に生かすた めの研修会とする。また、平田太一氏によ る講演により沖縄県の歴史文化を学びそ の振興を図る。,3,一般社団法人 沖縄県女性連合会,R6.4.26 ～ R6.5.26,150,ＮＰＯ等,ＮＰＯ等,,,not_selected,Source-universe row extraction only; inclusion does not approve the relation or amount.
521,71,教育庁,生涯学習振 興課,6,2,第15回沖縄ねんりん ピックかりゆし美術展,高齢者の創作による美術作品を展示し、 芸術文化活動における参加機会を促すと 共に、趣味活動や創作意欲を高め、生き がいを持ち、明るく活力のある長寿社会づ くりに寄与することを目的とする。,4,社会福祉法人 沖縄県社会福祉協議 会,R6.5.7 ～ R6.12.7,0,ＮＰＯ等,ＮＰＯ等,,,not_selected,Source-universe row extraction only; inclusion does not approve the relation or amount.
522,71,教育庁,生涯学習振 興課,6,2,第４7回全日本おかあ さんコーラス九州支部 大会,一般社団法人全日本合唱連盟が開催する 全日本お母さんコーラス全国大会に先駆 けて催される九州大会。ハーモニーの輪を 広げるフェスティバル。,3,全日本合唱連盟九州 支部,R6.5.10 ～ R6.6.16,0,ＮＰＯ等,ＮＰＯ等,,,not_selected,Source-universe row extraction only; inclusion does not approve the relation or amount.
523,71,教育庁,生涯学習振 興課,6,13,第32回国頭地区小中 学校童話・お話・意見 発表大会,小学校の童話・お話、中学校における意見 発表の活動を通しての表現力の養成に努 め、情操教育と言語教育の発展に資す る。,3,国頭地区PTA連合会,R6.5.24 ～ R6.11.13,0,ＮＰＯ等,ＮＰＯ等,,,not_selected,Source-universe row extraction only; inclusion does not approve the relation or amount.
524,71,教育庁,生涯学習振 興課,5,13,第9回沖縄の青少年を 健やかに育てる県民 大会,研修会及び県大会を開催して、地域にお ける青少年育成県民運動を強力に展開す る。,2,公益社団法人沖縄県 青少年育成県民会議,R6.6.1 ～ R7.7.10,0,ＮＰＯ等,ＮＰＯ等,,,not_selected,Source-universe row extraction only; inclusion does not approve the relation or amount.
525,72,教育庁,生涯学習振 興課,6,13,第72回全国青年大会,地域を舞台にスポーツ・芸能文化活動と いった様々な活動に取り組んでいる青年 たちが都道府県の代表として全国各地か ら集まり、日頃の地域活動の成果を仲間 たちとともに発表し、青年同士の友好親善 を深めるとともに多様な世代が手を取り 合って暮らせるような、真に豊かな地域社 会を創造する目的とした行事である。,8,日本青年団協議会,R6.6.25 ～ R6.11.11,0,ＮＰＯ等,ＮＰＯ等,,,not_selected,Source-universe row extraction only; inclusion does not approve the relation or amount.
526,72,教育庁,生涯学習振 興課,6,13,第５９次本土派遣豆記 者交歓事業,取材活動や交流活動等の体験を通し、社 会に対する視野を広げ、思いやりのある心 豊かな児童生徒を育てる。,8,沖縄県豆記者交歓会,R6.6.26 ～ R6.8.2,0,ＮＰＯ等,ＮＰＯ等,,,not_selected,Source-universe row extraction only; inclusion does not approve the relation or amount.
527,72,教育庁,生涯学習振 興課,6,13,第49回沖縄県老人福 祉作文コンクール,少子・超高齢社会のなかで、老人福祉は、 今日重大な国民的課題となっている。県民 一人ひとりが老人問題に係る理解や関心 を深め、実践経験や老人福祉に対する日 頃の体験等社会の現状をふまえての作文 を募り、優秀作品を賞揚し、広報すること によって、より一層老人福祉に対する理解 等を図り、老人福祉の推進に寄与しようと するものである。,2,（公財）沖縄県老人ク ラブ連合会,R6.6.13 ～ R6.10.24,0,ＮＰＯ等,ＮＰＯ等,,,not_selected,Source-universe row extraction only; inclusion does not approve the relation or amount.
528,72,教育庁,生涯学習振 興課,6,13,二十歳未満者飲酒防 止キャンペーン,憂慮すべき状態の沖縄県の二十歳未満者 飲酒問題について、全ての酒類許可業者 で上記を実施し、 社会的に責任と周知に取り組み、また、事 態の是正を目指す。,8,沖縄県小売酒販組合,R6.6.19 ～ R6.8.31,0,ＮＰＯ等,ＮＰＯ等,,,not_selected,Source-universe row extraction only; inclusion does not approve the relation or amount.
529,72,教育庁,生涯学習振 興課,6,10,令和6年度第17回「平 和の鐘を鳴らそう！」 「平和学習会」,UNESCOは、第２次世界大戦の反省から 「二度と戦争を繰り返さない」という決意の 元、７月19日を中心に平和について考える きっかけとして各地でカネを鳴らすイベント をしている。地上戦を経験した沖縄から平 和の鐘をならし「命どぅ宝の心を胸に平和 のための行動をはじめる契機とする。,8,沖縄県ユネスコ協会,R6.6.21 ～ R6.7.15,0,一緒に,ＮＰＯ等,,,not_selected,Source-universe row extraction only; inclusion does not approve the relation or amount.
530,73,教育庁,生涯学習振 興課,6,13,第39回沖縄県「少年の 主張島尻地区大会」,人格を形成する上で重要な時期の中学生 が、日常生活を通して考えていることを広く 社会に訴えることにより、同世代の意識の 向上と青少年の健全育成に対する県民の 理解を図ることを目的とする。,2,島尻地区青少年の育 成会議,R6.8.16 ～ R6.9.6,0,ＮＰＯ等,ＮＰＯ等,,,not_selected,Source-universe row extraction only; inclusion does not approve the relation or amount.
531,73,教育庁,生涯学習振 興課,4,2,第56回女性の主張中 央大会,地域における社会課題が山積している中 で、課題解決をするための学習と実践を積 み重ね、貴重な意見を発表し合うことに よって、自らの能力開発と女性の地位向上 を図り、併せて組織の活性化を目指した行 事となっている。,3,一般社団法人 沖縄県女性連合会,R6.8.20 ～ R6.9.20,150,ＮＰＯ等,ＮＰＯ等,,,not_selected,Source-universe row extraction only; inclusion does not approve the relation or amount.
532,73,教育庁,生涯学習振 興課,6,13,第36回全沖縄こどもエ イサーまつり,沖縄の伝統芸能であるエイサー等を発表 する機会を提供し、郷土の伝統芸能の継 承と県内子ども会の広域交流及び青少年 の健全育成を図り、相互の交流や連帯感 を高め、地域活動の充実発展を目的とす るイベントである。,3,豊見城市子ども会育 成連絡協議会,R6.7.29 ～ R6.10.20,0,ＮＰＯ等,ＮＰＯ等,,,not_selected,Source-universe row extraction only; inclusion does not approve the relation or amount.
533,73,教育庁,生涯学習振 興課,6,2,第66回沖縄県ＰＴＡ研 究大会国頭大会,学校教育の振興と青少年の健全育成のた め、PTAの果たす役割と活動の在り方を討 議し、社会の変化に対応できるＰＴＡ活動 の充実を図る大会である。,3,一般社団法人 沖縄県ＰＴＡ連合会,R6.8.6 ～ R7.1.19,0,ＮＰＯ等,ＮＰＯ等,,,not_selected,Source-universe row extraction only; inclusion does not approve the relation or amount.
534,73,教育庁,生涯学習振 興課,6,13,第57回全国子ども会 育成中央会議・研究大 会,子どもの社会生活に必要な徳性の涵養、 及び子どもの健全育成に日頃から尽力さ れている育成者（大人）が全国から集い、 今後の子ども会活動を活性化するために 研鑽・情報交換を行う大会である。,3,公益社団法人 全国 子ども会連合会,R6.8.8 ～ R6.11.18,0,ＮＰＯ等,ＮＰＯ等,,,not_selected,Source-universe row extraction only; inclusion does not approve the relation or amount.
535,73,教育庁,生涯学習振 興課,4,13,第７５回沖縄県小中学 校童話お話意見発表 大会（創設７５周年記 念大会及び最終大会）,小中学校でのPTA活動の中において、童 話・お話・意見発表の取り組みを通して、 表現力の養成に努め、情操教育と言語教 育の発展に資する大会である。,3,一般社団法人 沖縄県PTA連合会,R6.9.11 ～ R6.12.22,150,ＮＰＯ等,ＮＰＯ等,,,not_selected,Source-universe row extraction only; inclusion does not approve the relation or amount.
536,73,教育庁,生涯学習振 興課,4,13,2024年度全国７地区 年長事業in沖縄「クリ エイティブチャレンジ・ プログラム」,ガールスカウト日本連盟の使命と活動基 本方針を踏まえ、ビジョンを達成することを 目指し、人材育成を目的とした事業であ る。,3,一般社団法人ガール スカウト沖縄県連盟,R6.10.2 ～ R6.11.4,150,ＮＰＯ等,ＮＰＯ等,,,not_selected,Source-universe row extraction only; inclusion does not approve the relation or amount.
537,74,教育庁,生涯学習振 興課,6,6,第１回無料公開講座 女性文化大学in 那覇,女性による女性のための教養講座として 「きもの文化の普及啓蒙発展」に寄与する 公益事業の一つとして開催する。,3,一般社団法人民族衣 裳文化普及協会,R6.8.28 ～ R6.11.4,0,ＮＰＯ等,ＮＰＯ等,,,not_selected,Source-universe row extraction only; inclusion does not approve the relation or amount.
538,74,教育庁,生涯学習振 興課,6,4,令和６年度赤い羽根共 同募金運動,共同募金活動をとおして生徒に思いやり の心を育むことを目的した行事となってい る。,2,社会福祉法人沖縄県 共同募金会,R6.9.5 ～ R7.3.31,0,ＮＰＯ等,ＮＰＯ等,,,not_selected,Source-universe row extraction only; inclusion does not approve the relation or amount.
539,74,教育庁,生涯学習振 興課,4,2,第49回沖縄県高等学 校PTA研究大会（島尻 大会）,高等学校教育の振興と青少年の健全育成 のため、PTAの果たす役割と活動の在り方 を討議し、社会変化に対応できるPTA活動 の充実を図る大会である。,8,沖縄県高等学校PTA 連合会,R6.9.11 ～ R6.11.23,150,ＮＰＯ等,ＮＰＯ等,,,not_selected,Source-universe row extraction only; inclusion does not approve the relation or amount.
540,74,教育庁,生涯学習振 興課,6,4,令和６年度歳末たすけ あい運動,歳末たすけあい運動を通して、生徒に思い やりの心を育むことを目的した行事となっ ている。,2,社会福祉法人沖縄県 共同募金会,R6.11.11 ～ R6.12.31,0,ＮＰＯ等,ＮＰＯ等,,,not_selected,Source-universe row extraction only; inclusion does not approve the relation or amount.
541,74,教育庁,生涯学習振 興課,6,8,第４回カープレミア× やいまSDGｓシンポジ ウム,八重山に相応しい、心も自然も経済も豊か な八重山の未来を、参加者と共有し、ロー カルSDGｓ（地域循環共生圏）を推進するこ とにより、地域社会にとって大切な文化や 思想の継承について、楽しみながら学べる 社会啓蒙型のイベント。,3,やいまSDGｓシンポジ ウム実行委員会,R6.11.14 ～ R6.11.30,0,ＮＰＯ等,ＮＰＯ等,,,not_selected,Source-universe row extraction only; inclusion does not approve the relation or amount.
542,74,教育庁,生涯学習振 興課,6,2,第25回日本習字全国 席書大会,日本習字で書を学ぶ児童・生徒・成人が一 堂に会し、人路の練習・鍛錬の成果を発揮 し、その技能を競うとともに、技量面・精神 面の向上・成長を図る。書道文化の発展 に寄与する。,2,公益財団法人 日本習字教育財団,R6.11.6 ～ R7.1.13,0,ＮＰＯ等,ＮＰＯ等,,,not_selected,Source-universe row extraction only; inclusion does not approve the relation or amount.
543,75,教育庁,生涯学習振 興課,6,2,小野寺典講演会『大人 が変われば教育が変 わる～現代の教育と子 育てについて～』,教育の質を向上させるためには、大人自 身が変わる必要があるとの認識を広める。 保護者・教員・地域社会の大人たちが教育 に対する意識を再考し、子どもたちの成長 を支えるためのアクションを起こすきっかけ を提供。埼玉県働き方改革教員として、現 在も現役小学校教員として働く小野寺典先 生による講演会。教育の現状や課題につ いて、実際の事例を交えながら参加者み んなで意見交換する。,5,トーキョーコーヒー,R6.10.10 ～ R6.11.9,0,ＮＰＯ等,ＮＰＯ等,,,not_selected,Source-universe row extraction only; inclusion does not approve the relation or amount.
544,75,教育庁,生涯学習振 興課,5,2,ESD・SDGｓ教育実践 活動報告セミナー,最新のESDとSDGｓの達成に向けた教育 の動向を学び、県内で取り組む学校や教 師らの校種を超えた実践活動報告を通し て学びあう場を創り、情報共有と意見交換 を通して実践意欲を高めることを目的とし たセミナーを開催する。,8,国立大学法人琉球大 学,R6.10.22 ～ R6.11.9,0,ＮＰＯ等,ＮＰＯ等,,,not_selected,Source-universe row extraction only; inclusion does not approve the relation or amount.
545,75,教育庁,生涯学習振 興課,6,13,令和５年ユネスコ子ど もの集い,県内の児童生徒と県内在住の外国の児童 生徒が、ユネスコについて学びレクリエー ションを通じて、多様な文化を理解しあう、 ユネスコの理念の普及や平和な世界の貢 献を目指す,1,沖縄県ユネスコ協会,R6.11.28 ～ R7.2.2,0,ＮＰＯ等,ＮＰＯ等,,,not_selected,Source-universe row extraction only; inclusion does not approve the relation or amount.
546,75,教育庁,生涯学習振 興課,6,2,子どもお仕事ミライ体 験事業,うるま市の次世代を担う子どもたちに多様 な職業を知り、実際に体験する機会を提供 することを目的としている。これにより、子 どもたちが自らの将来について考えるきっ かけを提供し、地域の産業理解や興味を 深める機会とする。また、地元企業の活動 を周知し、地域経済の活性化と地域の人 材育成を促進することも目指す。,3,子どもお仕事未来体 験青年部実行委員会,R6.11.29 ～ R7.1.12,0,ＮＰＯ等,ＮＰＯ等,,,not_selected,Source-universe row extraction only; inclusion does not approve the relation or amount.
547,75,教育庁,生涯学習振 興課,6,2,令和６年度 沖女連 「健康づくりフェスティ バル」,多様化・複雑化する社会の変化に伴い必 要とされるスキルを学び、昨今の自然災害 を教訓とするとともに、まさかの時の学習と 学習と取り組みを協議し、実践に生かすた めの研修会とする。また、平田太一氏によ る講演により沖縄県の歴史文化を学びそ の振興を図る。,3,（一社）沖縄県女性連 合会,R6.11.14 ～ R6.11.17,0,ＮＰＯ等,ＮＰＯ等,,,not_selected,Source-universe row extraction only; inclusion does not approve the relation or amount.
548,76,教育庁,生涯学習振 興課,6,11,書きそんじハガキ・キャ ンペーン2025,貧困で日常生活すらままならないアジアの 人達のため、自立した持続可能な社会づく りを支援するための募金活動の一つ。世 界には戦争や貧困、さまざまな理由から学 校に行けず、読み書きのできないまま大人 になり、安定した職業に着けず、子どもに も教育を受けさせることができない人々が いる。このような貧困の連鎖を断ち切るた めに、書きそんじハガキを集め、換金し、 世界寺呉屋運動への募金へつなげる。,8,沖縄県ユネスコ協会,R6.11.14 ～ R7.2.28,0,ＮＰＯ等,ＮＰＯ等,,,not_selected,Source-universe row extraction only; inclusion does not approve the relation or amount.
549,76,教育庁,生涯学習振 興課,6,6,第14回クラフトフェア沖 縄inイーアス沖縄豊崎,やちむん、木斛、琉球ガラス、染色、革、金 細工、服飾、七宝焼き、カバン、オーディオ などに携わる工芸家がそれぞれの作品を 展示販売。 沖縄県全体の地域産業の発掘と発展、工 芸の継承と工芸家の育成を目指す。また、 商業施設での開催で、工芸が普段の生活 に密着していることを知ってもらうとともに、 より一層身近に感じてもらえることを目指 す。,8,クラフトフェア沖縄実 行委員,R6.11.18 ～ R6.12.8,0,ＮＰＯ等,ＮＰＯ等,,,not_selected,Source-universe row extraction only; inclusion does not approve the relation or amount.
550,76,教育庁,生涯学習振 興課,6,2,第36回沖縄県小・中学 校PTA広報紙コンクー ル,小・中学校での広報活動の活性化を促進 し、PTA活動の振興を図る。,3,一般社団法人 沖縄県PTA連合会,R7.2.18 ～ R7.5.26,0,ＮＰＯ等,ＮＰＯ等,,,not_selected,Source-universe row extraction only; inclusion does not approve the relation or amount.
551,76,教育庁,生涯学習振 興課,4,3,２０２４年度沖縄県ユネ スコ協会SDGsパス ポートシンポジウム,社会貢献活動を行う企業や団体の代表者 の基調講演と学校や通り会など教育現場 や地域団体の代表者より活動事例を紹介 いただき、自身で出来る事や地域や教育 現場との連携など知見を深めることで、日 常生活からSDG’sなどを意識して取り組 み、自ら行動していく人材、また、周りを巻 き込んで活動できる人材を育成することを 目的とする。,8,沖縄県ユネスコ協会,R6.12.3 ～ R7.2.15,28,ＮＰＯ等,ＮＰＯ等,,,not_selected,Source-universe row extraction only; inclusion does not approve the relation or amount.
552,77,教育庁,生涯学習振 興課,6,13,第69回九州地区高等 学校PTA連合会大会 （語やびら 沖縄大会）,九州地区高等学校PTA活動の充実と発展 に努め、社会教育・家庭教育並びに高等 学校教育の振興を図る目的の大会であ る。,8,沖縄県高等学校ＰＴＡ 連合会,R7.1.10 ～ R7.6.20,0,ＮＰＯ等,ＮＰＯ等,,,not_selected,Source-universe row extraction only; inclusion does not approve the relation or amount.
553,77,教育庁,生涯学習振 興課,8,13,令和７年度 沖縄県青 少年交流体験事業,次代を担う青少年が、異年齢での共同生 活を通して自主性及び協調性を養い、ま た、他県少年とのふれ合い交流や歴史文 化、防災学習などの体験活動を通して生き る力を育み、故郷の発展に寄与できるリー ダーを育成することが目的となっている。,2,公益社団法人沖縄県 青少年育成県民会議,R7.3.19 ～ R7.12.21,0,ＮＰＯ等,ＮＰＯ等,,,not_selected,Source-universe row extraction only; inclusion does not approve the relation or amount.
554,77,教育庁,生涯学習振 興課,7,2,社会教育振興事業費,社会教育委員の会議,1,たいようのえくぼ １万人井戸端会議,R6.4.1 ～ R9.3.31,0,行政,行政,,,not_selected,Source-universe row extraction only; inclusion does not approve the relation or amount.
555,77,教育庁,生涯学習振 興課,6,2,第４5回全沖縄おかあ さんコーラス連盟,家事や仕事の合間を縫って練習を重ねて きたおかあさんたちが全県から一堂に集 い、コーラスの発表を通して相互の交流と 技術の向上を図り、ハーモニーの輪を広げ る合唱の祭典。,8,全沖縄おかあさん コーラス連盟,R7.2.27 ～ R7.5.11,0,ＮＰＯ等,ＮＰＯ等,,,not_selected,Source-universe row extraction only; inclusion does not approve the relation or amount.
556,77,教育庁,生涯学習振 興課,6,6,第15回クラフトフェア沖 縄in沖縄工芸の杜,やちむん、木斛、琉球ガラス、染色、革、金 細工、服飾、七宝焼き、カバン、オーディオ などに携わる工芸家がそれぞれの作品を 展示販売。 沖縄県全体の地域産業の発掘と発展、工 芸の継承と工芸家の育成を目指す。また、 商業施設での開催で、工芸が普段の生活 に密着していることを知ってもらうとともに、 より一層身近に感じてもらえることを目指 す。,8,クラフトフェア沖縄実 行委員,R7.2.27 ～ R7.4.27,0,ＮＰＯ等,ＮＰＯ等,,,not_selected,Source-universe row extraction only; inclusion does not approve the relation or amount.
557,77,教育庁,生涯学習振 興課,5,13,第45回沖縄県「少年の 主張大会」,人格を形成する上で重要な時期にある中 学生が、日常生活を通して日頃考えている ことを広く社会に訴えることにより同世代に おける少年の意識の向上と、青少年の健 全育成に対する県民の理解を深めること が目的となっている。,2,公益社団法人沖縄県 青少年育成県民会議,R7.3.19 ～ R7.9.26,0,ＮＰＯ等,ＮＰＯ等,,,not_selected,Source-universe row extraction only; inclusion does not approve the relation or amount.
558,78,教育庁,生涯学習振 興課,9,2,おきなわ県民カレッジ 美ら島沖縄学講座,生涯学習社会の実現に向けて沖縄の自 然・歴史・文化を中心に講座を開催する。 第10回美ら島沖縄学講座として「沖縄の湧 き水めぐり～本島中部編２～」と題し、 フィールドワークを開催した。,8,湧き水fan倶楽部,R6.11.30 ～ R6.11.30,8,行政,行政,,,not_selected,Source-universe row extraction only; inclusion does not approve the relation or amount.
559,78,教育庁,生涯学習振 興課,9,2,おきなわ県民カレッジ 美ら島沖縄学講座,生涯学習社会の実現に向けて沖縄の自 然・歴史・文化を中心に講座を開催する。 第11回美ら島沖縄学講座として「Ocean to allを合言葉に人と海の架け橋へ 海の体 験で世界をポジティブに変えていこう」と題 し、座学講座を開催した。,3,一般社団法人沖縄県 美ら海教育学校,R6.12.18 ～ R6.12.18,8,行政,行政,,,not_selected,Source-universe row extraction only; inclusion does not approve the relation or amount.
560,78,教育庁,生涯学習振 興課,6,2,Borderless Concert in Okinawa,多様性を受け入れる社会において、音楽 を通して様々な人とつながり、すべての人 が音楽を通して輝ける未来を想像すること を目指して、障害がある音楽家によるコン サートを行う。,1,NPO法人響愛学園 パラ・アーティスト・マ ネージメント協会,R6.8.12,0,ＮＰＯ等,ＮＰＯ等,,,not_selected,Source-universe row extraction only; inclusion does not approve the relation or amount.
561,78,教育庁,生涯学習振 興課,5,2,おきなわ県民カレッジ 美ら島沖縄学講座,生涯学習社会の実現に向けて沖縄の自 然・歴史・文化を中心に講座を開催する。 第６回美ら島沖縄学講座として「沖縄芝居 への誘い「松の精」」と題し、座学と沖縄芝 居の鑑賞を組み合わせた講座を開催し た。,2,公益財団法人国立劇 場おきなわ運営財団,R6.9.14 ～ R6.9.14,0,行政,行政,,,not_selected,Source-universe row extraction only; inclusion does not approve the relation or amount.
562,78,教育庁,生涯学習振 興課,9,2,おきなわ県民カレッジ 美ら島沖縄学講座,生涯学習社会の実現に向けて沖縄の自 然・歴史・文化を中心に講座を開催する。 第７回美ら島沖縄学講座として「首里織の 歴史と技法」と題し、座学講座を開催した。,8,那覇伝統織物事業協 同組合,R6.10.2 ～ R6.10.2,8,行政,行政,,,not_selected,Source-universe row extraction only; inclusion does not approve the relation or amount.
563,78,教育庁,生涯学習振 興課,10,2,社会教育主事講習[B] 沖縄会場,国立教育政策研究所社会教育実践研究 センターが社会教育士を養成する講習（文 部科学省委嘱の講習）の地方会場として 実施,1,特定非営利活動法人 １万人井戸端会議,R7.2.20 ～ R7.2.20,12,行政,行政,,,not_selected,Source-universe row extraction only; inclusion does not approve the relation or amount.
564,79,教育庁,生涯学習振 興課,3,2,青少年教育施設管理 運営費,県立糸満青少年の家の管理運営業務に ついて、民間の能力を活用しつつ、住民 サービスの向上と運営の効率化を図る。,5,専門学校那覇日経ビ ジネス,R5.4.1 ～ R10.3.31,"42,000",一緒に,ＮＰＯ等,,,not_selected,Source-universe row extraction only; inclusion does not approve the relation or amount.
565,79,教育庁,生涯学習振 興課,3,2,青少年教育施設管理 運営費,県立石垣青少年の家の管理運営業務に ついて、民間の能力を活用しつつ、住民 サービスの向上と運営の効率化を図る。,1,特定非営利活動法人 八重山星の会,R2.4.1 ～ R7.3.31,"39,019",一緒に,ＮＰＯ等,,,not_selected,Source-universe row extraction only; inclusion does not approve the relation or amount.
566,79,教育庁,生涯学習振 興課,3,2,青少年教育施設管理 運営費,県立石川青少年の家の管理運営業務に ついて、民間の能力を活用しつつ、住民 サービスの向上と運営の効率化を図る。,2,公益社団法人うるま 市シルバー人材セン ター,R6.4.1 ～ R11.3.31,"43,431",一緒に,ＮＰＯ等,,,not_selected,Source-universe row extraction only; inclusion does not approve the relation or amount.
567,79,教育庁,生涯学習振 興課,3,2,青少年教育施設管理 運営費,県立玉城青少年の家の管理運営業務に ついて、民間の能力を活用しつつ、住民 サービスの向上と運営の効率化を図る。,7,沖縄じんぶんの杜共 同筐体（一般社団法 人沖縄じんぶん考房・ 特定非営利活動法人 １万人井戸端会議）,R6.4.1 ～ R11.3.31,"44,793",一緒に,ＮＰＯ等,,,not_selected,Source-universe row extraction only; inclusion does not approve the relation or amount.
568,79,教育庁,生涯学習振 興課,3,2,青少年教育施設管理 運営費,県立宮古青少年の家の管理運営業務に ついて、民間の能力を活用しつつ、住民 サービスの向上と運営の効率化を図る。,1,特定非営利活動法人 ばんず,R2.4.1 ～ R7.3.31,"39,064",一緒に,ＮＰＯ等,,,not_selected,Source-universe row extraction only; inclusion does not approve the relation or amount.
569,79,教育庁,生涯学習振 興課 （図書館）,8,13,英語でおはなし会,英語の絵本の読み聞かせや手遊び等を通 じ、英語教育への理解と国際感覚を身に つけることに寄与するとともに、子どもたち の読書推進を図る。,1,ＮＰＯ法人沖縄児童 英語研究会,R5.5 ～ R7.3,0,一緒に,ＮＰＯ等,,,not_selected,Source-universe row extraction only; inclusion does not approve the relation or amount.
570,79,教育庁,生涯学習振 興課 （図書館）,8,2,離島読書活動支援事 業,移動図書館、一括貸出、協力貸出等の広 域サービスを通じて、県内どこでも身近な 所で読書に親しむ環境を整備し、読書環 境の格差改善及び読書活動の普及を図 る。,3,一般財団法人沖縄美 ら島財団,R6.4.1 ～ R7.3.31,0,行政,行政,,,not_selected,Source-universe row extraction only; inclusion does not approve the relation or amount.
571,80,教育庁,生涯学習振 興課 （図書館）,1,11,ブラジル移民資料調査 コーディネート業務,コーディネーターへの旅費・謝金の支払い 及び車両の手配,3,世界若者ウチナーン チュ連合会,R7.2.15 ～ R7.3.4,397,行政,行政,,,not_selected,Source-universe row extraction only; inclusion does not approve the relation or amount.
572,80,教育庁,生涯学習振 興課 （図書館）,8,2,放送ライブラリー公開 番組ストリーミング サービス,放送番組センターが公開する番組のうち、 沖縄に関するものを県立図書館で視聴で きる配信型サービス,2,公益財団法人放送番 組センター,R4.3.16 ～ 終期未定,0,一緒に,一緒に,,,not_selected,Source-universe row extraction only; inclusion does not approve the relation or amount.
573,80,教育庁,文化財課,2,6,「児童生徒の組踊等沖 縄伝統芸能鑑賞会」組 踊・沖縄芝居ワーク ショップ,組踊または沖縄芝居及び沖縄伝統芸能 （琉球舞踊）を鑑賞することで児童生徒に 郷土芸能への理解と関心を深めさせ、沖 縄伝統芸能の普及啓発を図る。希望する 学校にてワークショップを実施。,8,女流組踊研究会めば な,R6.7.11 ～ R7.3.14,"1,553",一緒に,ＮＰＯ等,,,not_selected,Source-universe row extraction only; inclusion does not approve the relation or amount.
574,80,教育庁,文化財課,6,13,りっかりっか＊フェスタ 「2024国際児童・青少 年演劇フェスティバル おきなわ」,子どもたちが、世界の優れた舞台芸術の 鑑賞などをとおし、家族や仲間との共通体 験により互いに理解し尊重しあう心を育 み、友情を深め、豊かな感性、創造力、人 間性を育てていく場を提供する。,3,一般社団法人エー シーオー沖縄,R6.4.16 ～ R6.7.28,0,ＮＰＯ等,ＮＰＯ等,,,not_selected,Source-universe row extraction only; inclusion does not approve the relation or amount.
575,80,教育庁,文化財課,6,13,バレエ・アーティスト 緑間玲貴 沖縄公演 「トコイリヤ RYOKI to AI 」vol.12,学校教育における合唱音楽の技術向上を とおして、豊かな情操を培うことを目的とし たバレエ公演,3,一般社団法人トコイリ ヤ・ソサエティー,R6.4.19 ～ R6.10.6,0,ＮＰＯ等,ＮＰＯ等,,,not_selected,Source-universe row extraction only; inclusion does not approve the relation or amount.
576,80,教育庁,文化財課,6,13,コンサート×おしばい 「ベートーヴェン物語」,音楽文化と豊かにかかわる資質と能力を 育成する目的でクラシック音楽の鑑賞機会 を提供する。,3,一般社団法人みむみ むの森芸術文化振興 グループ,R6.5.14 ～ R6.11.4,0,ＮＰＯ等,ＮＰＯ等,,,not_selected,Source-universe row extraction only; inclusion does not approve the relation or amount.
577,80,教育庁,文化財課,6,13,うたで繋げてる未来の 沖縄2024 慰霊の日 親子コンサート たくさ んの親子と一緒に歌っ て踊って楽しむコン サート,世界の優れた舞台芸術の鑑賞などをとお し、互いに理解し尊重しあう心をはぐくむこ とを目的とした舞台芸術鑑賞,4,社会福祉法人 若杉 福祉会,R6.5.20 ～ R6.6.23,0,ＮＰＯ等,ＮＰＯ等,,,not_selected,Source-universe row extraction only; inclusion does not approve the relation or amount.
578,81,教育庁,文化財課,6,13,TEENS ROCK IN OKINAWA 2024,音楽に取り組む沖縄の高校生たちの発表 の場を作り、高校生の今しかできない感動 を応援する事業を開催。,2,公益社団法人浦添青 年会議所,R6.6.3 ～ R6.7.6,0,ＮＰＯ等,ＮＰＯ等,,,not_selected,Source-universe row extraction only; inclusion does not approve the relation or amount.
579,81,教育庁,文化財課,6,13,～おきなわ文学賞第 20回記念事業 夏休 みこどもワークショップ ～ つくって たのしむ 俳句のせかい,文学活動に親しむ機会を創出するとともに 将来的な文学活動の普及を図ることを目 的に「俳句」の体験型ワークショップを実施 する。,2,公益社団法人沖縄県 文化振興会,R6.6.4 ～ R6.8.12,0,ＮＰＯ等,ＮＰＯ等,,,not_selected,Source-universe row extraction only; inclusion does not approve the relation or amount.
580,81,教育庁,文化財課,6,13,上方落語まつり「子ど もたちの落語体験教 室」,次世代を担うこどもたちに対して地域の伝 統文化を体験、修得するきっかけや機会を 作る,3,一般社団法人 落語 知育振興協会,R6.6.7 ～ R6.12.8,0,ＮＰＯ等,ＮＰＯ等,,,not_selected,Source-universe row extraction only; inclusion does not approve the relation or amount.
581,81,教育庁,文化財課,6,13,テレビのチカラ 四国・ 九州・沖縄地区大会 2024 沖縄,沖縄の文化芸能に関わる様々なジャンル のパネリストを迎え「未来」について語り合 う。,2,公益財団法人 民間 放送教育協会,R6.6.12 ～ R6.10.26,0,ＮＰＯ等,ＮＰＯ等,,,not_selected,Source-universe row extraction only; inclusion does not approve the relation or amount.
582,81,教育庁,文化財課,6,13,オペラと語りの共演 「蝶々夫人」,子どもから大人までオペラに興味をもって いただき沖縄にてオペラ芸術文化普及を 図るオペラ舞台,3,一般社団法人おきな わオペラアカデミー,R6.9.2 ～ R7.1.13,0,ＮＰＯ等,ＮＰＯ等,,,not_selected,Source-universe row extraction only; inclusion does not approve the relation or amount.
583,81,教育庁,文化財課,6,6,第２３回入賞者記念コ ンサート,全国各地で開催されるピティナ・ピアノコン ペティションに参加し、沖縄地区本選にお いて入賞された方を応援し、その成果を披 露することを目的とする。,3,全日本ピアノ指導者 協会沖縄支部,R6.10.16 ～ R6.12.22,0,ＮＰＯ等,ＮＰＯ等,,,not_selected,Source-universe row extraction only; inclusion does not approve the relation or amount.
584,81,教育庁,文化財課,6,6,第27回スーパーマーチ ング＆バトン2024,沖縄県のバトントワーリングの技術向上の ためのコンテスト,3,日本バトン協会沖縄 支部,R6.11.26 ～ R6.12.28,0,ＮＰＯ等,ＮＰＯ等,,,not_selected,Source-universe row extraction only; inclusion does not approve the relation or amount.
585,82,教育庁,文化財課,6,6,第８回全国はがき筆文 字展,日常生活の中から手書き文字、特に筆文 字ばなれが進んでいるなか、生活に潤い をもたらす筆文字文化を伝え残すことを目 的とする。,3,全国はがき筆文字展 実行委員会,R6.12.5 ～ R6.12.8,0,ＮＰＯ等,ＮＰＯ等,,,not_selected,Source-universe row extraction only; inclusion does not approve the relation or amount.
586,82,教育庁,文化財課,6,6,第49回ピティナ・ピアノ コンペティション 沖縄 地区,優れた音楽才能の発掘と育成を目指すピ アノコンクール,3,全日本ピアノ指導者 協会沖縄支部,R6.12.26 ～ R7.8.6,0,ＮＰＯ等,ＮＰＯ等,,,not_selected,Source-universe row extraction only; inclusion does not approve the relation or amount.
587,82,教育庁,文化財課,6,6,第5回国際声楽コン クール東京 沖縄大会,合唱活動を通して学校での豊かな音楽生 活を育む全国コンクールに向けての県大 会。,3,一般社団法人カン タームス,R6.12.26 ～ R7.7.15,0,ＮＰＯ等,ＮＰＯ等,,,not_selected,Source-universe row extraction only; inclusion does not approve the relation or amount.
588,82,教育庁,保健体育課,6,13,第45回交通安全子供 自転車沖縄県大会,競技をとおして、児童に交通についての興 味と関心を高めるとともに、交通安全知識 を身に付けさせ、更にその習慣化を図るこ とにより、交通事故防止に寄与する。,2,公益財団法人沖縄県 交通安全協会連合会,R6.6.29,0,ＮＰＯ等,ＮＰＯ等,,,not_selected,Source-universe row extraction only; inclusion does not approve the relation or amount.
589,82,教育庁,保健体育課,8,13,がん教育外部講師の ための研修会,がん教育に携わる外部講師を育成するた めの研修会,1,NPO法人沖縄がん教 育サポートセンター,R6.11.16 ・ R6.11.30,0,ＮＰＯ等,ＮＰＯ等,,,not_selected,Source-universe row extraction only; inclusion does not approve the relation or amount.
590,82,教育庁,保健体育課,5,13,学校環境衛生・安全管 理講習会,児童生徒の健康・安全な学習環境を保持 するための学校における環境衛生検査、 日常における点検、学校安全管理等につ いて、担当者の意識の高揚と資質の向上 を図り、環境衛生・安全管理の充実に資す る事を目的とする講習会,3,一般社団法人 沖縄県薬剤師会,R6.5.13,5,行政,行政,,,not_selected,Source-universe row extraction only; inclusion does not approve the relation or amount.
591,82,教育庁,保健体育課,6,13,オンライン・レインボー 講座,LGBTQ・性の多様性をテーマに個性やち がいを大切にする心を育む教育について 考えるための講座,1,NPO法人レインボー ハートokinawa,R6.4.22 ～ R7.2.8,0,ＮＰＯ等,ＮＰＯ等,,,not_selected,Source-universe row extraction only; inclusion does not approve the relation or amount.
592,83,教育庁,保健体育課,7,13,令和６年度食育シンポ ジウム,講演、シンポジウムを開催し、食育の普及 啓発、学校・家庭・地域の関係機関等によ る情報交換等を行い、食育を通して子ども の望ましい基本的生活習慣の定着に資す る。,2,公益財団法人沖縄県 学校給食会,R6.8.11,0,ＮＰＯ等,一緒に,,,not_selected,Source-universe row extraction only; inclusion does not approve the relation or amount.
593,83,教育庁,保健体育課,7,13,令和６年度食育シンポ ジウム,講演、シンポジウムを開催し、食育の普及 啓発、学校・家庭・地域の関係機関等によ る情報交換等を行い、食育を通して子ども の望ましい基本的生活習慣の定着に資す る。,3,一般社団法人沖縄県 PTA連合会,R6.8.11,0,一緒に,一緒に,,,not_selected,Source-universe row extraction only; inclusion does not approve the relation or amount.
594,83,教育庁,保健体育課,9,13,令和６年度栄養教諭・ 学校栄養職員等研修 会,講義や研修報告等を通して、栄養教諭・学 校栄養職員としての専門的知識を深め、 「食」に関する専門職としての資質の向上 を図る。,3,一般財団法人沖縄県 環境科学センター,R6.7.25,6,行政,行政,,,not_selected,Source-universe row extraction only; inclusion does not approve the relation or amount.
595,83,教育庁,保健体育課,6,13,令和６年度食と子ども の健康展,本県では毎年7月1日から31日までの１ヶ 月間を「県産品奨励月間」と定めており、 県産品使用に関する事業が展開されてい る。学校給食においてもこの機会を捉え、 地域社会へ学校給食の理解を深めるとと もに食育の重要性をアピールすることを目 的として開催する。,2,（公財）沖縄県学校給 食会,R6.7.1 ～ R7.2.1,0,ＮＰＯ等,ＮＰＯ等,,,not_selected,Source-universe row extraction only; inclusion does not approve the relation or amount.
596,83,教育庁,保健体育課,6,13,令和６年度 学校栄養 士による家庭・地域と 連携した食育践講座 ～学校給食を生きた教 材として活用した料理 教室～,保護者や児童生徒を対象に食に関する 講話や学校給食を活用した調理講習会を 開催し、学校給食への理解を深めるととも に「自己管理能力を身に着けた児童・生徒 の育成」と「食に関する意識の向上」に資 する。,2,（公財）沖縄県学校給 食会,R6.6.1 ～ R6.12.31,0,ＮＰＯ等,ＮＰＯ等,,,not_selected,Source-universe row extraction only; inclusion does not approve the relation or amount.
597,83,教育庁,保健体育課,5,13,令和６年度地場産物を 活用した学校給食献 立調理発表会,学校給食従事者による地場産物を活用し た調理発表会を行い、調理技術の研鑽と 意欲の高揚に資するとともに、地元食材を 使用した献立内容の充実と多様化を図る。,2,（公財）沖縄県学校給 食会,R6.6.1 ～ R6.7.22,0,ＮＰＯ等,ＮＰＯ等,,,not_selected,Source-universe row extraction only; inclusion does not approve the relation or amount.
598,84,教育庁,保健体育課,6,13,学校給食の安全に関 する相談窓口,学校教育活動の一環として実施される学 校給食の安全性確保、食育推進支援及び 学校給食の普及充実等に関する事業等に 資することを目的とし、栄養教諭及び学校 栄養職員等を対象に、医師等の専門家へ 食物アレルギー等に関する相談窓口を開 設し、相談事業を実施する。,2,（公財）沖縄県学校給 食会,R6.4.26 ～ R7.3.31,0,ＮＰＯ等,ＮＰＯ等,,,not_selected,Source-universe row extraction only; inclusion does not approve the relation or amount.
599,84,病院事業局,北部病院,8,1,リングキャンペーン事 業,予期せぬ妊娠を繰り返し、身体的、精神的 な不安を抱える女性で経済的困窮等 の理 由により必要な避妊ができない方を対象 に避妊リング挿入費用を支援する。,3,おきなわ子ども未来 ネットワーク,R6.4.1 ～ R7.3.31,0,ＮＰＯ等,ＮＰＯ等,,,not_selected,Source-universe row extraction only; inclusion does not approve the relation or amount.
600,84,警察本部,広報相談課,1,9,被害者支援業務委託 事業,犯罪被害に遭った被害者等に対して、被 害者の多様なニーズに応じた長期間切れ 目のない対応ができる民間被害者支援団 体に被害者支援事業を委託し、相談対応 や付添い等の直接支援や支援活動員の 育成等を実施した。,2,公益社団法人沖縄被 害者支援ゆいセン ター,R6.4.1 ～ R7.3.31,"12,235",ＮＰＯ等,ＮＰＯ等,,,not_selected,Source-universe row extraction only; inclusion does not approve the relation or amount.
601,84,警察本部,広報相談課,5,9,犯罪被害者週間街頭 キャンペーン,犯罪被害者週間（11月25日から12月１日） において、犯罪被害者等の置かれている 状況について、県民の理解を深め、社会 的支援の輪を広げることを目的に街頭キャ ンペーン等の広報啓発活動事業を実施し た。,2,公益社団法人沖縄被 害者支援ゆいセン ター,R6.11.25 ～ R6.12.1,16,一緒に,一緒に,,,not_selected,Source-universe row extraction only; inclusion does not approve the relation or amount.
602,84,警察本部,生活安全企 画課,10,9,沖縄県防犯モデル共 同住宅登録事業,県、県警察、防犯協会連合会が連携し、犯 罪の予防に配慮した防犯共同住宅の普及 を図った。,2,公益財団法人沖縄県 防犯協会連合会,Ｈ17．４ ～ 終期未定,0,一緒に,一緒に,,,not_selected,Source-universe row extraction only; inclusion does not approve the relation or amount.
603,84,警察本部,生活安全企 画課,8,9,防犯功労者及び防犯 功労団体表彰,多年にわたって防犯活動に尽力し、犯罪 の予防に功労があったと認められる個人 及び団体の表彰を行った。,2,公益財団法人沖縄県 防犯協会連合会,R6.4.1 ～ R6.10.21,0,一緒に,一緒に,,,not_selected,Source-universe row extraction only; inclusion does not approve the relation or amount.
604,84,警察本部,生活安全企 画課,10,9,自転車防犯登録業務,自転車販売店が販売した自転車及び未登 録の自転車について防犯登録を行う業務,2,公益財団法人沖縄県 防犯協会連合会,Ｈ20．３ ～ 終期未定,0,ＮＰＯ等,ＮＰＯ等,,,not_selected,Source-universe row extraction only; inclusion does not approve the relation or amount.
605,84,警察本部,少年課,5,13,令和６年度御万人すり てぃクリーン・グリーン・ グレイシャス（CGG)運 動,県民の宝である子ども達が健やかに成長 するためには、犯罪に巻き込まれない環 境づくりと、豊かな心を育てるため地域の 大人の寄り添いが必要であることから、 「地域の子は地域で守り育てる」との気運 を高め、青少年の健全育成に資することを 目的とした運動。,8,御万人すりてぃクリー ン・グリーン・グレイ シャス（ＣＧＧ）運動沖 縄県実行委員会,R6.5.1 ～ R7.3.31,0,ＮＰＯ等,ＮＰＯ等,,,not_selected,Source-universe row extraction only; inclusion does not approve the relation or amount.
606,85,警察本部,少年課,5,13,令和６年度「青少年の 非行防止」県民一斉行 動,総合的な非行・被害防止対策と安全・安心 なまちづくりの推進に向けて関係機関・業 界が連携し、力強い施策を展開するため に実施する。,2,公益社団法人沖縄県 青少年育成県民会議,R6.7.1 ～ R6.8.31,0,一緒に,一緒に,,,not_selected,Source-universe row extraction only; inclusion does not approve the relation or amount.
607,85,警察本部,少年課,5,13,沖縄の青少年を健や かに育てる県民大会 共同アピール2024,夏休みを前に青少年の健全育成及び非行 防止を目的に、県民総ぐるみで「地域の子 は地域で守り育てる」気運を高め、すべて の子どもたちが安全で安心に過ごせる社 会づくりを目指すもの。,2,公益社団法人沖縄県 青少年育成県民会議,R6.7.12,0,ＮＰＯ等,ＮＰＯ等,,,not_selected,Source-universe row extraction only; inclusion does not approve the relation or amount.
608,85,警察本部,少年課,6,13,二十歳未満者飲酒防 止キャンペーン,酒類の製造・流通・販売に関する許認可業 者が、県下全域においてキャンペーン（店 頭でのポスター掲示やバッジ着用等）を実 施し、沖縄県における二十歳未満者の飲 酒問題の改善を目指す。,7,沖縄県酒造組合 沖縄県卸売酒販組合 沖縄県小売酒販組合 （株）オリオンビール,R6.7.19 ～ R6.8.31,0,ＮＰＯ等,ＮＰＯ等,,,not_selected,Source-universe row extraction only; inclusion does not approve the relation or amount.
609,85,警察本部,少年課,7,13,第74回社会を明るくす る運動,犯罪や非行の防止と罪を犯した人たちの 更生について理解を深め、それぞれの立 場において力を合わせ、犯罪や非行のな い安全・安心な地域社会を築く全国的な運 動。,7,第74回社会を明るく する運動沖縄県推進 委員会事務局,R6.7.1 ～ R6.7.31,0,一緒に,一緒に,,,not_selected,Source-universe row extraction only; inclusion does not approve the relation or amount.
610,85,警察本部,少年課,6,13,沖縄県高校生問題行 動等防止推進事業 沖縄県高校生「ちゅら マナーアップ」フォーラ ム,高校生自らが人権に関する理解を深め、 「性的マイノリティ等多様性への配慮」、 「自己信頼感の育成」、「適切な援助希求 的態度の促進」といった現状の課題とその 解決について考察するフォーラムを開催 し、高校生をはじめ社会全体にメッセージ を発信することで、「誰一人取り残さない社 会づくり」を啓発する機会とする。,8,一般社団法人沖縄県 PTA連合会、沖縄県 高等学校PTA連合会 等 （主催は、沖縄県教育 委員会）,R6.10.21,0,ＮＰＯ等,ＮＰＯ等,,,not_selected,Source-universe row extraction only; inclusion does not approve the relation or amount.
611,85,警察本部,地域課,1,9,優良海域レジャー提供 業者指定に係る審査 業務委託,安全対策優良海域レジャー提供業者の指 定に伴う審査業務,3,一般財団法人沖縄マ リンレジャーセイフ ティービューロー,R6.4.10 ～ R7.3.31,853,行政,ＮＰＯ等,,,not_selected,Source-universe row extraction only; inclusion does not approve the relation or amount.
612,85,警察本部,地域課,1,9,水難救助員、ガイドダ イバー及びスノーケリ ングガイド等に対する 安全講習業務委託,水難救助等に係る知識及び能力の向上を 図るための安全講習を委託し、海域レ ジャー提供業者の安全対策の向上を図っ た。,3,一般財団法人沖縄マ リンレジャーセイフ ティービューロー,R6.7.23 ～ R7.3.31,"1,868",行政,ＮＰＯ等,,,not_selected,Source-universe row extraction only; inclusion does not approve the relation or amount.
613,86,警察本部,地域課,1,9,海域における水難救 助講習業務委託,水難救助等に係る知識及び能力の向上を 図るための安全講習を委託し、海域レ ジャー提供業者に対し、実技を伴う実践的 な救助講習を実施した。,3,一般財団法人沖縄マ リンレジャーセイフ ティービューロー,R6.7.23 ～ R7.3.31,828,行政,ＮＰＯ等,,,not_selected,Source-universe row extraction only; inclusion does not approve the relation or amount.
614,86,警察本部,組織犯罪対 策課,1,9,不当要求防止責任者 講習,行政・事業所に対し、不当要求防止責任 者を選任し、暴力団からの不当な要求によ る被害を防止するため必要な知識・対応 方法、助言を行う。,2,公益財団法人 暴力団追放 沖縄県民会議,R6.5.15 ～ R7.3.31,"1,905",ＮＰＯ等,ＮＰＯ等,,,not_selected,Source-universe row extraction only; inclusion does not approve the relation or amount.
615,86,警察本部,交通企画課,8,9,飲酒運転根絶街頭 キャンペーン,アルコール依存症の早期発見による対策 及び再発防止による飲酒運転根絶を目的 とした該当キャンペーンに協力,2,公益社団法人全日本 断酒連盟 沖縄県断 酒会,R6.11.24,0,ＮＰＯ等,ＮＰＯ等,,,not_selected,Source-universe row extraction only; inclusion does not approve the relation or amount.
616,86,警察本部,交通企画課,6,9,ＳＤＤ全国こども書道コ ンクール,飲酒運転根絶を目的に子どもから大人へ のメッセージを書道作品で募集する書道コ ンクールの後援,8,ジェイ・ディ共済協同 組合,R6.11.1 ～ R7.2.28,0,ＮＰＯ等,ＮＰＯ等,,,not_selected,Source-universe row extraction only; inclusion does not approve the relation or amount.
