triple_id,actor_id,actor_name,place_edge_id,place_id,place_name,issue_edge_id,issue_id,issue_label,frame_id,frame_name,shared_source_id,document_year,document_title,event_ids,event_names,event_dates,place_review_status,issue_review_status,place_evidence_level,issue_evidence_level,triple_layer,interpretation_limit
SPI0001,A001,Okinawa Environmental Justice Project,AP001,P002,Henoko,AI001,I004,dugong,F2,生态／环境,S006,2020,OEJP 71 organizations MMC request,EV2020_OEJP_MMC_71,OEJP / MMC civil-society request and report,2020,ai_seeded,ai_seeded,E4,E4,e3plus_same_source_candidate,"Same-source coincidence supports a bounded actor-place-issue evidence triple; it does not by itself establish causality, duration, alliance, or substantive policy effect."
SPI0002,A001,Okinawa Environmental Justice Project,AP001,P002,Henoko,AI001,I004,dugong,F2,生态／环境,S007,2020,The Plight of the Okinawa Dugong,,,,ai_seeded,ai_seeded,E4,E4,e3plus_same_source_candidate,"Same-source coincidence supports a bounded actor-place-issue evidence triple; it does not by itself establish causality, duration, alliance, or substantive policy effect."
SPI0003,A001,Okinawa Environmental Justice Project,AP001,P002,Henoko,AI001,I004,dugong,F2,生态／环境,S008,2020,ジュゴン保護 県内外71団体が米海洋哺乳類委員会に要請,,,,ai_seeded,ai_seeded,E4,E4,e3plus_same_source_candidate,"Same-source coincidence supports a bounded actor-place-issue evidence triple; it does not by itself establish causality, duration, alliance, or substantive policy effect."
SPI0004,A001,Okinawa Environmental Justice Project,AP001,P002,Henoko,AI002,I012,international_advocacy,F6,国际路径,S006,2020,OEJP 71 organizations MMC request,EV2020_OEJP_MMC_71,OEJP / MMC civil-society request and report,2020,ai_seeded,ai_seeded,E4,E4,e3plus_same_source_candidate,"Same-source coincidence supports a bounded actor-place-issue evidence triple; it does not by itself establish causality, duration, alliance, or substantive policy effect."
SPI0005,A001,Okinawa Environmental Justice Project,AP001,P002,Henoko,AI002,I012,international_advocacy,F6,国际路径,S007,2020,The Plight of the Okinawa Dugong,,,,ai_seeded,ai_seeded,E4,E4,e3plus_same_source_candidate,"Same-source coincidence supports a bounded actor-place-issue evidence triple; it does not by itself establish causality, duration, alliance, or substantive policy effect."
SPI0006,A001,Okinawa Environmental Justice Project,AP001,P002,Henoko,AI002,I012,international_advocacy,F6,国际路径,S008,2020,ジュゴン保護 県内外71団体が米海洋哺乳類委員会に要請,,,,ai_seeded,ai_seeded,E4,E4,e3plus_same_source_candidate,"Same-source coincidence supports a bounded actor-place-issue evidence triple; it does not by itself establish causality, duration, alliance, or substantive policy effect."
SPI0007,A001,Okinawa Environmental Justice Project,AP001,P002,Henoko,AI003,I003,Henoko,F1,基地／反军事,S006,2020,OEJP 71 organizations MMC request,EV2020_OEJP_MMC_71,OEJP / MMC civil-society request and report,2020,ai_seeded,ai_seeded,E4,E4,e3plus_same_source_candidate,"Same-source coincidence supports a bounded actor-place-issue evidence triple; it does not by itself establish causality, duration, alliance, or substantive policy effect."
SPI0008,A001,Okinawa Environmental Justice Project,AP001,P002,Henoko,AI003,I003,Henoko,F1,基地／反军事,S007,2020,The Plight of the Okinawa Dugong,,,,ai_seeded,ai_seeded,E4,E4,e3plus_same_source_candidate,"Same-source coincidence supports a bounded actor-place-issue evidence triple; it does not by itself establish causality, duration, alliance, or substantive policy effect."
SPI0009,A001,Okinawa Environmental Justice Project,AP001,P002,Henoko,AI003,I003,Henoko,F1,基地／反军事,S008,2020,ジュゴン保護 県内外71団体が米海洋哺乳類委員会に要請,,,,ai_seeded,ai_seeded,E4,E4,e3plus_same_source_candidate,"Same-source coincidence supports a bounded actor-place-issue evidence triple; it does not by itself establish causality, duration, alliance, or substantive policy effect."
SPI0010,A001,Okinawa Environmental Justice Project,AP002,P003,Oura Bay,AI001,I004,dugong,F2,生态／环境,S006,2020,OEJP 71 organizations MMC request,EV2020_OEJP_MMC_71,OEJP / MMC civil-society request and report,2020,ai_seeded,ai_seeded,E4,E4,e3plus_same_source_candidate,"Same-source coincidence supports a bounded actor-place-issue evidence triple; it does not by itself establish causality, duration, alliance, or substantive policy effect."
SPI0011,A001,Okinawa Environmental Justice Project,AP002,P003,Oura Bay,AI001,I004,dugong,F2,生态／环境,S007,2020,The Plight of the Okinawa Dugong,,,,ai_seeded,ai_seeded,E4,E4,e3plus_same_source_candidate,"Same-source coincidence supports a bounded actor-place-issue evidence triple; it does not by itself establish causality, duration, alliance, or substantive policy effect."
SPI0012,A001,Okinawa Environmental Justice Project,AP002,P003,Oura Bay,AI001,I004,dugong,F2,生态／环境,S008,2020,ジュゴン保護 県内外71団体が米海洋哺乳類委員会に要請,,,,ai_seeded,ai_seeded,E4,E4,e3plus_same_source_candidate,"Same-source coincidence supports a bounded actor-place-issue evidence triple; it does not by itself establish causality, duration, alliance, or substantive policy effect."
SPI0013,A001,Okinawa Environmental Justice Project,AP002,P003,Oura Bay,AI002,I012,international_advocacy,F6,国际路径,S006,2020,OEJP 71 organizations MMC request,EV2020_OEJP_MMC_71,OEJP / MMC civil-society request and report,2020,ai_seeded,ai_seeded,E4,E4,e3plus_same_source_candidate,"Same-source coincidence supports a bounded actor-place-issue evidence triple; it does not by itself establish causality, duration, alliance, or substantive policy effect."
SPI0014,A001,Okinawa Environmental Justice Project,AP002,P003,Oura Bay,AI002,I012,international_advocacy,F6,国际路径,S007,2020,The Plight of the Okinawa Dugong,,,,ai_seeded,ai_seeded,E4,E4,e3plus_same_source_candidate,"Same-source coincidence supports a bounded actor-place-issue evidence triple; it does not by itself establish causality, duration, alliance, or substantive policy effect."
SPI0015,A001,Okinawa Environmental Justice Project,AP002,P003,Oura Bay,AI002,I012,international_advocacy,F6,国际路径,S008,2020,ジュゴン保護 県内外71団体が米海洋哺乳類委員会に要請,,,,ai_seeded,ai_seeded,E4,E4,e3plus_same_source_candidate,"Same-source coincidence supports a bounded actor-place-issue evidence triple; it does not by itself establish causality, duration, alliance, or substantive policy effect."
SPI0016,A001,Okinawa Environmental Justice Project,AP002,P003,Oura Bay,AI003,I003,Henoko,F1,基地／反军事,S006,2020,OEJP 71 organizations MMC request,EV2020_OEJP_MMC_71,OEJP / MMC civil-society request and report,2020,ai_seeded,ai_seeded,E4,E4,e3plus_same_source_candidate,"Same-source coincidence supports a bounded actor-place-issue evidence triple; it does not by itself establish causality, duration, alliance, or substantive policy effect."
SPI0017,A001,Okinawa Environmental Justice Project,AP002,P003,Oura Bay,AI003,I003,Henoko,F1,基地／反军事,S007,2020,The Plight of the Okinawa Dugong,,,,ai_seeded,ai_seeded,E4,E4,e3plus_same_source_candidate,"Same-source coincidence supports a bounded actor-place-issue evidence triple; it does not by itself establish causality, duration, alliance, or substantive policy effect."
SPI0018,A001,Okinawa Environmental Justice Project,AP002,P003,Oura Bay,AI003,I003,Henoko,F1,基地／反军事,S008,2020,ジュゴン保護 県内外71団体が米海洋哺乳類委員会に要請,,,,ai_seeded,ai_seeded,E4,E4,e3plus_same_source_candidate,"Same-source coincidence supports a bounded actor-place-issue evidence triple; it does not by itself establish causality, duration, alliance, or substantive policy effect."
SPI0019,A002,ジュゴン保護キャンペーンセンター（Save the Dugong Campaign Center）,AP003,P002,Henoko,AI004,I004,dugong,F2,生态／环境,S007,2020,The Plight of the Okinawa Dugong,,,,human_revised,human_revised,E4,E4,human_reviewed_same_source,"Same-source coincidence supports a bounded actor-place-issue evidence triple; it does not by itself establish causality, duration, alliance, or substantive policy effect."
SPI0020,A002,ジュゴン保護キャンペーンセンター（Save the Dugong Campaign Center）,AP003,P002,Henoko,AI004,I004,dugong,F2,生态／环境,S057,2026,ジュゴン保護キャンペーンセンター公式サイト,,,,human_revised,human_revised,E4,E4,human_reviewed_same_source,"Same-source coincidence supports a bounded actor-place-issue evidence triple; it does not by itself establish causality, duration, alliance, or substantive policy effect."
SPI0021,A002,ジュゴン保護キャンペーンセンター（Save the Dugong Campaign Center）,AP003,P002,Henoko,AI004,I004,dugong,F2,生态／环境,S058,2026,IUCN member page: Save the Dugong Campaign Center,,,,human_revised,human_revised,E4,E4,human_reviewed_same_source,"Same-source coincidence supports a bounded actor-place-issue evidence triple; it does not by itself establish causality, duration, alliance, or substantive policy effect."
SPI0022,A002,ジュゴン保護キャンペーンセンター（Save the Dugong Campaign Center）,AP003,P002,Henoko,AI004,I004,dugong,F2,生态／环境,S059,2019,GEOC団体情報: ジュゴン保護キャンペーンセンター,,,,human_revised,human_revised,E4,E4,human_reviewed_same_source,"Same-source coincidence supports a bounded actor-place-issue evidence triple; it does not by itself establish causality, duration, alliance, or substantive policy effect."
SPI0023,A002,ジュゴン保護キャンペーンセンター（Save the Dugong Campaign Center）,AP003,P002,Henoko,AI005,I012,international_advocacy,F6,国际路径,S007,2020,The Plight of the Okinawa Dugong,,,,human_revised,human_revised,E4,E4,human_reviewed_same_source,"Same-source coincidence supports a bounded actor-place-issue evidence triple; it does not by itself establish causality, duration, alliance, or substantive policy effect."
SPI0024,A002,ジュゴン保護キャンペーンセンター（Save the Dugong Campaign Center）,AP003,P002,Henoko,AI005,I012,international_advocacy,F6,国际路径,S058,2026,IUCN member page: Save the Dugong Campaign Center,,,,human_revised,human_revised,E4,E4,human_reviewed_same_source,"Same-source coincidence supports a bounded actor-place-issue evidence triple; it does not by itself establish causality, duration, alliance, or substantive policy effect."
SPI0025,A002,ジュゴン保護キャンペーンセンター（Save the Dugong Campaign Center）,AP004,P003,Oura Bay,AI004,I004,dugong,F2,生态／环境,S007,2020,The Plight of the Okinawa Dugong,,,,human_revised,human_revised,E4,E4,human_reviewed_same_source,"Same-source coincidence supports a bounded actor-place-issue evidence triple; it does not by itself establish causality, duration, alliance, or substantive policy effect."
SPI0026,A002,ジュゴン保護キャンペーンセンター（Save the Dugong Campaign Center）,AP004,P003,Oura Bay,AI004,I004,dugong,F2,生态／环境,S057,2026,ジュゴン保護キャンペーンセンター公式サイト,,,,human_revised,human_revised,E4,E4,human_reviewed_same_source,"Same-source coincidence supports a bounded actor-place-issue evidence triple; it does not by itself establish causality, duration, alliance, or substantive policy effect."
SPI0027,A002,ジュゴン保護キャンペーンセンター（Save the Dugong Campaign Center）,AP004,P003,Oura Bay,AI004,I004,dugong,F2,生态／环境,S058,2026,IUCN member page: Save the Dugong Campaign Center,,,,human_revised,human_revised,E4,E4,human_reviewed_same_source,"Same-source coincidence supports a bounded actor-place-issue evidence triple; it does not by itself establish causality, duration, alliance, or substantive policy effect."
SPI0028,A002,ジュゴン保護キャンペーンセンター（Save the Dugong Campaign Center）,AP004,P003,Oura Bay,AI004,I004,dugong,F2,生态／环境,S059,2019,GEOC団体情報: ジュゴン保護キャンペーンセンター,,,,human_revised,human_revised,E4,E4,human_reviewed_same_source,"Same-source coincidence supports a bounded actor-place-issue evidence triple; it does not by itself establish causality, duration, alliance, or substantive policy effect."
SPI0029,A002,ジュゴン保護キャンペーンセンター（Save the Dugong Campaign Center）,AP004,P003,Oura Bay,AI005,I012,international_advocacy,F6,国际路径,S007,2020,The Plight of the Okinawa Dugong,,,,human_revised,human_revised,E4,E4,human_reviewed_same_source,"Same-source coincidence supports a bounded actor-place-issue evidence triple; it does not by itself establish causality, duration, alliance, or substantive policy effect."
SPI0030,A002,ジュゴン保護キャンペーンセンター（Save the Dugong Campaign Center）,AP004,P003,Oura Bay,AI005,I012,international_advocacy,F6,国际路径,S058,2026,IUCN member page: Save the Dugong Campaign Center,,,,human_revised,human_revised,E4,E4,human_reviewed_same_source,"Same-source coincidence supports a bounded actor-place-issue evidence triple; it does not by itself establish causality, duration, alliance, or substantive policy effect."
SPI0031,A003,ジュゴンネットワーク沖縄,AP005,P001,Okinawa Prefecture,AI006,I004,dugong,F2,生态／环境,S003,2010,67団体がジュゴンの生息地辺野古への基地建設反対に共同声明,EV2010_WWF_67,WWF Japan 67-group Henoko / dugong statement,2010,needs_second_source,needs_second_source,E3,E3,e3plus_same_source_candidate,"Same-source coincidence supports a bounded actor-place-issue evidence triple; it does not by itself establish causality, duration, alliance, or substantive policy effect."
SPI0032,A003,ジュゴンネットワーク沖縄,AP005,P001,Okinawa Prefecture,AI007,I005,biodiversity,F2,生态／环境,S003,2010,67団体がジュゴンの生息地辺野古への基地建設反対に共同声明,EV2010_WWF_67,WWF Japan 67-group Henoko / dugong statement,2010,needs_second_source,needs_second_source,E3,E3,e3plus_same_source_candidate,"Same-source coincidence supports a bounded actor-place-issue evidence triple; it does not by itself establish causality, duration, alliance, or substantive policy effect."
SPI0033,A003,ジュゴンネットワーク沖縄,AP006,P002,Henoko,AI006,I004,dugong,F2,生态／环境,S003,2010,67団体がジュゴンの生息地辺野古への基地建設反対に共同声明,EV2010_WWF_67,WWF Japan 67-group Henoko / dugong statement,2010,needs_second_source,needs_second_source,E3,E3,e3plus_same_source_candidate,"Same-source coincidence supports a bounded actor-place-issue evidence triple; it does not by itself establish causality, duration, alliance, or substantive policy effect."
SPI0034,A003,ジュゴンネットワーク沖縄,AP006,P002,Henoko,AI007,I005,biodiversity,F2,生态／环境,S003,2010,67団体がジュゴンの生息地辺野古への基地建設反対に共同声明,EV2010_WWF_67,WWF Japan 67-group Henoko / dugong statement,2010,needs_second_source,needs_second_source,E3,E3,e3plus_same_source_candidate,"Same-source coincidence supports a bounded actor-place-issue evidence triple; it does not by itself establish causality, duration, alliance, or substantive policy effect."
SPI0035,A004,日本自然保護協会,AP007,P002,Henoko,AI008,I005,biodiversity,F2,生态／环境,S004,2015,辺野古の海を守れ NGO 31団体が緊急共同声明,EV2015_NACSJ_31,NACSJ / Peace Boat 31-NGO emergency Henoko statement,2015,ai_seeded,ai_seeded,E4,E4,e3plus_same_source_candidate,"Same-source coincidence supports a bounded actor-place-issue evidence triple; it does not by itself establish causality, duration, alliance, or substantive policy effect."
SPI0036,A004,日本自然保護協会,AP007,P002,Henoko,AI009,I003,Henoko,F1,基地／反军事,S004,2015,辺野古の海を守れ NGO 31団体が緊急共同声明,EV2015_NACSJ_31,NACSJ / Peace Boat 31-NGO emergency Henoko statement,2015,ai_seeded,ai_seeded,E4,E4,e3plus_same_source_candidate,"Same-source coincidence supports a bounded actor-place-issue evidence triple; it does not by itself establish causality, duration, alliance, or substantive policy effect."
SPI0037,A004,日本自然保護協会,AP008,P003,Oura Bay,AI008,I005,biodiversity,F2,生态／环境,S004,2015,辺野古の海を守れ NGO 31団体が緊急共同声明,EV2015_NACSJ_31,NACSJ / Peace Boat 31-NGO emergency Henoko statement,2015,ai_seeded,ai_seeded,E4,E4,e3plus_same_source_candidate,"Same-source coincidence supports a bounded actor-place-issue evidence triple; it does not by itself establish causality, duration, alliance, or substantive policy effect."
SPI0038,A004,日本自然保護協会,AP008,P003,Oura Bay,AI009,I003,Henoko,F1,基地／反军事,S004,2015,辺野古の海を守れ NGO 31団体が緊急共同声明,EV2015_NACSJ_31,NACSJ / Peace Boat 31-NGO emergency Henoko statement,2015,ai_seeded,ai_seeded,E4,E4,e3plus_same_source_candidate,"Same-source coincidence supports a bounded actor-place-issue evidence triple; it does not by itself establish causality, duration, alliance, or substantive policy effect."
SPI0039,A005,WWFジャパン,AP009,P002,Henoko,AI010,I004,dugong,F2,生态／环境,S003,2010,67団体がジュゴンの生息地辺野古への基地建設反対に共同声明,EV2010_WWF_67,WWF Japan 67-group Henoko / dugong statement,2010,ai_seeded,ai_seeded,E4,E4,e3plus_same_source_candidate,"Same-source coincidence supports a bounded actor-place-issue evidence triple; it does not by itself establish causality, duration, alliance, or substantive policy effect."
SPI0040,A005,WWFジャパン,AP009,P002,Henoko,AI011,I005,biodiversity,F2,生态／环境,S003,2010,67団体がジュゴンの生息地辺野古への基地建設反対に共同声明,EV2010_WWF_67,WWF Japan 67-group Henoko / dugong statement,2010,ai_seeded,ai_seeded,E4,E4,e3plus_same_source_candidate,"Same-source coincidence supports a bounded actor-place-issue evidence triple; it does not by itself establish causality, duration, alliance, or substantive policy effect."
SPI0041,A006,グリーンピース・ジャパン,AP010,P002,Henoko,AI012,I005,biodiversity,F2,生态／环境,S003,2010,67団体がジュゴンの生息地辺野古への基地建設反対に共同声明,EV2010_WWF_67,WWF Japan 67-group Henoko / dugong statement,2010,ai_seeded,ai_seeded,E4,E4,e3plus_same_source_candidate,"Same-source coincidence supports a bounded actor-place-issue evidence triple; it does not by itself establish causality, duration, alliance, or substantive policy effect."
SPI0042,A006,グリーンピース・ジャパン,AP010,P002,Henoko,AI013,I001,anti_base,F1,基地／反军事,S003,2010,67団体がジュゴンの生息地辺野古への基地建設反対に共同声明,EV2010_WWF_67,WWF Japan 67-group Henoko / dugong statement,2010,ai_seeded,ai_seeded,E4,E4,e3plus_same_source_candidate,"Same-source coincidence supports a bounded actor-place-issue evidence triple; it does not by itself establish causality, duration, alliance, or substantive policy effect."
SPI0043,A007,ピースボート,AP011,P002,Henoko,AI015,I001,anti_base,F1,基地／反军事,S005,2015,Peace Boat statement on Henoko emergency NGO declaration,,,,ai_seeded,ai_seeded,E4,E4,e3plus_same_source_candidate,"Same-source coincidence supports a bounded actor-place-issue evidence triple; it does not by itself establish causality, duration, alliance, or substantive policy effect."
SPI0044,A007,ピースボート,AP011,P002,Henoko,AI016,I012,international_advocacy,F6,国际路径,S005,2015,Peace Boat statement on Henoko emergency NGO declaration,,,,ai_seeded,ai_seeded,E4,E4,e3plus_same_source_candidate,"Same-source coincidence supports a bounded actor-place-issue evidence triple; it does not by itself establish causality, duration, alliance, or substantive policy effect."
SPI0045,A008,NGO非戦ネット,AP012,P001,Okinawa Prefecture,AI018,I001,anti_base,F1,基地／反军事,S064,2019,NGO非戦ネット 辺野古県民投票結果の尊重を求める声明,,,,human_revised,human_revised,E3,E3,human_reviewed_same_source,"Same-source coincidence supports a bounded actor-place-issue evidence triple; it does not by itself establish causality, duration, alliance, or substantive policy effect."
SPI0046,A009,Earthjustice,AP013,P002,Henoko,AI019,I011,legal,F5,法律／程序,S009,2014,Earthjustice dugong litigation explainer,,,,ai_seeded,ai_seeded,E4,E4,e3plus_same_source_candidate,"Same-source coincidence supports a bounded actor-place-issue evidence triple; it does not by itself establish causality, duration, alliance, or substantive policy effect."
SPI0047,A009,Earthjustice,AP013,P002,Henoko,AI020,I004,dugong,F2,生态／环境,S009,2014,Earthjustice dugong litigation explainer,,,,ai_seeded,ai_seeded,E4,E4,e3plus_same_source_candidate,"Same-source coincidence supports a bounded actor-place-issue evidence triple; it does not by itself establish causality, duration, alliance, or substantive policy effect."
SPI0048,A009,Earthjustice,AP013,P002,Henoko,AI021,I012,international_advocacy,F6,国际路径,S009,2014,Earthjustice dugong litigation explainer,,,,ai_seeded,ai_seeded,E4,E4,e3plus_same_source_candidate,"Same-source coincidence supports a bounded actor-place-issue evidence triple; it does not by itself establish causality, duration, alliance, or substantive policy effect."
SPI0049,A009,Earthjustice,AP014,P003,Oura Bay,AI019,I011,legal,F5,法律／程序,S009,2014,Earthjustice dugong litigation explainer,,,,ai_seeded,ai_seeded,E4,E4,e3plus_same_source_candidate,"Same-source coincidence supports a bounded actor-place-issue evidence triple; it does not by itself establish causality, duration, alliance, or substantive policy effect."
SPI0050,A009,Earthjustice,AP014,P003,Oura Bay,AI020,I004,dugong,F2,生态／环境,S009,2014,Earthjustice dugong litigation explainer,,,,ai_seeded,ai_seeded,E4,E4,e3plus_same_source_candidate,"Same-source coincidence supports a bounded actor-place-issue evidence triple; it does not by itself establish causality, duration, alliance, or substantive policy effect."
SPI0051,A009,Earthjustice,AP014,P003,Oura Bay,AI021,I012,international_advocacy,F6,国际路径,S009,2014,Earthjustice dugong litigation explainer,,,,ai_seeded,ai_seeded,E4,E4,e3plus_same_source_candidate,"Same-source coincidence supports a bounded actor-place-issue evidence triple; it does not by itself establish causality, duration, alliance, or substantive policy effect."
SPI0052,A010,石垣島に軍事基地をつくらせない市民連絡会,AP015,P012,Ishigaki,AI022,I002,anti_military,F1,基地／反军事,S016,2016,石垣自衛隊配備 初の市民討論会,,,,ai_seeded,ai_seeded,E4,E4,e3plus_same_source_candidate,"Same-source coincidence supports a bounded actor-place-issue evidence triple; it does not by itself establish causality, duration, alliance, or substantive policy effect."
SPI0053,A010,石垣島に軍事基地をつくらせない市民連絡会,AP015,P012,Ishigaki,AI022,I002,anti_military,F1,基地／反军事,S017,2020,石垣陸自配備 市民が工事中止要請,,,,ai_seeded,ai_seeded,E4,E4,e3plus_same_source_candidate,"Same-source coincidence supports a bounded actor-place-issue evidence triple; it does not by itself establish causality, duration, alliance, or substantive policy effect."
SPI0054,A010,石垣島に軍事基地をつくらせない市民連絡会,AP015,P012,Ishigaki,AI023,I006,groundwater,F2,生态／环境,S017,2020,石垣陸自配備 市民が工事中止要請,,,,ai_seeded,ai_seeded,E4,E4,e3plus_same_source_candidate,"Same-source coincidence supports a bounded actor-place-issue evidence triple; it does not by itself establish causality, duration, alliance, or substantive policy effect."
SPI0055,A010,石垣島に軍事基地をつくらせない市民連絡会,AP015,P012,Ishigaki,AI024,I009,local_autonomy,F4,自治／公投,S016,2016,石垣自衛隊配備 初の市民討論会,,,,ai_seeded,ai_seeded,E4,E3,e3plus_same_source_candidate,"Same-source coincidence supports a bounded actor-place-issue evidence triple; it does not by itself establish causality, duration, alliance, or substantive policy effect."
SPI0056,A011,石垣市住民投票を求める会,AP016,P012,Ishigaki,AI025,I010,referendum,F4,自治／公投,S018,2019,石垣市 住民投票条例案 市議会で否決,EV_ISHIGAKI_REFERENDUM,Ishigaki referendum drive (2018-2019),2019,ai_seeded,ai_seeded,E4,E4,e3plus_same_source_candidate,"Same-source coincidence supports a bounded actor-place-issue evidence triple; it does not by itself establish causality, duration, alliance, or substantive policy effect."
SPI0057,A011,石垣市住民投票を求める会,AP016,P012,Ishigaki,AI025,I010,referendum,F4,自治／公投,S019,2018,石垣市住民投票 署名活動で法定数超え,,,,ai_seeded,ai_seeded,E4,E4,e3plus_same_source_candidate,"Same-source coincidence supports a bounded actor-place-issue evidence triple; it does not by itself establish causality, duration, alliance, or substantive policy effect."
SPI0058,A011,石垣市住民投票を求める会,AP016,P012,Ishigaki,AI026,I009,local_autonomy,F4,自治／公投,S018,2019,石垣市 住民投票条例案 市議会で否決,EV_ISHIGAKI_REFERENDUM,Ishigaki referendum drive (2018-2019),2019,ai_seeded,ai_seeded,E4,E4,e3plus_same_source_candidate,"Same-source coincidence supports a bounded actor-place-issue evidence triple; it does not by itself establish causality, duration, alliance, or substantive policy effect."
SPI0059,A011,石垣市住民投票を求める会,AP016,P012,Ishigaki,AI026,I009,local_autonomy,F4,自治／公投,S019,2018,石垣市住民投票 署名活動で法定数超え,,,,ai_seeded,ai_seeded,E4,E4,e3plus_same_source_candidate,"Same-source coincidence supports a bounded actor-place-issue evidence triple; it does not by itself establish causality, duration, alliance, or substantive policy effect."
SPI0060,A011,石垣市住民投票を求める会,AP016,P012,Ishigaki,AI027,I002,anti_military,F1,基地／反军事,S018,2019,石垣市 住民投票条例案 市議会で否決,EV_ISHIGAKI_REFERENDUM,Ishigaki referendum drive (2018-2019),2019,ai_seeded,ai_seeded,E4,E4,e3plus_same_source_candidate,"Same-source coincidence supports a bounded actor-place-issue evidence triple; it does not by itself establish causality, duration, alliance, or substantive policy effect."
SPI0061,A011,石垣市住民投票を求める会,AP016,P012,Ishigaki,AI027,I002,anti_military,F1,基地／反军事,S019,2018,石垣市住民投票 署名活動で法定数超え,,,,ai_seeded,ai_seeded,E4,E4,e3plus_same_source_candidate,"Same-source coincidence supports a bounded actor-place-issue evidence triple; it does not by itself establish causality, duration, alliance, or substantive policy effect."
SPI0062,A012,宮古島いのちの水を守ろう！,AP017,P013,Miyako,AI028,I006,groundwater,F2,生态／环境,S020,2016,陸自配備阻止訴え 宮古で集会 市民 地下水保全求め,,,,needs_second_source,needs_second_source,E3,E3,e3plus_same_source_candidate,"Same-source coincidence supports a bounded actor-place-issue evidence triple; it does not by itself establish causality, duration, alliance, or substantive policy effect."
SPI0063,A012,宮古島いのちの水を守ろう！,AP017,P013,Miyako,AI029,I002,anti_military,F1,基地／反军事,S020,2016,陸自配備阻止訴え 宮古で集会 市民 地下水保全求め,,,,needs_second_source,needs_second_source,E3,E3,e3plus_same_source_candidate,"Same-source coincidence supports a bounded actor-place-issue evidence triple; it does not by itself establish causality, duration, alliance, or substantive policy effect."
SPI0064,A012,宮古島いのちの水を守ろう！,AP017,P013,Miyako,AI030,I007,life_safety,F3,生命／健康,S020,2016,陸自配備阻止訴え 宮古で集会 市民 地下水保全求め,,,,needs_second_source,needs_second_source,E3,E3,e3plus_same_source_candidate,"Same-source coincidence supports a bounded actor-place-issue evidence triple; it does not by itself establish causality, duration, alliance, or substantive policy effect."
SPI0065,A013,ミサイル基地いらない宮古島住民連絡会,AP018,P013,Miyako,AI031,I002,anti_military,F1,基地／反军事,S021,2016,ミサイル基地いらない 宮古島住民連絡会 結成集会,,,,ai_seeded,ai_seeded,E4,E4,e3plus_same_source_candidate,"Same-source coincidence supports a bounded actor-place-issue evidence triple; it does not by itself establish causality, duration, alliance, or substantive policy effect."
SPI0066,A013,ミサイル基地いらない宮古島住民連絡会,AP018,P013,Miyako,AI032,I006,groundwater,F2,生态／环境,S021,2016,ミサイル基地いらない 宮古島住民連絡会 結成集会,,,,ai_seeded,ai_seeded,E4,E3,e3plus_same_source_candidate,"Same-source coincidence supports a bounded actor-place-issue evidence triple; it does not by itself establish causality, duration, alliance, or substantive policy effect."
SPI0067,A013,ミサイル基地いらない宮古島住民連絡会,AP018,P013,Miyako,AI033,I007,life_safety,F3,生命／健康,S021,2016,ミサイル基地いらない 宮古島住民連絡会 結成集会,,,,ai_seeded,ai_seeded,E4,E3,e3plus_same_source_candidate,"Same-source coincidence supports a bounded actor-place-issue evidence triple; it does not by itself establish causality, duration, alliance, or substantive policy effect."
SPI0068,A014,住民投票を成功させるための実行委員会,AP019,P011,Yonaguni,AI034,I002,anti_military,F1,基地／反军事,S010,2015,与那国町住民投票 自衛隊配備 結果は賛成多数,,,,needs_local_retrieval,needs_local_retrieval,E2,E2,lower_evidence_same_source_candidate,"Same-source coincidence supports a bounded actor-place-issue evidence triple; it does not by itself establish causality, duration, alliance, or substantive policy effect."
SPI0069,A014,住民投票を成功させるための実行委員会,AP019,P011,Yonaguni,AI034,I002,anti_military,F1,基地／反军事,S069,2015,週刊金曜日 自衛隊配備賛否を問う与那国島住民投票 反対派は選挙過程も疑問視,EV2015_YONAGUNI_REFERENDUM,2015 Yonaguni SDF-deployment referendum,2015,needs_local_retrieval,needs_local_retrieval,E2,E2,lower_evidence_same_source_candidate,"Same-source coincidence supports a bounded actor-place-issue evidence triple; it does not by itself establish causality, duration, alliance, or substantive policy effect."
SPI0070,A014,住民投票を成功させるための実行委員会,AP019,P011,Yonaguni,AI035,I009,local_autonomy,F4,自治／公投,S010,2015,与那国町住民投票 自衛隊配備 結果は賛成多数,,,,needs_local_retrieval,needs_local_retrieval,E2,E2,lower_evidence_same_source_candidate,"Same-source coincidence supports a bounded actor-place-issue evidence triple; it does not by itself establish causality, duration, alliance, or substantive policy effect."
SPI0071,A014,住民投票を成功させるための実行委員会,AP019,P011,Yonaguni,AI035,I009,local_autonomy,F4,自治／公投,S069,2015,週刊金曜日 自衛隊配備賛否を問う与那国島住民投票 反対派は選挙過程も疑問視,EV2015_YONAGUNI_REFERENDUM,2015 Yonaguni SDF-deployment referendum,2015,needs_local_retrieval,needs_local_retrieval,E2,E2,lower_evidence_same_source_candidate,"Same-source coincidence supports a bounded actor-place-issue evidence triple; it does not by itself establish causality, duration, alliance, or substantive policy effect."
SPI0072,A014,住民投票を成功させるための実行委員会,AP019,P011,Yonaguni,AI035,I009,local_autonomy,F4,自治／公投,S071,2015,greenaccess 与那国町住民投票条例資料,,,,needs_local_retrieval,needs_local_retrieval,E2,E2,lower_evidence_same_source_candidate,"Same-source coincidence supports a bounded actor-place-issue evidence triple; it does not by itself establish causality, duration, alliance, or substantive policy effect."
SPI0073,A015,与那国自衛隊配備反対意見広告実行委員会,AP020,P011,Yonaguni,AI036,I002,anti_military,F1,基地／反军事,S015,2012,与那国に自衛隊いらない 配備反対の意見広告呼びかけ,EV2012_YONAGUNI_OPINION_AD,2012 Yonaguni anti-deployment opinion ad,2012,needs_local_retrieval,needs_local_retrieval,E2,E2,lower_evidence_same_source_candidate,"Same-source coincidence supports a bounded actor-place-issue evidence triple; it does not by itself establish causality, duration, alliance, or substantive policy effect."
SPI0074,A015,与那国自衛隊配備反対意見広告実行委員会,AP020,P011,Yonaguni,AI037,I009,local_autonomy,F4,自治／公投,S015,2012,与那国に自衛隊いらない 配備反対の意見広告呼びかけ,EV2012_YONAGUNI_OPINION_AD,2012 Yonaguni anti-deployment opinion ad,2012,needs_local_retrieval,needs_local_retrieval,E2,E2,lower_evidence_same_source_candidate,"Same-source coincidence supports a bounded actor-place-issue evidence triple; it does not by itself establish causality, duration, alliance, or substantive policy effect."
SPI0075,A016,与那国島の明るい未来を願うイソバの会,AP021,P011,Yonaguni,AI038,I008,health_risk,F3,生命／健康,S052,2026,与那国イソバの会 ブログ,,,,human_checked,human_checked,E3,E3,human_reviewed_same_source,"Same-source coincidence supports a bounded actor-place-issue evidence triple; it does not by itself establish causality, duration, alliance, or substantive policy effect."
SPI0076,A016,与那国島の明るい未来を願うイソバの会,AP021,P011,Yonaguni,AI038,I008,health_risk,F3,生命／健康,S068,2024,沖縄タイムス 日米の合同演習 市民が中止要請 与那国イソバの会,,,,human_checked,human_checked,E3,E3,human_reviewed_same_source,"Same-source coincidence supports a bounded actor-place-issue evidence triple; it does not by itself establish causality, duration, alliance, or substantive policy effect."
SPI0077,A016,与那国島の明るい未来を願うイソバの会,AP021,P011,Yonaguni,AI039,I002,anti_military,F1,基地／反军事,S052,2026,与那国イソバの会 ブログ,,,,human_checked,human_checked,E3,E3,human_reviewed_same_source,"Same-source coincidence supports a bounded actor-place-issue evidence triple; it does not by itself establish causality, duration, alliance, or substantive policy effect."
SPI0078,A016,与那国島の明るい未来を願うイソバの会,AP021,P011,Yonaguni,AI039,I002,anti_military,F1,基地／反军事,S068,2024,沖縄タイムス 日米の合同演習 市民が中止要請 与那国イソバの会,,,,human_checked,human_checked,E3,E3,human_reviewed_same_source,"Same-source coincidence supports a bounded actor-place-issue evidence triple; it does not by itself establish causality, duration, alliance, or substantive policy effect."
SPI0079,A017,沖縄対話プロジェクト,AP022,P001,Okinawa Prefecture,AI040,I018,Taiwan_contingency,F7,前线／台海,S022,2023,沖縄対話プロジェクト 公式ページ,,,,ai_seeded,ai_seeded,E4,E4,e3plus_same_source_candidate,"Same-source coincidence supports a bounded actor-place-issue evidence triple; it does not by itself establish causality, duration, alliance, or substantive policy effect."
SPI0080,A017,沖縄対話プロジェクト,AP022,P001,Okinawa Prefecture,AI041,I017,frontline_prevention,F7,前线／台海,S022,2023,沖縄対話プロジェクト 公式ページ,,,,ai_seeded,ai_seeded,E4,E4,e3plus_same_source_candidate,"Same-source coincidence supports a bounded actor-place-issue evidence triple; it does not by itself establish causality, duration, alliance, or substantive policy effect."
SPI0081,A017,沖縄対話プロジェクト,AP023,P011,Yonaguni,AI040,I018,Taiwan_contingency,F7,前线／台海,S022,2023,沖縄対話プロジェクト 公式ページ,,,,ai_seeded,ai_seeded,E3,E4,e3plus_same_source_candidate,"Same-source coincidence supports a bounded actor-place-issue evidence triple; it does not by itself establish causality, duration, alliance, or substantive policy effect."
SPI0082,A017,沖縄対話プロジェクト,AP023,P011,Yonaguni,AI041,I017,frontline_prevention,F7,前线／台海,S022,2023,沖縄対話プロジェクト 公式ページ,,,,ai_seeded,ai_seeded,E3,E4,e3plus_same_source_candidate,"Same-source coincidence supports a bounded actor-place-issue evidence triple; it does not by itself establish causality, duration, alliance, or substantive policy effect."
SPI0083,A018,ノーモア沖縄戦 命どぅ宝の会,AP024,P001,Okinawa Prefecture,AI043,I017,frontline_prevention,F7,前线／台海,S023,2022,ノーモア沖縄戦 命どぅ宝の会 結成,,,,ai_seeded,ai_seeded,E4,E4,e3plus_same_source_candidate,"Same-source coincidence supports a bounded actor-place-issue evidence triple; it does not by itself establish causality, duration, alliance, or substantive policy effect."
SPI0084,A018,ノーモア沖縄戦 命どぅ宝の会,AP025,P011,Yonaguni,AI043,I017,frontline_prevention,F7,前线／台海,S023,2022,ノーモア沖縄戦 命どぅ宝の会 結成,,,,ai_seeded,ai_seeded,E3,E4,e3plus_same_source_candidate,"Same-source coincidence supports a bounded actor-place-issue evidence triple; it does not by itself establish causality, duration, alliance, or substantive policy effect."
SPI0085,A018,ノーモア沖縄戦 命どぅ宝の会,AP025,P011,Yonaguni,AI043,I017,frontline_prevention,F7,前线／台海,S024,2023,台湾有事に備え 南西諸島の軍事化に懸念,,,,ai_seeded,ai_seeded,E3,E4,e3plus_same_source_candidate,"Same-source coincidence supports a bounded actor-place-issue evidence triple; it does not by itself establish causality, duration, alliance, or substantive policy effect."
SPI0086,A018,ノーモア沖縄戦 命どぅ宝の会,AP025,P011,Yonaguni,AI044,I018,Taiwan_contingency,F7,前线／台海,S024,2023,台湾有事に備え 南西諸島の軍事化に懸念,,,,ai_seeded,ai_seeded,E3,E4,e3plus_same_source_candidate,"Same-source coincidence supports a bounded actor-place-issue evidence triple; it does not by itself establish causality, duration, alliance, or substantive policy effect."
SPI0087,A019,ヘリ基地反対協議会（海上ヘリ基地建設反対・平和と名護市政民主化を求める協議会）,AP026,P002,Henoko,AI046,I001,anti_base,F1,基地／反军事,S008,2020,ジュゴン保護 県内外71団体が米海洋哺乳類委員会に要請,,,,human_checked,human_checked,E4,E4,human_reviewed_same_source,"Same-source coincidence supports a bounded actor-place-issue evidence triple; it does not by itself establish causality, duration, alliance, or substantive policy effect."
SPI0088,A019,ヘリ基地反対協議会（海上ヘリ基地建設反対・平和と名護市政民主化を求める協議会）,AP026,P002,Henoko,AI046,I001,anti_base,F1,基地／反军事,S049,2026,ヘリ基地反対協議会 公式サイト,,,,human_checked,human_checked,E4,E4,human_reviewed_same_source,"Same-source coincidence supports a bounded actor-place-issue evidence triple; it does not by itself establish causality, duration, alliance, or substantive policy effect."
SPI0089,A019,ヘリ基地反対協議会（海上ヘリ基地建設反対・平和と名護市政民主化を求める協議会）,AP026,P002,Henoko,AI047,I003,Henoko,F1,基地／反军事,S008,2020,ジュゴン保護 県内外71団体が米海洋哺乳類委員会に要請,,,,human_checked,human_checked,E4,E4,human_reviewed_same_source,"Same-source coincidence supports a bounded actor-place-issue evidence triple; it does not by itself establish causality, duration, alliance, or substantive policy effect."
SPI0090,A019,ヘリ基地反対協議会（海上ヘリ基地建設反対・平和と名護市政民主化を求める協議会）,AP026,P002,Henoko,AI047,I003,Henoko,F1,基地／反军事,S049,2026,ヘリ基地反対協議会 公式サイト,,,,human_checked,human_checked,E4,E4,human_reviewed_same_source,"Same-source coincidence supports a bounded actor-place-issue evidence triple; it does not by itself establish causality, duration, alliance, or substantive policy effect."
SPI0091,A020,日本環境法律家連盟（JELF）,AP027,P002,Henoko,AI048,I011,legal,F5,法律／程序,S006,2020,OEJP 71 organizations MMC request,EV2020_OEJP_MMC_71,OEJP / MMC civil-society request and report,2020,ai_seeded,ai_seeded,E4,E4,e3plus_same_source_candidate,"Same-source coincidence supports a bounded actor-place-issue evidence triple; it does not by itself establish causality, duration, alliance, or substantive policy effect."
SPI0092,A020,日本環境法律家連盟（JELF）,AP027,P002,Henoko,AI048,I011,legal,F5,法律／程序,S007,2020,The Plight of the Okinawa Dugong,,,,ai_seeded,ai_seeded,E4,E4,e3plus_same_source_candidate,"Same-source coincidence supports a bounded actor-place-issue evidence triple; it does not by itself establish causality, duration, alliance, or substantive policy effect."
SPI0093,A020,日本環境法律家連盟（JELF）,AP027,P002,Henoko,AI049,I005,biodiversity,F2,生态／环境,S006,2020,OEJP 71 organizations MMC request,EV2020_OEJP_MMC_71,OEJP / MMC civil-society request and report,2020,ai_seeded,ai_seeded,E4,E4,e3plus_same_source_candidate,"Same-source coincidence supports a bounded actor-place-issue evidence triple; it does not by itself establish causality, duration, alliance, or substantive policy effect."
SPI0094,A020,日本環境法律家連盟（JELF）,AP027,P002,Henoko,AI049,I005,biodiversity,F2,生态／环境,S007,2020,The Plight of the Okinawa Dugong,,,,ai_seeded,ai_seeded,E4,E4,e3plus_same_source_candidate,"Same-source coincidence supports a bounded actor-place-issue evidence triple; it does not by itself establish causality, duration, alliance, or substantive policy effect."
SPI0095,A020,日本環境法律家連盟（JELF）,AP027,P002,Henoko,AI050,I004,dugong,F2,生态／环境,S006,2020,OEJP 71 organizations MMC request,EV2020_OEJP_MMC_71,OEJP / MMC civil-society request and report,2020,ai_seeded,ai_seeded,E4,E4,e3plus_same_source_candidate,"Same-source coincidence supports a bounded actor-place-issue evidence triple; it does not by itself establish causality, duration, alliance, or substantive policy effect."
SPI0096,A020,日本環境法律家連盟（JELF）,AP027,P002,Henoko,AI050,I004,dugong,F2,生态／环境,S007,2020,The Plight of the Okinawa Dugong,,,,ai_seeded,ai_seeded,E4,E4,e3plus_same_source_candidate,"Same-source coincidence supports a bounded actor-place-issue evidence triple; it does not by itself establish causality, duration, alliance, or substantive policy effect."
SPI0097,A020,日本環境法律家連盟（JELF）,AP028,P003,Oura Bay,AI048,I011,legal,F5,法律／程序,S006,2020,OEJP 71 organizations MMC request,EV2020_OEJP_MMC_71,OEJP / MMC civil-society request and report,2020,ai_seeded,ai_seeded,E4,E4,e3plus_same_source_candidate,"Same-source coincidence supports a bounded actor-place-issue evidence triple; it does not by itself establish causality, duration, alliance, or substantive policy effect."
SPI0098,A020,日本環境法律家連盟（JELF）,AP028,P003,Oura Bay,AI048,I011,legal,F5,法律／程序,S007,2020,The Plight of the Okinawa Dugong,,,,ai_seeded,ai_seeded,E4,E4,e3plus_same_source_candidate,"Same-source coincidence supports a bounded actor-place-issue evidence triple; it does not by itself establish causality, duration, alliance, or substantive policy effect."
SPI0099,A020,日本環境法律家連盟（JELF）,AP028,P003,Oura Bay,AI049,I005,biodiversity,F2,生态／环境,S006,2020,OEJP 71 organizations MMC request,EV2020_OEJP_MMC_71,OEJP / MMC civil-society request and report,2020,ai_seeded,ai_seeded,E4,E4,e3plus_same_source_candidate,"Same-source coincidence supports a bounded actor-place-issue evidence triple; it does not by itself establish causality, duration, alliance, or substantive policy effect."
SPI0100,A020,日本環境法律家連盟（JELF）,AP028,P003,Oura Bay,AI049,I005,biodiversity,F2,生态／环境,S007,2020,The Plight of the Okinawa Dugong,,,,ai_seeded,ai_seeded,E4,E4,e3plus_same_source_candidate,"Same-source coincidence supports a bounded actor-place-issue evidence triple; it does not by itself establish causality, duration, alliance, or substantive policy effect."
SPI0101,A020,日本環境法律家連盟（JELF）,AP028,P003,Oura Bay,AI050,I004,dugong,F2,生态／环境,S006,2020,OEJP 71 organizations MMC request,EV2020_OEJP_MMC_71,OEJP / MMC civil-society request and report,2020,ai_seeded,ai_seeded,E4,E4,e3plus_same_source_candidate,"Same-source coincidence supports a bounded actor-place-issue evidence triple; it does not by itself establish causality, duration, alliance, or substantive policy effect."
SPI0102,A020,日本環境法律家連盟（JELF）,AP028,P003,Oura Bay,AI050,I004,dugong,F2,生态／环境,S007,2020,The Plight of the Okinawa Dugong,,,,ai_seeded,ai_seeded,E4,E4,e3plus_same_source_candidate,"Same-source coincidence supports a bounded actor-place-issue evidence triple; it does not by itself establish causality, duration, alliance, or substantive policy effect."
SPI0103,X004,American Welfare & Works Association (AWWA / 米国福祉事業協会),AP037,P001,Okinawa Prefecture,AI055,I014,military_family_service,F3,生命／健康,S041,2024,AWWA / OESC / NOSCO official sites and DVIDS reports,R10R024;R10R025;R10R026;R10R027,AWWA umbrella membership,,human_checked,human_checked,E4,E4,human_reviewed_same_source,"Same-source coincidence supports a bounded actor-place-issue evidence triple; it does not by itself establish causality, duration, alliance, or substantive policy effect."
SPI0104,X004,American Welfare & Works Association (AWWA / 米国福祉事業協会),AP037,P001,Okinawa Prefecture,AI055,I014,military_family_service,F3,生命／健康,S055,2026,NOSCO AWWA page,R10R024;R10R025;R10R026;R10R027,AWWA umbrella membership,,human_checked,human_checked,E4,E4,human_reviewed_same_source,"Same-source coincidence supports a bounded actor-place-issue evidence triple; it does not by itself establish causality, duration, alliance, or substantive policy effect."
SPI0105,X004,American Welfare & Works Association (AWWA / 米国福祉事業協会),AP037,P001,Okinawa Prefecture,AI055,I014,military_family_service,F3,生命／健康,S072,2012,DVIDS American Women's Welfare Association celebrates 40 years,R10R024;R10R025,AWWA umbrella membership,,human_checked,human_checked,E4,E4,human_reviewed_same_source,"Same-source coincidence supports a bounded actor-place-issue evidence triple; it does not by itself establish causality, duration, alliance, or substantive policy effect."
SPI0106,X004,American Welfare & Works Association (AWWA / 米国福祉事業協会),AP037,P001,Okinawa Prefecture,AI056,I016,base_community_welfare,F3,生命／健康,S041,2024,AWWA / OESC / NOSCO official sites and DVIDS reports,R10R024;R10R025;R10R026;R10R027,AWWA umbrella membership,,human_checked,human_checked,E4,E3,human_reviewed_same_source,"Same-source coincidence supports a bounded actor-place-issue evidence triple; it does not by itself establish causality, duration, alliance, or substantive policy effect."
SPI0107,X004,American Welfare & Works Association (AWWA / 米国福祉事業協会),AP037,P001,Okinawa Prefecture,AI056,I016,base_community_welfare,F3,生命／健康,S055,2026,NOSCO AWWA page,R10R024;R10R025;R10R026;R10R027,AWWA umbrella membership,,human_checked,human_checked,E4,E3,human_reviewed_same_source,"Same-source coincidence supports a bounded actor-place-issue evidence triple; it does not by itself establish causality, duration, alliance, or substantive policy effect."
SPI0108,X005,Naval Officers' Spouses' Club of Okinawa NOSCO,AP038,P001,Okinawa Prefecture,AI057,I014,military_family_service,F3,生命／健康,S055,2026,NOSCO AWWA page,,,,human_checked,human_checked,E4,E4,human_reviewed_same_source,"Same-source coincidence supports a bounded actor-place-issue evidence triple; it does not by itself establish causality, duration, alliance, or substantive policy effect."
SPI0109,X006,Kadena Officers' Spouses' Club KOSC,AP039,P005,Kadena,AI058,I014,military_family_service,F3,生命／健康,S075,2026,Kadena Officers' Spouses' Club charity page,,,,human_checked,human_checked,E4,E4,human_reviewed_same_source,"Same-source coincidence supports a bounded actor-place-issue evidence triple; it does not by itself establish causality, duration, alliance, or substantive policy effect."
SPI0110,X006,Kadena Officers' Spouses' Club KOSC,AP039,P005,Kadena,AI058,I014,military_family_service,F3,生命／健康,S076,2026,Kadena Officers Spouses Club ProPublica Nonprofit Explorer,,,,human_checked,human_checked,E4,E4,human_reviewed_same_source,"Same-source coincidence supports a bounded actor-place-issue evidence triple; it does not by itself establish causality, duration, alliance, or substantive policy effect."
SPI0111,X007,Okinawa Enlisted Spouses' Club (OESC),AP040,P001,Okinawa Prefecture,AI059,I014,military_family_service,F3,生命／健康,S053,2025,OESC donates $3250 to USO Okinawa,R10R022,OESC 向 USO Okinawa 捐赠,2025,human_checked,human_checked,E4,E4,human_reviewed_same_source,"Same-source coincidence supports a bounded actor-place-issue evidence triple; it does not by itself establish causality, duration, alliance, or substantive policy effect."
SPI0112,X007,Okinawa Enlisted Spouses' Club (OESC),AP040,P001,Okinawa Prefecture,AI059,I014,military_family_service,F3,生命／健康,S054,2026,OESC ProPublica Nonprofit Explorer,,,,human_checked,human_checked,E4,E4,human_reviewed_same_source,"Same-source coincidence supports a bounded actor-place-issue evidence triple; it does not by itself establish causality, duration, alliance, or substantive policy effect."
SPI0113,A021,国際環境NGO FoE Japan,AP050,P002,Henoko,AI069,I005,biodiversity,F2,生态／环境,S004,2015,辺野古の海を守れ NGO 31団体が緊急共同声明,EV2015_NACSJ_31,NACSJ / Peace Boat 31-NGO emergency Henoko statement,2015,ai_seeded,ai_seeded,E4,E4,e3plus_same_source_candidate,"Same-source coincidence supports a bounded actor-place-issue evidence triple; it does not by itself establish causality, duration, alliance, or substantive policy effect."
SPI0114,A021,国際環境NGO FoE Japan,AP050,P002,Henoko,AI070,I001,anti_base,F1,基地／反军事,S004,2015,辺野古の海を守れ NGO 31団体が緊急共同声明,EV2015_NACSJ_31,NACSJ / Peace Boat 31-NGO emergency Henoko statement,2015,ai_seeded,ai_seeded,E4,E4,e3plus_same_source_candidate,"Same-source coincidence supports a bounded actor-place-issue evidence triple; it does not by itself establish causality, duration, alliance, or substantive policy effect."
SPI0115,A022,NPO法人 ラムサール・ネットワーク日本,AP051,P002,Henoko,AI071,I005,biodiversity,F2,生态／环境,S004,2015,辺野古の海を守れ NGO 31団体が緊急共同声明,EV2015_NACSJ_31,NACSJ / Peace Boat 31-NGO emergency Henoko statement,2015,ai_seeded,ai_seeded,E4,E4,e3plus_same_source_candidate,"Same-source coincidence supports a bounded actor-place-issue evidence triple; it does not by itself establish causality, duration, alliance, or substantive policy effect."
SPI0116,A022,NPO法人 ラムサール・ネットワーク日本,AP051,P002,Henoko,AI072,I001,anti_base,F1,基地／反军事,S004,2015,辺野古の海を守れ NGO 31団体が緊急共同声明,EV2015_NACSJ_31,NACSJ / Peace Boat 31-NGO emergency Henoko statement,2015,ai_seeded,ai_seeded,E4,E4,e3plus_same_source_candidate,"Same-source coincidence supports a bounded actor-place-issue evidence triple; it does not by itself establish causality, duration, alliance, or substantive policy effect."
SPI0117,A023,美ら海にもやんばるにも基地はいらない市民の会,AP052,P001,Okinawa Prefecture,AI073,I001,anti_base,F1,基地／反军事,S004,2015,辺野古の海を守れ NGO 31団体が緊急共同声明,EV2015_NACSJ_31,NACSJ / Peace Boat 31-NGO emergency Henoko statement,2015,ai_seeded,ai_seeded,E4,E4,e3plus_same_source_candidate,"Same-source coincidence supports a bounded actor-place-issue evidence triple; it does not by itself establish causality, duration, alliance, or substantive policy effect."
SPI0118,A023,美ら海にもやんばるにも基地はいらない市民の会,AP052,P001,Okinawa Prefecture,AI074,I005,biodiversity,F2,生态／环境,S004,2015,辺野古の海を守れ NGO 31団体が緊急共同声明,EV2015_NACSJ_31,NACSJ / Peace Boat 31-NGO emergency Henoko statement,2015,ai_seeded,needs_second_source,E4,E3,e3plus_same_source_candidate,"Same-source coincidence supports a bounded actor-place-issue evidence triple; it does not by itself establish causality, duration, alliance, or substantive policy effect."
SPI0119,A023,美ら海にもやんばるにも基地はいらない市民の会,AP053,P002,Henoko,AI073,I001,anti_base,F1,基地／反军事,S004,2015,辺野古の海を守れ NGO 31団体が緊急共同声明,EV2015_NACSJ_31,NACSJ / Peace Boat 31-NGO emergency Henoko statement,2015,ai_seeded,ai_seeded,E4,E4,e3plus_same_source_candidate,"Same-source coincidence supports a bounded actor-place-issue evidence triple; it does not by itself establish causality, duration, alliance, or substantive policy effect."
SPI0120,A023,美ら海にもやんばるにも基地はいらない市民の会,AP053,P002,Henoko,AI074,I005,biodiversity,F2,生态／环境,S004,2015,辺野古の海を守れ NGO 31団体が緊急共同声明,EV2015_NACSJ_31,NACSJ / Peace Boat 31-NGO emergency Henoko statement,2015,ai_seeded,needs_second_source,E4,E3,e3plus_same_source_candidate,"Same-source coincidence supports a bounded actor-place-issue evidence triple; it does not by itself establish causality, duration, alliance, or substantive policy effect."
SPI0121,A024,辺野古リレー,AP054,P002,Henoko,AI075,I001,anti_base,F1,基地／反军事,S004,2015,辺野古の海を守れ NGO 31団体が緊急共同声明,EV2015_NACSJ_31,NACSJ / Peace Boat 31-NGO emergency Henoko statement,2015,ai_seeded,ai_seeded,E4,E4,e3plus_same_source_candidate,"Same-source coincidence supports a bounded actor-place-issue evidence triple; it does not by itself establish causality, duration, alliance, or substantive policy effect."
SPI0122,A024,辺野古リレー,AP054,P002,Henoko,AI076,I003,Henoko,F1,基地／反军事,S004,2015,辺野古の海を守れ NGO 31団体が緊急共同声明,EV2015_NACSJ_31,NACSJ / Peace Boat 31-NGO emergency Henoko statement,2015,ai_seeded,ai_seeded,E4,E4,e3plus_same_source_candidate,"Same-source coincidence supports a bounded actor-place-issue evidence triple; it does not by itself establish causality, duration, alliance, or substantive policy effect."
SPI0123,A025,辺野古への基地建設を許さない実行委員会,AP055,P002,Henoko,AI077,I001,anti_base,F1,基地／反军事,S004,2015,辺野古の海を守れ NGO 31団体が緊急共同声明,EV2015_NACSJ_31,NACSJ / Peace Boat 31-NGO emergency Henoko statement,2015,ai_seeded,ai_seeded,E4,E4,e3plus_same_source_candidate,"Same-source coincidence supports a bounded actor-place-issue evidence triple; it does not by itself establish causality, duration, alliance, or substantive policy effect."
SPI0124,A025,辺野古への基地建設を許さない実行委員会,AP055,P002,Henoko,AI078,I003,Henoko,F1,基地／反军事,S004,2015,辺野古の海を守れ NGO 31団体が緊急共同声明,EV2015_NACSJ_31,NACSJ / Peace Boat 31-NGO emergency Henoko statement,2015,ai_seeded,ai_seeded,E4,E4,e3plus_same_source_candidate,"Same-source coincidence supports a bounded actor-place-issue evidence triple; it does not by itself establish causality, duration, alliance, or substantive policy effect."
SPI0125,A027,公共事業改革市民会議,AP057,P002,Henoko,AI080,I005,biodiversity,F2,生态／环境,S004,2015,辺野古の海を守れ NGO 31団体が緊急共同声明,EV2015_NACSJ_31,NACSJ / Peace Boat 31-NGO emergency Henoko statement,2015,ai_seeded,ai_seeded,E4,E4,e3plus_same_source_candidate,"Same-source coincidence supports a bounded actor-place-issue evidence triple; it does not by itself establish causality, duration, alliance, or substantive policy effect."
SPI0126,A027,公共事業改革市民会議,AP057,P002,Henoko,AI081,I001,anti_base,F1,基地／反军事,S004,2015,辺野古の海を守れ NGO 31団体が緊急共同声明,EV2015_NACSJ_31,NACSJ / Peace Boat 31-NGO emergency Henoko statement,2015,ai_seeded,ai_seeded,E4,E4,e3plus_same_source_candidate,"Same-source coincidence supports a bounded actor-place-issue evidence triple; it does not by itself establish causality, duration, alliance, or substantive policy effect."
SPI0127,A028,沖縄のための日米市民ネットワーク（JUCON）,AP058,P001,Okinawa Prefecture,AI082,I012,international_advocacy,F6,国际路径,S004,2015,辺野古の海を守れ NGO 31団体が緊急共同声明,EV2015_NACSJ_31,NACSJ / Peace Boat 31-NGO emergency Henoko statement,2015,ai_seeded,ai_seeded,E4,E4,e3plus_same_source_candidate,"Same-source coincidence supports a bounded actor-place-issue evidence triple; it does not by itself establish causality, duration, alliance, or substantive policy effect."
SPI0128,A028,沖縄のための日米市民ネットワーク（JUCON）,AP058,P001,Okinawa Prefecture,AI083,I001,anti_base,F1,基地／反军事,S004,2015,辺野古の海を守れ NGO 31団体が緊急共同声明,EV2015_NACSJ_31,NACSJ / Peace Boat 31-NGO emergency Henoko statement,2015,ai_seeded,ai_seeded,E4,E4,e3plus_same_source_candidate,"Same-source coincidence supports a bounded actor-place-issue evidence triple; it does not by itself establish causality, duration, alliance, or substantive policy effect."
SPI0129,A028,沖縄のための日米市民ネットワーク（JUCON）,AP059,P002,Henoko,AI082,I012,international_advocacy,F6,国际路径,S004,2015,辺野古の海を守れ NGO 31団体が緊急共同声明,EV2015_NACSJ_31,NACSJ / Peace Boat 31-NGO emergency Henoko statement,2015,ai_seeded,ai_seeded,E4,E4,e3plus_same_source_candidate,"Same-source coincidence supports a bounded actor-place-issue evidence triple; it does not by itself establish causality, duration, alliance, or substantive policy effect."
SPI0130,A028,沖縄のための日米市民ネットワーク（JUCON）,AP059,P002,Henoko,AI083,I001,anti_base,F1,基地／反军事,S004,2015,辺野古の海を守れ NGO 31団体が緊急共同声明,EV2015_NACSJ_31,NACSJ / Peace Boat 31-NGO emergency Henoko statement,2015,ai_seeded,ai_seeded,E4,E4,e3plus_same_source_candidate,"Same-source coincidence supports a bounded actor-place-issue evidence triple; it does not by itself establish causality, duration, alliance, or substantive policy effect."
SPI0131,A029,沖縄・生物多様性市民ネットワーク,AP060,P001,Okinawa Prefecture,AI084,I005,biodiversity,F2,生态／环境,S004,2015,辺野古の海を守れ NGO 31団体が緊急共同声明,EV2015_NACSJ_31,NACSJ / Peace Boat 31-NGO emergency Henoko statement,2015,ai_seeded,ai_seeded,E4,E4,e3plus_same_source_candidate,"Same-source coincidence supports a bounded actor-place-issue evidence triple; it does not by itself establish causality, duration, alliance, or substantive policy effect."
SPI0132,A029,沖縄・生物多様性市民ネットワーク,AP060,P001,Okinawa Prefecture,AI085,I003,Henoko,F1,基地／反军事,S004,2015,辺野古の海を守れ NGO 31団体が緊急共同声明,EV2015_NACSJ_31,NACSJ / Peace Boat 31-NGO emergency Henoko statement,2015,ai_seeded,ai_seeded,E4,E4,e3plus_same_source_candidate,"Same-source coincidence supports a bounded actor-place-issue evidence triple; it does not by itself establish causality, duration, alliance, or substantive policy effect."
SPI0133,A029,沖縄・生物多様性市民ネットワーク,AP061,P002,Henoko,AI084,I005,biodiversity,F2,生态／环境,S004,2015,辺野古の海を守れ NGO 31団体が緊急共同声明,EV2015_NACSJ_31,NACSJ / Peace Boat 31-NGO emergency Henoko statement,2015,ai_seeded,ai_seeded,E4,E4,e3plus_same_source_candidate,"Same-source coincidence supports a bounded actor-place-issue evidence triple; it does not by itself establish causality, duration, alliance, or substantive policy effect."
SPI0134,A029,沖縄・生物多様性市民ネットワーク,AP061,P002,Henoko,AI085,I003,Henoko,F1,基地／反军事,S004,2015,辺野古の海を守れ NGO 31団体が緊急共同声明,EV2015_NACSJ_31,NACSJ / Peace Boat 31-NGO emergency Henoko statement,2015,ai_seeded,ai_seeded,E4,E4,e3plus_same_source_candidate,"Same-source coincidence supports a bounded actor-place-issue evidence triple; it does not by itself establish causality, duration, alliance, or substantive policy effect."
SPI0135,A030,市川三番瀬を守る会,AP062,P002,Henoko,AI086,I005,biodiversity,F2,生态／环境,S004,2015,辺野古の海を守れ NGO 31団体が緊急共同声明,EV2015_NACSJ_31,NACSJ / Peace Boat 31-NGO emergency Henoko statement,2015,ai_seeded,ai_seeded,E4,E4,e3plus_same_source_candidate,"Same-source coincidence supports a bounded actor-place-issue evidence triple; it does not by itself establish causality, duration, alliance, or substantive policy effect."
SPI0136,A031,三番瀬のラムサール条約登録を実現する会,AP063,P002,Henoko,AI087,I005,biodiversity,F2,生态／环境,S004,2015,辺野古の海を守れ NGO 31団体が緊急共同声明,EV2015_NACSJ_31,NACSJ / Peace Boat 31-NGO emergency Henoko statement,2015,ai_seeded,ai_seeded,E4,E4,e3plus_same_source_candidate,"Same-source coincidence supports a bounded actor-place-issue evidence triple; it does not by itself establish causality, duration, alliance, or substantive policy effect."
SPI0137,A032,Peace Philosophy Centre,AP064,P002,Henoko,AI088,I012,international_advocacy,F6,国际路径,S004,2015,辺野古の海を守れ NGO 31団体が緊急共同声明,EV2015_NACSJ_31,NACSJ / Peace Boat 31-NGO emergency Henoko statement,2015,ai_seeded,ai_seeded,E4,E4,e3plus_same_source_candidate,"Same-source coincidence supports a bounded actor-place-issue evidence triple; it does not by itself establish causality, duration, alliance, or substantive policy effect."
SPI0138,A033,Friends of the Earth U.S.,AP065,P002,Henoko,AI090,I012,international_advocacy,F6,国际路径,S004,2015,辺野古の海を守れ NGO 31団体が緊急共同声明,EV2015_NACSJ_31,NACSJ / Peace Boat 31-NGO emergency Henoko statement,2015,ai_seeded,ai_seeded,E4,E4,e3plus_same_source_candidate,"Same-source coincidence supports a bounded actor-place-issue evidence triple; it does not by itself establish causality, duration, alliance, or substantive policy effect."
SPI0139,A033,Friends of the Earth U.S.,AP065,P002,Henoko,AI091,I005,biodiversity,F2,生态／环境,S004,2015,辺野古の海を守れ NGO 31団体が緊急共同声明,EV2015_NACSJ_31,NACSJ / Peace Boat 31-NGO emergency Henoko statement,2015,ai_seeded,ai_seeded,E4,E4,e3plus_same_source_candidate,"Same-source coincidence supports a bounded actor-place-issue evidence triple; it does not by itself establish causality, duration, alliance, or substantive policy effect."
SPI0140,A034,Korea Federation for Environmental Movements (KFEM),AP066,P002,Henoko,AI092,I012,international_advocacy,F6,国际路径,S004,2015,辺野古の海を守れ NGO 31団体が緊急共同声明,EV2015_NACSJ_31,NACSJ / Peace Boat 31-NGO emergency Henoko statement,2015,ai_seeded,ai_seeded,E4,E4,e3plus_same_source_candidate,"Same-source coincidence supports a bounded actor-place-issue evidence triple; it does not by itself establish causality, duration, alliance, or substantive policy effect."
SPI0141,A034,Korea Federation for Environmental Movements (KFEM),AP066,P002,Henoko,AI093,I005,biodiversity,F2,生态／环境,S004,2015,辺野古の海を守れ NGO 31団体が緊急共同声明,EV2015_NACSJ_31,NACSJ / Peace Boat 31-NGO emergency Henoko statement,2015,ai_seeded,ai_seeded,E4,E4,e3plus_same_source_candidate,"Same-source coincidence supports a bounded actor-place-issue evidence triple; it does not by itself establish causality, duration, alliance, or substantive policy effect."
SPI0142,A035,Russian Social Ecological Union,AP067,P002,Henoko,AI094,I012,international_advocacy,F6,国际路径,S004,2015,辺野古の海を守れ NGO 31団体が緊急共同声明,EV2015_NACSJ_31,NACSJ / Peace Boat 31-NGO emergency Henoko statement,2015,ai_seeded,ai_seeded,E4,E4,e3plus_same_source_candidate,"Same-source coincidence supports a bounded actor-place-issue evidence triple; it does not by itself establish causality, duration, alliance, or substantive policy effect."
SPI0143,A036,Friends of the Siberian Forests,AP068,P002,Henoko,AI095,I012,international_advocacy,F6,国际路径,S004,2015,辺野古の海を守れ NGO 31団体が緊急共同声明,EV2015_NACSJ_31,NACSJ / Peace Boat 31-NGO emergency Henoko statement,2015,ai_seeded,ai_seeded,E4,E4,e3plus_same_source_candidate,"Same-source coincidence supports a bounded actor-place-issue evidence triple; it does not by itself establish causality, duration, alliance, or substantive policy effect."
SPI0144,A037,Centre for Environmental Justice,AP069,P002,Henoko,AI096,I012,international_advocacy,F6,国际路径,S004,2015,辺野古の海を守れ NGO 31団体が緊急共同声明,EV2015_NACSJ_31,NACSJ / Peace Boat 31-NGO emergency Henoko statement,2015,ai_seeded,ai_seeded,E4,E4,e3plus_same_source_candidate,"Same-source coincidence supports a bounded actor-place-issue evidence triple; it does not by itself establish causality, duration, alliance, or substantive policy effect."
SPI0145,A038,Sahabat Alam Malaysia,AP070,P002,Henoko,AI097,I012,international_advocacy,F6,国际路径,S004,2015,辺野古の海を守れ NGO 31団体が緊急共同声明,EV2015_NACSJ_31,NACSJ / Peace Boat 31-NGO emergency Henoko statement,2015,ai_seeded,ai_seeded,E4,E4,e3plus_same_source_candidate,"Same-source coincidence supports a bounded actor-place-issue evidence triple; it does not by itself establish causality, duration, alliance, or substantive policy effect."
SPI0146,A039,The Legal Rights and Natural Resources Center-Kasama sa Kalikasan,AP071,P002,Henoko,AI098,I011,legal,F5,法律／程序,S004,2015,辺野古の海を守れ NGO 31団体が緊急共同声明,EV2015_NACSJ_31,NACSJ / Peace Boat 31-NGO emergency Henoko statement,2015,ai_seeded,ai_seeded,E4,E4,e3plus_same_source_candidate,"Same-source coincidence supports a bounded actor-place-issue evidence triple; it does not by itself establish causality, duration, alliance, or substantive policy effect."
SPI0147,A039,The Legal Rights and Natural Resources Center-Kasama sa Kalikasan,AP071,P002,Henoko,AI099,I012,international_advocacy,F6,国际路径,S004,2015,辺野古の海を守れ NGO 31団体が緊急共同声明,EV2015_NACSJ_31,NACSJ / Peace Boat 31-NGO emergency Henoko statement,2015,ai_seeded,ai_seeded,E4,E4,e3plus_same_source_candidate,"Same-source coincidence supports a bounded actor-place-issue evidence triple; it does not by itself establish causality, duration, alliance, or substantive policy effect."
SPI0148,A040,Forum for Protection of Public Interest (Pro Public),AP072,P002,Henoko,AI100,I012,international_advocacy,F6,国际路径,S004,2015,辺野古の海を守れ NGO 31団体が緊急共同声明,EV2015_NACSJ_31,NACSJ / Peace Boat 31-NGO emergency Henoko statement,2015,human_checked,human_checked,E4,E4,human_reviewed_same_source,"Same-source coincidence supports a bounded actor-place-issue evidence triple; it does not by itself establish causality, duration, alliance, or substantive policy effect."
SPI0149,A040,Forum for Protection of Public Interest (Pro Public),AP072,P002,Henoko,AI100,I012,international_advocacy,F6,国际路径,S089,2026,Pro Public official site,,,,human_checked,human_checked,E4,E4,human_reviewed_same_source,"Same-source coincidence supports a bounded actor-place-issue evidence triple; it does not by itself establish causality, duration, alliance, or substantive policy effect."
SPI0150,A040,Forum for Protection of Public Interest (Pro Public),AP072,P002,Henoko,AI100,I012,international_advocacy,F6,国际路径,S090,2026,FoE International member page Nepal Pro Public,,,,human_checked,human_checked,E4,E4,human_reviewed_same_source,"Same-source coincidence supports a bounded actor-place-issue evidence triple; it does not by itself establish causality, duration, alliance, or substantive policy effect."
SPI0151,A041,Friends of the Earth Brisbane,AP073,P002,Henoko,AI101,I012,international_advocacy,F6,国际路径,S004,2015,辺野古の海を守れ NGO 31団体が緊急共同声明,EV2015_NACSJ_31,NACSJ / Peace Boat 31-NGO emergency Henoko statement,2015,ai_seeded,ai_seeded,E4,E4,e3plus_same_source_candidate,"Same-source coincidence supports a bounded actor-place-issue evidence triple; it does not by itself establish causality, duration, alliance, or substantive policy effect."
SPI0152,A042,Pacific Environment,AP074,P002,Henoko,AI102,I012,international_advocacy,F6,国际路径,S004,2015,辺野古の海を守れ NGO 31団体が緊急共同声明,EV2015_NACSJ_31,NACSJ / Peace Boat 31-NGO emergency Henoko statement,2015,ai_seeded,ai_seeded,E4,E4,e3plus_same_source_candidate,"Same-source coincidence supports a bounded actor-place-issue evidence triple; it does not by itself establish causality, duration, alliance, or substantive policy effect."
SPI0153,A042,Pacific Environment,AP074,P002,Henoko,AI103,I005,biodiversity,F2,生态／环境,S004,2015,辺野古の海を守れ NGO 31団体が緊急共同声明,EV2015_NACSJ_31,NACSJ / Peace Boat 31-NGO emergency Henoko statement,2015,ai_seeded,ai_seeded,E4,E4,e3plus_same_source_candidate,"Same-source coincidence supports a bounded actor-place-issue evidence triple; it does not by itself establish causality, duration, alliance, or substantive policy effect."
SPI0154,A043,PENGON-FoE Palestine,AP075,P002,Henoko,AI104,I012,international_advocacy,F6,国际路径,S004,2015,辺野古の海を守れ NGO 31団体が緊急共同声明,EV2015_NACSJ_31,NACSJ / Peace Boat 31-NGO emergency Henoko statement,2015,ai_seeded,ai_seeded,E4,E4,e3plus_same_source_candidate,"Same-source coincidence supports a bounded actor-place-issue evidence triple; it does not by itself establish causality, duration, alliance, or substantive policy effect."
SPI0155,A044,Naturvernforbundet / Norwegian Society for the Conservation of Nature,AP076,P002,Henoko,AI105,I012,international_advocacy,F6,国际路径,S004,2015,辺野古の海を守れ NGO 31団体が緊急共同声明,EV2015_NACSJ_31,NACSJ / Peace Boat 31-NGO emergency Henoko statement,2015,ai_seeded,ai_seeded,E4,E4,e3plus_same_source_candidate,"Same-source coincidence supports a bounded actor-place-issue evidence triple; it does not by itself establish causality, duration, alliance, or substantive policy effect."
SPI0156,A045,Center for Biological Diversity,AP077,P002,Henoko,AI106,I011,legal,F5,法律／程序,S004,2015,辺野古の海を守れ NGO 31団体が緊急共同声明,EV2015_NACSJ_31,NACSJ / Peace Boat 31-NGO emergency Henoko statement,2015,ai_seeded,ai_seeded,E4,E4,e3plus_same_source_candidate,"Same-source coincidence supports a bounded actor-place-issue evidence triple; it does not by itself establish causality, duration, alliance, or substantive policy effect."
SPI0157,A045,Center for Biological Diversity,AP077,P002,Henoko,AI107,I005,biodiversity,F2,生态／环境,S004,2015,辺野古の海を守れ NGO 31団体が緊急共同声明,EV2015_NACSJ_31,NACSJ / Peace Boat 31-NGO emergency Henoko statement,2015,ai_seeded,ai_seeded,E4,E4,e3plus_same_source_candidate,"Same-source coincidence supports a bounded actor-place-issue evidence triple; it does not by itself establish causality, duration, alliance, or substantive policy effect."
SPI0158,A045,Center for Biological Diversity,AP077,P002,Henoko,AI108,I012,international_advocacy,F6,国际路径,S004,2015,辺野古の海を守れ NGO 31団体が緊急共同声明,EV2015_NACSJ_31,NACSJ / Peace Boat 31-NGO emergency Henoko statement,2015,ai_seeded,ai_seeded,E4,E4,e3plus_same_source_candidate,"Same-source coincidence supports a bounded actor-place-issue evidence triple; it does not by itself establish causality, duration, alliance, or substantive policy effect."
SPI0159,A046,Pro Natura,AP078,P002,Henoko,AI109,I012,international_advocacy,F6,国际路径,S004,2015,辺野古の海を守れ NGO 31団体が緊急共同声明,EV2015_NACSJ_31,NACSJ / Peace Boat 31-NGO emergency Henoko statement,2015,human_checked,human_checked,E4,E4,human_reviewed_same_source,"Same-source coincidence supports a bounded actor-place-issue evidence triple; it does not by itself establish causality, duration, alliance, or substantive policy effect."
SPI0160,A046,Pro Natura,AP078,P002,Henoko,AI109,I012,international_advocacy,F6,国际路径,S091,2026,IUCN member page Pro Natura / Friends of the Earth Switzerland,,,,human_checked,human_checked,E4,E4,human_reviewed_same_source,"Same-source coincidence supports a bounded actor-place-issue evidence triple; it does not by itself establish causality, duration, alliance, or substantive policy effect."
SPI0161,A046,Pro Natura,AP078,P002,Henoko,AI109,I012,international_advocacy,F6,国际路径,S092,2026,FoE International member page Switzerland Pro Natura,,,,human_checked,human_checked,E4,E4,human_reviewed_same_source,"Same-source coincidence supports a bounded actor-place-issue evidence triple; it does not by itself establish causality, duration, alliance, or substantive policy effect."
SPI0162,A046,Pro Natura,AP078,P002,Henoko,AI110,I005,biodiversity,F2,生态／环境,S004,2015,辺野古の海を守れ NGO 31団体が緊急共同声明,EV2015_NACSJ_31,NACSJ / Peace Boat 31-NGO emergency Henoko statement,2015,human_checked,human_checked,E4,E4,human_reviewed_same_source,"Same-source coincidence supports a bounded actor-place-issue evidence triple; it does not by itself establish causality, duration, alliance, or substantive policy effect."
SPI0163,A046,Pro Natura,AP078,P002,Henoko,AI110,I005,biodiversity,F2,生态／环境,S091,2026,IUCN member page Pro Natura / Friends of the Earth Switzerland,,,,human_checked,human_checked,E4,E4,human_reviewed_same_source,"Same-source coincidence supports a bounded actor-place-issue evidence triple; it does not by itself establish causality, duration, alliance, or substantive policy effect."
SPI0164,A046,Pro Natura,AP078,P002,Henoko,AI110,I005,biodiversity,F2,生态／环境,S092,2026,FoE International member page Switzerland Pro Natura,,,,human_checked,human_checked,E4,E4,human_reviewed_same_source,"Same-source coincidence supports a bounded actor-place-issue evidence triple; it does not by itself establish causality, duration, alliance, or substantive policy effect."
SPI0165,A047,沖縄平和運動センター,AP079,P001,Okinawa Prefecture,AI111,I001,anti_base,F1,基地／反军事,S031,2026,沖縄平和運動センター 公式,,,,ai_seeded,ai_seeded,E4,E4,e3plus_same_source_candidate,"Same-source coincidence supports a bounded actor-place-issue evidence triple; it does not by itself establish causality, duration, alliance, or substantive policy effect."
SPI0166,A047,沖縄平和運動センター,AP079,P001,Okinawa Prefecture,AI113,I002,anti_military,F1,基地／反军事,S031,2026,沖縄平和運動センター 公式,,,,ai_seeded,ai_seeded,E4,E4,e3plus_same_source_candidate,"Same-source coincidence supports a bounded actor-place-issue evidence triple; it does not by itself establish causality, duration, alliance, or substantive policy effect."
SPI0167,A047,沖縄平和運動センター,AP079,P001,Okinawa Prefecture,AI114,I003,Henoko,F1,基地／反军事,S031,2026,沖縄平和運動センター 公式,,,,ai_seeded,ai_seeded,E4,E3,e3plus_same_source_candidate,"Same-source coincidence supports a bounded actor-place-issue evidence triple; it does not by itself establish causality, duration, alliance, or substantive policy effect."
SPI0168,A047,沖縄平和運動センター,AP080,P002,Henoko,AI111,I001,anti_base,F1,基地／反军事,S031,2026,沖縄平和運動センター 公式,,,,ai_seeded,ai_seeded,E3,E4,e3plus_same_source_candidate,"Same-source coincidence supports a bounded actor-place-issue evidence triple; it does not by itself establish causality, duration, alliance, or substantive policy effect."
SPI0169,A047,沖縄平和運動センター,AP080,P002,Henoko,AI113,I002,anti_military,F1,基地／反军事,S031,2026,沖縄平和運動センター 公式,,,,ai_seeded,ai_seeded,E3,E4,e3plus_same_source_candidate,"Same-source coincidence supports a bounded actor-place-issue evidence triple; it does not by itself establish causality, duration, alliance, or substantive policy effect."
SPI0170,A047,沖縄平和運動センター,AP080,P002,Henoko,AI114,I003,Henoko,F1,基地／反军事,S031,2026,沖縄平和運動センター 公式,,,,ai_seeded,ai_seeded,E3,E3,e3plus_same_source_candidate,"Same-source coincidence supports a bounded actor-place-issue evidence triple; it does not by itself establish causality, duration, alliance, or substantive policy effect."
SPI0171,A048,沖縄一坪反戦地主会,AP081,P001,Okinawa Prefecture,AI115,I001,anti_base,F1,基地／反军事,S038,1996,一坪反戦地主会 軍用地契約拒否運動,,,,ai_seeded,ai_seeded,E4,E4,e3plus_same_source_candidate,"Same-source coincidence supports a bounded actor-place-issue evidence triple; it does not by itself establish causality, duration, alliance, or substantive policy effect."
SPI0172,A048,沖縄一坪反戦地主会,AP081,P001,Okinawa Prefecture,AI116,I011,legal,F5,法律／程序,S038,1996,一坪反戦地主会 軍用地契約拒否運動,,,,ai_seeded,ai_seeded,E4,E4,e3plus_same_source_candidate,"Same-source coincidence supports a bounded actor-place-issue evidence triple; it does not by itself establish causality, duration, alliance, or substantive policy effect."
SPI0173,A048,沖縄一坪反戦地主会,AP081,P001,Okinawa Prefecture,AI118,I009,local_autonomy,F4,自治／公投,S038,1996,一坪反戦地主会 軍用地契約拒否運動,,,,ai_seeded,ai_seeded,E4,E3,e3plus_same_source_candidate,"Same-source coincidence supports a bounded actor-place-issue evidence triple; it does not by itself establish causality, duration, alliance, or substantive policy effect."
SPI0174,A049,基地・軍隊を許さない行動する女たちの会,AP082,P001,Okinawa Prefecture,AI119,I007,life_safety,F3,生命／健康,S039,1995,基地・軍隊を許さない行動する女たちの会 結成（Akibayashi）,,,,ai_seeded,ai_seeded,E4,E4,e3plus_same_source_candidate,"Same-source coincidence supports a bounded actor-place-issue evidence triple; it does not by itself establish causality, duration, alliance, or substantive policy effect."
SPI0175,A049,基地・軍隊を許さない行動する女たちの会,AP082,P001,Okinawa Prefecture,AI120,I001,anti_base,F1,基地／反军事,S039,1995,基地・軍隊を許さない行動する女たちの会 結成（Akibayashi）,,,,ai_seeded,ai_seeded,E4,E4,e3plus_same_source_candidate,"Same-source coincidence supports a bounded actor-place-issue evidence triple; it does not by itself establish causality, duration, alliance, or substantive policy effect."
SPI0176,A049,基地・軍隊を許さない行動する女たちの会,AP082,P001,Okinawa Prefecture,AI121,I002,anti_military,F1,基地／反军事,S039,1995,基地・軍隊を許さない行動する女たちの会 結成（Akibayashi）,,,,ai_seeded,ai_seeded,E4,E4,e3plus_same_source_candidate,"Same-source coincidence supports a bounded actor-place-issue evidence triple; it does not by itself establish causality, duration, alliance, or substantive policy effect."
SPI0177,A050,沖縄弁護士会,AP083,P001,Okinawa Prefecture,AI122,I011,legal,F5,法律／程序,S037,2017,沖縄弁護士会 辺野古新基地建設に関する会長声明・決議,,,,ai_seeded,ai_seeded,E4,E4,e3plus_same_source_candidate,"Same-source coincidence supports a bounded actor-place-issue evidence triple; it does not by itself establish causality, duration, alliance, or substantive policy effect."
SPI0178,A050,沖縄弁護士会,AP083,P001,Okinawa Prefecture,AI123,I009,local_autonomy,F4,自治／公投,S037,2017,沖縄弁護士会 辺野古新基地建設に関する会長声明・決議,,,,ai_seeded,ai_seeded,E4,E4,e3plus_same_source_candidate,"Same-source coincidence supports a bounded actor-place-issue evidence triple; it does not by itself establish causality, duration, alliance, or substantive policy effect."
SPI0179,A050,沖縄弁護士会,AP083,P001,Okinawa Prefecture,AI124,I001,anti_base,F1,基地／反军事,S037,2017,沖縄弁護士会 辺野古新基地建設に関する会長声明・決議,,,,ai_seeded,ai_seeded,E4,E4,e3plus_same_source_candidate,"Same-source coincidence supports a bounded actor-place-issue evidence triple; it does not by itself establish causality, duration, alliance, or substantive policy effect."
SPI0180,A050,沖縄弁護士会,AP084,P020,Naha,AI122,I011,legal,F5,法律／程序,S037,2017,沖縄弁護士会 辺野古新基地建設に関する会長声明・決議,,,,ai_seeded,ai_seeded,E4,E4,e3plus_same_source_candidate,"Same-source coincidence supports a bounded actor-place-issue evidence triple; it does not by itself establish causality, duration, alliance, or substantive policy effect."
SPI0181,A050,沖縄弁護士会,AP084,P020,Naha,AI123,I009,local_autonomy,F4,自治／公投,S037,2017,沖縄弁護士会 辺野古新基地建設に関する会長声明・決議,,,,ai_seeded,ai_seeded,E4,E4,e3plus_same_source_candidate,"Same-source coincidence supports a bounded actor-place-issue evidence triple; it does not by itself establish causality, duration, alliance, or substantive policy effect."
SPI0182,A050,沖縄弁護士会,AP084,P020,Naha,AI124,I001,anti_base,F1,基地／反军事,S037,2017,沖縄弁護士会 辺野古新基地建設に関する会長声明・決議,,,,ai_seeded,ai_seeded,E4,E4,e3plus_same_source_candidate,"Same-source coincidence supports a bounded actor-place-issue evidence triple; it does not by itself establish causality, duration, alliance, or substantive policy effect."
SPI0183,A051,「辺野古」県民投票の会,AP085,P001,Okinawa Prefecture,AI125,I010,referendum,F4,自治／公投,S025,2019,辺野古米軍基地建設のための埋立ての賛否を問う県民投票 結果,EV2019_PREF_REFERENDUM,2019 Henoko prefectural referendum,2019,ai_seeded,ai_seeded,E4,E4,e3plus_same_source_candidate,"Same-source coincidence supports a bounded actor-place-issue evidence triple; it does not by itself establish causality, duration, alliance, or substantive policy effect."
SPI0184,A051,「辺野古」県民投票の会,AP085,P001,Okinawa Prefecture,AI126,I003,Henoko,F1,基地／反军事,S025,2019,辺野古米軍基地建設のための埋立ての賛否を問う県民投票 結果,EV2019_PREF_REFERENDUM,2019 Henoko prefectural referendum,2019,ai_seeded,ai_seeded,E4,E4,e3plus_same_source_candidate,"Same-source coincidence supports a bounded actor-place-issue evidence triple; it does not by itself establish causality, duration, alliance, or substantive policy effect."
SPI0185,A051,「辺野古」県民投票の会,AP085,P001,Okinawa Prefecture,AI127,I009,local_autonomy,F4,自治／公投,S025,2019,辺野古米軍基地建設のための埋立ての賛否を問う県民投票 結果,EV2019_PREF_REFERENDUM,2019 Henoko prefectural referendum,2019,ai_seeded,ai_seeded,E4,E4,e3plus_same_source_candidate,"Same-source coincidence supports a bounded actor-place-issue evidence triple; it does not by itself establish causality, duration, alliance, or substantive policy effect."
SPI0186,A051,「辺野古」県民投票の会,AP086,P002,Henoko,AI125,I010,referendum,F4,自治／公投,S025,2019,辺野古米軍基地建設のための埋立ての賛否を問う県民投票 結果,EV2019_PREF_REFERENDUM,2019 Henoko prefectural referendum,2019,ai_seeded,ai_seeded,E4,E4,e3plus_same_source_candidate,"Same-source coincidence supports a bounded actor-place-issue evidence triple; it does not by itself establish causality, duration, alliance, or substantive policy effect."
SPI0187,A051,「辺野古」県民投票の会,AP086,P002,Henoko,AI126,I003,Henoko,F1,基地／反军事,S025,2019,辺野古米軍基地建設のための埋立ての賛否を問う県民投票 結果,EV2019_PREF_REFERENDUM,2019 Henoko prefectural referendum,2019,ai_seeded,ai_seeded,E4,E4,e3plus_same_source_candidate,"Same-source coincidence supports a bounded actor-place-issue evidence triple; it does not by itself establish causality, duration, alliance, or substantive policy effect."
SPI0188,A051,「辺野古」県民投票の会,AP086,P002,Henoko,AI127,I009,local_autonomy,F4,自治／公投,S025,2019,辺野古米軍基地建設のための埋立ての賛否を問う県民投票 結果,EV2019_PREF_REFERENDUM,2019 Henoko prefectural referendum,2019,ai_seeded,ai_seeded,E4,E4,e3plus_same_source_candidate,"Same-source coincidence supports a bounded actor-place-issue evidence triple; it does not by itself establish causality, duration, alliance, or substantive policy effect."
SPI0189,A052,嘉手納基地爆音差止訴訟原告団,AP087,P005,Kadena,AI128,I011,legal,F5,法律／程序,S026,2017,嘉手納爆音訴訟 第三次 那覇地裁沖縄支部判決,,,,ai_seeded,ai_seeded,E4,E4,e3plus_same_source_candidate,"Same-source coincidence supports a bounded actor-place-issue evidence triple; it does not by itself establish causality, duration, alliance, or substantive policy effect."
SPI0190,A052,嘉手納基地爆音差止訴訟原告団,AP087,P005,Kadena,AI129,I007,life_safety,F3,生命／健康,S026,2017,嘉手納爆音訴訟 第三次 那覇地裁沖縄支部判決,,,,ai_seeded,ai_seeded,E4,E4,e3plus_same_source_candidate,"Same-source coincidence supports a bounded actor-place-issue evidence triple; it does not by itself establish causality, duration, alliance, or substantive policy effect."
SPI0191,A052,嘉手納基地爆音差止訴訟原告団,AP087,P005,Kadena,AI130,I001,anti_base,F1,基地／反军事,S026,2017,嘉手納爆音訴訟 第三次 那覇地裁沖縄支部判決,,,,ai_seeded,ai_seeded,E4,E4,e3plus_same_source_candidate,"Same-source coincidence supports a bounded actor-place-issue evidence triple; it does not by itself establish causality, duration, alliance, or substantive policy effect."
SPI0192,A052,嘉手納基地爆音差止訴訟原告団,AP087,P005,Kadena,AI214,I021,noise,F3,生命／健康,S026,2017,嘉手納爆音訴訟 第三次 那覇地裁沖縄支部判決,,,,ai_seeded,human_checked,E4,E4,e3plus_same_source_candidate,"Same-source coincidence supports a bounded actor-place-issue evidence triple; it does not by itself establish causality, duration, alliance, or substantive policy effect."
SPI0193,A052,嘉手納基地爆音差止訴訟原告団,AP088,P018,Ginowan,AI128,I011,legal,F5,法律／程序,S026,2017,嘉手納爆音訴訟 第三次 那覇地裁沖縄支部判決,,,,ai_seeded,ai_seeded,E3,E4,e3plus_same_source_candidate,"Same-source coincidence supports a bounded actor-place-issue evidence triple; it does not by itself establish causality, duration, alliance, or substantive policy effect."
SPI0194,A052,嘉手納基地爆音差止訴訟原告団,AP088,P018,Ginowan,AI129,I007,life_safety,F3,生命／健康,S026,2017,嘉手納爆音訴訟 第三次 那覇地裁沖縄支部判決,,,,ai_seeded,ai_seeded,E3,E4,e3plus_same_source_candidate,"Same-source coincidence supports a bounded actor-place-issue evidence triple; it does not by itself establish causality, duration, alliance, or substantive policy effect."
SPI0195,A052,嘉手納基地爆音差止訴訟原告団,AP088,P018,Ginowan,AI130,I001,anti_base,F1,基地／反军事,S026,2017,嘉手納爆音訴訟 第三次 那覇地裁沖縄支部判決,,,,ai_seeded,ai_seeded,E3,E4,e3plus_same_source_candidate,"Same-source coincidence supports a bounded actor-place-issue evidence triple; it does not by itself establish causality, duration, alliance, or substantive policy effect."
SPI0196,A052,嘉手納基地爆音差止訴訟原告団,AP088,P018,Ginowan,AI214,I021,noise,F3,生命／健康,S026,2017,嘉手納爆音訴訟 第三次 那覇地裁沖縄支部判決,,,,ai_seeded,human_checked,E3,E4,e3plus_same_source_candidate,"Same-source coincidence supports a bounded actor-place-issue evidence triple; it does not by itself establish causality, duration, alliance, or substantive policy effect."
SPI0197,A053,普天間基地爆音訴訟団,AP089,P004,Futenma,AI131,I011,legal,F5,法律／程序,S027,2016,普天間爆音訴訟 第二次 那覇地裁判決,,,,ai_seeded,ai_seeded,E4,E4,e3plus_same_source_candidate,"Same-source coincidence supports a bounded actor-place-issue evidence triple; it does not by itself establish causality, duration, alliance, or substantive policy effect."
SPI0198,A053,普天間基地爆音訴訟団,AP089,P004,Futenma,AI132,I007,life_safety,F3,生命／健康,S027,2016,普天間爆音訴訟 第二次 那覇地裁判決,,,,ai_seeded,ai_seeded,E4,E4,e3plus_same_source_candidate,"Same-source coincidence supports a bounded actor-place-issue evidence triple; it does not by itself establish causality, duration, alliance, or substantive policy effect."
SPI0199,A053,普天間基地爆音訴訟団,AP089,P004,Futenma,AI133,I001,anti_base,F1,基地／反军事,S027,2016,普天間爆音訴訟 第二次 那覇地裁判決,,,,ai_seeded,ai_seeded,E4,E4,e3plus_same_source_candidate,"Same-source coincidence supports a bounded actor-place-issue evidence triple; it does not by itself establish causality, duration, alliance, or substantive policy effect."
SPI0200,A053,普天間基地爆音訴訟団,AP089,P004,Futenma,AI215,I021,noise,F3,生命／健康,S027,2016,普天間爆音訴訟 第二次 那覇地裁判決,,,,ai_seeded,human_checked,E4,E4,e3plus_same_source_candidate,"Same-source coincidence supports a bounded actor-place-issue evidence triple; it does not by itself establish causality, duration, alliance, or substantive policy effect."
SPI0201,A053,普天間基地爆音訴訟団,AP090,P018,Ginowan,AI131,I011,legal,F5,法律／程序,S027,2016,普天間爆音訴訟 第二次 那覇地裁判決,,,,ai_seeded,ai_seeded,E4,E4,e3plus_same_source_candidate,"Same-source coincidence supports a bounded actor-place-issue evidence triple; it does not by itself establish causality, duration, alliance, or substantive policy effect."
SPI0202,A053,普天間基地爆音訴訟団,AP090,P018,Ginowan,AI132,I007,life_safety,F3,生命／健康,S027,2016,普天間爆音訴訟 第二次 那覇地裁判決,,,,ai_seeded,ai_seeded,E4,E4,e3plus_same_source_candidate,"Same-source coincidence supports a bounded actor-place-issue evidence triple; it does not by itself establish causality, duration, alliance, or substantive policy effect."
SPI0203,A053,普天間基地爆音訴訟団,AP090,P018,Ginowan,AI133,I001,anti_base,F1,基地／反军事,S027,2016,普天間爆音訴訟 第二次 那覇地裁判決,,,,ai_seeded,ai_seeded,E4,E4,e3plus_same_source_candidate,"Same-source coincidence supports a bounded actor-place-issue evidence triple; it does not by itself establish causality, duration, alliance, or substantive policy effect."
SPI0204,A053,普天間基地爆音訴訟団,AP090,P018,Ginowan,AI215,I021,noise,F3,生命／健康,S027,2016,普天間爆音訴訟 第二次 那覇地裁判決,,,,ai_seeded,human_checked,E4,E4,e3plus_same_source_candidate,"Same-source coincidence supports a bounded actor-place-issue evidence triple; it does not by itself establish causality, duration, alliance, or substantive policy effect."
SPI0205,A054,沖縄人権協会,AP091,P001,Okinawa Prefecture,AI134,I007,life_safety,F3,生命／健康,S033,2006,Tanji Miyume: Myth Protest and Struggle in Okinawa,,,,ai_seeded,ai_seeded,E3,E3,e3plus_same_source_candidate,"Same-source coincidence supports a bounded actor-place-issue evidence triple; it does not by itself establish causality, duration, alliance, or substantive policy effect."
SPI0206,A055,泡瀬干潟を守る連絡会,AP092,P019,Awase,AI135,I005,biodiversity,F2,生态／环境,S030,2015,第2次泡瀬干潟埋め立て訴訟 那覇地裁判決,,,,ai_seeded,ai_seeded,E3,E3,e3plus_same_source_candidate,"Same-source coincidence supports a bounded actor-place-issue evidence triple; it does not by itself establish causality, duration, alliance, or substantive policy effect."
SPI0207,A055,泡瀬干潟を守る連絡会,AP092,P019,Awase,AI136,I011,legal,F5,法律／程序,S030,2015,第2次泡瀬干潟埋め立て訴訟 那覇地裁判決,,,,ai_seeded,ai_seeded,E3,E3,e3plus_same_source_candidate,"Same-source coincidence supports a bounded actor-place-issue evidence triple; it does not by itself establish causality, duration, alliance, or substantive policy effect."
SPI0208,A055,泡瀬干潟を守る連絡会,AP093,P001,Okinawa Prefecture,AI135,I005,biodiversity,F2,生态／环境,S030,2015,第2次泡瀬干潟埋め立て訴訟 那覇地裁判決,,,,ai_seeded,ai_seeded,E3,E3,e3plus_same_source_candidate,"Same-source coincidence supports a bounded actor-place-issue evidence triple; it does not by itself establish causality, duration, alliance, or substantive policy effect."
SPI0209,A055,泡瀬干潟を守る連絡会,AP093,P001,Okinawa Prefecture,AI136,I011,legal,F5,法律／程序,S030,2015,第2次泡瀬干潟埋め立て訴訟 那覇地裁判決,,,,ai_seeded,ai_seeded,E3,E3,e3plus_same_source_candidate,"Same-source coincidence supports a bounded actor-place-issue evidence triple; it does not by itself establish causality, duration, alliance, or substantive policy effect."
SPI0210,A056,沖縄環境ネットワーク,AP094,P001,Okinawa Prefecture,AI137,I005,biodiversity,F2,生态／环境,S033,2006,Tanji Miyume: Myth Protest and Struggle in Okinawa,,,,needs_second_source,needs_second_source,E3,E3,e3plus_same_source_candidate,"Same-source coincidence supports a bounded actor-place-issue evidence triple; it does not by itself establish causality, duration, alliance, or substantive policy effect."
SPI0211,A056,沖縄環境ネットワーク,AP094,P001,Okinawa Prefecture,AI138,I001,anti_base,F1,基地／反军事,S033,2006,Tanji Miyume: Myth Protest and Struggle in Okinawa,,,,needs_second_source,needs_second_source,E3,E3,e3plus_same_source_candidate,"Same-source coincidence supports a bounded actor-place-issue evidence triple; it does not by itself establish causality, duration, alliance, or substantive policy effect."
SPI0212,A057,沖縄意見広告運動,AP095,P001,Okinawa Prefecture,AI139,I001,anti_base,F1,基地／反军事,S034,2010,沖縄意見広告運動 全国紙に一面広告,,,,ai_seeded,ai_seeded,E3,E3,e3plus_same_source_candidate,"Same-source coincidence supports a bounded actor-place-issue evidence triple; it does not by itself establish causality, duration, alliance, or substantive policy effect."
SPI0213,A058,沖縄県統一連（沖縄県統一行動連絡会議）,AP096,P001,Okinawa Prefecture,AI141,I001,anti_base,F1,基地／反军事,S031,2026,沖縄平和運動センター 公式,,,,needs_second_source,needs_second_source,E3,E3,e3plus_same_source_candidate,"Same-source coincidence supports a bounded actor-place-issue evidence triple; it does not by itself establish causality, duration, alliance, or substantive policy effect."
SPI0214,A059,島ぐるみ会議,AP097,P001,Okinawa Prefecture,AI143,I001,anti_base,F1,基地／反军事,S029,2015,島ぐるみ会議 辺野古新基地反対で連帯,,,,ai_seeded,ai_seeded,E3,E3,e3plus_same_source_candidate,"Same-source coincidence supports a bounded actor-place-issue evidence triple; it does not by itself establish causality, duration, alliance, or substantive policy effect."
SPI0215,A059,島ぐるみ会議,AP097,P001,Okinawa Prefecture,AI144,I003,Henoko,F1,基地／反军事,S029,2015,島ぐるみ会議 辺野古新基地反対で連帯,,,,ai_seeded,ai_seeded,E3,E3,e3plus_same_source_candidate,"Same-source coincidence supports a bounded actor-place-issue evidence triple; it does not by itself establish causality, duration, alliance, or substantive policy effect."
SPI0216,A059,島ぐるみ会議,AP097,P001,Okinawa Prefecture,AI145,I009,local_autonomy,F4,自治／公投,S029,2015,島ぐるみ会議 辺野古新基地反対で連帯,,,,ai_seeded,ai_seeded,E3,E3,e3plus_same_source_candidate,"Same-source coincidence supports a bounded actor-place-issue evidence triple; it does not by itself establish causality, duration, alliance, or substantive policy effect."
SPI0217,A059,島ぐるみ会議,AP098,P002,Henoko,AI143,I001,anti_base,F1,基地／反军事,S029,2015,島ぐるみ会議 辺野古新基地反対で連帯,,,,ai_seeded,ai_seeded,E3,E3,e3plus_same_source_candidate,"Same-source coincidence supports a bounded actor-place-issue evidence triple; it does not by itself establish causality, duration, alliance, or substantive policy effect."
SPI0218,A059,島ぐるみ会議,AP098,P002,Henoko,AI144,I003,Henoko,F1,基地／反军事,S029,2015,島ぐるみ会議 辺野古新基地反対で連帯,,,,ai_seeded,ai_seeded,E3,E3,e3plus_same_source_candidate,"Same-source coincidence supports a bounded actor-place-issue evidence triple; it does not by itself establish causality, duration, alliance, or substantive policy effect."
SPI0219,A059,島ぐるみ会議,AP098,P002,Henoko,AI145,I009,local_autonomy,F4,自治／公投,S029,2015,島ぐるみ会議 辺野古新基地反対で連帯,,,,ai_seeded,ai_seeded,E3,E3,e3plus_same_source_candidate,"Same-source coincidence supports a bounded actor-place-issue evidence triple; it does not by itself establish causality, duration, alliance, or substantive policy effect."
SPI0220,A060,高江のヘリパッドいらない住民の会,AP099,P016,Takae,AI146,I001,anti_base,F1,基地／反军事,S028,2016,高江ヘリパッド建設 住民らが抗議,,,,ai_seeded,ai_seeded,E3,E3,e3plus_same_source_candidate,"Same-source coincidence supports a bounded actor-place-issue evidence triple; it does not by itself establish causality, duration, alliance, or substantive policy effect."
SPI0221,A060,高江のヘリパッドいらない住民の会,AP099,P016,Takae,AI147,I005,biodiversity,F2,生态／环境,S028,2016,高江ヘリパッド建設 住民らが抗議,,,,ai_seeded,ai_seeded,E3,E3,e3plus_same_source_candidate,"Same-source coincidence supports a bounded actor-place-issue evidence triple; it does not by itself establish causality, duration, alliance, or substantive policy effect."
SPI0222,A060,高江のヘリパッドいらない住民の会,AP100,P001,Okinawa Prefecture,AI146,I001,anti_base,F1,基地／反军事,S028,2016,高江ヘリパッド建設 住民らが抗議,,,,ai_seeded,ai_seeded,E3,E3,e3plus_same_source_candidate,"Same-source coincidence supports a bounded actor-place-issue evidence triple; it does not by itself establish causality, duration, alliance, or substantive policy effect."
SPI0223,A060,高江のヘリパッドいらない住民の会,AP100,P001,Okinawa Prefecture,AI147,I005,biodiversity,F2,生态／环境,S028,2016,高江ヘリパッド建設 住民らが抗議,,,,ai_seeded,ai_seeded,E3,E3,e3plus_same_source_candidate,"Same-source coincidence supports a bounded actor-place-issue evidence triple; it does not by itself establish causality, duration, alliance, or substantive policy effect."
SPI0224,A061,日本野鳥の会,AP101,P001,Okinawa Prefecture,AI148,I005,biodiversity,F2,生态／环境,S003,2010,67団体がジュゴンの生息地辺野古への基地建設反対に共同声明,EV2010_WWF_67,WWF Japan 67-group Henoko / dugong statement,2010,ai_seeded,ai_seeded,E4,E4,e3plus_same_source_candidate,"Same-source coincidence supports a bounded actor-place-issue evidence triple; it does not by itself establish causality, duration, alliance, or substantive policy effect."
SPI0225,A061,日本野鳥の会,AP101,P001,Okinawa Prefecture,AI148,I005,biodiversity,F2,生态／环境,S004,2015,辺野古の海を守れ NGO 31団体が緊急共同声明,EV2015_NACSJ_31,NACSJ / Peace Boat 31-NGO emergency Henoko statement,2015,ai_seeded,ai_seeded,E4,E4,e3plus_same_source_candidate,"Same-source coincidence supports a bounded actor-place-issue evidence triple; it does not by itself establish causality, duration, alliance, or substantive policy effect."
SPI0226,A061,日本野鳥の会,AP102,P002,Henoko,AI148,I005,biodiversity,F2,生态／环境,S003,2010,67団体がジュゴンの生息地辺野古への基地建設反対に共同声明,EV2010_WWF_67,WWF Japan 67-group Henoko / dugong statement,2010,ai_seeded,ai_seeded,E4,E4,e3plus_same_source_candidate,"Same-source coincidence supports a bounded actor-place-issue evidence triple; it does not by itself establish causality, duration, alliance, or substantive policy effect."
SPI0227,A061,日本野鳥の会,AP102,P002,Henoko,AI148,I005,biodiversity,F2,生态／环境,S004,2015,辺野古の海を守れ NGO 31団体が緊急共同声明,EV2015_NACSJ_31,NACSJ / Peace Boat 31-NGO emergency Henoko statement,2015,ai_seeded,ai_seeded,E4,E4,e3plus_same_source_candidate,"Same-source coincidence supports a bounded actor-place-issue evidence triple; it does not by itself establish causality, duration, alliance, or substantive policy effect."
SPI0228,A062,日本湿地ネットワーク（JAWAN）,AP103,P002,Henoko,AI149,I005,biodiversity,F2,生态／环境,S003,2010,67団体がジュゴンの生息地辺野古への基地建設反対に共同声明,EV2010_WWF_67,WWF Japan 67-group Henoko / dugong statement,2010,ai_seeded,ai_seeded,E4,E4,e3plus_same_source_candidate,"Same-source coincidence supports a bounded actor-place-issue evidence triple; it does not by itself establish causality, duration, alliance, or substantive policy effect."
SPI0229,A063,一坪反戦地主会関東ブロック,AP104,P001,Okinawa Prefecture,AI150,I001,anti_base,F1,基地／反军事,S038,1996,一坪反戦地主会 軍用地契約拒否運動,,,,ai_seeded,ai_seeded,E3,E3,e3plus_same_source_candidate,"Same-source coincidence supports a bounded actor-place-issue evidence triple; it does not by itself establish causality, duration, alliance, or substantive policy effect."
SPI0230,A064,外国軍事基地撤去国際ネットワーク（No Bases Network）,AP105,P001,Okinawa Prefecture,AI152,I001,anti_base,F1,基地／反军事,S033,2006,Tanji Miyume: Myth Protest and Struggle in Okinawa,,,,needs_second_source,needs_second_source,E3,E3,e3plus_same_source_candidate,"Same-source coincidence supports a bounded actor-place-issue evidence triple; it does not by itself establish causality, duration, alliance, or substantive policy effect."
SPI0231,A064,外国軍事基地撤去国際ネットワーク（No Bases Network）,AP105,P001,Okinawa Prefecture,AI153,I012,international_advocacy,F6,国际路径,S033,2006,Tanji Miyume: Myth Protest and Struggle in Okinawa,,,,needs_second_source,needs_second_source,E3,E3,e3plus_same_source_candidate,"Same-source coincidence supports a bounded actor-place-issue evidence triple; it does not by itself establish causality, duration, alliance, or substantive policy effect."
SPI0232,A065,南西諸島ピースネット,AP106,P012,Ishigaki,AI154,I002,anti_military,F1,基地／反军事,S036,2015,南西諸島ピースネット 結成,,,,needs_second_source,needs_second_source,E3,E3,e3plus_same_source_candidate,"Same-source coincidence supports a bounded actor-place-issue evidence triple; it does not by itself establish causality, duration, alliance, or substantive policy effect."
SPI0233,A065,南西諸島ピースネット,AP106,P012,Ishigaki,AI155,I017,frontline_prevention,F7,前线／台海,S036,2015,南西諸島ピースネット 結成,,,,needs_second_source,needs_second_source,E3,E3,e3plus_same_source_candidate,"Same-source coincidence supports a bounded actor-place-issue evidence triple; it does not by itself establish causality, duration, alliance, or substantive policy effect."
SPI0234,A065,南西諸島ピースネット,AP106,P012,Ishigaki,AI156,I018,Taiwan_contingency,F7,前线／台海,S036,2015,南西諸島ピースネット 結成,,,,needs_second_source,needs_second_source,E3,E3,e3plus_same_source_candidate,"Same-source coincidence supports a bounded actor-place-issue evidence triple; it does not by itself establish causality, duration, alliance, or substantive policy effect."
SPI0235,A065,南西諸島ピースネット,AP107,P013,Miyako,AI154,I002,anti_military,F1,基地／反军事,S036,2015,南西諸島ピースネット 結成,,,,needs_second_source,needs_second_source,E3,E3,e3plus_same_source_candidate,"Same-source coincidence supports a bounded actor-place-issue evidence triple; it does not by itself establish causality, duration, alliance, or substantive policy effect."
SPI0236,A065,南西諸島ピースネット,AP107,P013,Miyako,AI155,I017,frontline_prevention,F7,前线／台海,S036,2015,南西諸島ピースネット 結成,,,,needs_second_source,needs_second_source,E3,E3,e3plus_same_source_candidate,"Same-source coincidence supports a bounded actor-place-issue evidence triple; it does not by itself establish causality, duration, alliance, or substantive policy effect."
SPI0237,A065,南西諸島ピースネット,AP107,P013,Miyako,AI156,I018,Taiwan_contingency,F7,前线／台海,S036,2015,南西諸島ピースネット 結成,,,,needs_second_source,needs_second_source,E3,E3,e3plus_same_source_candidate,"Same-source coincidence supports a bounded actor-place-issue evidence triple; it does not by itself establish causality, duration, alliance, or substantive policy effect."
SPI0238,A065,南西諸島ピースネット,AP108,P011,Yonaguni,AI154,I002,anti_military,F1,基地／反军事,S036,2015,南西諸島ピースネット 結成,,,,needs_second_source,needs_second_source,E3,E3,e3plus_same_source_candidate,"Same-source coincidence supports a bounded actor-place-issue evidence triple; it does not by itself establish causality, duration, alliance, or substantive policy effect."
SPI0239,A065,南西諸島ピースネット,AP108,P011,Yonaguni,AI155,I017,frontline_prevention,F7,前线／台海,S036,2015,南西諸島ピースネット 結成,,,,needs_second_source,needs_second_source,E3,E3,e3plus_same_source_candidate,"Same-source coincidence supports a bounded actor-place-issue evidence triple; it does not by itself establish causality, duration, alliance, or substantive policy effect."
SPI0240,A065,南西諸島ピースネット,AP108,P011,Yonaguni,AI156,I018,Taiwan_contingency,F7,前线／台海,S036,2015,南西諸島ピースネット 結成,,,,needs_second_source,needs_second_source,E3,E3,e3plus_same_source_candidate,"Same-source coincidence supports a bounded actor-place-issue evidence triple; it does not by itself establish causality, duration, alliance, or substantive policy effect."
SPI0241,A066,新外交イニシアティブ（ND）,AP109,P001,Okinawa Prefecture,AI157,I011,legal,F5,法律／程序,S032,2026,新外交イニシアティブ（ND）公式サイト,,,,ai_seeded,ai_seeded,E4,E4,e3plus_same_source_candidate,"Same-source coincidence supports a bounded actor-place-issue evidence triple; it does not by itself establish causality, duration, alliance, or substantive policy effect."
SPI0242,A066,新外交イニシアティブ（ND）,AP109,P001,Okinawa Prefecture,AI158,I009,local_autonomy,F4,自治／公投,S032,2026,新外交イニシアティブ（ND）公式サイト,,,,ai_seeded,ai_seeded,E4,E4,e3plus_same_source_candidate,"Same-source coincidence supports a bounded actor-place-issue evidence triple; it does not by itself establish causality, duration, alliance, or substantive policy effect."
SPI0243,A066,新外交イニシアティブ（ND）,AP109,P001,Okinawa Prefecture,AI159,I001,anti_base,F1,基地／反军事,S032,2026,新外交イニシアティブ（ND）公式サイト,,,,ai_seeded,ai_seeded,E4,E4,e3plus_same_source_candidate,"Same-source coincidence supports a bounded actor-place-issue evidence triple; it does not by itself establish causality, duration, alliance, or substantive policy effect."
SPI0244,A066,新外交イニシアティブ（ND）,AP110,P020,Naha,AI157,I011,legal,F5,法律／程序,S032,2026,新外交イニシアティブ（ND）公式サイト,,,,ai_seeded,ai_seeded,E3,E4,e3plus_same_source_candidate,"Same-source coincidence supports a bounded actor-place-issue evidence triple; it does not by itself establish causality, duration, alliance, or substantive policy effect."
SPI0245,A066,新外交イニシアティブ（ND）,AP110,P020,Naha,AI158,I009,local_autonomy,F4,自治／公投,S032,2026,新外交イニシアティブ（ND）公式サイト,,,,ai_seeded,ai_seeded,E3,E4,e3plus_same_source_candidate,"Same-source coincidence supports a bounded actor-place-issue evidence triple; it does not by itself establish causality, duration, alliance, or substantive policy effect."
SPI0246,A066,新外交イニシアティブ（ND）,AP110,P020,Naha,AI159,I001,anti_base,F1,基地／反军事,S032,2026,新外交イニシアティブ（ND）公式サイト,,,,ai_seeded,ai_seeded,E3,E4,e3plus_same_source_candidate,"Same-source coincidence supports a bounded actor-place-issue evidence triple; it does not by itself establish causality, duration, alliance, or substantive policy effect."
SPI0247,A067,辺野古土砂搬入反対全国協議会（辺野古土砂全協）,AP111,P002,Henoko,AI160,I001,anti_base,F1,基地／反军事,S040,2015,辺野古土砂搬入反対全国連絡協議会 結成,,,,ai_seeded,ai_seeded,E3,E3,e3plus_same_source_candidate,"Same-source coincidence supports a bounded actor-place-issue evidence triple; it does not by itself establish causality, duration, alliance, or substantive policy effect."
SPI0248,A067,辺野古土砂搬入反対全国協議会（辺野古土砂全協）,AP111,P002,Henoko,AI161,I003,Henoko,F1,基地／反军事,S040,2015,辺野古土砂搬入反対全国連絡協議会 結成,,,,ai_seeded,ai_seeded,E3,E3,e3plus_same_source_candidate,"Same-source coincidence supports a bounded actor-place-issue evidence triple; it does not by itself establish causality, duration, alliance, or substantive policy effect."
SPI0249,A067,辺野古土砂搬入反対全国協議会（辺野古土砂全協）,AP111,P002,Henoko,AI162,I005,biodiversity,F2,生态／环境,S040,2015,辺野古土砂搬入反対全国連絡協議会 結成,,,,ai_seeded,ai_seeded,E3,E3,e3plus_same_source_candidate,"Same-source coincidence supports a bounded actor-place-issue evidence triple; it does not by itself establish causality, duration, alliance, or substantive policy effect."
SPI0250,A068,名護市民投票の会,AP112,P017,Nago,AI163,I010,referendum,F4,自治／公投,S042,1997,名護市民投票 基地建設反対が多数,EV1997_NAGO_REFERENDUM,1997 Nago city referendum,1997,ai_seeded,ai_seeded,E3,E3,e3plus_same_source_candidate,"Same-source coincidence supports a bounded actor-place-issue evidence triple; it does not by itself establish causality, duration, alliance, or substantive policy effect."
SPI0251,A068,名護市民投票の会,AP112,P017,Nago,AI164,I001,anti_base,F1,基地／反军事,S042,1997,名護市民投票 基地建設反対が多数,EV1997_NAGO_REFERENDUM,1997 Nago city referendum,1997,ai_seeded,ai_seeded,E3,E3,e3plus_same_source_candidate,"Same-source coincidence supports a bounded actor-place-issue evidence triple; it does not by itself establish causality, duration, alliance, or substantive policy effect."
SPI0252,A068,名護市民投票の会,AP112,P017,Nago,AI165,I003,Henoko,F1,基地／反军事,S042,1997,名護市民投票 基地建設反対が多数,EV1997_NAGO_REFERENDUM,1997 Nago city referendum,1997,ai_seeded,ai_seeded,E3,E3,e3plus_same_source_candidate,"Same-source coincidence supports a bounded actor-place-issue evidence triple; it does not by itself establish causality, duration, alliance, or substantive policy effect."
SPI0253,A068,名護市民投票の会,AP113,P002,Henoko,AI163,I010,referendum,F4,自治／公投,S042,1997,名護市民投票 基地建設反対が多数,EV1997_NAGO_REFERENDUM,1997 Nago city referendum,1997,ai_seeded,ai_seeded,E3,E3,e3plus_same_source_candidate,"Same-source coincidence supports a bounded actor-place-issue evidence triple; it does not by itself establish causality, duration, alliance, or substantive policy effect."
SPI0254,A068,名護市民投票の会,AP113,P002,Henoko,AI164,I001,anti_base,F1,基地／反军事,S042,1997,名護市民投票 基地建設反対が多数,EV1997_NAGO_REFERENDUM,1997 Nago city referendum,1997,ai_seeded,ai_seeded,E3,E3,e3plus_same_source_candidate,"Same-source coincidence supports a bounded actor-place-issue evidence triple; it does not by itself establish causality, duration, alliance, or substantive policy effect."
SPI0255,A068,名護市民投票の会,AP113,P002,Henoko,AI165,I003,Henoko,F1,基地／反军事,S042,1997,名護市民投票 基地建設反対が多数,EV1997_NAGO_REFERENDUM,1997 Nago city referendum,1997,ai_seeded,ai_seeded,E3,E3,e3plus_same_source_candidate,"Same-source coincidence supports a bounded actor-place-issue evidence triple; it does not by itself establish causality, duration, alliance, or substantive policy effect."
SPI0256,A069,沖縄ジュゴン環境アセスメント監視団,AP114,P002,Henoko,AI166,I004,dugong,F2,生态／环境,S047,2012,沖縄防衛局 辺野古新基地建設事業 環境影響評価書,,,,needs_second_source,needs_second_source,E3,E3,e3plus_same_source_candidate,"Same-source coincidence supports a bounded actor-place-issue evidence triple; it does not by itself establish causality, duration, alliance, or substantive policy effect."
SPI0257,A069,沖縄ジュゴン環境アセスメント監視団,AP114,P002,Henoko,AI167,I005,biodiversity,F2,生态／环境,S047,2012,沖縄防衛局 辺野古新基地建設事業 環境影響評価書,,,,needs_second_source,needs_second_source,E3,E3,e3plus_same_source_candidate,"Same-source coincidence supports a bounded actor-place-issue evidence triple; it does not by itself establish causality, duration, alliance, or substantive policy effect."
SPI0258,A069,沖縄ジュゴン環境アセスメント監視団,AP114,P002,Henoko,AI168,I003,Henoko,F1,基地／反军事,S047,2012,沖縄防衛局 辺野古新基地建設事業 環境影響評価書,,,,needs_second_source,needs_second_source,E3,E3,e3plus_same_source_candidate,"Same-source coincidence supports a bounded actor-place-issue evidence triple; it does not by itself establish causality, duration, alliance, or substantive policy effect."
SPI0259,A069,沖縄ジュゴン環境アセスメント監視団,AP115,P003,Oura Bay,AI166,I004,dugong,F2,生态／环境,S047,2012,沖縄防衛局 辺野古新基地建設事業 環境影響評価書,,,,needs_second_source,needs_second_source,E3,E3,e3plus_same_source_candidate,"Same-source coincidence supports a bounded actor-place-issue evidence triple; it does not by itself establish causality, duration, alliance, or substantive policy effect."
SPI0260,A069,沖縄ジュゴン環境アセスメント監視団,AP115,P003,Oura Bay,AI167,I005,biodiversity,F2,生态／环境,S047,2012,沖縄防衛局 辺野古新基地建設事業 環境影響評価書,,,,needs_second_source,needs_second_source,E3,E3,e3plus_same_source_candidate,"Same-source coincidence supports a bounded actor-place-issue evidence triple; it does not by itself establish causality, duration, alliance, or substantive policy effect."
SPI0261,A069,沖縄ジュゴン環境アセスメント監視団,AP115,P003,Oura Bay,AI168,I003,Henoko,F1,基地／反军事,S047,2012,沖縄防衛局 辺野古新基地建設事業 環境影響評価書,,,,needs_second_source,needs_second_source,E3,E3,e3plus_same_source_candidate,"Same-source coincidence supports a bounded actor-place-issue evidence triple; it does not by itself establish causality, duration, alliance, or substantive policy effect."
SPI0262,A070,Veterans for Peace Okinawa,AP116,P001,Okinawa Prefecture,AI170,I001,anti_base,F1,基地／反军事,S048,2024,Veterans for Peace Ryukyu/Okinawa Chapter Kokusai,,,,needs_second_source,needs_second_source,E3,E3,e3plus_same_source_candidate,"Same-source coincidence supports a bounded actor-place-issue evidence triple; it does not by itself establish causality, duration, alliance, or substantive policy effect."
SPI0263,A070,Veterans for Peace Okinawa,AP116,P001,Okinawa Prefecture,AI171,I012,international_advocacy,F6,国际路径,S048,2024,Veterans for Peace Ryukyu/Okinawa Chapter Kokusai,,,,needs_second_source,needs_second_source,E3,E3,e3plus_same_source_candidate,"Same-source coincidence supports a bounded actor-place-issue evidence triple; it does not by itself establish causality, duration, alliance, or substantive policy effect."
SPI0264,A071,沖縄平和市民連絡会,AP117,P001,Okinawa Prefecture,AI173,I001,anti_base,F1,基地／反军事,S031,2026,沖縄平和運動センター 公式,,,,needs_second_source,needs_second_source,E3,E3,e3plus_same_source_candidate,"Same-source coincidence supports a bounded actor-place-issue evidence triple; it does not by itself establish causality, duration, alliance, or substantive policy effect."
SPI0265,A072,沖縄から基地をなくし世界の平和を求める市民連絡会,AP118,P001,Okinawa Prefecture,AI174,I001,anti_base,F1,基地／反军事,S031,2026,沖縄平和運動センター 公式,,,,needs_second_source,needs_second_source,E3,E3,e3plus_same_source_candidate,"Same-source coincidence supports a bounded actor-place-issue evidence triple; it does not by itself establish causality, duration, alliance, or substantive policy effect."
SPI0266,A074,沖縄県知事公室基地対策課,AP119,P001,Okinawa Prefecture,AI176,I009,local_autonomy,F4,自治／公投,S043,2024,沖縄県 米軍基地の概要,,,,ai_seeded,ai_seeded,E4,E4,e3plus_same_source_candidate,"Same-source coincidence supports a bounded actor-place-issue evidence triple; it does not by itself establish causality, duration, alliance, or substantive policy effect."
SPI0267,A074,沖縄県知事公室基地対策課,AP119,P001,Okinawa Prefecture,AI177,I001,anti_base,F1,基地／反军事,S043,2024,沖縄県 米軍基地の概要,,,,ai_seeded,ai_seeded,E4,E4,e3plus_same_source_candidate,"Same-source coincidence supports a bounded actor-place-issue evidence triple; it does not by itself establish causality, duration, alliance, or substantive policy effect."
SPI0268,A074,沖縄県知事公室基地対策課,AP120,P020,Naha,AI176,I009,local_autonomy,F4,自治／公投,S043,2024,沖縄県 米軍基地の概要,,,,ai_seeded,ai_seeded,E4,E4,e3plus_same_source_candidate,"Same-source coincidence supports a bounded actor-place-issue evidence triple; it does not by itself establish causality, duration, alliance, or substantive policy effect."
SPI0269,A074,沖縄県知事公室基地対策課,AP120,P020,Naha,AI177,I001,anti_base,F1,基地／反军事,S043,2024,沖縄県 米軍基地の概要,,,,ai_seeded,ai_seeded,E4,E4,e3plus_same_source_candidate,"Same-source coincidence supports a bounded actor-place-issue evidence triple; it does not by itself establish causality, duration, alliance, or substantive policy effect."
SPI0270,A075,沖縄防衛局,AP121,P001,Okinawa Prefecture,AI178,I001,anti_base,F1,基地／反军事,S047,2012,沖縄防衛局 辺野古新基地建設事業 環境影響評価書,,,,ai_seeded,ai_seeded,E4,E4,e3plus_same_source_candidate,"Same-source coincidence supports a bounded actor-place-issue evidence triple; it does not by itself establish causality, duration, alliance, or substantive policy effect."
SPI0271,A075,沖縄防衛局,AP122,P002,Henoko,AI178,I001,anti_base,F1,基地／反军事,S047,2012,沖縄防衛局 辺野古新基地建設事業 環境影響評価書,,,,ai_seeded,ai_seeded,E4,E4,e3plus_same_source_candidate,"Same-source coincidence supports a bounded actor-place-issue evidence triple; it does not by itself establish causality, duration, alliance, or substantive policy effect."
SPI0272,X016,Marine Officers' Spouses' Club Okinawa (MOSCO / MOSC),AP123,P006,Camp Foster,AI179,I014,military_family_service,F3,生命／健康,S079,2026,MOSCO official site,,,,human_checked,human_checked,E4,E4,human_reviewed_same_source,"Same-source coincidence supports a bounded actor-place-issue evidence triple; it does not by itself establish causality, duration, alliance, or substantive policy effect."
SPI0273,X016,Marine Officers' Spouses' Club Okinawa (MOSCO / MOSC),AP123,P006,Camp Foster,AI179,I014,military_family_service,F3,生命／健康,S080,2026,Marine Officers Spouses Club Okinawa ProPublica Nonprofit Explorer,,,,human_checked,human_checked,E4,E4,human_reviewed_same_source,"Same-source coincidence supports a bounded actor-place-issue evidence triple; it does not by itself establish causality, duration, alliance, or substantive policy effect."
SPI0274,X017,Army Community Group of Okinawa (ACGO),AP124,P001,Okinawa Prefecture,AI180,I014,military_family_service,F3,生命／健康,S041,2024,AWWA / OESC / NOSCO official sites and DVIDS reports,,,,needs_second_source,needs_second_source,E3,E3,e3plus_same_source_candidate,"Same-source coincidence supports a bounded actor-place-issue evidence triple; it does not by itself establish causality, duration, alliance, or substantive policy effect."
SPI0275,X017,Army Community Group of Okinawa (ACGO),AP124,P001,Okinawa Prefecture,AI180,I014,military_family_service,F3,生命／健康,S072,2012,DVIDS American Women's Welfare Association celebrates 40 years,,,,needs_second_source,needs_second_source,E3,E3,e3plus_same_source_candidate,"Same-source coincidence supports a bounded actor-place-issue evidence triple; it does not by itself establish causality, duration, alliance, or substantive policy effect."
SPI0276,X017,Army Community Group of Okinawa (ACGO),AP124,P001,Okinawa Prefecture,AI180,I014,military_family_service,F3,生命／健康,S081,2009,Army on Okinawa Gift Shop Okinawa Hai,,,,needs_second_source,needs_second_source,E3,E3,e3plus_same_source_candidate,"Same-source coincidence supports a bounded actor-place-issue evidence triple; it does not by itself establish causality, duration, alliance, or substantive policy effect."
SPI0277,A111,沖縄県女性団体連絡協議会,AP125,P001,Okinawa Prefecture,AI221,I001,anti_base,F1,基地／反军事,S200,2024,沖縄タイムス―女団協、米軍性暴力を受け県民大会開催へ,EV2024_WOMEN_ANTI_VIOLENCE_RALLY,2024 prefectural rally against U.S. military sexual violence,2024,human_checked,human_checked,E4,E4,human_reviewed_same_source,"Same-source coincidence supports a bounded actor-place-issue evidence triple; it does not by itself establish causality, duration, alliance, or substantive policy effect."
SPI0278,A111,沖縄県女性団体連絡協議会,AP125,P001,Okinawa Prefecture,AI221,I001,anti_base,F1,基地／反军事,S201,2024,琉球新報―女団協、米軍性暴力を巡る県民大会を呼び掛け,,,,human_checked,human_checked,E4,E4,human_reviewed_same_source,"Same-source coincidence supports a bounded actor-place-issue evidence triple; it does not by itself establish causality, duration, alliance, or substantive policy effect."
SPI0279,A107,沖縄YWCA,AP126,P001,Okinawa Prefecture,AI216,I001,anti_base,F1,基地／反军事,S144,2022,日本YWCA『沖縄YWCAのご紹介』,,,,human_checked,human_checked,E3,E3,human_reviewed_same_source,"Same-source coincidence supports a bounded actor-place-issue evidence triple; it does not by itself establish causality, duration, alliance, or substantive policy effect."
SPI0280,A107,沖縄YWCA,AP126,P001,Okinawa Prefecture,AI216,I001,anti_base,F1,基地／反军事,S295,2016,【FROM YWCA】基地に囲まれた沖縄－うちなんちゅの想い－,,,,human_checked,human_checked,E3,E3,human_reviewed_same_source,"Same-source coincidence supports a bounded actor-place-issue evidence triple; it does not by itself establish causality, duration, alliance, or substantive policy effect."
SPI0281,A108,沖縄を再び戦場にさせない県民の会,AP127,P001,Okinawa Prefecture,AI204,I017,frontline_prevention,F7,前线／台海,S146,2023,沖縄を再び戦場にさせない県民の会 公式サイト,,,,human_checked,human_checked,E4,E4,human_reviewed_same_source,"Same-source coincidence supports a bounded actor-place-issue evidence triple; it does not by itself establish causality, duration, alliance, or substantive policy effect."
SPI0282,A108,沖縄を再び戦場にさせない県民の会,AP127,P001,Okinawa Prefecture,AI204,I017,frontline_prevention,F7,前线／台海,S147,2023,QAB『沖縄を再び戦場にさせない「県民平和大集会」』,EV2023_PREFECTURAL_PEACE_RALLY,2023 Okinawa prefectural peace mass rally,2023,human_checked,human_checked,E4,E4,human_reviewed_same_source,"Same-source coincidence supports a bounded actor-place-issue evidence triple; it does not by itself establish causality, duration, alliance, or substantive policy effect."
SPI0283,A108,沖縄を再び戦場にさせない県民の会,AP127,P001,Okinawa Prefecture,AI204,I017,frontline_prevention,F7,前线／台海,S148,2023,沖縄を再び戦場にさせない県民の会 发足报道,,,,human_checked,human_checked,E4,E4,human_reviewed_same_source,"Same-source coincidence supports a bounded actor-place-issue evidence triple; it does not by itself establish causality, duration, alliance, or substantive policy effect."
SPI0284,A108,沖縄を再び戦場にさせない県民の会,AP127,P001,Okinawa Prefecture,AI205,I018,Taiwan_contingency,F7,前线／台海,S146,2023,沖縄を再び戦場にさせない県民の会 公式サイト,,,,human_checked,human_checked,E4,E4,human_reviewed_same_source,"Same-source coincidence supports a bounded actor-place-issue evidence triple; it does not by itself establish causality, duration, alliance, or substantive policy effect."
SPI0285,A108,沖縄を再び戦場にさせない県民の会,AP127,P001,Okinawa Prefecture,AI205,I018,Taiwan_contingency,F7,前线／台海,S147,2023,QAB『沖縄を再び戦場にさせない「県民平和大集会」』,EV2023_PREFECTURAL_PEACE_RALLY,2023 Okinawa prefectural peace mass rally,2023,human_checked,human_checked,E4,E4,human_reviewed_same_source,"Same-source coincidence supports a bounded actor-place-issue evidence triple; it does not by itself establish causality, duration, alliance, or substantive policy effect."
SPI0286,A108,沖縄を再び戦場にさせない県民の会,AP127,P001,Okinawa Prefecture,AI205,I018,Taiwan_contingency,F7,前线／台海,S148,2023,沖縄を再び戦場にさせない県民の会 发足报道,,,,human_checked,human_checked,E4,E4,human_reviewed_same_source,"Same-source coincidence supports a bounded actor-place-issue evidence triple; it does not by itself establish causality, duration, alliance, or substantive policy effect."
SPI0287,A108,沖縄を再び戦場にさせない県民の会,AP127,P001,Okinawa Prefecture,AI217,I025,anti_war,F7,前线／台海,S146,2023,沖縄を再び戦場にさせない県民の会 公式サイト,,,,human_checked,human_checked,E4,E4,human_reviewed_same_source,"Same-source coincidence supports a bounded actor-place-issue evidence triple; it does not by itself establish causality, duration, alliance, or substantive policy effect."
SPI0288,A108,沖縄を再び戦場にさせない県民の会,AP127,P001,Okinawa Prefecture,AI217,I025,anti_war,F7,前线／台海,S147,2023,QAB『沖縄を再び戦場にさせない「県民平和大集会」』,EV2023_PREFECTURAL_PEACE_RALLY,2023 Okinawa prefectural peace mass rally,2023,human_checked,human_checked,E4,E4,human_reviewed_same_source,"Same-source coincidence supports a bounded actor-place-issue evidence triple; it does not by itself establish causality, duration, alliance, or substantive policy effect."
SPI0289,A108,沖縄を再び戦場にさせない県民の会,AP127,P001,Okinawa Prefecture,AI217,I025,anti_war,F7,前线／台海,S148,2023,沖縄を再び戦場にさせない県民の会 发足报道,,,,human_checked,human_checked,E4,E4,human_reviewed_same_source,"Same-source coincidence supports a bounded actor-place-issue evidence triple; it does not by itself establish causality, duration, alliance, or substantive policy effect."
SPI0290,A109,第4次嘉手納基地爆音差止訴訟弁護団,AP128,P005,Kadena,AI207,I021,noise,F3,生命／健康,S149,2022,嘉手納爆音、第4次訴訟を提起―原告3万5566人,,,,human_checked,human_checked,E4,E4,human_reviewed_same_source,"Same-source coincidence supports a bounded actor-place-issue evidence triple; it does not by itself establish causality, duration, alliance, or substantive policy effect."
SPI0291,A109,第4次嘉手納基地爆音差止訴訟弁護団,AP128,P005,Kadena,AI207,I021,noise,F3,生命／健康,S152,2022,第4次嘉手納基地爆音差止訴訟 提訴说明,,,,human_checked,human_checked,E4,E4,human_reviewed_same_source,"Same-source coincidence supports a bounded actor-place-issue evidence triple; it does not by itself establish causality, duration, alliance, or substantive policy effect."
SPI0292,A109,第4次嘉手納基地爆音差止訴訟弁護団,AP128,P005,Kadena,AI208,I007,life_safety,F3,生命／健康,S149,2022,嘉手納爆音、第4次訴訟を提起―原告3万5566人,,,,human_checked,human_checked,E4,E4,human_reviewed_same_source,"Same-source coincidence supports a bounded actor-place-issue evidence triple; it does not by itself establish causality, duration, alliance, or substantive policy effect."
SPI0293,A109,第4次嘉手納基地爆音差止訴訟弁護団,AP128,P005,Kadena,AI208,I007,life_safety,F3,生命／健康,S152,2022,第4次嘉手納基地爆音差止訴訟 提訴说明,,,,human_checked,human_checked,E4,E4,human_reviewed_same_source,"Same-source coincidence supports a bounded actor-place-issue evidence triple; it does not by itself establish causality, duration, alliance, or substantive policy effect."
SPI0294,A109,第4次嘉手納基地爆音差止訴訟弁護団,AP128,P005,Kadena,AI209,I011,legal,F5,法律／程序,S149,2022,嘉手納爆音、第4次訴訟を提起―原告3万5566人,,,,human_checked,human_checked,E4,E4,human_reviewed_same_source,"Same-source coincidence supports a bounded actor-place-issue evidence triple; it does not by itself establish causality, duration, alliance, or substantive policy effect."
SPI0295,A109,第4次嘉手納基地爆音差止訴訟弁護団,AP128,P005,Kadena,AI209,I011,legal,F5,法律／程序,S152,2022,第4次嘉手納基地爆音差止訴訟 提訴说明,,,,human_checked,human_checked,E4,E4,human_reviewed_same_source,"Same-source coincidence supports a bounded actor-place-issue evidence triple; it does not by itself establish causality, duration, alliance, or substantive policy effect."
SPI0296,A109,第4次嘉手納基地爆音差止訴訟弁護団,AP128,P005,Kadena,AI210,I001,anti_base,F1,基地／反军事,S149,2022,嘉手納爆音、第4次訴訟を提起―原告3万5566人,,,,human_checked,human_checked,E4,E4,human_reviewed_same_source,"Same-source coincidence supports a bounded actor-place-issue evidence triple; it does not by itself establish causality, duration, alliance, or substantive policy effect."
SPI0297,A109,第4次嘉手納基地爆音差止訴訟弁護団,AP128,P005,Kadena,AI210,I001,anti_base,F1,基地／反军事,S152,2022,第4次嘉手納基地爆音差止訴訟 提訴说明,,,,human_checked,human_checked,E4,E4,human_reviewed_same_source,"Same-source coincidence supports a bounded actor-place-issue evidence triple; it does not by itself establish causality, duration, alliance, or substantive policy effect."
SPI0298,A110,辺野古に基地を絶対つくらせない大阪行動,AP129,P002,Henoko,AI211,I003,Henoko,F1,基地／反军事,S153,2026,辺野古に基地を絶対つくらせない大阪行動 公式博客,,,,human_checked,human_checked,E3,E3,human_reviewed_same_source,"Same-source coincidence supports a bounded actor-place-issue evidence triple; it does not by itself establish causality, duration, alliance, or substantive policy effect."
SPI0299,A110,辺野古に基地を絶対つくらせない大阪行動,AP129,P002,Henoko,AI211,I003,Henoko,F1,基地／反军事,S154,2014,IWJ 大阪・辺野古声援行动记录,,,,human_checked,human_checked,E3,E3,human_reviewed_same_source,"Same-source coincidence supports a bounded actor-place-issue evidence triple; it does not by itself establish causality, duration, alliance, or substantive policy effect."
SPI0300,A110,辺野古に基地を絶対つくらせない大阪行動,AP129,P002,Henoko,AI212,I001,anti_base,F1,基地／反军事,S153,2026,辺野古に基地を絶対つくらせない大阪行動 公式博客,,,,human_checked,human_checked,E3,E3,human_reviewed_same_source,"Same-source coincidence supports a bounded actor-place-issue evidence triple; it does not by itself establish causality, duration, alliance, or substantive policy effect."
SPI0301,A110,辺野古に基地を絶対つくらせない大阪行動,AP129,P002,Henoko,AI212,I001,anti_base,F1,基地／反军事,S154,2014,IWJ 大阪・辺野古声援行动记录,,,,human_checked,human_checked,E3,E3,human_reviewed_same_source,"Same-source coincidence supports a bounded actor-place-issue evidence triple; it does not by itself establish causality, duration, alliance, or substantive policy effect."
SPI0302,A112,宮古島地下水研究会,AP130,P013,Miyako,AI223,I006,groundwater,F2,生态／环境,S271,2023,宮古島地下水研究会の見解に対する回答書,,,,ai_seeded,ai_seeded,E4,E4,e3plus_same_source_candidate,"Same-source coincidence supports a bounded actor-place-issue evidence triple; it does not by itself establish causality, duration, alliance, or substantive policy effect."
SPI0303,A112,宮古島地下水研究会,AP130,P013,Miyako,AI225,I007,life_safety,F3,生命／健康,S271,2023,宮古島地下水研究会の見解に対する回答書,,,,ai_seeded,ai_seeded,E4,E4,e3plus_same_source_candidate,"Same-source coincidence supports a bounded actor-place-issue evidence triple; it does not by itself establish causality, duration, alliance, or substantive policy effect."
SPI0304,A112,宮古島地下水研究会,AP130,P013,Miyako,AI226,I020,environment,F2,生态／环境,S158,2026,宮古島地下水研究会 団体概要,,,,ai_seeded,ai_seeded,E4,E4,e3plus_same_source_candidate,"Same-source coincidence supports a bounded actor-place-issue evidence triple; it does not by itself establish causality, duration, alliance, or substantive policy effect."
SPI0305,A112,宮古島地下水研究会,AP130,P013,Miyako,AI226,I020,environment,F2,生态／环境,S204,2026,宮古島地下水研究会 公式サイト,,,,ai_seeded,ai_seeded,E4,E4,e3plus_same_source_candidate,"Same-source coincidence supports a bounded actor-place-issue evidence triple; it does not by itself establish causality, duration, alliance, or substantive policy effect."
SPI0306,A113,宜野湾ちゅら水会,AP131,P018,Ginowan,AI227,I006,groundwater,F2,生态／环境,S273,2023,宜野湾市議会 福祉教育常任委員会審査記録（請願第1号）,,,,ai_seeded,ai_seeded,E4,E4,e3plus_same_source_candidate,"Same-source coincidence supports a bounded actor-place-issue evidence triple; it does not by itself establish causality, duration, alliance, or substantive policy effect."
SPI0307,A113,宜野湾ちゅら水会,AP131,P018,Ginowan,AI227,I006,groundwater,F2,生态／环境,S274,2022,有機フッ素化合物PFOS及びPFOA汚染の対策を求める意見書,,,,ai_seeded,ai_seeded,E4,E4,e3plus_same_source_candidate,"Same-source coincidence supports a bounded actor-place-issue evidence triple; it does not by itself establish causality, duration, alliance, or substantive policy effect."
SPI0308,A113,宜野湾ちゅら水会,AP131,P018,Ginowan,AI227,I006,groundwater,F2,生态／环境,S276,2021,米軍PFAS汚染で血液検査を要請 宜野湾ちゅら水会,,,,ai_seeded,ai_seeded,E4,E4,e3plus_same_source_candidate,"Same-source coincidence supports a bounded actor-place-issue evidence triple; it does not by itself establish causality, duration, alliance, or substantive policy effect."
SPI0309,A113,宜野湾ちゅら水会,AP131,P018,Ginowan,AI227,I006,groundwater,F2,生态／环境,S277,2023,PFAS汚染 米軍との意見交換に市民の参加を,,,,ai_seeded,ai_seeded,E4,E4,e3plus_same_source_candidate,"Same-source coincidence supports a bounded actor-place-issue evidence triple; it does not by itself establish causality, duration, alliance, or substantive policy effect."
SPI0310,A113,宜野湾ちゅら水会,AP131,P018,Ginowan,AI228,I008,health_risk,F3,生命／健康,S273,2023,宜野湾市議会 福祉教育常任委員会審査記録（請願第1号）,,,,ai_seeded,ai_seeded,E4,E4,e3plus_same_source_candidate,"Same-source coincidence supports a bounded actor-place-issue evidence triple; it does not by itself establish causality, duration, alliance, or substantive policy effect."
SPI0311,A113,宜野湾ちゅら水会,AP131,P018,Ginowan,AI228,I008,health_risk,F3,生命／健康,S276,2021,米軍PFAS汚染で血液検査を要請 宜野湾ちゅら水会,,,,ai_seeded,ai_seeded,E4,E4,e3plus_same_source_candidate,"Same-source coincidence supports a bounded actor-place-issue evidence triple; it does not by itself establish causality, duration, alliance, or substantive policy effect."
SPI0312,A113,宜野湾ちゅら水会,AP131,P018,Ginowan,AI229,I007,life_safety,F3,生命／健康,S274,2022,有機フッ素化合物PFOS及びPFOA汚染の対策を求める意見書,,,,ai_seeded,ai_seeded,E4,E4,e3plus_same_source_candidate,"Same-source coincidence supports a bounded actor-place-issue evidence triple; it does not by itself establish causality, duration, alliance, or substantive policy effect."
SPI0313,A113,宜野湾ちゅら水会,AP131,P018,Ginowan,AI230,I020,environment,F2,生态／环境,S273,2023,宜野湾市議会 福祉教育常任委員会審査記録（請願第1号）,,,,ai_seeded,ai_seeded,E4,E4,e3plus_same_source_candidate,"Same-source coincidence supports a bounded actor-place-issue evidence triple; it does not by itself establish causality, duration, alliance, or substantive policy effect."
SPI0314,A113,宜野湾ちゅら水会,AP131,P018,Ginowan,AI230,I020,environment,F2,生态／环境,S274,2022,有機フッ素化合物PFOS及びPFOA汚染の対策を求める意見書,,,,ai_seeded,ai_seeded,E4,E4,e3plus_same_source_candidate,"Same-source coincidence supports a bounded actor-place-issue evidence triple; it does not by itself establish causality, duration, alliance, or substantive policy effect."
SPI0315,A113,宜野湾ちゅら水会,AP131,P018,Ginowan,AI230,I020,environment,F2,生态／环境,S277,2023,PFAS汚染 米軍との意見交換に市民の参加を,,,,ai_seeded,ai_seeded,E4,E4,e3plus_same_source_candidate,"Same-source coincidence supports a bounded actor-place-issue evidence triple; it does not by itself establish causality, duration, alliance, or substantive policy effect."
SPI0316,A113,宜野湾ちゅら水会,AP131,P018,Ginowan,AI231,I011,legal,F5,法律／程序,S273,2023,宜野湾市議会 福祉教育常任委員会審査記録（請願第1号）,,,,ai_seeded,ai_seeded,E4,E4,e3plus_same_source_candidate,"Same-source coincidence supports a bounded actor-place-issue evidence triple; it does not by itself establish causality, duration, alliance, or substantive policy effect."
SPI0317,A113,宜野湾ちゅら水会,AP131,P018,Ginowan,AI231,I011,legal,F5,法律／程序,S274,2022,有機フッ素化合物PFOS及びPFOA汚染の対策を求める意見書,,,,ai_seeded,ai_seeded,E4,E4,e3plus_same_source_candidate,"Same-source coincidence supports a bounded actor-place-issue evidence triple; it does not by itself establish causality, duration, alliance, or substantive policy effect."
SPI0318,A113,宜野湾ちゅら水会,AP132,P004,Futenma,AI227,I006,groundwater,F2,生态／环境,S274,2022,有機フッ素化合物PFOS及びPFOA汚染の対策を求める意見書,,,,ai_seeded,ai_seeded,E4,E4,e3plus_same_source_candidate,"Same-source coincidence supports a bounded actor-place-issue evidence triple; it does not by itself establish causality, duration, alliance, or substantive policy effect."
SPI0319,A113,宜野湾ちゅら水会,AP132,P004,Futenma,AI227,I006,groundwater,F2,生态／环境,S277,2023,PFAS汚染 米軍との意見交換に市民の参加を,,,,ai_seeded,ai_seeded,E4,E4,e3plus_same_source_candidate,"Same-source coincidence supports a bounded actor-place-issue evidence triple; it does not by itself establish causality, duration, alliance, or substantive policy effect."
SPI0320,A113,宜野湾ちゅら水会,AP132,P004,Futenma,AI229,I007,life_safety,F3,生命／健康,S274,2022,有機フッ素化合物PFOS及びPFOA汚染の対策を求める意見書,,,,ai_seeded,ai_seeded,E4,E4,e3plus_same_source_candidate,"Same-source coincidence supports a bounded actor-place-issue evidence triple; it does not by itself establish causality, duration, alliance, or substantive policy effect."
SPI0321,A113,宜野湾ちゅら水会,AP132,P004,Futenma,AI229,I007,life_safety,F3,生命／健康,S275,2022,学校敷地から化学物質PFOS 沖縄米軍基地に隣接,,,,ai_seeded,ai_seeded,E4,E4,e3plus_same_source_candidate,"Same-source coincidence supports a bounded actor-place-issue evidence triple; it does not by itself establish causality, duration, alliance, or substantive policy effect."
SPI0322,A113,宜野湾ちゅら水会,AP132,P004,Futenma,AI230,I020,environment,F2,生态／环境,S274,2022,有機フッ素化合物PFOS及びPFOA汚染の対策を求める意見書,,,,ai_seeded,ai_seeded,E4,E4,e3plus_same_source_candidate,"Same-source coincidence supports a bounded actor-place-issue evidence triple; it does not by itself establish causality, duration, alliance, or substantive policy effect."
SPI0323,A113,宜野湾ちゅら水会,AP132,P004,Futenma,AI230,I020,environment,F2,生态／环境,S277,2023,PFAS汚染 米軍との意見交換に市民の参加を,,,,ai_seeded,ai_seeded,E4,E4,e3plus_same_source_candidate,"Same-source coincidence supports a bounded actor-place-issue evidence triple; it does not by itself establish causality, duration, alliance, or substantive policy effect."
SPI0324,A113,宜野湾ちゅら水会,AP132,P004,Futenma,AI231,I011,legal,F5,法律／程序,S274,2022,有機フッ素化合物PFOS及びPFOA汚染の対策を求める意見書,,,,ai_seeded,ai_seeded,E4,E4,e3plus_same_source_candidate,"Same-source coincidence supports a bounded actor-place-issue evidence triple; it does not by itself establish causality, duration, alliance, or substantive policy effect."
SPI0325,A114,全日本港湾労働組合沖縄地方本部,AP134,P012,Ishigaki,AI233,I002,anti_military,F1,基地／反军事,S287,2024,米海軍ミサイル駆逐艦ラファエル・ペラルタ寄港反対決議,,,,ai_seeded,ai_seeded,E4,E4,e3plus_same_source_candidate,"Same-source coincidence supports a bounded actor-place-issue evidence triple; it does not by itself establish causality, duration, alliance, or substantive policy effect."
SPI0326,A114,全日本港湾労働組合沖縄地方本部,AP134,P012,Ishigaki,AI233,I002,anti_military,F1,基地／反军事,S288,2024,第213回国会参議院特別委員会 第5号,,,,ai_seeded,ai_seeded,E4,E4,e3plus_same_source_candidate,"Same-source coincidence supports a bounded actor-place-issue evidence triple; it does not by itself establish causality, duration, alliance, or substantive policy effect."
SPI0327,A114,全日本港湾労働組合沖縄地方本部,AP134,P012,Ishigaki,AI235,I007,life_safety,F3,生命／健康,S287,2024,米海軍ミサイル駆逐艦ラファエル・ペラルタ寄港反対決議,,,,ai_seeded,ai_seeded,E4,E4,e3plus_same_source_candidate,"Same-source coincidence supports a bounded actor-place-issue evidence triple; it does not by itself establish causality, duration, alliance, or substantive policy effect."
SPI0328,A114,全日本港湾労働組合沖縄地方本部,AP134,P012,Ishigaki,AI235,I007,life_safety,F3,生命／健康,S288,2024,第213回国会参議院特別委員会 第5号,,,,ai_seeded,ai_seeded,E4,E4,e3plus_same_source_candidate,"Same-source coincidence supports a bounded actor-place-issue evidence triple; it does not by itself establish causality, duration, alliance, or substantive policy effect."
SPI0329,A115,新日本婦人の会沖縄県本部,AP135,P001,Okinawa Prefecture,AI240,I001,anti_base,F1,基地／反军事,S283,2018,沖縄県民投票条例へ 新婦人が署名開始,,,,ai_seeded,ai_seeded,E4,E4,e3plus_same_source_candidate,"Same-source coincidence supports a bounded actor-place-issue evidence triple; it does not by itself establish causality, duration, alliance, or substantive policy effect."
SPI0330,A115,新日本婦人の会沖縄県本部,AP135,P001,Okinawa Prefecture,AI241,I010,referendum,F4,自治／公投,S283,2018,沖縄県民投票条例へ 新婦人が署名開始,,,,ai_seeded,ai_seeded,E4,E4,e3plus_same_source_candidate,"Same-source coincidence supports a bounded actor-place-issue evidence triple; it does not by itself establish causality, duration, alliance, or substantive policy effect."
