actor_id,actor_name,actor_class,analysis_family,origin_type,origin_bucket,legal_status_guess,legal_formality_bucket,actor_evidence_level,actor_review_status,linked_source_count,linked_source_ids,unresolved_reference_count,unresolved_reference_tokens,source_crosswalk_status,registry_source_count,actor_issue_support_source_count,strict_triple_source_count,event_source_count,case_role_source_count,typed_dyadic_source_count,non_issue_linked_source_count,non_strict_triple_linked_source_count,non_event_linked_source_count,non_case_role_linked_source_count,non_typed_dyadic_linked_source_count,non_big3_linked_source_count,source_channel_count,source_channels,source_domain_count,archive_success_count,archive_failure_or_skip_count,archive_success_share,organization_hosted_trace_candidate,own_website_status,official_administrative_trace,external_media_or_academic_trace,legal_procedural_trace,english_title_trace,japanese_title_trace,multilingual_title_trace,language_capacity_status,document_year_min,document_year_max,document_record_span_years,lifecycle_status,lifespan_status,documentation_trace_feature_count_0to7,documentation_trace_stratum,registry_trace_stratum,active_actor_issue_degree,e3plus_actor_issue_degree,reviewed_actor_issue_degree,candidate_actor_issue_degree,active_actor_issue_betweenness,e3plus_actor_issue_betweenness,reviewed_actor_issue_betweenness,candidate_actor_issue_betweenness,active_issue_frame_count,s004_only_actor_issue_edge_count,strict_triple_row_count,strict_unique_place_issue_pair_count,strict_unique_shared_source_count,human_checked_event_degree,human_checked_event_betweenness,accepted_case_degree,accepted_case_betweenness,substantive_case_role_count,reviewed_typed_dyadic_degree,reviewed_typed_dyadic_betweenness,graph_object_boundary,research_status,display_tier,claim_status,review_status,frontend_eligibility,interpretation_limit
A001,Okinawa Environmental Justice Project,international_advocacy_actor,跨国 NGO／国际倡议,mixed_or_network,nonlocal_or_institutional,informal_or_project,informal_unclear_or_program,E4,ai_seeded,3,S006;S007;S008,0,,resolved_s_sources,3,3,3,1,0,0,0,0,2,3,3,2,3,academic_secondary;media;other,3,3,0,1.0,no,not_measured_actor_owner_crosswalk_missing,no,yes,no,yes,yes,yes,not_measured_title_language_is_only_a_trace,2020,2020,0,not_measured,not_measured_record_span_is_not_organizational_lifespan,3,moderate_2to3,moderate_2to3,3,3,0,3,0.01191384,0.01201377,0.0,0.01475595,3,0,18,6,3,1,0.0,0,0.0,0,0,0.0,"actor_issue, event_incidence, typed_dyadic, case_role and strict_triple measures are separate and must not be summed or called one network centrality",research_only,research,candidate,ai_seeded,not_frontend_ready,"Observed documentation and encoded evidence-layer visibility only; no causal documentation effect, social-network influence, activity strength, alliance, staff capacity, language capacity, or organizational lifespan."
A002,ジュゴン保護キャンペーンセンター（Save the Dugong Campaign Center）,international_advocacy_actor,跨国 NGO／国际倡议,japan_domestic,nonlocal_or_institutional,任意団体,informal_unclear_or_program,E4,human_revised,7,S007;S057;S058;S059;S060;S062;S128,0,,resolved_s_sources,4,4,4,1,2,0,3,3,6,5,7,7,3,academic_secondary;legal_procedural;organization_hosted,6,7,0,1.0,yes,not_measured_actor_owner_crosswalk_missing,no,yes,yes,yes,yes,yes,not_measured_title_language_is_only_a_trace,2003,2026,23,not_measured,not_measured_record_span_is_not_organizational_lifespan,6,dense_4plus,dense_4plus,2,2,2,0,0.00153137,0.00158058,0.0080048,0.0,2,0,12,4,4,1,0.0,1,0.0,0,0,0.0,"actor_issue, event_incidence, typed_dyadic, case_role and strict_triple measures are separate and must not be summed or called one network centrality",research_only,research,candidate,ai_seeded,not_frontend_ready,"Observed documentation and encoded evidence-layer visibility only; no causal documentation effect, social-network influence, activity strength, alliance, staff capacity, language capacity, or organizational lifespan."
A003,ジュゴンネットワーク沖縄,local_civic_actor,冲绳本地公民行动,okinawa_local,okinawa_local,unclear,informal_unclear_or_program,E3,needs_second_source,1,S003,0,,resolved_s_sources,1,1,1,1,0,0,0,0,0,1,1,0,1,organization_hosted,1,1,0,1.0,yes,not_measured_actor_owner_crosswalk_missing,no,no,no,no,yes,no,not_measured_title_language_is_only_a_trace,2010,2010,0,not_measured,not_measured_record_span_is_not_organizational_lifespan,1,thin_0to1,thin_0to1,2,2,0,2,0.00093552,0.00096558,0.0,0.00150386,1,0,4,4,1,1,0.0,0,0.0,0,0,0.0,"actor_issue, event_incidence, typed_dyadic, case_role and strict_triple measures are separate and must not be summed or called one network centrality",research_only,research,candidate,ai_seeded,not_frontend_ready,"Observed documentation and encoded evidence-layer visibility only; no causal documentation effect, social-network influence, activity strength, alliance, staff capacity, language capacity, or organizational lifespan."
A004,日本自然保護協会,domestic_japan_ngo,日本国内 NGO／声援,japan_domestic,nonlocal_or_institutional,public_interest_foundation_or_association,formal_or_incorporated_guess,E4,ai_seeded,3,S004;S131;S132,0,,resolved_s_sources,1,1,1,1,2,0,2,2,2,1,3,2,1,organization_hosted,1,3,0,1.0,yes,not_measured_actor_owner_crosswalk_missing,no,no,yes,no,yes,no,not_measured_title_language_is_only_a_trace,2004,2015,11,not_measured,not_measured_record_span_is_not_organizational_lifespan,3,moderate_2to3,thin_0to1,2,2,0,2,0.00325574,0.00325908,0.0,0.00319022,2,2,4,4,1,1,0.0,1,0.0,1,0,0.0,"actor_issue, event_incidence, typed_dyadic, case_role and strict_triple measures are separate and must not be summed or called one network centrality",research_only,research,candidate,ai_seeded,not_frontend_ready,"Observed documentation and encoded evidence-layer visibility only; no causal documentation effect, social-network influence, activity strength, alliance, staff capacity, language capacity, or organizational lifespan."
A005,WWFジャパン,domestic_japan_ngo,日本国内 NGO／声援,japan_domestic,nonlocal_or_institutional,public_interest_foundation,formal_or_incorporated_guess,E4,ai_seeded,1,S003,0,,resolved_s_sources,1,1,1,1,0,0,0,0,0,1,1,0,1,organization_hosted,1,1,0,1.0,yes,not_measured_actor_owner_crosswalk_missing,no,no,no,no,yes,no,not_measured_title_language_is_only_a_trace,2010,2010,0,not_measured,not_measured_record_span_is_not_organizational_lifespan,1,thin_0to1,thin_0to1,2,2,0,2,0.00093552,0.00096558,0.0,0.00150386,1,0,2,2,1,1,0.0,0,0.0,0,0,0.0,"actor_issue, event_incidence, typed_dyadic, case_role and strict_triple measures are separate and must not be summed or called one network centrality",research_only,research,candidate,ai_seeded,not_frontend_ready,"Observed documentation and encoded evidence-layer visibility only; no causal documentation effect, social-network influence, activity strength, alliance, staff capacity, language capacity, or organizational lifespan."
A006,グリーンピース・ジャパン,domestic_japan_ngo,日本国内 NGO／声援,japan_domestic,nonlocal_or_institutional,ngo,formal_or_incorporated_guess,E4,ai_seeded,1,S003,0,,resolved_s_sources,1,1,1,1,0,0,0,0,0,1,1,0,1,organization_hosted,1,1,0,1.0,yes,not_measured_actor_owner_crosswalk_missing,no,no,no,no,yes,no,not_measured_title_language_is_only_a_trace,2010,2010,0,not_measured,not_measured_record_span_is_not_organizational_lifespan,1,thin_0to1,thin_0to1,2,2,0,2,0.0075232,0.00756309,0.0,0.00941007,2,0,2,2,1,1,0.0,0,0.0,0,0,0.0,"actor_issue, event_incidence, typed_dyadic, case_role and strict_triple measures are separate and must not be summed or called one network centrality",research_only,research,candidate,ai_seeded,not_frontend_ready,"Observed documentation and encoded evidence-layer visibility only; no causal documentation effect, social-network influence, activity strength, alliance, staff capacity, language capacity, or organizational lifespan."
A007,ピースボート,domestic_japan_ngo,日本国内 NGO／声援,japan_domestic,nonlocal_or_institutional,ngo,formal_or_incorporated_guess,E4,ai_seeded,1,S005,0,,resolved_s_sources,1,1,1,0,0,0,0,0,1,1,1,1,1,organization_hosted,1,1,0,1.0,yes,not_measured_actor_owner_crosswalk_missing,no,no,no,yes,no,no,not_measured_title_language_is_only_a_trace,2015,2015,0,not_measured,not_measured_record_span_is_not_organizational_lifespan,2,thin_0to1,thin_0to1,3,3,0,3,0.02726173,0.0275944,0.0,0.02843455,3,0,2,2,1,0,0.0,0,0.0,0,0,0.0,"actor_issue, event_incidence, typed_dyadic, case_role and strict_triple measures are separate and must not be summed or called one network centrality",research_only,research,candidate,ai_seeded,not_frontend_ready,"Observed documentation and encoded evidence-layer visibility only; no causal documentation effect, social-network influence, activity strength, alliance, staff capacity, language capacity, or organizational lifespan."
A008,NGO非戦ネット,citizen_network,冲绳本地公民行动,japan_domestic,nonlocal_or_institutional,informal_network（任意ネットワーク・国際協力NGO）,formal_or_incorporated_guess,E3,human_revised,4,S064;S065;S066;S067,0,,resolved_s_sources,4,4,1,0,0,0,0,3,4,4,4,4,2,organization_hosted;other,4,4,0,1.0,yes,not_measured_actor_owner_crosswalk_missing,no,no,no,no,yes,no,not_measured_title_language_is_only_a_trace,2015,2026,11,not_measured,not_measured_record_span_is_not_organizational_lifespan,3,dense_4plus,dense_4plus,2,2,2,0,0.00294716,0.00304941,0.03292076,0.0,2,0,1,1,1,0,0.0,0,0.0,0,0,0.0,"actor_issue, event_incidence, typed_dyadic, case_role and strict_triple measures are separate and must not be summed or called one network centrality",research_only,research,candidate,ai_seeded,not_frontend_ready,"Observed documentation and encoded evidence-layer visibility only; no causal documentation effect, social-network influence, activity strength, alliance, staff capacity, language capacity, or organizational lifespan."
A009,Earthjustice,international_advocacy_actor,跨国 NGO／国际倡议,us_origin,nonlocal_or_institutional,ngo,formal_or_incorporated_guess,E4,ai_seeded,2,S009;S062,0,,resolved_s_sources,1,1,1,1,1,0,1,1,1,1,2,2,1,legal_procedural,1,2,0,1.0,no,not_measured_actor_owner_crosswalk_missing,no,no,yes,yes,no,no,not_measured_title_language_is_only_a_trace,2014,2026,12,not_measured,not_measured_record_span_is_not_organizational_lifespan,3,moderate_2to3,thin_0to1,3,3,0,3,0.00842538,0.00850687,0.0,0.01324286,3,0,6,6,1,1,0.0,1,0.0,1,0,0.0,"actor_issue, event_incidence, typed_dyadic, case_role and strict_triple measures are separate and must not be summed or called one network centrality",research_only,research,candidate,ai_seeded,not_frontend_ready,"Observed documentation and encoded evidence-layer visibility only; no causal documentation effect, social-network influence, activity strength, alliance, staff capacity, language capacity, or organizational lifespan."
A010,石垣島に軍事基地をつくらせない市民連絡会,citizen_network,冲绳本地公民行动,okinawa_local,okinawa_local,informal,informal_unclear_or_program,E4,human_revised,4,S016;S017;S157;S159,0,,resolved_s_sources,4,2,2,0,0,0,2,2,4,4,4,4,2,media;organization_hosted,3,4,0,1.0,yes,not_measured_actor_owner_crosswalk_missing,no,yes,no,no,yes,no,not_measured_title_language_is_only_a_trace,2016,2023,7,not_measured,not_measured_record_span_is_not_organizational_lifespan,4,dense_4plus,dense_4plus,3,3,0,3,0.00383321,0.00402242,0.0,0.00666714,3,0,4,3,2,0,0.0,0,0.0,0,0,0.0,"actor_issue, event_incidence, typed_dyadic, case_role and strict_triple measures are separate and must not be summed or called one network centrality",research_only,research,candidate,ai_seeded,not_frontend_ready,"Observed documentation and encoded evidence-layer visibility only; no causal documentation effect, social-network influence, activity strength, alliance, staff capacity, language capacity, or organizational lifespan."
A011,石垣市住民投票を求める会,citizen_group,冲绳本地公民行动,okinawa_local,okinawa_local,informal,informal_unclear_or_program,E4,human_checked,5,S018;S019;S137;S138;S139,0,,resolved_s_sources,4,2,2,1,2,0,3,3,4,3,5,5,3,legal_procedural;media;official_administrative,5,4,1,0.8,no,not_measured_actor_owner_crosswalk_missing,yes,yes,yes,no,yes,no,not_measured_title_language_is_only_a_trace,2018,2020,2,dissolved,not_measured_record_span_is_not_organizational_lifespan,4,dense_4plus,dense_4plus,3,3,0,3,0.00276366,0.0029534,0.0,0.00458314,2,0,6,3,2,1,0.0,1,0.0,1,0,0.0,"actor_issue, event_incidence, typed_dyadic, case_role and strict_triple measures are separate and must not be summed or called one network centrality",research_only,research,candidate,ai_seeded,not_frontend_ready,"Observed documentation and encoded evidence-layer visibility only; no causal documentation effect, social-network influence, activity strength, alliance, staff capacity, language capacity, or organizational lifespan."
A012,宮古島いのちの水を守ろう！,citizen_group,冲绳本地公民行动,okinawa_local,okinawa_local,informal,informal_unclear_or_program,E3,needs_second_source,1,S020,0,,resolved_s_sources,1,1,1,0,0,0,0,0,1,1,1,1,1,media,1,1,0,1.0,no,not_measured_actor_owner_crosswalk_missing,no,yes,no,no,yes,no,not_measured_title_language_is_only_a_trace,2016,2016,0,not_measured,not_measured_record_span_is_not_organizational_lifespan,1,thin_0to1,thin_0to1,3,3,0,3,0.00405565,0.00368572,0.0,0.00475116,3,0,3,3,1,0,0.0,0,0.0,0,0,0.0,"actor_issue, event_incidence, typed_dyadic, case_role and strict_triple measures are separate and must not be summed or called one network centrality",research_only,research,candidate,ai_seeded,not_frontend_ready,"Observed documentation and encoded evidence-layer visibility only; no causal documentation effect, social-network influence, activity strength, alliance, staff capacity, language capacity, or organizational lifespan."
A013,ミサイル基地いらない宮古島住民連絡会,citizen_network,冲绳本地公民行动,okinawa_local,okinawa_local,informal,informal_unclear_or_program,E4,ai_seeded,1,S021,0,,resolved_s_sources,1,1,1,0,0,0,0,0,1,1,1,1,1,media,1,1,0,1.0,no,not_measured_actor_owner_crosswalk_missing,no,yes,no,no,yes,no,not_measured_title_language_is_only_a_trace,2016,2016,0,not_measured,not_measured_record_span_is_not_organizational_lifespan,1,thin_0to1,thin_0to1,3,3,0,3,0.00405565,0.00368572,0.0,0.00475116,3,0,3,3,1,0,0.0,0,0.0,0,0,0.0,"actor_issue, event_incidence, typed_dyadic, case_role and strict_triple measures are separate and must not be summed or called one network centrality",research_only,research,candidate,ai_seeded,not_frontend_ready,"Observed documentation and encoded evidence-layer visibility only; no causal documentation effect, social-network influence, activity strength, alliance, staff capacity, language capacity, or organizational lifespan."
A014,住民投票を成功させるための実行委員会,executive_committee,冲绳本地公民行动,okinawa_local,okinawa_local,informal（任意の実行委員会）,informal_unclear_or_program,E2,needs_local_retrieval,4,S010;S069;S070;S071,0,,resolved_s_sources,4,4,3,1,0,0,0,1,3,4,4,4,2,legal_procedural;media,4,4,0,1.0,no,not_measured_actor_owner_crosswalk_missing,no,yes,yes,no,yes,no,not_measured_title_language_is_only_a_trace,2014,2015,1,not_measured,not_measured_record_span_is_not_organizational_lifespan,3,dense_4plus,dense_4plus,2,0,0,2,0.00070782,0.0,0.0,0.00102381,2,0,5,2,3,1,0.0,0,0.0,0,0,0.0,"actor_issue, event_incidence, typed_dyadic, case_role and strict_triple measures are separate and must not be summed or called one network centrality",research_only,research,candidate,ai_seeded,not_frontend_ready,"Observed documentation and encoded evidence-layer visibility only; no causal documentation effect, social-network influence, activity strength, alliance, staff capacity, language capacity, or organizational lifespan."
A015,与那国自衛隊配備反対意見広告実行委員会,executive_committee,冲绳本地公民行动,okinawa_local,okinawa_local,informal,informal_unclear_or_program,E2,needs_local_retrieval,1,S015,0,,resolved_s_sources,1,1,1,1,0,0,0,0,0,1,1,1,1,media,1,1,0,1.0,no,not_measured_actor_owner_crosswalk_missing,no,yes,no,no,yes,no,not_measured_title_language_is_only_a_trace,2012,2012,0,not_measured,not_measured_record_span_is_not_organizational_lifespan,1,thin_0to1,thin_0to1,2,0,0,2,0.00070782,0.0,0.0,0.00102381,2,0,2,2,1,1,0.0,0,0.0,0,0,0.0,"actor_issue, event_incidence, typed_dyadic, case_role and strict_triple measures are separate and must not be summed or called one network centrality",research_only,research,candidate,ai_seeded,not_frontend_ready,"Observed documentation and encoded evidence-layer visibility only; no causal documentation effect, social-network influence, activity strength, alliance, staff capacity, language capacity, or organizational lifespan."
A016,与那国島の明るい未来を願うイソバの会,citizen_group,冲绳本地公民行动,okinawa_local,okinawa_local,informal,informal_unclear_or_program,E3,human_checked,3,S011;S052;S068,0,,resolved_s_sources,3,2,2,0,0,0,1,1,3,3,3,3,2,media;organization_hosted,3,3,0,1.0,yes,not_measured_actor_owner_crosswalk_missing,no,yes,no,no,yes,no,not_measured_title_language_is_only_a_trace,2015,2026,11,not_measured,not_measured_record_span_is_not_organizational_lifespan,4,moderate_2to3,moderate_2to3,1,1,1,0,0.0,0.0,0.0,0.0,1,0,2,1,2,0,0.0,0,0.0,0,0,0.0,"actor_issue, event_incidence, typed_dyadic, case_role and strict_triple measures are separate and must not be summed or called one network centrality",research_only,research,candidate,ai_seeded,not_frontend_ready,"Observed documentation and encoded evidence-layer visibility only; no causal documentation effect, social-network influence, activity strength, alliance, staff capacity, language capacity, or organizational lifespan."
A017,沖縄対話プロジェクト,citizen_network,冲绳本地公民行动,okinawa_local,okinawa_local,informal_or_project,informal_unclear_or_program,E4,ai_seeded,1,S022,0,,resolved_s_sources,1,1,1,0,0,0,0,0,1,1,1,1,1,organization_hosted,1,1,0,1.0,yes,not_measured_actor_owner_crosswalk_missing,no,no,no,no,yes,no,not_measured_title_language_is_only_a_trace,2023,2023,0,not_measured,not_measured_record_span_is_not_organizational_lifespan,1,thin_0to1,thin_0to1,3,3,0,3,0.00748212,0.00774214,0.0,0.01308821,2,0,4,4,1,0,0.0,0,0.0,0,0,0.0,"actor_issue, event_incidence, typed_dyadic, case_role and strict_triple measures are separate and must not be summed or called one network centrality",research_only,research,candidate,ai_seeded,not_frontend_ready,"Observed documentation and encoded evidence-layer visibility only; no causal documentation effect, social-network influence, activity strength, alliance, staff capacity, language capacity, or organizational lifespan."
A018,ノーモア沖縄戦 命どぅ宝の会,citizen_group,冲绳本地公民行动,okinawa_local,okinawa_local,informal,informal_unclear_or_program,E4,ai_seeded,2,S023;S024,0,,resolved_s_sources,2,2,2,0,0,0,0,0,2,2,2,2,2,media;organization_hosted,2,2,0,1.0,yes,not_measured_actor_owner_crosswalk_missing,no,yes,no,no,yes,no,not_measured_title_language_is_only_a_trace,2022,2023,1,not_measured,not_measured_record_span_is_not_organizational_lifespan,3,moderate_2to3,moderate_2to3,3,3,0,3,0.00748212,0.00774214,0.0,0.01308821,2,0,4,3,2,0,0.0,0,0.0,0,0,0.0,"actor_issue, event_incidence, typed_dyadic, case_role and strict_triple measures are separate and must not be summed or called one network centrality",research_only,research,candidate,ai_seeded,not_frontend_ready,"Observed documentation and encoded evidence-layer visibility only; no causal documentation effect, social-network influence, activity strength, alliance, staff capacity, language capacity, or organizational lifespan."
A019,ヘリ基地反対協議会（海上ヘリ基地建設反対・平和と名護市政民主化を求める協議会）,citizen_network,冲绳本地公民行动,okinawa_local,okinawa_local,任意団体,informal_unclear_or_program,E4,human_checked,6,S008;S049;S050;S060;S093;S128,0,,resolved_s_sources,3,3,2,1,2,0,3,4,5,4,6,6,3,legal_procedural;media;organization_hosted,6,6,0,1.0,yes,not_measured_actor_owner_crosswalk_missing,no,yes,yes,yes,yes,yes,not_measured_title_language_is_only_a_trace,2003,2026,23,not_measured,not_measured_record_span_is_not_organizational_lifespan,6,dense_4plus,moderate_2to3,2,2,2,0,0.00150463,0.00155447,0.0046961,0.0,1,0,4,2,2,1,0.0,1,0.0,0,0,0.0,"actor_issue, event_incidence, typed_dyadic, case_role and strict_triple measures are separate and must not be summed or called one network centrality",research_only,research,candidate,ai_seeded,not_frontend_ready,"Observed documentation and encoded evidence-layer visibility only; no causal documentation effect, social-network influence, activity strength, alliance, staff capacity, language capacity, or organizational lifespan."
A020,日本環境法律家連盟（JELF）,lawyers_network,法律／制度程序,japan_domestic,nonlocal_or_institutional,ngo_or_association,formal_or_incorporated_guess,E4,ai_seeded,6,S006;S007;S061;S062;S128;S142,0,,resolved_s_sources,2,2,2,2,3,0,4,4,4,3,6,5,3,academic_secondary;legal_procedural;other,5,6,0,1.0,no,not_measured_actor_owner_crosswalk_missing,no,yes,yes,yes,yes,yes,not_measured_title_language_is_only_a_trace,2017,2026,9,not_measured,not_measured_record_span_is_not_organizational_lifespan,5,dense_4plus,moderate_2to3,3,3,0,3,0.00612172,0.00619986,0.0,0.01046201,2,0,12,6,2,2,0.04839685,2,0.10294118,2,0,0.0,"actor_issue, event_incidence, typed_dyadic, case_role and strict_triple measures are separate and must not be summed or called one network centrality",research_only,research,candidate,ai_seeded,not_frontend_ready,"Observed documentation and encoded evidence-layer visibility only; no causal documentation effect, social-network influence, activity strength, alliance, staff capacity, language capacity, or organizational lifespan."
A021,国際環境NGO FoE Japan,domestic_japan_ngo,日本国内 NGO／声援,japan_domestic,nonlocal_or_institutional,ngo,formal_or_incorporated_guess,E4,ai_seeded,1,S004,0,,resolved_s_sources,1,1,1,1,0,0,0,0,0,1,1,0,1,organization_hosted,1,1,0,1.0,yes,not_measured_actor_owner_crosswalk_missing,no,no,no,no,yes,no,not_measured_title_language_is_only_a_trace,2015,2015,0,not_measured,not_measured_record_span_is_not_organizational_lifespan,1,thin_0to1,thin_0to1,2,2,0,2,0.0075232,0.00756309,0.0,0.00941007,2,2,2,2,1,1,0.0,0,0.0,0,0,0.0,"actor_issue, event_incidence, typed_dyadic, case_role and strict_triple measures are separate and must not be summed or called one network centrality",research_only,research,candidate,ai_seeded,not_frontend_ready,"Observed documentation and encoded evidence-layer visibility only; no causal documentation effect, social-network influence, activity strength, alliance, staff capacity, language capacity, or organizational lifespan."
A022,NPO法人 ラムサール・ネットワーク日本,domestic_japan_ngo,日本国内 NGO／声援,japan_domestic,nonlocal_or_institutional,npo,formal_or_incorporated_guess,E4,ai_seeded,1,S004,0,,resolved_s_sources,1,1,1,1,0,0,0,0,0,1,1,0,1,organization_hosted,1,1,0,1.0,yes,not_measured_actor_owner_crosswalk_missing,no,no,no,no,yes,no,not_measured_title_language_is_only_a_trace,2015,2015,0,not_measured,not_measured_record_span_is_not_organizational_lifespan,1,thin_0to1,thin_0to1,2,2,0,2,0.0075232,0.00756309,0.0,0.00941007,2,2,2,2,1,1,0.0,0,0.0,0,0,0.0,"actor_issue, event_incidence, typed_dyadic, case_role and strict_triple measures are separate and must not be summed or called one network centrality",research_only,research,candidate,ai_seeded,not_frontend_ready,"Observed documentation and encoded evidence-layer visibility only; no causal documentation effect, social-network influence, activity strength, alliance, staff capacity, language capacity, or organizational lifespan."
A023,美ら海にもやんばるにも基地はいらない市民の会,local_civic_actor,冲绳本地公民行动,japan_domestic,nonlocal_or_institutional,informal,informal_unclear_or_program,E4,ai_seeded,1,S004,0,,resolved_s_sources,1,1,1,1,0,0,0,0,0,1,1,0,1,organization_hosted,1,1,0,1.0,yes,not_measured_actor_owner_crosswalk_missing,no,no,no,no,yes,no,not_measured_title_language_is_only_a_trace,2015,2015,0,not_measured,not_measured_record_span_is_not_organizational_lifespan,1,thin_0to1,thin_0to1,2,2,0,2,0.0075232,0.00756309,0.0,0.00941007,2,2,4,4,1,1,0.0,0,0.0,0,0,0.0,"actor_issue, event_incidence, typed_dyadic, case_role and strict_triple measures are separate and must not be summed or called one network centrality",research_only,research,candidate,ai_seeded,not_frontend_ready,"Observed documentation and encoded evidence-layer visibility only; no causal documentation effect, social-network influence, activity strength, alliance, staff capacity, language capacity, or organizational lifespan."
A024,辺野古リレー,citizen_network,冲绳本地公民行动,okinawa_local,okinawa_local,informal,informal_unclear_or_program,E4,ai_seeded,1,S004,0,,resolved_s_sources,1,1,1,1,0,0,0,0,0,1,1,0,1,organization_hosted,1,1,0,1.0,yes,not_measured_actor_owner_crosswalk_missing,no,no,no,no,yes,no,not_measured_title_language_is_only_a_trace,2015,2015,0,not_measured,not_measured_record_span_is_not_organizational_lifespan,1,thin_0to1,thin_0to1,2,2,0,2,0.00150463,0.00155447,0.0,0.00245882,1,2,2,2,1,1,0.0,0,0.0,0,0,0.0,"actor_issue, event_incidence, typed_dyadic, case_role and strict_triple measures are separate and must not be summed or called one network centrality",research_only,research,candidate,ai_seeded,not_frontend_ready,"Observed documentation and encoded evidence-layer visibility only; no causal documentation effect, social-network influence, activity strength, alliance, staff capacity, language capacity, or organizational lifespan."
A025,辺野古への基地建設を許さない実行委員会,executive_committee,冲绳本地公民行动,okinawa_local,okinawa_local,informal,informal_unclear_or_program,E4,ai_seeded,1,S004,0,,resolved_s_sources,1,1,1,1,0,0,0,0,0,1,1,0,1,organization_hosted,1,1,0,1.0,yes,not_measured_actor_owner_crosswalk_missing,no,no,no,no,yes,no,not_measured_title_language_is_only_a_trace,2015,2015,0,not_measured,not_measured_record_span_is_not_organizational_lifespan,1,thin_0to1,thin_0to1,2,2,0,2,0.00150463,0.00155447,0.0,0.00245882,1,2,2,2,1,1,0.0,0,0.0,0,0,0.0,"actor_issue, event_incidence, typed_dyadic, case_role and strict_triple measures are separate and must not be summed or called one network centrality",research_only,research,candidate,ai_seeded,not_frontend_ready,"Observed documentation and encoded evidence-layer visibility only; no causal documentation effect, social-network influence, activity strength, alliance, staff capacity, language capacity, or organizational lifespan."
A026,ピース・ニュース,citizen_group,冲绳本地公民行动,japan_domestic,nonlocal_or_institutional,unclear,informal_unclear_or_program,E4,needs_second_source,1,S004,0,,resolved_s_sources,1,1,0,1,0,0,0,1,0,1,1,0,1,organization_hosted,1,1,0,1.0,yes,not_measured_actor_owner_crosswalk_missing,no,no,no,no,yes,no,not_measured_title_language_is_only_a_trace,2015,2015,0,not_measured,not_measured_record_span_is_not_organizational_lifespan,1,thin_0to1,thin_0to1,1,1,0,1,0.0,0.0,0.0,0.0,1,1,0,0,0,1,0.0,0,0.0,0,0,0.0,"actor_issue, event_incidence, typed_dyadic, case_role and strict_triple measures are separate and must not be summed or called one network centrality",research_only,research,candidate,ai_seeded,not_frontend_ready,"Observed documentation and encoded evidence-layer visibility only; no causal documentation effect, social-network influence, activity strength, alliance, staff capacity, language capacity, or organizational lifespan."
A027,公共事業改革市民会議,citizen_network,冲绳本地公民行动,japan_domestic,nonlocal_or_institutional,informal_or_npo,formal_or_incorporated_guess,E4,ai_seeded,1,S004,0,,resolved_s_sources,1,1,1,1,0,0,0,0,0,1,1,0,1,organization_hosted,1,1,0,1.0,yes,not_measured_actor_owner_crosswalk_missing,no,no,no,no,yes,no,not_measured_title_language_is_only_a_trace,2015,2015,0,not_measured,not_measured_record_span_is_not_organizational_lifespan,1,thin_0to1,thin_0to1,2,2,0,2,0.0075232,0.00756309,0.0,0.00941007,2,2,2,2,1,1,0.0,0,0.0,0,0,0.0,"actor_issue, event_incidence, typed_dyadic, case_role and strict_triple measures are separate and must not be summed or called one network centrality",research_only,research,candidate,ai_seeded,not_frontend_ready,"Observed documentation and encoded evidence-layer visibility only; no causal documentation effect, social-network influence, activity strength, alliance, staff capacity, language capacity, or organizational lifespan."
A028,沖縄のための日米市民ネットワーク（JUCON）,international_advocacy_actor,跨国 NGO／国际倡议,mixed_or_network,nonlocal_or_institutional,network,informal_unclear_or_program,E4,ai_seeded,1,S004,0,,resolved_s_sources,1,1,1,1,0,0,0,0,0,1,1,0,1,organization_hosted,1,1,0,1.0,yes,not_measured_actor_owner_crosswalk_missing,no,no,no,no,yes,no,not_measured_title_language_is_only_a_trace,2015,2015,0,not_measured,not_measured_record_span_is_not_organizational_lifespan,1,thin_0to1,thin_0to1,2,2,0,2,0.01244048,0.01242577,0.0,0.01334351,2,2,4,4,1,1,0.0,0,0.0,0,0,0.0,"actor_issue, event_incidence, typed_dyadic, case_role and strict_triple measures are separate and must not be summed or called one network centrality",research_only,research,candidate,ai_seeded,not_frontend_ready,"Observed documentation and encoded evidence-layer visibility only; no causal documentation effect, social-network influence, activity strength, alliance, staff capacity, language capacity, or organizational lifespan."
A029,沖縄・生物多様性市民ネットワーク,citizen_network,冲绳本地公民行动,okinawa_local,okinawa_local,network,informal_unclear_or_program,E4,ai_seeded,1,S004,0,,resolved_s_sources,1,1,1,1,0,0,0,0,0,1,1,0,1,organization_hosted,1,1,0,1.0,yes,not_measured_actor_owner_crosswalk_missing,no,no,no,no,yes,no,not_measured_title_language_is_only_a_trace,2015,2015,0,not_measured,not_measured_record_span_is_not_organizational_lifespan,1,thin_0to1,thin_0to1,2,2,0,2,0.00325574,0.00325908,0.0,0.00319022,2,2,4,4,1,1,0.0,0,0.0,0,0,0.0,"actor_issue, event_incidence, typed_dyadic, case_role and strict_triple measures are separate and must not be summed or called one network centrality",research_only,research,candidate,ai_seeded,not_frontend_ready,"Observed documentation and encoded evidence-layer visibility only; no causal documentation effect, social-network influence, activity strength, alliance, staff capacity, language capacity, or organizational lifespan."
A030,市川三番瀬を守る会,domestic_japan_ngo,日本国内 NGO／声援,japan_domestic,nonlocal_or_institutional,citizen_group,informal_unclear_or_program,E4,ai_seeded,1,S004,0,,resolved_s_sources,1,1,1,1,0,0,0,0,0,1,1,0,1,organization_hosted,1,1,0,1.0,yes,not_measured_actor_owner_crosswalk_missing,no,no,no,no,yes,no,not_measured_title_language_is_only_a_trace,2015,2015,0,not_measured,not_measured_record_span_is_not_organizational_lifespan,1,thin_0to1,thin_0to1,1,1,0,1,0.0,0.0,0.0,0.0,1,1,1,1,1,1,0.0,0,0.0,0,0,0.0,"actor_issue, event_incidence, typed_dyadic, case_role and strict_triple measures are separate and must not be summed or called one network centrality",research_only,research,candidate,ai_seeded,not_frontend_ready,"Observed documentation and encoded evidence-layer visibility only; no causal documentation effect, social-network influence, activity strength, alliance, staff capacity, language capacity, or organizational lifespan."
A031,三番瀬のラムサール条約登録を実現する会,domestic_japan_ngo,日本国内 NGO／声援,japan_domestic,nonlocal_or_institutional,citizen_group,informal_unclear_or_program,E4,ai_seeded,1,S004,0,,resolved_s_sources,1,1,1,1,0,0,0,0,0,1,1,0,1,organization_hosted,1,1,0,1.0,yes,not_measured_actor_owner_crosswalk_missing,no,no,no,no,yes,no,not_measured_title_language_is_only_a_trace,2015,2015,0,not_measured,not_measured_record_span_is_not_organizational_lifespan,1,thin_0to1,thin_0to1,1,1,0,1,0.0,0.0,0.0,0.0,1,1,1,1,1,1,0.0,0,0.0,0,0,0.0,"actor_issue, event_incidence, typed_dyadic, case_role and strict_triple measures are separate and must not be summed or called one network centrality",research_only,research,candidate,ai_seeded,not_frontend_ready,"Observed documentation and encoded evidence-layer visibility only; no causal documentation effect, social-network influence, activity strength, alliance, staff capacity, language capacity, or organizational lifespan."
A032,Peace Philosophy Centre,international_advocacy_actor,跨国 NGO／国际倡议,international,nonlocal_or_institutional,project_or_network,informal_unclear_or_program,E4,ai_seeded,1,S004,0,,resolved_s_sources,1,1,1,1,0,0,0,0,0,1,1,0,1,organization_hosted,1,1,0,1.0,yes,not_measured_actor_owner_crosswalk_missing,no,no,no,no,yes,no,not_measured_title_language_is_only_a_trace,2015,2015,0,not_measured,not_measured_record_span_is_not_organizational_lifespan,1,thin_0to1,thin_0to1,2,2,0,2,0.01187409,0.01211922,0.0,0.01166839,2,2,1,1,1,1,0.0,0,0.0,0,0,0.0,"actor_issue, event_incidence, typed_dyadic, case_role and strict_triple measures are separate and must not be summed or called one network centrality",research_only,research,candidate,ai_seeded,not_frontend_ready,"Observed documentation and encoded evidence-layer visibility only; no causal documentation effect, social-network influence, activity strength, alliance, staff capacity, language capacity, or organizational lifespan."
A033,Friends of the Earth U.S.,international_ngo,跨国 NGO／国际倡议,us_origin,nonlocal_or_institutional,ngo,formal_or_incorporated_guess,E4,ai_seeded,1,S004,0,,resolved_s_sources,1,1,1,1,0,0,0,0,0,1,1,0,1,organization_hosted,1,1,0,1.0,yes,not_measured_actor_owner_crosswalk_missing,no,no,no,no,yes,no,not_measured_title_language_is_only_a_trace,2015,2015,0,not_measured,not_measured_record_span_is_not_organizational_lifespan,1,thin_0to1,thin_0to1,2,2,0,2,0.00380956,0.00393198,0.0,0.00736102,2,2,2,2,1,1,0.0,0,0.0,0,0,0.0,"actor_issue, event_incidence, typed_dyadic, case_role and strict_triple measures are separate and must not be summed or called one network centrality",research_only,research,candidate,ai_seeded,not_frontend_ready,"Observed documentation and encoded evidence-layer visibility only; no causal documentation effect, social-network influence, activity strength, alliance, staff capacity, language capacity, or organizational lifespan."
A034,Korea Federation for Environmental Movements (KFEM),international_ngo,跨国 NGO／国际倡议,international,nonlocal_or_institutional,ngo,formal_or_incorporated_guess,E4,ai_seeded,1,S004,0,,resolved_s_sources,1,1,1,1,0,0,0,0,0,1,1,0,1,organization_hosted,1,1,0,1.0,yes,not_measured_actor_owner_crosswalk_missing,no,no,no,no,yes,no,not_measured_title_language_is_only_a_trace,2015,2015,0,not_measured,not_measured_record_span_is_not_organizational_lifespan,1,thin_0to1,thin_0to1,2,2,0,2,0.00380956,0.00393198,0.0,0.00736102,2,2,2,2,1,1,0.0,0,0.0,0,0,0.0,"actor_issue, event_incidence, typed_dyadic, case_role and strict_triple measures are separate and must not be summed or called one network centrality",research_only,research,candidate,ai_seeded,not_frontend_ready,"Observed documentation and encoded evidence-layer visibility only; no causal documentation effect, social-network influence, activity strength, alliance, staff capacity, language capacity, or organizational lifespan."
A035,Russian Social Ecological Union,international_ngo,跨国 NGO／国际倡议,international,nonlocal_or_institutional,ngo,formal_or_incorporated_guess,E4,ai_seeded,1,S004,0,,resolved_s_sources,1,1,1,1,0,0,0,0,0,1,1,0,1,organization_hosted,1,1,0,1.0,yes,not_measured_actor_owner_crosswalk_missing,no,no,no,no,yes,no,not_measured_title_language_is_only_a_trace,2015,2015,0,not_measured,not_measured_record_span_is_not_organizational_lifespan,1,thin_0to1,thin_0to1,1,1,0,1,0.0,0.0,0.0,0.0,1,1,1,1,1,1,0.0,0,0.0,0,0,0.0,"actor_issue, event_incidence, typed_dyadic, case_role and strict_triple measures are separate and must not be summed or called one network centrality",research_only,research,candidate,ai_seeded,not_frontend_ready,"Observed documentation and encoded evidence-layer visibility only; no causal documentation effect, social-network influence, activity strength, alliance, staff capacity, language capacity, or organizational lifespan."
A036,Friends of the Siberian Forests,international_ngo,跨国 NGO／国际倡议,international,nonlocal_or_institutional,ngo,formal_or_incorporated_guess,E4,ai_seeded,1,S004,0,,resolved_s_sources,1,1,1,1,0,0,0,0,0,1,1,0,1,organization_hosted,1,1,0,1.0,yes,not_measured_actor_owner_crosswalk_missing,no,no,no,no,yes,no,not_measured_title_language_is_only_a_trace,2015,2015,0,not_measured,not_measured_record_span_is_not_organizational_lifespan,1,thin_0to1,thin_0to1,1,1,0,1,0.0,0.0,0.0,0.0,1,1,1,1,1,1,0.0,0,0.0,0,0,0.0,"actor_issue, event_incidence, typed_dyadic, case_role and strict_triple measures are separate and must not be summed or called one network centrality",research_only,research,candidate,ai_seeded,not_frontend_ready,"Observed documentation and encoded evidence-layer visibility only; no causal documentation effect, social-network influence, activity strength, alliance, staff capacity, language capacity, or organizational lifespan."
A037,Centre for Environmental Justice,international_ngo,跨国 NGO／国际倡议,international,nonlocal_or_institutional,ngo,formal_or_incorporated_guess,E4,ai_seeded,1,S004,0,,resolved_s_sources,1,1,1,1,0,0,0,0,0,1,1,0,1,organization_hosted,1,1,0,1.0,yes,not_measured_actor_owner_crosswalk_missing,no,no,no,no,yes,no,not_measured_title_language_is_only_a_trace,2015,2015,0,not_measured,not_measured_record_span_is_not_organizational_lifespan,1,thin_0to1,thin_0to1,1,1,0,1,0.0,0.0,0.0,0.0,1,1,1,1,1,1,0.0,0,0.0,0,0,0.0,"actor_issue, event_incidence, typed_dyadic, case_role and strict_triple measures are separate and must not be summed or called one network centrality",research_only,research,candidate,ai_seeded,not_frontend_ready,"Observed documentation and encoded evidence-layer visibility only; no causal documentation effect, social-network influence, activity strength, alliance, staff capacity, language capacity, or organizational lifespan."
A038,Sahabat Alam Malaysia,international_ngo,跨国 NGO／国际倡议,international,nonlocal_or_institutional,ngo,formal_or_incorporated_guess,E4,ai_seeded,1,S004,0,,resolved_s_sources,1,1,1,1,0,0,0,0,0,1,1,0,1,organization_hosted,1,1,0,1.0,yes,not_measured_actor_owner_crosswalk_missing,no,no,no,no,yes,no,not_measured_title_language_is_only_a_trace,2015,2015,0,not_measured,not_measured_record_span_is_not_organizational_lifespan,1,thin_0to1,thin_0to1,1,1,0,1,0.0,0.0,0.0,0.0,1,1,1,1,1,1,0.0,0,0.0,0,0,0.0,"actor_issue, event_incidence, typed_dyadic, case_role and strict_triple measures are separate and must not be summed or called one network centrality",research_only,research,candidate,ai_seeded,not_frontend_ready,"Observed documentation and encoded evidence-layer visibility only; no causal documentation effect, social-network influence, activity strength, alliance, staff capacity, language capacity, or organizational lifespan."
A039,The Legal Rights and Natural Resources Center-Kasama sa Kalikasan,international_ngo,跨国 NGO／国际倡议,international,nonlocal_or_institutional,ngo,formal_or_incorporated_guess,E4,ai_seeded,1,S004,0,,resolved_s_sources,1,1,1,1,0,0,0,0,0,1,1,0,1,organization_hosted,1,1,0,1.0,yes,not_measured_actor_owner_crosswalk_missing,no,no,no,no,yes,no,not_measured_title_language_is_only_a_trace,2015,2015,0,not_measured,not_measured_record_span_is_not_organizational_lifespan,1,thin_0to1,thin_0to1,2,2,0,2,0.00528359,0.00531472,0.0,0.00685948,2,2,2,2,1,1,0.0,0,0.0,0,0,0.0,"actor_issue, event_incidence, typed_dyadic, case_role and strict_triple measures are separate and must not be summed or called one network centrality",research_only,research,candidate,ai_seeded,not_frontend_ready,"Observed documentation and encoded evidence-layer visibility only; no causal documentation effect, social-network influence, activity strength, alliance, staff capacity, language capacity, or organizational lifespan."
A040,Forum for Protection of Public Interest (Pro Public),international_ngo,跨国 NGO／国际倡议,international,nonlocal_or_institutional,ngo,formal_or_incorporated_guess,E4,human_checked,3,S004;S089;S090,0,,resolved_s_sources,3,3,3,1,0,0,0,0,2,3,3,2,1,organization_hosted,3,2,1,0.667,yes,not_measured_actor_owner_crosswalk_missing,no,no,no,yes,yes,yes,not_measured_title_language_is_only_a_trace,2015,2026,11,not_measured,not_measured_record_span_is_not_organizational_lifespan,4,moderate_2to3,moderate_2to3,1,1,1,0,0.0,0.0,0.0,0.0,1,0,3,1,3,1,0.0,0,0.0,0,0,0.0,"actor_issue, event_incidence, typed_dyadic, case_role and strict_triple measures are separate and must not be summed or called one network centrality",research_only,research,candidate,ai_seeded,not_frontend_ready,"Observed documentation and encoded evidence-layer visibility only; no causal documentation effect, social-network influence, activity strength, alliance, staff capacity, language capacity, or organizational lifespan."
A041,Friends of the Earth Brisbane,international_ngo,跨国 NGO／国际倡议,international,nonlocal_or_institutional,ngo,formal_or_incorporated_guess,E4,ai_seeded,1,S004,0,,resolved_s_sources,1,1,1,1,0,0,0,0,0,1,1,0,1,organization_hosted,1,1,0,1.0,yes,not_measured_actor_owner_crosswalk_missing,no,no,no,no,yes,no,not_measured_title_language_is_only_a_trace,2015,2015,0,not_measured,not_measured_record_span_is_not_organizational_lifespan,1,thin_0to1,thin_0to1,1,1,0,1,0.0,0.0,0.0,0.0,1,1,1,1,1,1,0.0,0,0.0,0,0,0.0,"actor_issue, event_incidence, typed_dyadic, case_role and strict_triple measures are separate and must not be summed or called one network centrality",research_only,research,candidate,ai_seeded,not_frontend_ready,"Observed documentation and encoded evidence-layer visibility only; no causal documentation effect, social-network influence, activity strength, alliance, staff capacity, language capacity, or organizational lifespan."
A042,Pacific Environment,international_ngo,跨国 NGO／国际倡议,us_origin,nonlocal_or_institutional,ngo,formal_or_incorporated_guess,E4,ai_seeded,1,S004,0,,resolved_s_sources,1,1,1,1,0,0,0,0,0,1,1,0,1,organization_hosted,1,1,0,1.0,yes,not_measured_actor_owner_crosswalk_missing,no,no,no,no,yes,no,not_measured_title_language_is_only_a_trace,2015,2015,0,not_measured,not_measured_record_span_is_not_organizational_lifespan,1,thin_0to1,thin_0to1,2,2,0,2,0.00380956,0.00393198,0.0,0.00736102,2,2,2,2,1,1,0.0,0,0.0,0,0,0.0,"actor_issue, event_incidence, typed_dyadic, case_role and strict_triple measures are separate and must not be summed or called one network centrality",research_only,research,candidate,ai_seeded,not_frontend_ready,"Observed documentation and encoded evidence-layer visibility only; no causal documentation effect, social-network influence, activity strength, alliance, staff capacity, language capacity, or organizational lifespan."
A043,PENGON-FoE Palestine,international_ngo,跨国 NGO／国际倡议,international,nonlocal_or_institutional,ngo,formal_or_incorporated_guess,E4,ai_seeded,1,S004,0,,resolved_s_sources,1,1,1,1,0,0,0,0,0,1,1,0,1,organization_hosted,1,1,0,1.0,yes,not_measured_actor_owner_crosswalk_missing,no,no,no,no,yes,no,not_measured_title_language_is_only_a_trace,2015,2015,0,not_measured,not_measured_record_span_is_not_organizational_lifespan,1,thin_0to1,thin_0to1,1,1,0,1,0.0,0.0,0.0,0.0,1,1,1,1,1,1,0.0,0,0.0,0,0,0.0,"actor_issue, event_incidence, typed_dyadic, case_role and strict_triple measures are separate and must not be summed or called one network centrality",research_only,research,candidate,ai_seeded,not_frontend_ready,"Observed documentation and encoded evidence-layer visibility only; no causal documentation effect, social-network influence, activity strength, alliance, staff capacity, language capacity, or organizational lifespan."
A044,Naturvernforbundet / Norwegian Society for the Conservation of Nature,international_ngo,跨国 NGO／国际倡议,international,nonlocal_or_institutional,ngo,formal_or_incorporated_guess,E4,ai_seeded,1,S004,0,,resolved_s_sources,1,1,1,1,0,0,0,0,0,1,1,0,1,organization_hosted,1,1,0,1.0,yes,not_measured_actor_owner_crosswalk_missing,no,no,no,no,yes,no,not_measured_title_language_is_only_a_trace,2015,2015,0,not_measured,not_measured_record_span_is_not_organizational_lifespan,1,thin_0to1,thin_0to1,1,1,0,1,0.0,0.0,0.0,0.0,1,1,1,1,1,1,0.0,0,0.0,0,0,0.0,"actor_issue, event_incidence, typed_dyadic, case_role and strict_triple measures are separate and must not be summed or called one network centrality",research_only,research,candidate,ai_seeded,not_frontend_ready,"Observed documentation and encoded evidence-layer visibility only; no causal documentation effect, social-network influence, activity strength, alliance, staff capacity, language capacity, or organizational lifespan."
A045,Center for Biological Diversity,international_ngo,跨国 NGO／国际倡议,us_origin,nonlocal_or_institutional,ngo,formal_or_incorporated_guess,E4,ai_seeded,4,S004;S060;S128;S129,0,,resolved_s_sources,1,1,1,2,2,0,3,3,2,2,4,3,2,legal_procedural;organization_hosted,3,4,0,1.0,yes,not_measured_actor_owner_crosswalk_missing,no,no,yes,yes,yes,yes,not_measured_title_language_is_only_a_trace,2003,2020,17,not_measured,not_measured_record_span_is_not_organizational_lifespan,5,dense_4plus,thin_0to1,3,3,0,3,0.01266894,0.01286942,0.0,0.02023392,3,3,3,3,1,2,0.17967332,1,0.0,1,0,0.0,"actor_issue, event_incidence, typed_dyadic, case_role and strict_triple measures are separate and must not be summed or called one network centrality",research_only,research,candidate,ai_seeded,not_frontend_ready,"Observed documentation and encoded evidence-layer visibility only; no causal documentation effect, social-network influence, activity strength, alliance, staff capacity, language capacity, or organizational lifespan."
A046,Pro Natura,international_ngo,跨国 NGO／国际倡议,international,nonlocal_or_institutional,ngo,formal_or_incorporated_guess,E4,human_checked,3,S004;S091;S092,0,,resolved_s_sources,3,3,3,1,0,0,0,0,2,3,3,2,1,organization_hosted,3,2,1,0.667,yes,not_measured_actor_owner_crosswalk_missing,no,no,no,yes,yes,yes,not_measured_title_language_is_only_a_trace,2015,2026,11,not_measured,not_measured_record_span_is_not_organizational_lifespan,4,moderate_2to3,moderate_2to3,2,2,2,0,0.00380956,0.00393198,0.00140944,0.0,2,0,6,2,3,1,0.0,0,0.0,0,0,0.0,"actor_issue, event_incidence, typed_dyadic, case_role and strict_triple measures are separate and must not be summed or called one network centrality",research_only,research,candidate,ai_seeded,not_frontend_ready,"Observed documentation and encoded evidence-layer visibility only; no causal documentation effect, social-network influence, activity strength, alliance, staff capacity, language capacity, or organizational lifespan."
A047,沖縄平和運動センター,citizen_network,冲绳本地公民行动,okinawa_local,okinawa_local,social_movement_center,informal_unclear_or_program,E4,ai_seeded,1,S031,0,,resolved_s_sources,1,1,1,0,0,0,0,0,1,1,1,1,1,organization_hosted,1,1,0,1.0,yes,not_measured_actor_owner_crosswalk_missing,no,no,no,no,yes,no,not_measured_title_language_is_only_a_trace,2026,2026,0,not_measured,not_measured_record_span_is_not_organizational_lifespan,1,thin_0to1,thin_0to1,4,4,0,4,0.03353963,0.03063721,0.0,0.04100906,2,0,6,6,1,0,0.0,0,0.0,0,0,0.0,"actor_issue, event_incidence, typed_dyadic, case_role and strict_triple measures are separate and must not be summed or called one network centrality",research_only,research,candidate,ai_seeded,not_frontend_ready,"Observed documentation and encoded evidence-layer visibility only; no causal documentation effect, social-network influence, activity strength, alliance, staff capacity, language capacity, or organizational lifespan."
A048,沖縄一坪反戦地主会,citizen_group,冲绳本地公民行动,okinawa_local,okinawa_local,informal_association,informal_unclear_or_program,E4,ai_seeded,1,S038,0,,resolved_s_sources,0,1,1,0,0,0,0,0,1,1,1,1,1,organization_hosted,1,1,0,1.0,yes,not_measured_actor_owner_crosswalk_missing,no,no,no,no,yes,no,not_measured_title_language_is_only_a_trace,1996,1996,0,not_measured,not_measured_record_span_is_not_organizational_lifespan,1,thin_0to1,thin_0to1,2,2,0,2,0.00294716,0.00304941,0.0,0.00342265,2,0,1,1,1,0,0.0,0,0.0,0,0,0.0,"actor_issue, event_incidence, typed_dyadic, case_role and strict_triple measures are separate and must not be summed or called one network centrality",research_only,research,candidate,ai_seeded,not_frontend_ready,"Observed documentation and encoded evidence-layer visibility only; no causal documentation effect, social-network influence, activity strength, alliance, staff capacity, language capacity, or organizational lifespan."
A049,基地・軍隊を許さない行動する女たちの会,citizen_group,冲绳本地公民行动,okinawa_local,okinawa_local,informal,informal_unclear_or_program,E4,ai_seeded,1,S039,0,,resolved_s_sources,1,1,1,0,0,0,0,0,1,1,1,1,1,academic_secondary,1,1,0,1.0,no,not_measured_actor_owner_crosswalk_missing,no,yes,no,no,yes,no,not_measured_title_language_is_only_a_trace,1995,1995,0,not_measured,not_measured_record_span_is_not_organizational_lifespan,1,thin_0to1,thin_0to1,3,3,0,3,0.01533614,0.01378706,0.0,0.02182689,2,0,3,3,1,0,0.0,0,0.0,0,0,0.0,"actor_issue, event_incidence, typed_dyadic, case_role and strict_triple measures are separate and must not be summed or called one network centrality",research_only,research,candidate,ai_seeded,not_frontend_ready,"Observed documentation and encoded evidence-layer visibility only; no causal documentation effect, social-network influence, activity strength, alliance, staff capacity, language capacity, or organizational lifespan."
A050,沖縄弁護士会,lawyers_network,法律／制度程序,okinawa_local,okinawa_local,professional_association,informal_unclear_or_program,E4,ai_seeded,1,S037,0,,resolved_s_sources,1,1,1,0,0,0,0,0,1,1,1,1,1,organization_hosted,1,1,0,1.0,yes,not_measured_actor_owner_crosswalk_missing,no,no,no,no,yes,no,not_measured_title_language_is_only_a_trace,2017,2017,0,not_measured,not_measured_record_span_is_not_organizational_lifespan,1,thin_0to1,thin_0to1,3,3,0,3,0.01312093,0.01006778,0.0,0.01779975,3,0,6,6,1,0,0.0,0,0.0,0,0,0.0,"actor_issue, event_incidence, typed_dyadic, case_role and strict_triple measures are separate and must not be summed or called one network centrality",research_only,research,candidate,ai_seeded,not_frontend_ready,"Observed documentation and encoded evidence-layer visibility only; no causal documentation effect, social-network influence, activity strength, alliance, staff capacity, language capacity, or organizational lifespan."
A051,「辺野古」県民投票の会,citizen_group,冲绳本地公民行动,okinawa_local,okinawa_local,informal,informal_unclear_or_program,E4,ai_seeded,1,S025,0,,resolved_s_sources,1,1,1,1,0,0,0,0,0,1,1,1,1,official_administrative,1,1,0,1.0,no,not_measured_actor_owner_crosswalk_missing,yes,no,no,no,yes,no,not_measured_title_language_is_only_a_trace,2019,2019,0,dissolved,not_measured_record_span_is_not_organizational_lifespan,1,thin_0to1,thin_0to1,3,3,0,3,0.00494902,0.00393067,0.0,0.00642978,2,0,6,6,1,1,0.0,0,0.0,0,0,0.0,"actor_issue, event_incidence, typed_dyadic, case_role and strict_triple measures are separate and must not be summed or called one network centrality",research_only,research,candidate,ai_seeded,not_frontend_ready,"Observed documentation and encoded evidence-layer visibility only; no causal documentation effect, social-network influence, activity strength, alliance, staff capacity, language capacity, or organizational lifespan."
A052,嘉手納基地爆音差止訴訟原告団,citizen_group,冲绳本地公民行动,okinawa_local,okinawa_local,litigation_group,informal_unclear_or_program,E4,human_checked,8,S026;S122;S123;S134;S149;S151;S152;S155,0,,resolved_s_sources,4,4,1,0,1,5,4,7,8,7,3,8,5,legal_procedural;media;official_administrative;organization_hosted;other,6,6,2,0.75,yes,not_measured_actor_owner_crosswalk_missing,yes,yes,yes,no,yes,no,not_measured_title_language_is_only_a_trace,2011,2026,15,not_measured,not_measured_record_span_is_not_organizational_lifespan,6,dense_4plus,dense_4plus,4,4,1,3,0.0103401,0.01064627,0.0,0.01678228,3,0,4,4,1,0,0.0,1,0.0,1,2,0.03296703,"actor_issue, event_incidence, typed_dyadic, case_role and strict_triple measures are separate and must not be summed or called one network centrality",research_only,research,candidate,ai_seeded,not_frontend_ready,"Observed documentation and encoded evidence-layer visibility only; no causal documentation effect, social-network influence, activity strength, alliance, staff capacity, language capacity, or organizational lifespan."
A053,普天間基地爆音訴訟団,citizen_group,冲绳本地公民行动,okinawa_local,okinawa_local,litigation_group,informal_unclear_or_program,E4,human_checked,7,S027;S122;S123;S124;S135;S136;S156,0,,resolved_s_sources,4,3,1,0,1,3,4,6,7,6,4,7,4,legal_procedural;media;organization_hosted;other,6,6,1,0.857,yes,not_measured_actor_owner_crosswalk_missing,no,yes,yes,no,yes,no,not_measured_title_language_is_only_a_trace,2016,2026,10,not_measured,not_measured_record_span_is_not_organizational_lifespan,5,dense_4plus,dense_4plus,4,4,1,3,0.0103401,0.01064627,0.0,0.01678228,3,0,8,8,1,0,0.0,1,0.0,1,2,0.03296703,"actor_issue, event_incidence, typed_dyadic, case_role and strict_triple measures are separate and must not be summed or called one network centrality",research_only,research,candidate,ai_seeded,not_frontend_ready,"Observed documentation and encoded evidence-layer visibility only; no causal documentation effect, social-network influence, activity strength, alliance, staff capacity, language capacity, or organizational lifespan."
A054,沖縄人権協会,local_civic_actor,冲绳本地公民行动,okinawa_local,okinawa_local,association_or_unclear,informal_unclear_or_program,E3,ai_seeded,1,S033,0,,resolved_s_sources,1,0,0,0,0,0,1,1,1,1,1,1,1,academic_secondary,0,0,1,0.0,no,not_measured_actor_owner_crosswalk_missing,no,yes,no,yes,no,no,not_measured_title_language_is_only_a_trace,2006,2006,0,not_measured,not_measured_record_span_is_not_organizational_lifespan,2,thin_0to1,thin_0to1,0,0,0,0,0.0,0.0,0.0,0.0,0,0,0,0,0,0,0.0,0,0.0,0,0,0.0,"actor_issue, event_incidence, typed_dyadic, case_role and strict_triple measures are separate and must not be summed or called one network centrality",research_only,research,candidate,ai_seeded,not_frontend_ready,"Observed documentation and encoded evidence-layer visibility only; no causal documentation effect, social-network influence, activity strength, alliance, staff capacity, language capacity, or organizational lifespan."
A055,泡瀬干潟を守る連絡会,citizen_network,冲绳本地公民行动,okinawa_local,okinawa_local,informal,informal_unclear_or_program,E3,ai_seeded,2,S030;S142,0,,resolved_s_sources,1,1,1,0,1,0,1,1,2,1,2,2,2,legal_procedural;media,2,2,0,1.0,no,not_measured_actor_owner_crosswalk_missing,no,yes,yes,no,yes,no,not_measured_title_language_is_only_a_trace,2015,2017,2,not_measured,not_measured_record_span_is_not_organizational_lifespan,3,moderate_2to3,thin_0to1,2,2,0,2,0.00357578,0.00362272,0.0,0.00601342,2,0,2,2,1,0,0.0,1,0.0,1,0,0.0,"actor_issue, event_incidence, typed_dyadic, case_role and strict_triple measures are separate and must not be summed or called one network centrality",research_only,research,candidate,ai_seeded,not_frontend_ready,"Observed documentation and encoded evidence-layer visibility only; no causal documentation effect, social-network influence, activity strength, alliance, staff capacity, language capacity, or organizational lifespan."
A056,沖縄環境ネットワーク,citizen_network,冲绳本地公民行动,okinawa_local,okinawa_local,informal_network,informal_unclear_or_program,E3,needs_second_source,1,S033,0,,resolved_s_sources,1,1,1,0,0,0,0,0,1,1,1,1,1,academic_secondary,0,0,1,0.0,no,not_measured_actor_owner_crosswalk_missing,no,yes,no,yes,no,no,not_measured_title_language_is_only_a_trace,2006,2006,0,not_measured,not_measured_record_span_is_not_organizational_lifespan,2,thin_0to1,thin_0to1,2,2,0,2,0.0075232,0.00756309,0.0,0.00941007,2,0,2,2,1,0,0.0,0,0.0,0,0,0.0,"actor_issue, event_incidence, typed_dyadic, case_role and strict_triple measures are separate and must not be summed or called one network centrality",research_only,research,candidate,ai_seeded,not_frontend_ready,"Observed documentation and encoded evidence-layer visibility only; no causal documentation effect, social-network influence, activity strength, alliance, staff capacity, language capacity, or organizational lifespan."
A057,沖縄意見広告運動,citizen_network,冲绳本地公民行动,japan_domestic,nonlocal_or_institutional,informal,informal_unclear_or_program,E3,ai_seeded,1,S034,0,,resolved_s_sources,1,1,1,0,0,0,0,0,1,1,1,1,1,organization_hosted,1,1,0,1.0,yes,not_measured_actor_owner_crosswalk_missing,no,no,no,no,yes,no,not_measured_title_language_is_only_a_trace,2010,2010,0,not_measured,not_measured_record_span_is_not_organizational_lifespan,1,thin_0to1,thin_0to1,2,2,0,2,0.00294716,0.00304941,0.0,0.00342265,2,0,1,1,1,0,0.0,0,0.0,0,0,0.0,"actor_issue, event_incidence, typed_dyadic, case_role and strict_triple measures are separate and must not be summed or called one network centrality",research_only,research,candidate,ai_seeded,not_frontend_ready,"Observed documentation and encoded evidence-layer visibility only; no causal documentation effect, social-network influence, activity strength, alliance, staff capacity, language capacity, or organizational lifespan."
A058,安保廃棄・くらしと民主主義を守る沖縄県統一行動連絡会議,citizen_network,冲绳本地公民行动,okinawa_local,okinawa_local,informal_network,informal_unclear_or_program,E3,needs_second_source,1,S031,0,,resolved_s_sources,0,1,1,0,0,0,0,0,1,1,1,1,1,organization_hosted,1,1,0,1.0,yes,not_measured_actor_owner_crosswalk_missing,no,no,no,no,yes,no,not_measured_title_language_is_only_a_trace,2026,2026,0,not_measured,not_measured_record_span_is_not_organizational_lifespan,1,thin_0to1,thin_0to1,2,2,0,2,0.00294716,0.00304941,0.0,0.00342265,2,0,1,1,1,0,0.0,0,0.0,0,0,0.0,"actor_issue, event_incidence, typed_dyadic, case_role and strict_triple measures are separate and must not be summed or called one network centrality",research_only,research,candidate,ai_seeded,not_frontend_ready,"Observed documentation and encoded evidence-layer visibility only; no causal documentation effect, social-network influence, activity strength, alliance, staff capacity, language capacity, or organizational lifespan."
A059,沖縄「建白書」を実現し未来を拓く島ぐるみ会議,citizen_network,冲绳本地公民行动,okinawa_local,okinawa_local,informal_network,informal_unclear_or_program,E3,ai_seeded,1,S029,0,,resolved_s_sources,1,1,1,0,0,0,0,0,1,1,1,1,1,media,1,1,0,1.0,no,not_measured_actor_owner_crosswalk_missing,no,yes,no,no,yes,no,not_measured_title_language_is_only_a_trace,2015,2015,0,not_measured,not_measured_record_span_is_not_organizational_lifespan,1,thin_0to1,thin_0to1,3,3,0,3,0.00989489,0.00743726,0.0,0.0131094,2,0,6,6,1,0,0.0,0,0.0,0,0,0.0,"actor_issue, event_incidence, typed_dyadic, case_role and strict_triple measures are separate and must not be summed or called one network centrality",research_only,research,candidate,ai_seeded,not_frontend_ready,"Observed documentation and encoded evidence-layer visibility only; no causal documentation effect, social-network influence, activity strength, alliance, staff capacity, language capacity, or organizational lifespan."
A060,高江のヘリパッドいらない住民の会,citizen_group,冲绳本地公民行动,okinawa_local,okinawa_local,informal,informal_unclear_or_program,E3,ai_seeded,1,S028,0,,resolved_s_sources,1,1,1,0,0,0,0,0,1,1,1,1,1,media,1,1,0,1.0,no,not_measured_actor_owner_crosswalk_missing,no,yes,no,no,yes,no,not_measured_title_language_is_only_a_trace,2016,2016,0,not_measured,not_measured_record_span_is_not_organizational_lifespan,1,thin_0to1,thin_0to1,2,2,0,2,0.0075232,0.00756309,0.0,0.00941007,2,0,4,4,1,0,0.0,0,0.0,0,0,0.0,"actor_issue, event_incidence, typed_dyadic, case_role and strict_triple measures are separate and must not be summed or called one network centrality",research_only,research,candidate,ai_seeded,not_frontend_ready,"Observed documentation and encoded evidence-layer visibility only; no causal documentation effect, social-network influence, activity strength, alliance, staff capacity, language capacity, or organizational lifespan."
A061,日本野鳥の会,domestic_japan_ngo,日本国内 NGO／声援,japan_domestic,nonlocal_or_institutional,public_interest_foundation,formal_or_incorporated_guess,E4,ai_seeded,2,S003;S004,0,,resolved_s_sources,2,2,2,2,0,0,0,0,0,2,2,0,1,organization_hosted,2,2,0,1.0,yes,not_measured_actor_owner_crosswalk_missing,no,no,no,no,yes,no,not_measured_title_language_is_only_a_trace,2010,2015,5,not_measured,not_measured_record_span_is_not_organizational_lifespan,3,moderate_2to3,moderate_2to3,1,1,0,1,0.0,0.0,0.0,0.0,1,0,4,2,2,2,0.11191773,0,0.0,0,0,0.0,"actor_issue, event_incidence, typed_dyadic, case_role and strict_triple measures are separate and must not be summed or called one network centrality",research_only,research,candidate,ai_seeded,not_frontend_ready,"Observed documentation and encoded evidence-layer visibility only; no causal documentation effect, social-network influence, activity strength, alliance, staff capacity, language capacity, or organizational lifespan."
A062,日本湿地ネットワーク（JAWAN）,domestic_japan_ngo,日本国内 NGO／声援,japan_domestic,nonlocal_or_institutional,ngo,formal_or_incorporated_guess,E4,ai_seeded,1,S003,0,,resolved_s_sources,1,1,1,1,0,0,0,0,0,1,1,0,1,organization_hosted,1,1,0,1.0,yes,not_measured_actor_owner_crosswalk_missing,no,no,no,no,yes,no,not_measured_title_language_is_only_a_trace,2010,2010,0,not_measured,not_measured_record_span_is_not_organizational_lifespan,1,thin_0to1,thin_0to1,1,1,0,1,0.0,0.0,0.0,0.0,1,0,1,1,1,1,0.0,0,0.0,0,0,0.0,"actor_issue, event_incidence, typed_dyadic, case_role and strict_triple measures are separate and must not be summed or called one network centrality",research_only,research,candidate,ai_seeded,not_frontend_ready,"Observed documentation and encoded evidence-layer visibility only; no causal documentation effect, social-network influence, activity strength, alliance, staff capacity, language capacity, or organizational lifespan."
A063,一坪反戦地主会関東ブロック,citizen_group,冲绳本地公民行动,japan_domestic,nonlocal_or_institutional,informal,informal_unclear_or_program,E3,ai_seeded,1,S038,0,,resolved_s_sources,1,1,1,0,0,0,0,0,1,1,1,1,1,organization_hosted,1,1,0,1.0,yes,not_measured_actor_owner_crosswalk_missing,no,no,no,no,yes,no,not_measured_title_language_is_only_a_trace,1996,1996,0,not_measured,not_measured_record_span_is_not_organizational_lifespan,1,thin_0to1,thin_0to1,2,2,0,2,0.00294716,0.00304941,0.0,0.00342265,2,0,1,1,1,0,0.0,0,0.0,0,0,0.0,"actor_issue, event_incidence, typed_dyadic, case_role and strict_triple measures are separate and must not be summed or called one network centrality",research_only,research,candidate,ai_seeded,not_frontend_ready,"Observed documentation and encoded evidence-layer visibility only; no causal documentation effect, social-network influence, activity strength, alliance, staff capacity, language capacity, or organizational lifespan."
A064,外国軍事基地撤去国際ネットワーク（No Bases Network）,international_advocacy_actor,跨国 NGO／国际倡议,international,nonlocal_or_institutional,network,informal_unclear_or_program,E3,needs_second_source,1,S033,0,,resolved_s_sources,1,1,1,0,0,0,0,0,1,1,1,1,1,academic_secondary,0,0,1,0.0,no,not_measured_actor_owner_crosswalk_missing,no,yes,no,yes,no,no,not_measured_title_language_is_only_a_trace,2006,2006,0,not_measured,not_measured_record_span_is_not_organizational_lifespan,2,thin_0to1,thin_0to1,2,2,0,2,0.01244048,0.01242577,0.0,0.01334351,2,0,2,2,1,0,0.0,0,0.0,0,0,0.0,"actor_issue, event_incidence, typed_dyadic, case_role and strict_triple measures are separate and must not be summed or called one network centrality",research_only,research,candidate,ai_seeded,not_frontend_ready,"Observed documentation and encoded evidence-layer visibility only; no causal documentation effect, social-network influence, activity strength, alliance, staff capacity, language capacity, or organizational lifespan."
A065,南西諸島ピースネット,citizen_network,冲绳本地公民行动,okinawa_local,okinawa_local,informal_network,informal_unclear_or_program,E3,needs_second_source,1,S036,0,,resolved_s_sources,1,1,1,0,0,0,0,0,1,1,1,1,1,media,1,1,0,1.0,no,not_measured_actor_owner_crosswalk_missing,no,yes,no,no,yes,no,not_measured_title_language_is_only_a_trace,2015,2015,0,continuity_unverified,not_measured_record_span_is_not_organizational_lifespan,1,thin_0to1,thin_0to1,3,3,0,3,0.00718416,0.00631499,0.0,0.01017394,2,0,6,6,1,0,0.0,0,0.0,0,0,0.0,"actor_issue, event_incidence, typed_dyadic, case_role and strict_triple measures are separate and must not be summed or called one network centrality",research_only,research,candidate,ai_seeded,not_frontend_ready,"Observed documentation and encoded evidence-layer visibility only; no causal documentation effect, social-network influence, activity strength, alliance, staff capacity, language capacity, or organizational lifespan."
A066,新外交イニシアティブ（ND）,domestic_japan_ngo,日本国内 NGO／声援,japan_domestic,nonlocal_or_institutional,npo,formal_or_incorporated_guess,E4,ai_seeded,1,S032,0,,resolved_s_sources,1,1,1,0,0,0,0,0,1,1,1,1,1,organization_hosted,1,1,0,1.0,yes,not_measured_actor_owner_crosswalk_missing,no,no,no,no,yes,no,not_measured_title_language_is_only_a_trace,2026,2026,0,not_measured,not_measured_record_span_is_not_organizational_lifespan,1,thin_0to1,thin_0to1,3,3,0,3,0.01312093,0.01006778,0.0,0.01779975,3,0,6,6,1,0,0.0,0,0.0,0,0,0.0,"actor_issue, event_incidence, typed_dyadic, case_role and strict_triple measures are separate and must not be summed or called one network centrality",research_only,research,candidate,ai_seeded,not_frontend_ready,"Observed documentation and encoded evidence-layer visibility only; no causal documentation effect, social-network influence, activity strength, alliance, staff capacity, language capacity, or organizational lifespan."
A067,辺野古土砂搬出反対全国連絡協議会,citizen_network,冲绳本地公民行动,japan_domestic,nonlocal_or_institutional,informal_network,informal_unclear_or_program,E3,ai_seeded,1,S040,0,,resolved_s_sources,1,1,1,0,0,0,0,0,1,1,1,1,1,media,1,1,0,1.0,no,not_measured_actor_owner_crosswalk_missing,no,yes,no,no,yes,no,not_measured_title_language_is_only_a_trace,2015,2015,0,not_measured,not_measured_record_span_is_not_organizational_lifespan,1,thin_0to1,thin_0to1,3,3,0,3,0.01228357,0.01237664,0.0,0.01505911,2,0,3,3,1,0,0.0,0,0.0,0,0,0.0,"actor_issue, event_incidence, typed_dyadic, case_role and strict_triple measures are separate and must not be summed or called one network centrality",research_only,research,candidate,ai_seeded,not_frontend_ready,"Observed documentation and encoded evidence-layer visibility only; no causal documentation effect, social-network influence, activity strength, alliance, staff capacity, language capacity, or organizational lifespan."
A068,ヘリポート基地建設の是非を問う名護市民投票推進協議会,citizen_group,冲绳本地公民行动,okinawa_local,okinawa_local,informal,informal_unclear_or_program,E3,ai_seeded,1,S042,0,,resolved_s_sources,1,1,1,1,0,0,0,0,0,1,1,1,1,official_administrative,1,1,0,1.0,no,not_measured_actor_owner_crosswalk_missing,yes,no,no,no,yes,no,not_measured_title_language_is_only_a_trace,1997,1997,0,continuity_unverified,not_measured_record_span_is_not_organizational_lifespan,1,thin_0to1,thin_0to1,3,3,0,3,0.00711674,0.00734839,0.0,0.00951839,2,0,6,6,1,1,0.0,0,0.0,0,0,0.0,"actor_issue, event_incidence, typed_dyadic, case_role and strict_triple measures are separate and must not be summed or called one network centrality",research_only,research,candidate,ai_seeded,not_frontend_ready,"Observed documentation and encoded evidence-layer visibility only; no causal documentation effect, social-network influence, activity strength, alliance, staff capacity, language capacity, or organizational lifespan."
A069,沖縄ジュゴン環境アセスメント監視団,citizen_group,冲绳本地公民行动,okinawa_local,okinawa_local,informal,informal_unclear_or_program,E3,needs_second_source,1,S047,0,,resolved_s_sources,1,1,1,0,0,0,0,0,1,1,1,1,1,official_administrative,1,1,0,1.0,no,not_measured_actor_owner_crosswalk_missing,yes,no,no,no,yes,no,not_measured_title_language_is_only_a_trace,2012,2012,0,continuity_unverified,not_measured_record_span_is_not_organizational_lifespan,1,thin_0to1,thin_0to1,3,3,0,3,0.00648817,0.00652,0.0,0.00736821,2,0,6,6,1,0,0.0,0,0.0,0,0,0.0,"actor_issue, event_incidence, typed_dyadic, case_role and strict_triple measures are separate and must not be summed or called one network centrality",research_only,research,candidate,ai_seeded,not_frontend_ready,"Observed documentation and encoded evidence-layer visibility only; no causal documentation effect, social-network influence, activity strength, alliance, staff capacity, language capacity, or organizational lifespan."
A070,Veterans For Peace Ryukyu/Okinawa Chapter Kokusai (VFP-ROCK),international_advocacy_actor,跨国 NGO／国际倡议,us_origin,nonlocal_or_institutional,chapter,informal_unclear_or_program,E3,needs_second_source,1,S048,0,,resolved_s_sources,1,1,1,0,0,0,0,0,1,1,1,1,1,organization_hosted,1,1,0,1.0,yes,not_measured_actor_owner_crosswalk_missing,no,no,no,yes,no,no,not_measured_title_language_is_only_a_trace,2024,2024,0,not_measured,not_measured_record_span_is_not_organizational_lifespan,2,thin_0to1,thin_0to1,3,3,0,3,0.02726173,0.0275944,0.0,0.02843455,3,0,2,2,1,0,0.0,0,0.0,0,0,0.0,"actor_issue, event_incidence, typed_dyadic, case_role and strict_triple measures are separate and must not be summed or called one network centrality",research_only,research,candidate,ai_seeded,not_frontend_ready,"Observed documentation and encoded evidence-layer visibility only; no causal documentation effect, social-network influence, activity strength, alliance, staff capacity, language capacity, or organizational lifespan."
A071,沖縄から基地をなくし世界の平和を求める市民連絡会,citizen_network,冲绳本地公民行动,okinawa_local,okinawa_local,informal,informal_unclear_or_program,E3,needs_second_source,0,,0,,no_linked_s_source_no_legacy_token,0,0,0,0,0,0,0,0,0,0,0,0,0,,0,0,0,,no,not_measured_actor_owner_crosswalk_missing,no,no,no,no,no,no,not_measured_title_language_is_only_a_trace,,,0,not_measured,not_measured_record_span_is_not_organizational_lifespan,0,thin_0to1,thin_0to1,2,2,0,2,0.00294716,0.00304941,0.0,0.00342265,2,0,0,0,0,0,0.0,0,0.0,0,0,0.0,"actor_issue, event_incidence, typed_dyadic, case_role and strict_triple measures are separate and must not be summed or called one network centrality",research_only,research,candidate,ai_seeded,not_frontend_ready,"Observed documentation and encoded evidence-layer visibility only; no causal documentation effect, social-network influence, activity strength, alliance, staff capacity, language capacity, or organizational lifespan."
A073,琉球沖縄国際支援プログラム,local_international_cooperation_ngo,国际合作／公共外交,okinawa_local,okinawa_local,npo_or_project,formal_or_incorporated_guess,E2,needs_second_source,1,S033,0,,resolved_s_sources,1,0,0,0,0,0,1,1,1,1,1,1,1,academic_secondary,0,0,1,0.0,no,not_measured_actor_owner_crosswalk_missing,no,yes,no,yes,no,no,not_measured_title_language_is_only_a_trace,2006,2006,0,not_measured,not_measured_record_span_is_not_organizational_lifespan,2,thin_0to1,thin_0to1,0,0,0,0,0.0,0.0,0.0,0.0,0,0,0,0,0,0,0.0,0,0.0,0,0,0.0,"actor_issue, event_incidence, typed_dyadic, case_role and strict_triple measures are separate and must not be summed or called one network centrality",research_only,research,candidate,ai_seeded,not_frontend_ready,"Observed documentation and encoded evidence-layer visibility only; no causal documentation effect, social-network influence, activity strength, alliance, staff capacity, language capacity, or organizational lifespan."
A074,沖縄県知事公室基地対策課,public_institution_partner,资助／赞助／公共机构,public_institution,nonlocal_or_institutional,government_office,informal_unclear_or_program,E4,ai_seeded,1,S043,0,,resolved_s_sources,1,1,1,0,0,0,0,0,1,1,1,1,1,official_administrative,1,1,0,1.0,no,not_measured_actor_owner_crosswalk_missing,yes,no,no,no,yes,no,not_measured_title_language_is_only_a_trace,2024,2024,0,not_measured,not_measured_record_span_is_not_organizational_lifespan,1,thin_0to1,thin_0to1,1,1,0,1,0.0,0.0,0.0,0.0,1,0,2,2,1,0,0.0,0,0.0,0,0,0.0,"actor_issue, event_incidence, typed_dyadic, case_role and strict_triple measures are separate and must not be summed or called one network centrality",research_only,research,candidate,ai_seeded,not_frontend_ready,"Observed documentation and encoded evidence-layer visibility only; no causal documentation effect, social-network influence, activity strength, alliance, staff capacity, language capacity, or organizational lifespan."
A075,沖縄防衛局,public_institution_partner,资助／赞助／公共机构,public_institution,nonlocal_or_institutional,government_office,informal_unclear_or_program,E4,ai_seeded,1,S047,0,,resolved_s_sources,1,1,1,0,0,0,0,0,1,1,1,1,1,official_administrative,1,1,0,1.0,no,not_measured_actor_owner_crosswalk_missing,yes,no,no,no,yes,no,not_measured_title_language_is_only_a_trace,2012,2012,0,not_measured,not_measured_record_span_is_not_organizational_lifespan,1,thin_0to1,thin_0to1,1,1,0,1,0.0,0.0,0.0,0.0,1,0,2,2,1,0,0.0,0,0.0,0,0,0.0,"actor_issue, event_incidence, typed_dyadic, case_role and strict_triple measures are separate and must not be summed or called one network centrality",research_only,research,candidate,ai_seeded,not_frontend_ready,"Observed documentation and encoded evidence-layer visibility only; no causal documentation effect, social-network influence, activity strength, alliance, staff capacity, language capacity, or organizational lifespan."
A076,ジュゴン保護基金委員会（Save the Dugong Foundation）,local_civic_actor,冲绳本地公民行动,okinawa_local,okinawa_local,任意団体（法人格待核实）,formal_or_incorporated_guess,E3,needs_second_source,6,S060;S061;S062;S063;S093;S128,0,,resolved_s_sources,4,2,0,1,2,0,4,6,5,4,6,6,2,legal_procedural;media,5,6,0,1.0,no,not_measured_actor_owner_crosswalk_missing,no,yes,yes,yes,yes,yes,not_measured_title_language_is_only_a_trace,2003,2026,23,not_measured,not_measured_record_span_is_not_organizational_lifespan,5,dense_4plus,dense_4plus,3,3,3,0,0.00646852,0.00655226,0.08340653,0.0,3,0,0,0,0,1,0.0,1,0.0,1,0,0.0,"actor_issue, event_incidence, typed_dyadic, case_role and strict_triple measures are separate and must not be summed or called one network centrality",research_only,research,candidate,ai_seeded,not_frontend_ready,"Observed documentation and encoded evidence-layer visibility only; no causal documentation effect, social-network influence, activity strength, alliance, staff capacity, language capacity, or organizational lifespan."
A086,Turtle Island Restoration Network,international_ngo,跨国 NGO／国际倡议,us_origin,nonlocal_or_institutional,ngo,formal_or_incorporated_guess,E4,ai_seeded,5,S060;S093;S128;S228;S229,0,,resolved_s_sources,2,3,0,1,1,0,2,5,4,4,5,5,2,legal_procedural;organization_hosted,4,5,0,1.0,yes,not_measured_actor_owner_crosswalk_missing,no,no,yes,yes,no,no,not_measured_title_language_is_only_a_trace,2003,2023,20,not_measured,not_measured_record_span_is_not_organizational_lifespan,5,dense_4plus,moderate_2to3,4,4,4,0,0.01674625,0.01702714,0.13564729,0.0,3,0,0,0,0,1,0.0,1,0.0,1,0,0.0,"actor_issue, event_incidence, typed_dyadic, case_role and strict_triple measures are separate and must not be summed or called one network centrality",research_only,research,candidate,ai_seeded,not_frontend_ready,"Observed documentation and encoded evidence-layer visibility only; no causal documentation effect, social-network influence, activity strength, alliance, staff capacity, language capacity, or organizational lifespan."
A087,NPO法人世界版「平和の礎」を提案する会,local_npo,冲绳本地公民行动,okinawa_local,okinawa_local,NPO法人,formal_or_incorporated_guess,E4,ai_seeded,1,S103,0,,resolved_s_sources,1,0,0,0,0,0,1,1,1,1,1,1,1,official_administrative,1,1,0,1.0,no,not_measured_actor_owner_crosswalk_missing,yes,no,no,no,yes,no,not_measured_title_language_is_only_a_trace,2026,2026,0,not_measured,not_measured_record_span_is_not_organizational_lifespan,1,thin_0to1,thin_0to1,0,0,0,0,0.0,0.0,0.0,0.0,0,0,0,0,0,0,0.0,0,0.0,0,0,0.0,"actor_issue, event_incidence, typed_dyadic, case_role and strict_triple measures are separate and must not be summed or called one network centrality",research_only,research,candidate,ai_seeded,not_frontend_ready,"Observed documentation and encoded evidence-layer visibility only; no causal documentation effect, social-network influence, activity strength, alliance, staff capacity, language capacity, or organizational lifespan."
A088,特定非営利活動法人沖縄平和協力センター,local_npo,冲绳本地公民行动,okinawa_local,okinawa_local,NPO法人,formal_or_incorporated_guess,E4,ai_seeded,1,S104,0,,resolved_s_sources,1,0,0,0,0,0,1,1,1,1,1,1,1,official_administrative,1,0,1,0.0,no,not_measured_actor_owner_crosswalk_missing,yes,no,no,no,yes,no,not_measured_title_language_is_only_a_trace,2026,2026,0,not_measured,not_measured_record_span_is_not_organizational_lifespan,1,thin_0to1,thin_0to1,0,0,0,0,0.0,0.0,0.0,0.0,0,0,0,0,0,0,0.0,0,0.0,0,0,0.0,"actor_issue, event_incidence, typed_dyadic, case_role and strict_triple measures are separate and must not be summed or called one network centrality",research_only,research,candidate,ai_seeded,not_frontend_ready,"Observed documentation and encoded evidence-layer visibility only; no causal documentation effect, social-network influence, activity strength, alliance, staff capacity, language capacity, or organizational lifespan."
A089,沖縄県教職員組合,labor_union,劳工／教育组织,okinawa_local,okinawa_local,labor_union,informal_unclear_or_program,E4,ai_seeded,1,S105,0,,resolved_s_sources,1,0,0,0,0,0,1,1,1,1,1,1,1,organization_hosted,1,1,0,1.0,yes,not_measured_actor_owner_crosswalk_missing,no,no,no,no,yes,no,not_measured_title_language_is_only_a_trace,2026,2026,0,not_measured,not_measured_record_span_is_not_organizational_lifespan,1,thin_0to1,thin_0to1,0,0,0,0,0.0,0.0,0.0,0.0,0,0,0,0,0,0,0.0,0,0.0,0,0,0.0,"actor_issue, event_incidence, typed_dyadic, case_role and strict_triple measures are separate and must not be summed or called one network centrality",research_only,research,candidate,ai_seeded,not_frontend_ready,"Observed documentation and encoded evidence-layer visibility only; no causal documentation effect, social-network influence, activity strength, alliance, staff capacity, language capacity, or organizational lifespan."
A090,沖縄県高等学校障害児学校教職員組合,labor_union,劳工／教育组织,okinawa_local,okinawa_local,labor_union,informal_unclear_or_program,E4,ai_seeded,1,S106,0,,resolved_s_sources,1,0,0,0,0,0,1,1,1,1,1,1,1,organization_hosted,1,1,0,1.0,yes,not_measured_actor_owner_crosswalk_missing,no,no,no,no,yes,no,not_measured_title_language_is_only_a_trace,2026,2026,0,not_measured,not_measured_record_span_is_not_organizational_lifespan,1,thin_0to1,thin_0to1,0,0,0,0,0.0,0.0,0.0,0.0,0,0,0,0,0,0,0.0,0,0.0,0,0,0.0,"actor_issue, event_incidence, typed_dyadic, case_role and strict_triple measures are separate and must not be summed or called one network centrality",research_only,research,candidate,ai_seeded,not_frontend_ready,"Observed documentation and encoded evidence-layer visibility only; no causal documentation effect, social-network influence, activity strength, alliance, staff capacity, language capacity, or organizational lifespan."
A091,日本労働組合総連合会沖縄県連合会（連合沖縄）,labor_union,劳工／教育组织,okinawa_local,okinawa_local,labor_union_federation,informal_unclear_or_program,E4,ai_seeded,2,S107;S108,0,,resolved_s_sources,2,0,0,0,0,0,2,2,2,2,2,2,1,organization_hosted,1,2,0,1.0,yes,not_measured_actor_owner_crosswalk_missing,no,no,yes,no,yes,no,not_measured_title_language_is_only_a_trace,2026,2026,0,not_measured,not_measured_record_span_is_not_organizational_lifespan,2,moderate_2to3,moderate_2to3,0,0,0,0,0.0,0.0,0.0,0.0,0,0,0,0,0,0,0.0,0,0.0,0,0,0.0,"actor_issue, event_incidence, typed_dyadic, case_role and strict_triple measures are separate and must not be summed or called one network centrality",research_only,research,candidate,ai_seeded,not_frontend_ready,"Observed documentation and encoded evidence-layer visibility only; no causal documentation effect, social-network influence, activity strength, alliance, staff capacity, language capacity, or organizational lifespan."
A092,沖縄県労働組合総連合,labor_union,劳工／教育组织,okinawa_local,okinawa_local,labor_union_federation,informal_unclear_or_program,E4,ai_seeded,1,S109,0,,resolved_s_sources,1,0,0,0,0,0,1,1,1,1,1,1,1,organization_hosted,1,1,0,1.0,yes,not_measured_actor_owner_crosswalk_missing,no,no,no,no,yes,no,not_measured_title_language_is_only_a_trace,2026,2026,0,not_measured,not_measured_record_span_is_not_organizational_lifespan,1,thin_0to1,thin_0to1,0,0,0,0,0.0,0.0,0.0,0.0,0,0,0,0,0,0,0.0,0,0.0,0,0,0.0,"actor_issue, event_incidence, typed_dyadic, case_role and strict_triple measures are separate and must not be summed or called one network centrality",research_only,research,candidate,ai_seeded,not_frontend_ready,"Observed documentation and encoded evidence-layer visibility only; no causal documentation effect, social-network influence, activity strength, alliance, staff capacity, language capacity, or organizational lifespan."
A093,全日本自治団体労働組合沖縄県本部,labor_union,劳工／教育组织,okinawa_local,okinawa_local,labor_union,informal_unclear_or_program,E4,ai_seeded,1,S110,0,,resolved_s_sources,1,0,0,0,0,0,1,1,1,1,1,1,1,organization_hosted,1,1,0,1.0,yes,not_measured_actor_owner_crosswalk_missing,no,no,no,no,yes,no,not_measured_title_language_is_only_a_trace,2026,2026,0,not_measured,not_measured_record_span_is_not_organizational_lifespan,1,thin_0to1,thin_0to1,0,0,0,0,0.0,0.0,0.0,0.0,0,0,0,0,0,0,0.0,0,0.0,0,0,0.0,"actor_issue, event_incidence, typed_dyadic, case_role and strict_triple measures are separate and must not be summed or called one network centrality",research_only,research,candidate,ai_seeded,not_frontend_ready,"Observed documentation and encoded evidence-layer visibility only; no causal documentation effect, social-network influence, activity strength, alliance, staff capacity, language capacity, or organizational lifespan."
A095,止めよう「自衛隊配備」宮古郡民の会,citizen_group,冲绳本地公民行动,okinawa_local,okinawa_local,informal_association,informal_unclear_or_program,E4,ai_seeded,2,S112;S113,0,,resolved_s_sources,2,0,0,0,0,0,2,2,2,2,2,2,2,media;official_administrative,2,2,0,1.0,no,not_measured_actor_owner_crosswalk_missing,yes,yes,no,no,yes,no,not_measured_title_language_is_only_a_trace,2026,2026,0,not_measured,not_measured_record_span_is_not_organizational_lifespan,3,moderate_2to3,moderate_2to3,0,0,0,0,0.0,0.0,0.0,0.0,0,0,0,0,0,0,0.0,0,0.0,0,0,0.0,"actor_issue, event_incidence, typed_dyadic, case_role and strict_triple measures are separate and must not be summed or called one network centrality",research_only,research,candidate,ai_seeded,not_frontend_ready,"Observed documentation and encoded evidence-layer visibility only; no causal documentation effect, social-network influence, activity strength, alliance, staff capacity, language capacity, or organizational lifespan."
A096,宮古平和運動連絡協議会,citizen_network,冲绳本地公民行动,okinawa_local,okinawa_local,informal_network,informal_unclear_or_program,E4,ai_seeded,1,S112,0,,resolved_s_sources,1,0,0,0,0,0,1,1,1,1,1,1,1,official_administrative,1,1,0,1.0,no,not_measured_actor_owner_crosswalk_missing,yes,no,no,no,yes,no,not_measured_title_language_is_only_a_trace,2026,2026,0,not_measured,not_measured_record_span_is_not_organizational_lifespan,1,thin_0to1,thin_0to1,0,0,0,0,0.0,0.0,0.0,0.0,0,0,0,0,0,0,0.0,0,0.0,0,0,0.0,"actor_issue, event_incidence, typed_dyadic, case_role and strict_triple measures are separate and must not be summed or called one network centrality",research_only,research,candidate,ai_seeded,not_frontend_ready,"Observed documentation and encoded evidence-layer visibility only; no causal documentation effect, social-network influence, activity strength, alliance, staff capacity, language capacity, or organizational lifespan."
A097,宮古島環境クラブ,local_civic_actor,冲绳本地公民行动,okinawa_local,okinawa_local,informal_association,informal_unclear_or_program,E4,ai_seeded,1,S114,0,,resolved_s_sources,1,0,0,0,0,0,1,1,1,1,1,1,1,organization_hosted,1,1,0,1.0,yes,not_measured_actor_owner_crosswalk_missing,no,no,no,no,yes,no,not_measured_title_language_is_only_a_trace,2026,2026,0,not_measured,not_measured_record_span_is_not_organizational_lifespan,1,thin_0to1,thin_0to1,0,0,0,0,0.0,0.0,0.0,0.0,0,0,0,0,0,0,0.0,0,0.0,0,0,0.0,"actor_issue, event_incidence, typed_dyadic, case_role and strict_triple measures are separate and must not be summed or called one network centrality",research_only,research,candidate,ai_seeded,not_frontend_ready,"Observed documentation and encoded evidence-layer visibility only; no causal documentation effect, social-network influence, activity strength, alliance, staff capacity, language capacity, or organizational lifespan."
A098,特定非営利活動法人宮古島海の環境ネットワーク,local_npo,冲绳本地公民行动,okinawa_local,okinawa_local,NPO法人,formal_or_incorporated_guess,E4,ai_seeded,1,S115,0,,resolved_s_sources,1,0,0,0,0,0,1,1,1,1,1,1,1,organization_hosted,1,1,0,1.0,yes,not_measured_actor_owner_crosswalk_missing,no,no,no,no,yes,no,not_measured_title_language_is_only_a_trace,2026,2026,0,not_measured,not_measured_record_span_is_not_organizational_lifespan,1,thin_0to1,thin_0to1,0,0,0,0,0.0,0.0,0.0,0.0,0,0,0,0,0,0,0.0,0,0.0,0,0,0.0,"actor_issue, event_incidence, typed_dyadic, case_role and strict_triple measures are separate and must not be summed or called one network centrality",research_only,research,candidate,ai_seeded,not_frontend_ready,"Observed documentation and encoded evidence-layer visibility only; no causal documentation effect, social-network influence, activity strength, alliance, staff capacity, language capacity, or organizational lifespan."
A099,有機フッ素化合物（PFAS）汚染から市民の生命を守る連絡会,citizen_network,冲绳本地公民行动,okinawa_local,okinawa_local,informal_network,informal_unclear_or_program,E4,ai_seeded,2,S116;S117,0,,resolved_s_sources,2,0,0,0,0,0,2,2,2,2,2,2,2,official_administrative;organization_hosted,2,1,1,0.5,yes,not_measured_actor_owner_crosswalk_missing,yes,no,no,no,yes,no,not_measured_title_language_is_only_a_trace,2026,2026,0,not_measured,not_measured_record_span_is_not_organizational_lifespan,3,moderate_2to3,moderate_2to3,0,0,0,0,0.0,0.0,0.0,0.0,0,0,0,0,0,0,0.0,0,0.0,0,0,0.0,"actor_issue, event_incidence, typed_dyadic, case_role and strict_triple measures are separate and must not be summed or called one network centrality",research_only,research,candidate,ai_seeded,not_frontend_ready,"Observed documentation and encoded evidence-layer visibility only; no causal documentation effect, social-network influence, activity strength, alliance, staff capacity, language capacity, or organizational lifespan."
A100,ミサイル配備から命を守るうるま市民の会,citizen_group,冲绳本地公民行动,okinawa_local,okinawa_local,informal_association,informal_unclear_or_program,E4,ai_seeded,2,S118;S119,0,,resolved_s_sources,2,0,0,0,0,0,2,2,2,2,2,2,2,media;official_administrative,2,1,1,0.5,no,not_measured_actor_owner_crosswalk_missing,yes,yes,no,no,yes,no,not_measured_title_language_is_only_a_trace,2026,2026,0,not_measured,not_measured_record_span_is_not_organizational_lifespan,3,moderate_2to3,moderate_2to3,0,0,0,0,0.0,0.0,0.0,0.0,0,0,0,0,0,0,0.0,0,0.0,0,0,0.0,"actor_issue, event_incidence, typed_dyadic, case_role and strict_triple measures are separate and must not be summed or called one network centrality",research_only,research,candidate,ai_seeded,not_frontend_ready,"Observed documentation and encoded evidence-layer visibility only; no causal documentation effect, social-network influence, activity strength, alliance, staff capacity, language capacity, or organizational lifespan."
A101,沖縄・琉球弧の声を届ける会,citizen_network,冲绳本地公民行动,okinawa_local,okinawa_local,informal_network,informal_unclear_or_program,E4,ai_seeded,1,S120,0,,resolved_s_sources,1,0,0,0,0,0,1,1,1,1,1,1,1,organization_hosted,1,0,1,0.0,yes,not_measured_actor_owner_crosswalk_missing,no,no,no,no,yes,no,not_measured_title_language_is_only_a_trace,2026,2026,0,not_measured,not_measured_record_span_is_not_organizational_lifespan,1,thin_0to1,thin_0to1,0,0,0,0,0.0,0.0,0.0,0.0,0,0,0,0,0,0,0.0,0,0.0,0,0,0.0,"actor_issue, event_incidence, typed_dyadic, case_role and strict_triple measures are separate and must not be summed or called one network centrality",research_only,research,candidate,ai_seeded,not_frontend_ready,"Observed documentation and encoded evidence-layer visibility only; no causal documentation effect, social-network influence, activity strength, alliance, staff capacity, language capacity, or organizational lifespan."
A102,全国公害弁護団連絡会議,lawyers_network,法律／制度程序,japan_domestic,nonlocal_or_institutional,lawyers_network,informal_unclear_or_program,E4,human_checked,1,S121,0,,resolved_s_sources,1,1,0,0,0,0,0,1,1,1,1,1,1,organization_hosted,1,1,0,1.0,yes,not_measured_actor_owner_crosswalk_missing,no,no,no,no,yes,no,not_measured_title_language_is_only_a_trace,2026,2026,0,not_measured,not_measured_record_span_is_not_organizational_lifespan,1,thin_0to1,thin_0to1,4,4,4,0,0.00463365,0.00472238,0.02937748,0.0,3,0,0,0,0,0,0.0,0,0.0,0,0,0.0,"actor_issue, event_incidence, typed_dyadic, case_role and strict_triple measures are separate and must not be summed or called one network centrality",research_only,research,candidate,ai_seeded,not_frontend_ready,"Observed documentation and encoded evidence-layer visibility only; no causal documentation effect, social-network influence, activity strength, alliance, staff capacity, language capacity, or organizational lifespan."
A103,全国基地爆音訴訟原告団連絡会議,citizen_network,冲绳本地公民行动,japan_domestic,nonlocal_or_institutional,informal_network,informal_unclear_or_program,E4,human_checked,2,S122;S123,0,,resolved_s_sources,2,2,0,0,0,2,0,2,2,2,0,2,2,organization_hosted;other,1,2,0,1.0,yes,not_measured_actor_owner_crosswalk_missing,no,no,yes,no,yes,no,not_measured_title_language_is_only_a_trace,2026,2026,0,not_measured,not_measured_record_span_is_not_organizational_lifespan,2,moderate_2to3,moderate_2to3,4,4,4,0,0.0103401,0.01064627,0.06710563,0.0,3,0,0,0,0,0,0.0,0,0.0,0,2,0.04395604,"actor_issue, event_incidence, typed_dyadic, case_role and strict_triple measures are separate and must not be summed or called one network centrality",research_only,research,candidate,ai_seeded,not_frontend_ready,"Observed documentation and encoded evidence-layer visibility only; no causal documentation effect, social-network influence, activity strength, alliance, staff capacity, language capacity, or organizational lifespan."
A104,普天間基地爆音訴訟弁護団,lawyers_network,法律／制度程序,okinawa_local,okinawa_local,litigation_team,informal_unclear_or_program,E4,human_checked,1,S124,0,,resolved_s_sources,1,1,0,0,0,1,0,1,1,1,0,1,1,legal_procedural,1,1,0,1.0,no,not_measured_actor_owner_crosswalk_missing,no,no,yes,no,yes,no,not_measured_title_language_is_only_a_trace,2026,2026,0,not_measured,not_measured_record_span_is_not_organizational_lifespan,1,thin_0to1,thin_0to1,4,4,4,0,0.0103401,0.01064627,0.06710563,0.0,3,0,0,0,0,0,0.0,0,0.0,0,1,0.0,"actor_issue, event_incidence, typed_dyadic, case_role and strict_triple measures are separate and must not be summed or called one network centrality",research_only,research,candidate,ai_seeded,not_frontend_ready,"Observed documentation and encoded evidence-layer visibility only; no causal documentation effect, social-network influence, activity strength, alliance, staff capacity, language capacity, or organizational lifespan."
A105,日本YWCA,womens_organization,女性／人权／社区,japan_domestic,nonlocal_or_institutional,public_interest_foundation,formal_or_incorporated_guess,E4,human_checked,3,S125;S144;S145,0,,resolved_s_sources,1,1,0,0,0,2,2,3,3,3,1,3,1,organization_hosted,1,3,0,1.0,yes,not_measured_actor_owner_crosswalk_missing,no,no,no,no,yes,no,not_measured_title_language_is_only_a_trace,2022,2026,4,not_measured,not_measured_record_span_is_not_organizational_lifespan,2,moderate_2to3,thin_0to1,4,4,4,0,0.00992346,0.01017537,0.05952416,0.0,2,0,0,0,0,0,0.0,0,0.0,0,1,0.0,"actor_issue, event_incidence, typed_dyadic, case_role and strict_triple measures are separate and must not be summed or called one network centrality",research_only,research,candidate,ai_seeded,not_frontend_ready,"Observed documentation and encoded evidence-layer visibility only; no causal documentation effect, social-network influence, activity strength, alliance, staff capacity, language capacity, or organizational lifespan."
A106,辺野古の海を土砂で埋めるな！首都圏連絡会,citizen_network,冲绳本地公民行动,japan_domestic,nonlocal_or_institutional,informal_network,informal_unclear_or_program,E4,human_checked,2,S126;S127,0,,resolved_s_sources,2,2,0,0,0,0,0,2,2,2,2,2,1,organization_hosted,2,2,0,1.0,yes,not_measured_actor_owner_crosswalk_missing,no,no,no,no,yes,no,not_measured_title_language_is_only_a_trace,2026,2026,0,not_measured,not_measured_record_span_is_not_organizational_lifespan,2,moderate_2to3,moderate_2to3,4,4,4,0,0.01959483,0.02003642,0.04561579,0.0,3,0,0,0,0,0,0.0,0,0.0,0,0,0.0,"actor_issue, event_incidence, typed_dyadic, case_role and strict_triple measures are separate and must not be summed or called one network centrality",research_only,research,candidate,ai_seeded,not_frontend_ready,"Observed documentation and encoded evidence-layer visibility only; no causal documentation effect, social-network influence, activity strength, alliance, staff capacity, language capacity, or organizational lifespan."
A107,沖縄YWCA,womens_organization,女性／人权／社区,okinawa_local,okinawa_local,association_or_regional_ywca,informal_unclear_or_program,E3,human_checked,3,S144;S145;S295,0,,resolved_s_sources,2,2,2,0,0,2,1,1,3,3,1,3,2,media;organization_hosted,2,3,0,1.0,yes,not_measured_actor_owner_crosswalk_missing,no,yes,no,no,yes,no,not_measured_title_language_is_only_a_trace,2016,2026,10,not_measured,not_measured_record_span_is_not_organizational_lifespan,4,moderate_2to3,moderate_2to3,4,4,4,0,0.00976986,0.00996432,0.05744854,0.0,2,0,2,1,2,0,0.0,0,0.0,0,1,0.0,"actor_issue, event_incidence, typed_dyadic, case_role and strict_triple measures are separate and must not be summed or called one network centrality",research_only,research,candidate,ai_seeded,not_frontend_ready,"Observed documentation and encoded evidence-layer visibility only; no causal documentation effect, social-network influence, activity strength, alliance, staff capacity, language capacity, or organizational lifespan."
A108,沖縄を再び戦場にさせない県民の会,citizen_network,冲绳本地公民行动,okinawa_local,okinawa_local,informal_network,informal_unclear_or_program,E4,human_checked,3,S146;S147;S148,0,,resolved_s_sources,3,3,3,1,0,0,0,0,2,3,3,3,2,media;organization_hosted,3,2,1,0.667,yes,not_measured_actor_owner_crosswalk_missing,no,yes,no,no,yes,no,not_measured_title_language_is_only_a_trace,2023,2023,0,not_measured,not_measured_record_span_is_not_organizational_lifespan,3,moderate_2to3,moderate_2to3,4,4,4,0,0.02076952,0.02120245,0.10465116,0.0,2,0,9,3,3,1,0.0,0,0.0,0,0,0.0,"actor_issue, event_incidence, typed_dyadic, case_role and strict_triple measures are separate and must not be summed or called one network centrality",research_only,research,candidate,ai_seeded,not_frontend_ready,"Observed documentation and encoded evidence-layer visibility only; no causal documentation effect, social-network influence, activity strength, alliance, staff capacity, language capacity, or organizational lifespan."
A109,第4次嘉手納基地爆音差止訴訟弁護団,lawyers_network,法律／制度程序,okinawa_local,okinawa_local,litigation_team,informal_unclear_or_program,E4,human_checked,4,S149;S150;S151;S152,0,,resolved_s_sources,4,4,2,1,0,3,0,2,3,4,1,4,3,legal_procedural;media;organization_hosted,4,3,1,0.75,yes,not_measured_actor_owner_crosswalk_missing,no,yes,yes,no,yes,no,not_measured_title_language_is_only_a_trace,2022,2026,4,not_measured,not_measured_record_span_is_not_organizational_lifespan,5,dense_4plus,dense_4plus,4,4,4,0,0.0103401,0.01064627,0.06710563,0.0,3,0,8,4,2,1,0.0,0,0.0,0,1,0.0,"actor_issue, event_incidence, typed_dyadic, case_role and strict_triple measures are separate and must not be summed or called one network centrality",research_only,research,candidate,ai_seeded,not_frontend_ready,"Observed documentation and encoded evidence-layer visibility only; no causal documentation effect, social-network influence, activity strength, alliance, staff capacity, language capacity, or organizational lifespan."
A110,辺野古に基地を絶対つくらせない大阪行動,citizen_group,冲绳本地公民行动,japan_domestic,nonlocal_or_institutional,informal_association,informal_unclear_or_program,E3,human_checked,2,S153;S154,0,,resolved_s_sources,2,2,2,0,0,0,0,0,2,2,2,2,2,media;organization_hosted,2,1,1,0.5,yes,not_measured_actor_owner_crosswalk_missing,no,yes,no,no,yes,no,not_measured_title_language_is_only_a_trace,2014,2026,12,not_measured,not_measured_record_span_is_not_organizational_lifespan,4,moderate_2to3,moderate_2to3,4,4,4,0,0.01306748,0.01336624,0.05591093,0.0,2,0,4,2,2,0,0.0,0,0.0,0,0,0.0,"actor_issue, event_incidence, typed_dyadic, case_role and strict_triple measures are separate and must not be summed or called one network centrality",research_only,research,candidate,ai_seeded,not_frontend_ready,"Observed documentation and encoded evidence-layer visibility only; no causal documentation effect, social-network influence, activity strength, alliance, staff capacity, language capacity, or organizational lifespan."
A111,沖縄県女性団体連絡協議会,womens_organization,女性／人权／社区,okinawa_local,okinawa_local,informal_network,informal_unclear_or_program,E4,human_checked,6,S200;S201;S206;S207;S208;S209,0,,resolved_s_sources,6,2,2,1,0,0,4,4,5,6,6,6,3,media;official_administrative;organization_hosted,5,6,0,1.0,yes,not_measured_actor_owner_crosswalk_missing,yes,yes,no,no,yes,no,not_measured_title_language_is_only_a_trace,2004,2024,20,not_measured,not_measured_record_span_is_not_organizational_lifespan,5,dense_4plus,dense_4plus,4,4,4,0,0.00976986,0.00996432,0.05744854,0.0,2,0,2,1,2,1,0.0,0,0.0,0,0,0.0,"actor_issue, event_incidence, typed_dyadic, case_role and strict_triple measures are separate and must not be summed or called one network centrality",research_only,research,candidate,ai_seeded,not_frontend_ready,"Observed documentation and encoded evidence-layer visibility only; no causal documentation effect, social-network influence, activity strength, alliance, staff capacity, language capacity, or organizational lifespan."
A112,宮古島地下水研究会,citizen_group,冲绳本地公民行动,okinawa_local,okinawa_local,informal_association,informal_unclear_or_program,E4,human_checked,6,S158;S204;S269;S270;S271;S272,0,,resolved_s_sources,6,5,3,0,0,0,1,3,6,6,6,6,3,media;official_administrative;organization_hosted,3,6,0,1.0,yes,not_measured_actor_owner_crosswalk_missing,yes,yes,no,no,yes,no,not_measured_title_language_is_only_a_trace,2020,2026,6,not_measured,not_measured_record_span_is_not_organizational_lifespan,5,dense_4plus,dense_4plus,4,4,0,4,0.00545231,0.00545351,0.0,0.00886452,2,0,4,3,3,0,0.0,0,0.0,0,0,0.0,"actor_issue, event_incidence, typed_dyadic, case_role and strict_triple measures are separate and must not be summed or called one network centrality",research_only,research,candidate,ai_seeded,not_frontend_ready,"Observed documentation and encoded evidence-layer visibility only; no causal documentation effect, social-network influence, activity strength, alliance, staff capacity, language capacity, or organizational lifespan."
A113,宜野湾ちゅら水会,citizen_group,冲绳本地公民行动,okinawa_local,okinawa_local,informal,informal_unclear_or_program,E4,human_checked,7,S273;S274;S275;S276;S277;S278;S279,0,,resolved_s_sources,7,6,5,0,0,0,1,2,7,7,7,7,2,media;official_administrative,5,7,0,1.0,no,not_measured_actor_owner_crosswalk_missing,yes,yes,yes,no,yes,no,not_measured_title_language_is_only_a_trace,2021,2026,5,not_measured,not_measured_record_span_is_not_organizational_lifespan,5,dense_4plus,dense_4plus,5,5,0,5,0.02134087,0.02182462,0.0,0.03896353,3,0,19,9,5,0,0.0,0,0.0,0,0,0.0,"actor_issue, event_incidence, typed_dyadic, case_role and strict_triple measures are separate and must not be summed or called one network centrality",research_only,research,candidate,ai_seeded,not_frontend_ready,"Observed documentation and encoded evidence-layer visibility only; no causal documentation effect, social-network influence, activity strength, alliance, staff capacity, language capacity, or organizational lifespan."
A114,全日本港湾労働組合沖縄地方本部,labor_union,劳工／教育组织,okinawa_local,okinawa_local,labor_union,informal_unclear_or_program,E4,human_checked,6,S284;S285;S286;S287;S288;S289,0,,resolved_s_sources,6,4,2,0,0,0,2,4,6,6,6,6,4,legal_procedural;media;official_administrative;organization_hosted,6,6,0,1.0,yes,not_measured_actor_owner_crosswalk_missing,yes,yes,yes,no,yes,no,not_measured_title_language_is_only_a_trace,2014,2026,12,not_measured,not_measured_record_span_is_not_organizational_lifespan,6,dense_4plus,dense_4plus,5,5,0,5,0.03995516,0.03757942,0.0,0.05710286,3,0,4,2,2,0,0.0,0,0.0,0,0,0.0,"actor_issue, event_incidence, typed_dyadic, case_role and strict_triple measures are separate and must not be summed or called one network centrality",research_only,research,candidate,ai_seeded,not_frontend_ready,"Observed documentation and encoded evidence-layer visibility only; no causal documentation effect, social-network influence, activity strength, alliance, staff capacity, language capacity, or organizational lifespan."
A115,新日本婦人の会沖縄県本部,womens_organization,女性／人权／社区,okinawa_local,okinawa_local,informal_association,informal_unclear_or_program,E4,human_checked,5,S254;S280;S281;S282;S283,0,,resolved_s_sources,5,5,1,0,0,0,0,4,5,5,5,5,3,media;official_administrative;organization_hosted,3,5,0,1.0,yes,not_measured_actor_owner_crosswalk_missing,yes,yes,yes,no,yes,no,not_measured_title_language_is_only_a_trace,2008,2026,18,not_measured,not_measured_record_span_is_not_organizational_lifespan,6,dense_4plus,dense_4plus,5,5,0,5,0.01766221,0.01807594,0.0,0.04574858,3,0,2,2,1,0,0.0,0,0.0,0,0,0.0,"actor_issue, event_incidence, typed_dyadic, case_role and strict_triple measures are separate and must not be summed or called one network centrality",research_only,research,candidate,ai_seeded,not_frontend_ready,"Observed documentation and encoded evidence-layer visibility only; no causal documentation effect, social-network influence, activity strength, alliance, staff capacity, language capacity, or organizational lifespan."
X001,USO Okinawa,base_community_service_actor,基地社区服务／慈善,us_origin,nonlocal_or_institutional,not_for_profit,informal_unclear_or_program,E3,ai_seeded,4,S053;S077;S097;S098,1,X001,unresolved_legacy_token,0,0,0,0,0,4,4,4,4,4,0,4,2,media;organization_hosted,2,4,0,1.0,yes,not_measured_actor_owner_crosswalk_missing,no,yes,no,yes,no,no,not_measured_title_language_is_only_a_trace,2020,2026,6,not_measured,not_measured_record_span_is_not_organizational_lifespan,5,dense_4plus,thin_0to1,2,2,0,2,0.00147638,0.00152381,0.0,0.00232964,1,0,0,0,0,0,0.0,0,0.0,0,3,0.06593407,"actor_issue, event_incidence, typed_dyadic, case_role and strict_triple measures are separate and must not be summed or called one network centrality",research_only,research,candidate,ai_seeded,not_frontend_ready,"Observed documentation and encoded evidence-layer visibility only; no causal documentation effect, social-network influence, activity strength, alliance, staff capacity, language capacity, or organizational lifespan."
X002,Phoenix Corporation / Phoenix Park Hotel,local_business_sponsor,资助／赞助／公共机构,corporate,nonlocal_or_institutional,company,informal_unclear_or_program,E4,ai_seeded,0,,1,X002,unresolved_legacy_token,0,0,0,0,0,0,0,0,0,0,0,0,0,,0,0,0,,no,not_measured_actor_owner_crosswalk_missing,no,no,no,no,no,no,not_measured_title_language_is_only_a_trace,,,0,not_measured,not_measured_record_span_is_not_organizational_lifespan,0,thin_0to1,thin_0to1,1,1,0,1,0.0,0.0,0.0,0.0,1,0,0,0,0,0,0.0,0,0.0,0,0,0.0,"actor_issue, event_incidence, typed_dyadic, case_role and strict_triple measures are separate and must not be summed or called one network centrality",research_only,research,candidate,ai_seeded,not_frontend_ready,"Observed documentation and encoded evidence-layer visibility only; no causal documentation effect, social-network influence, activity strength, alliance, staff capacity, language capacity, or organizational lifespan."
X003,American Engineering Corporation AEC,corporate_sponsor,资助／赞助／公共机构,corporate,nonlocal_or_institutional,company,informal_unclear_or_program,E3,ai_seeded,2,S097;S098,1,X003,unresolved_legacy_token,0,0,0,0,0,2,2,2,2,2,0,2,2,media;organization_hosted,2,2,0,1.0,yes,not_measured_actor_owner_crosswalk_missing,no,yes,no,yes,no,no,not_measured_title_language_is_only_a_trace,2026,2026,0,not_measured,not_measured_record_span_is_not_organizational_lifespan,4,moderate_2to3,thin_0to1,1,1,0,1,0.0,0.0,0.0,0.0,1,0,0,0,0,0,0.0,0,0.0,0,1,0.0,"actor_issue, event_incidence, typed_dyadic, case_role and strict_triple measures are separate and must not be summed or called one network centrality",research_only,research,candidate,ai_seeded,not_frontend_ready,"Observed documentation and encoded evidence-layer visibility only; no causal documentation effect, social-network influence, activity strength, alliance, staff capacity, language capacity, or organizational lifespan."
X004,American Welfare & Works Association (AWWA / 米国福祉事業協会),base_spouse_charity_network,基地社区服务／慈善,us_origin,nonlocal_or_institutional,registered_nonprofit（EIN 98-0227149 pending Form 990 check）,formal_or_incorporated_guess,E4,human_revised,10,S041;S055;S072;S073;S074;S075;S077;S078;S079;S081,0,,resolved_s_sources,6,5,3,0,0,7,5,7,10,10,3,10,4,funding_nonprofit_record;media;official_administrative;organization_hosted,9,9,1,0.9,yes,not_measured_actor_owner_crosswalk_missing,yes,yes,no,yes,no,no,not_measured_title_language_is_only_a_trace,2009,2026,17,not_measured,not_measured_record_span_is_not_organizational_lifespan,6,dense_4plus,dense_4plus,2,2,2,0,0.00147638,0.00152381,0.00528541,0.0,1,0,5,2,3,0,0.0,0,0.0,0,7,0.1978022,"actor_issue, event_incidence, typed_dyadic, case_role and strict_triple measures are separate and must not be summed or called one network centrality",research_only,research,candidate,ai_seeded,not_frontend_ready,"Observed documentation and encoded evidence-layer visibility only; no causal documentation effect, social-network influence, activity strength, alliance, staff capacity, language capacity, or organizational lifespan."
X005,Naval Officers' Spouses' Club of Okinawa NOSCO,base_spouse_club,基地社区服务／慈善,us_origin,nonlocal_or_institutional,club/private_org,informal_unclear_or_program,E4,human_checked,3,S041;S055;S072,0,,resolved_s_sources,1,1,1,0,0,3,2,2,3,3,0,3,2,official_administrative;organization_hosted,3,3,0,1.0,yes,not_measured_actor_owner_crosswalk_missing,yes,no,no,yes,no,no,not_measured_title_language_is_only_a_trace,2012,2026,14,not_measured,not_measured_record_span_is_not_organizational_lifespan,5,moderate_2to3,thin_0to1,1,1,1,0,0.0,0.0,0.0,0.0,1,0,1,1,1,0,0.0,0,0.0,0,1,0.0,"actor_issue, event_incidence, typed_dyadic, case_role and strict_triple measures are separate and must not be summed or called one network centrality",research_only,research,candidate,ai_seeded,not_frontend_ready,"Observed documentation and encoded evidence-layer visibility only; no causal documentation effect, social-network influence, activity strength, alliance, staff capacity, language capacity, or organizational lifespan."
X006,Kadena Officers' Spouses' Club KOSC,base_spouse_club,基地社区服务／慈善,us_origin,nonlocal_or_institutional,registered_nonprofit（EIN 98-0214323）,formal_or_incorporated_guess,E4,human_checked,5,S041;S055;S072;S075;S076,0,,resolved_s_sources,2,2,2,0,0,4,3,3,5,5,1,5,3,funding_nonprofit_record;official_administrative;organization_hosted,5,5,0,1.0,yes,not_measured_actor_owner_crosswalk_missing,yes,no,no,yes,no,no,not_measured_title_language_is_only_a_trace,2012,2026,14,not_measured,not_measured_record_span_is_not_organizational_lifespan,5,dense_4plus,moderate_2to3,1,1,1,0,0.0,0.0,0.0,0.0,1,0,2,1,2,0,0.0,0,0.0,0,2,0.0,"actor_issue, event_incidence, typed_dyadic, case_role and strict_triple measures are separate and must not be summed or called one network centrality",research_only,research,candidate,ai_seeded,not_frontend_ready,"Observed documentation and encoded evidence-layer visibility only; no causal documentation effect, social-network influence, activity strength, alliance, staff capacity, language capacity, or organizational lifespan."
X007,Okinawa Enlisted Spouses' Club (OESC),base_spouse_club,基地社区服务／慈善,us_origin,nonlocal_or_institutional,501c3（EIN 98-0346507）,informal_unclear_or_program,E4,human_checked,4,S041;S053;S054;S055,0,,resolved_s_sources,3,2,2,0,0,3,2,2,4,4,1,4,3,funding_nonprofit_record;media;organization_hosted,4,4,0,1.0,yes,not_measured_actor_owner_crosswalk_missing,no,yes,no,yes,no,no,not_measured_title_language_is_only_a_trace,2024,2026,2,not_measured,not_measured_record_span_is_not_organizational_lifespan,4,dense_4plus,moderate_2to3,1,1,1,0,0.0,0.0,0.0,0.0,1,0,2,1,2,0,0.0,0,0.0,0,2,0.0,"actor_issue, event_incidence, typed_dyadic, case_role and strict_triple measures are separate and must not be summed or called one network centrality",research_only,research,candidate,ai_seeded,not_frontend_ready,"Observed documentation and encoded evidence-layer visibility only; no causal documentation effect, social-network influence, activity strength, alliance, staff capacity, language capacity, or organizational lifespan."
X008,American Red Cross Okinawa,base_community_service_actor,基地社区服务／慈善,us_origin,nonlocal_or_institutional,nonprofit_or_base_office,formal_or_incorporated_guess,E4,ai_seeded,0,,1,X008,unresolved_legacy_token,0,0,0,0,0,0,0,0,0,0,0,0,0,,0,0,0,,no,not_measured_actor_owner_crosswalk_missing,no,no,no,no,no,no,not_measured_title_language_is_only_a_trace,,,0,not_measured,not_measured_record_span_is_not_organizational_lifespan,0,thin_0to1,thin_0to1,1,1,0,1,0.0,0.0,0.0,0.0,1,0,0,0,0,0,0.0,0,0.0,0,0,0.0,"actor_issue, event_incidence, typed_dyadic, case_role and strict_triple measures are separate and must not be summed or called one network centrality",research_only,research,candidate,ai_seeded,not_frontend_ready,"Observed documentation and encoded evidence-layer visibility only; no causal documentation effect, social-network influence, activity strength, alliance, staff capacity, language capacity, or organizational lifespan."
X009,Navy-Marine Corps Relief Society Okinawa,base_community_service_actor,基地社区服务／慈善,us_origin,nonlocal_or_institutional,nonprofit_or_base_office,formal_or_incorporated_guess,E4,ai_seeded,0,,1,X009,unresolved_legacy_token,0,0,0,0,0,0,0,0,0,0,0,0,0,,0,0,0,,no,not_measured_actor_owner_crosswalk_missing,no,no,no,no,no,no,not_measured_title_language_is_only_a_trace,,,0,not_measured,not_measured_record_span_is_not_organizational_lifespan,0,thin_0to1,thin_0to1,1,1,0,1,0.0,0.0,0.0,0.0,1,0,0,0,0,0,0.0,0,0.0,0,0,0.0,"actor_issue, event_incidence, typed_dyadic, case_role and strict_triple measures are separate and must not be summed or called one network centrality",research_only,research,candidate,ai_seeded,not_frontend_ready,"Observed documentation and encoded evidence-layer visibility only; no causal documentation effect, social-network influence, activity strength, alliance, staff capacity, language capacity, or organizational lifespan."
X010,沖縄NGOセンター,local_international_cooperation_ngo,国际合作／公共外交,okinawa_local,okinawa_local,npo_or_ngo,formal_or_incorporated_guess,E4,ai_seeded,0,,2,X010;X011,unresolved_legacy_token,0,0,0,0,0,0,0,0,0,0,0,0,0,,0,0,0,,no,not_measured_actor_owner_crosswalk_missing,no,no,no,no,no,no,not_measured_title_language_is_only_a_trace,,,0,not_measured,not_measured_record_span_is_not_organizational_lifespan,0,thin_0to1,thin_0to1,1,1,0,1,0.0,0.0,0.0,0.0,1,0,0,0,0,0,0.0,0,0.0,0,0,0.0,"actor_issue, event_incidence, typed_dyadic, case_role and strict_triple measures are separate and must not be summed or called one network centrality",research_only,research,candidate,ai_seeded,not_frontend_ready,"Observed documentation and encoded evidence-layer visibility only; no causal documentation effect, social-network influence, activity strength, alliance, staff capacity, language capacity, or organizational lifespan."
X011,JICA沖縄,public_institution_partner,资助／赞助／公共机构,public_institution,nonlocal_or_institutional,public_institution,informal_unclear_or_program,E4,ai_seeded,0,,1,X011,unresolved_legacy_token,0,0,0,0,0,0,0,0,0,0,0,0,0,,0,0,0,,no,not_measured_actor_owner_crosswalk_missing,no,no,no,no,no,no,not_measured_title_language_is_only_a_trace,,,0,not_measured,not_measured_record_span_is_not_organizational_lifespan,0,thin_0to1,thin_0to1,1,1,0,1,0.0,0.0,0.0,0.0,1,0,0,0,0,0,0.0,0,0.0,0,0,0.0,"actor_issue, event_incidence, typed_dyadic, case_role and strict_triple measures are separate and must not be summed or called one network centrality",research_only,research,candidate,ai_seeded,not_frontend_ready,"Observed documentation and encoded evidence-layer visibility only; no causal documentation effect, social-network influence, activity strength, alliance, staff capacity, language capacity, or organizational lifespan."
X012,TOMODACHI Initiative,public_diplomacy_or_exchange_actor,国际合作／公共外交,mixed_or_network,nonlocal_or_institutional,public_private_partnership,informal_unclear_or_program,E4,ai_seeded,0,,1,X012,unresolved_legacy_token,0,0,0,0,0,0,0,0,0,0,0,0,0,,0,0,0,,no,not_measured_actor_owner_crosswalk_missing,no,no,no,no,no,no,not_measured_title_language_is_only_a_trace,,,0,not_measured,not_measured_record_span_is_not_organizational_lifespan,0,thin_0to1,thin_0to1,1,1,0,1,0.0,0.0,0.0,0.0,1,0,0,0,0,0,0.0,0,0.0,0,0,0.0,"actor_issue, event_incidence, typed_dyadic, case_role and strict_triple measures are separate and must not be summed or called one network centrality",research_only,research,candidate,ai_seeded,not_frontend_ready,"Observed documentation and encoded evidence-layer visibility only; no causal documentation effect, social-network influence, activity strength, alliance, staff capacity, language capacity, or organizational lifespan."
X013,U.S. Consulate General Naha Okinawa Youth Council Program,public_diplomacy_grant_program,国际合作／公共外交,us_origin,nonlocal_or_institutional,grant_program,informal_unclear_or_program,E4,human_checked,4,S056;S082;S083;S084,1,X013,unresolved_legacy_token,4,0,0,0,0,0,4,4,4,4,4,4,1,funding_nonprofit_record,4,4,0,1.0,no,not_measured_actor_owner_crosswalk_missing,no,no,no,yes,no,no,not_measured_title_language_is_only_a_trace,2024,2024,0,not_measured,not_measured_record_span_is_not_organizational_lifespan,2,dense_4plus,dense_4plus,1,1,0,1,0.0,0.0,0.0,0.0,1,0,0,0,0,0,0.0,0,0.0,0,0,0.0,"actor_issue, event_incidence, typed_dyadic, case_role and strict_triple measures are separate and must not be summed or called one network centrality",research_only,research,candidate,ai_seeded,not_frontend_ready,"Observed documentation and encoded evidence-layer visibility only; no causal documentation effect, social-network influence, activity strength, alliance, staff capacity, language capacity, or organizational lifespan."
X014,NED National Endowment for Democracy,funder_or_intermediary,资助／赞助／公共机构,us_origin,nonlocal_or_institutional,foundation,formal_or_incorporated_guess,E2,human_checked,2,S085;S086,0,,resolved_s_sources,2,0,0,0,0,0,2,2,2,2,2,2,1,funding_nonprofit_record,1,2,0,1.0,no,not_measured_actor_owner_crosswalk_missing,no,no,no,yes,no,no,not_measured_title_language_is_only_a_trace,2025,2025,0,not_measured,not_measured_record_span_is_not_organizational_lifespan,1,moderate_2to3,moderate_2to3,0,0,0,0,0.0,0.0,0.0,0.0,0,0,0,0,0,0,0.0,0,0.0,0,0,0.0,"actor_issue, event_incidence, typed_dyadic, case_role and strict_triple measures are separate and must not be summed or called one network centrality",research_only,research,candidate,ai_seeded,not_frontend_ready,"Observed documentation and encoded evidence-layer visibility only; no causal documentation effect, social-network influence, activity strength, alliance, staff capacity, language capacity, or organizational lifespan."
X015,Peace Winds Japan,international_ngo,跨国 NGO／国际倡议,japan_domestic,nonlocal_or_institutional,ngo,formal_or_incorporated_guess,E4,human_checked,2,S087;S088,0,,resolved_s_sources,2,0,0,0,0,0,2,2,2,2,2,2,1,organization_hosted,2,2,0,1.0,yes,not_measured_actor_owner_crosswalk_missing,no,no,no,yes,no,no,not_measured_title_language_is_only_a_trace,2018,2026,8,not_measured,not_measured_record_span_is_not_organizational_lifespan,4,moderate_2to3,moderate_2to3,0,0,0,0,0.0,0.0,0.0,0.0,0,0,0,0,0,0,0.0,0,0.0,0,0,0.0,"actor_issue, event_incidence, typed_dyadic, case_role and strict_triple measures are separate and must not be summed or called one network centrality",research_only,research,candidate,ai_seeded,not_frontend_ready,"Observed documentation and encoded evidence-layer visibility only; no causal documentation effect, social-network influence, activity strength, alliance, staff capacity, language capacity, or organizational lifespan."
X016,Marine Officers' Spouses' Club Okinawa (MOSCO / MOSC),base_spouse_club,基地社区服务／慈善,us_origin,nonlocal_or_institutional,501c3/registered_nonprofit（EIN 46-0598583）,formal_or_incorporated_guess,E4,human_checked,4,S041;S055;S079;S080,0,,resolved_s_sources,4,3,2,0,0,3,1,2,4,4,1,4,2,funding_nonprofit_record;organization_hosted,4,4,0,1.0,yes,not_measured_actor_owner_crosswalk_missing,no,no,no,yes,no,no,not_measured_title_language_is_only_a_trace,2024,2026,2,not_measured,not_measured_record_span_is_not_organizational_lifespan,3,dense_4plus,dense_4plus,1,1,1,0,0.0,0.0,0.0,0.0,1,0,2,1,2,0,0.0,0,0.0,0,1,0.0,"actor_issue, event_incidence, typed_dyadic, case_role and strict_triple measures are separate and must not be summed or called one network centrality",research_only,research,candidate,ai_seeded,not_frontend_ready,"Observed documentation and encoded evidence-layer visibility only; no causal documentation effect, social-network influence, activity strength, alliance, staff capacity, language capacity, or organizational lifespan."
X017,Army Community Group of Okinawa (ACGO),base_spouse_club,基地社区服务／慈善,us_origin,nonlocal_or_institutional,unclear,informal_unclear_or_program,E3,needs_second_source,3,S041;S072;S081,0,,resolved_s_sources,3,3,3,0,0,3,0,0,3,3,0,3,3,media;official_administrative;organization_hosted,2,3,0,1.0,yes,not_measured_actor_owner_crosswalk_missing,yes,yes,no,yes,no,no,not_measured_title_language_is_only_a_trace,2009,2024,15,not_measured,not_measured_record_span_is_not_organizational_lifespan,6,moderate_2to3,moderate_2to3,1,1,0,1,0.0,0.0,0.0,0.0,1,0,3,1,3,0,0.0,0,0.0,0,1,0.0,"actor_issue, event_incidence, typed_dyadic, case_role and strict_triple measures are separate and must not be summed or called one network centrality",research_only,research,candidate,ai_seeded,not_frontend_ready,"Observed documentation and encoded evidence-layer visibility only; no causal documentation effect, social-network influence, activity strength, alliance, staff capacity, language capacity, or organizational lifespan."
