source_id,source_title,source_type,source_channel_heuristic,source_year_raw,parsed_year_min,parsed_year_max,url_domain,organization_hosted_trace_candidate,official_or_formal_trace_candidate,external_mention_trace_candidate,legal_procedural_trace,title_language_heuristic,case_number_or_legal_title_marker,high_capacity_list_source,archive_status,archive_content_type,source_evidence_level,source_review_status,classification_method,research_status,display_tier,claim_status,review_status,frontend_eligibility,interpretation_limit
S001,沖縄県NPOプラザ,official_portal,official_administrative,2026,2026,2026,pref.okinawa.jp,no,yes,no,no,likely_japanese_title,no,no,archived,text/html,E4,ai_seeded,mechanical source_type/title/url/archive classification; organization hosting is not actor ownership and title language is not document or staff language capacity,research_only,research,candidate,ai_seeded,not_frontend_ready,"Observed documentation and encoded evidence-layer visibility only; no causal documentation effect, social-network influence, activity strength, alliance, staff capacity, language capacity, or organizational lifespan."
S002,令和６年度 NPO等との協働実績調査,official_data,official_administrative,2026,2026,2026,pref.okinawa.lg.jp,no,yes,no,no,likely_japanese_title,no,no,archived,application/pdf,E4,ai_seeded,mechanical source_type/title/url/archive classification; organization hosting is not actor ownership and title language is not document or staff language capacity,research_only,research,candidate,ai_seeded,not_frontend_ready,"Observed documentation and encoded evidence-layer visibility only; no causal documentation effect, social-network influence, activity strength, alliance, staff capacity, language capacity, or organizational lifespan."
S003,67団体がジュゴンの生息地辺野古への基地建設反対に共同声明,ngo_statement,organization_hosted,2010,2010,2010,wwf.or.jp,yes,yes,no,no,likely_japanese_title,no,yes,archived,text/html;charset=utf-8,E4,ai_seeded,mechanical source_type/title/url/archive classification; organization hosting is not actor ownership and title language is not document or staff language capacity,research_only,research,candidate,ai_seeded,not_frontend_ready,"Observed documentation and encoded evidence-layer visibility only; no causal documentation effect, social-network influence, activity strength, alliance, staff capacity, language capacity, or organizational lifespan."
S004,辺野古の海を守れ NGO 31団体が緊急共同声明,ngo_statement,organization_hosted,2015,2015,2015,nacsj.or.jp,yes,yes,no,no,likely_japanese_title,no,yes,archived,text/html; charset=UTF-8,E4,ai_seeded,mechanical source_type/title/url/archive classification; organization hosting is not actor ownership and title language is not document or staff language capacity,research_only,research,candidate,ai_seeded,not_frontend_ready,"Observed documentation and encoded evidence-layer visibility only; no causal documentation effect, social-network influence, activity strength, alliance, staff capacity, language capacity, or organizational lifespan."
S005,Peace Boat statement on Henoko emergency NGO declaration,ngo_statement,organization_hosted,2015,2015,2015,peaceboat.org,yes,yes,no,no,likely_english_title,no,no,archived,text/html; charset=UTF-8,E4,human_revised,mechanical source_type/title/url/archive classification; organization hosting is not actor ownership and title language is not document or staff language capacity,research_only,research,candidate,ai_seeded,not_frontend_ready,"Observed documentation and encoded evidence-layer visibility only; no causal documentation effect, social-network influence, activity strength, alliance, staff capacity, language capacity, or organizational lifespan."
S006,OEJP 71 organizations MMC request,international_advocacy,other,2020,2020,2020,okinawaejp.blogspot.com,no,no,no,no,likely_english_title,no,yes,archived,text/html; charset=UTF-8,E4,ai_seeded,mechanical source_type/title/url/archive classification; organization hosting is not actor ownership and title language is not document or staff language capacity,research_only,research,candidate,ai_seeded,not_frontend_ready,"Observed documentation and encoded evidence-layer visibility only; no causal documentation effect, social-network influence, activity strength, alliance, staff capacity, language capacity, or organizational lifespan."
S007,The Plight of the Okinawa Dugong,academic_article,academic_secondary,2020,2020,2020,apjjf.org,no,no,yes,no,likely_english_title,no,no,manual_archived,application/pdf,E3,ai_seeded,mechanical source_type/title/url/archive classification; organization hosting is not actor ownership and title language is not document or staff language capacity,research_only,research,candidate,ai_seeded,not_frontend_ready,"Observed documentation and encoded evidence-layer visibility only; no causal documentation effect, social-network influence, activity strength, alliance, staff capacity, language capacity, or organizational lifespan."
S008,ジュゴン保護 県内外71団体が米海洋哺乳類委員会に要請,local_news,media,2020,2020,2020,ryukyushimpo.jp,no,no,yes,no,likely_japanese_title,no,no,archived,text/html; charset=UTF-8,E3,ai_seeded,mechanical source_type/title/url/archive classification; organization hosting is not actor ownership and title language is not document or staff language capacity,research_only,research,candidate,ai_seeded,not_frontend_ready,"Observed documentation and encoded evidence-layer visibility only; no causal documentation effect, social-network influence, activity strength, alliance, staff capacity, language capacity, or organizational lifespan."
S009,Earthjustice dugong litigation explainer,legal_international,legal_procedural,2014,2014,2014,earthjustice.org,no,yes,no,yes,likely_english_title,no,no,archived,text/html; charset=UTF-8,E4,human_revised,mechanical source_type/title/url/archive classification; organization hosting is not actor ownership and title language is not document or staff language capacity,research_only,research,candidate,ai_seeded,not_frontend_ready,"Observed documentation and encoded evidence-layer visibility only; no causal documentation effect, social-network influence, activity strength, alliance, staff capacity, language capacity, or organizational lifespan."
S010,与那国町住民投票 自衛隊配備 結果は「賛成」多数,local_news,media,2015,2015,2015,qab.co.jp,no,no,yes,no,likely_japanese_title,no,no,archived,text/html; charset=UTF-8,E2,human_revised,mechanical source_type/title/url/archive classification; organization hosting is not actor ownership and title language is not document or staff language capacity,research_only,research,candidate,ai_seeded,not_frontend_ready,"Observed documentation and encoded evidence-layer visibility only; no causal documentation effect, social-network influence, activity strength, alliance, staff capacity, language capacity, or organizational lifespan."
S011,与那国住民投票 陸自配備を容認　賛成632票、反対445票,local_news,media,2015,2015,2015,ryukyushimpo.jp,no,no,yes,no,likely_japanese_title,no,no,archived,text/html; charset=UTF-8,E3,human_revised,mechanical source_type/title/url/archive classification; organization hosting is not actor ownership and title language is not document or staff language capacity,research_only,research,candidate,ai_seeded,not_frontend_ready,"Observed documentation and encoded evidence-layer visibility only; no causal documentation effect, social-network influence, activity strength, alliance, staff capacity, language capacity, or organizational lifespan."
S012,与那国駐屯地,official_defense,official_administrative,n.d.; accessed 2026,2026,2026,mod.go.jp,no,yes,no,no,likely_japanese_title,no,no,archived,text/html,E4,human_revised,mechanical source_type/title/url/archive classification; organization hosting is not actor ownership and title language is not document or staff language capacity,research_only,research,candidate,ai_seeded,not_frontend_ready,"Observed documentation and encoded evidence-layer visibility only; no causal documentation effect, social-network influence, activity strength, alliance, staff capacity, language capacity, or organizational lifespan."
S013,令和4年版防衛白書 与那国と台湾,official_defense,official_administrative,2022,2022,2022,mod.go.jp,no,yes,no,no,likely_japanese_title,no,no,archived,text/html,E4,ai_seeded,mechanical source_type/title/url/archive classification; organization hosting is not actor ownership and title language is not document or staff language capacity,research_only,research,candidate,ai_seeded,not_frontend_ready,"Observed documentation and encoded evidence-layer visibility only; no causal documentation effect, social-network influence, activity strength, alliance, staff capacity, language capacity, or organizational lifespan."
S014,与那国町長期営農計画,local_official,official_administrative,2023,2023,2023,town.yonaguni.okinawa.jp,no,yes,no,no,likely_japanese_title,no,no,archived,application/pdf,E4,ai_seeded,mechanical source_type/title/url/archive classification; organization hosting is not actor ownership and title language is not document or staff language capacity,research_only,research,candidate,ai_seeded,not_frontend_ready,"Observed documentation and encoded evidence-layer visibility only; no causal documentation effect, social-network influence, activity strength, alliance, staff capacity, language capacity, or organizational lifespan."
S015,与那国に自衛隊いらない／配備反対の意見広告呼びかけ,party_news,media,2012,2012,2012,jcp.or.jp,no,no,yes,no,likely_japanese_title,no,no,archived,text/html,E2,human_revised,mechanical source_type/title/url/archive classification; organization hosting is not actor ownership and title language is not document or staff language capacity,research_only,research,candidate,ai_seeded,not_frontend_ready,"Observed documentation and encoded evidence-layer visibility only; no causal documentation effect, social-network influence, activity strength, alliance, staff capacity, language capacity, or organizational lifespan."
S016,石垣自衛隊配備 初の市民討論会,local_news,media,2016,2016,2016,ryukyushimpo.jp,no,no,yes,no,likely_japanese_title,no,no,archived,text/html; charset=UTF-8,E3,ai_seeded,mechanical source_type/title/url/archive classification; organization hosting is not actor ownership and title language is not document or staff language capacity,research_only,research,candidate,ai_seeded,not_frontend_ready,"Observed documentation and encoded evidence-layer visibility only; no causal documentation effect, social-network influence, activity strength, alliance, staff capacity, language capacity, or organizational lifespan."
S017,石垣陸自配備 市民が工事中止要請,local_news,media,2020,2020,2020,ryukyushimpo.jp,no,no,yes,no,likely_japanese_title,no,no,archived,text/html; charset=UTF-8,E3,ai_seeded,mechanical source_type/title/url/archive classification; organization hosting is not actor ownership and title language is not document or staff language capacity,research_only,research,candidate,ai_seeded,not_frontend_ready,"Observed documentation and encoded evidence-layer visibility only; no causal documentation effect, social-network influence, activity strength, alliance, staff capacity, language capacity, or organizational lifespan."
S018,石垣市 住民投票条例案 市議会で否決,local_news,media,2019,2019,2019,qab.co.jp,no,no,yes,no,likely_japanese_title,no,no,archived,text/html; charset=UTF-8,E3,ai_seeded,mechanical source_type/title/url/archive classification; organization hosting is not actor ownership and title language is not document or staff language capacity,research_only,research,candidate,ai_seeded,not_frontend_ready,"Observed documentation and encoded evidence-layer visibility only; no causal documentation effect, social-network influence, activity strength, alliance, staff capacity, language capacity, or organizational lifespan."
S019,有効署名１万４千筆超　２０日に条例制定請求　住民投票、来月の議会で審議　石垣陸自配備,local_news,media,2018,2018,2018,yaeyama-nippo.co.jp,no,no,yes,no,likely_japanese_title,no,no,archived,text/html; charset=UTF-8,E2,human_revised,mechanical source_type/title/url/archive classification; organization hosting is not actor ownership and title language is not document or staff language capacity,research_only,research,candidate,ai_seeded,not_frontend_ready,"Observed documentation and encoded evidence-layer visibility only; no causal documentation effect, social-network influence, activity strength, alliance, staff capacity, language capacity, or organizational lifespan."
S020,陸自配備阻止訴え 宮古で集会 市民 地下水保全求め,local_news,media,2016,2016,2016,ryukyushimpo.jp,no,no,yes,no,likely_japanese_title,no,no,archived,text/html; charset=UTF-8,E3,needs_second_source,mechanical source_type/title/url/archive classification; organization hosting is not actor ownership and title language is not document or staff language capacity,research_only,research,candidate,ai_seeded,not_frontend_ready,"Observed documentation and encoded evidence-layer visibility only; no causal documentation effect, social-network influence, activity strength, alliance, staff capacity, language capacity, or organizational lifespan."
S021,ミサイル基地いらない 宮古島住民連絡会 結成集会,party_news,media,2016,2016,2016,jcp.or.jp,no,no,yes,no,likely_japanese_title,no,no,archived,text/html,E2,ai_seeded,mechanical source_type/title/url/archive classification; organization hosting is not actor ownership and title language is not document or staff language capacity,research_only,research,candidate,ai_seeded,not_frontend_ready,"Observed documentation and encoded evidence-layer visibility only; no causal documentation effect, social-network influence, activity strength, alliance, staff capacity, language capacity, or organizational lifespan."
S022,沖縄対話プロジェクト 公式ページ,organization_site,organization_hosted,2023,2023,2023,okinawataiwa.net,yes,yes,no,no,likely_japanese_title,no,no,archived,text/html; charset=UTF-8,E4,ai_seeded,mechanical source_type/title/url/archive classification; organization hosting is not actor ownership and title language is not document or staff language capacity,research_only,research,candidate,ai_seeded,not_frontend_ready,"Observed documentation and encoded evidence-layer visibility only; no causal documentation effect, social-network influence, activity strength, alliance, staff capacity, language capacity, or organizational lifespan."
S023,ノーモア沖縄戦 命どぅ宝の会 結成,local_news,media,2022,2022,2022,qab.co.jp,no,no,yes,no,likely_japanese_title,no,no,archived,text/html; charset=UTF-8,E4,ai_seeded,mechanical source_type/title/url/archive classification; organization hosting is not actor ownership and title language is not document or staff language capacity,research_only,research,candidate,ai_seeded,not_frontend_ready,"Observed documentation and encoded evidence-layer visibility only; no causal documentation effect, social-network influence, activity strength, alliance, staff capacity, language capacity, or organizational lifespan."
S024,台湾有事に備え 南西諸島の軍事化に懸念,organization_site,organization_hosted,2023,2023,2023,okinawataiwa.net,yes,yes,no,no,likely_japanese_title,no,no,archived,text/html; charset=UTF-8,E2,ai_seeded,mechanical source_type/title/url/archive classification; organization hosting is not actor ownership and title language is not document or staff language capacity,research_only,research,candidate,ai_seeded,not_frontend_ready,"Observed documentation and encoded evidence-layer visibility only; no causal documentation effect, social-network influence, activity strength, alliance, staff capacity, language capacity, or organizational lifespan."
S025,辺野古米軍基地建設のための埋立ての賛否を問う県民投票 結果,official_referendum,official_administrative,2019,2019,2019,city.nago.okinawa.jp,no,yes,no,no,likely_japanese_title,no,no,archived,text/html,E4,verified,mechanical source_type/title/url/archive classification; organization hosting is not actor ownership and title language is not document or staff language capacity,research_only,research,candidate,ai_seeded,not_frontend_ready,"Observed documentation and encoded evidence-layer visibility only; no causal documentation effect, social-network influence, activity strength, alliance, staff capacity, language capacity, or organizational lifespan."
S026,嘉手納爆音訴訟 第三次 那覇地裁沖縄支部判決,local_news,media,2017,2017,2017,qab.co.jp,no,no,yes,yes,likely_japanese_title,yes,no,archived,text/html; charset=UTF-8,E3,ai_seeded,mechanical source_type/title/url/archive classification; organization hosting is not actor ownership and title language is not document or staff language capacity,research_only,research,candidate,ai_seeded,not_frontend_ready,"Observed documentation and encoded evidence-layer visibility only; no causal documentation effect, social-network influence, activity strength, alliance, staff capacity, language capacity, or organizational lifespan."
S027,普天間爆音訴訟 第二次 那覇地裁判決,local_news,media,2016,2016,2016,qab.co.jp,no,no,yes,yes,likely_japanese_title,yes,no,archived,text/html; charset=UTF-8,E3,ai_seeded,mechanical source_type/title/url/archive classification; organization hosting is not actor ownership and title language is not document or staff language capacity,research_only,research,candidate,ai_seeded,not_frontend_ready,"Observed documentation and encoded evidence-layer visibility only; no causal documentation effect, social-network influence, activity strength, alliance, staff capacity, language capacity, or organizational lifespan."
S028,高江ヘリパッド建設 住民らが抗議,local_news,media,2016,2016,2016,ryukyushimpo.jp,no,no,yes,no,likely_japanese_title,no,no,archived,text/html; charset=UTF-8,E3,ai_seeded,mechanical source_type/title/url/archive classification; organization hosting is not actor ownership and title language is not document or staff language capacity,research_only,research,candidate,ai_seeded,not_frontend_ready,"Observed documentation and encoded evidence-layer visibility only; no causal documentation effect, social-network influence, activity strength, alliance, staff capacity, language capacity, or organizational lifespan."
S029,島ぐるみ会議 辺野古新基地反対で連帯,party_news,media,2015,2015,2015,jcp.or.jp,no,no,yes,no,likely_japanese_title,no,no,archived,text/html,E2,ai_seeded,mechanical source_type/title/url/archive classification; organization hosting is not actor ownership and title language is not document or staff language capacity,research_only,research,candidate,ai_seeded,not_frontend_ready,"Observed documentation and encoded evidence-layer visibility only; no causal documentation effect, social-network influence, activity strength, alliance, staff capacity, language capacity, or organizational lifespan."
S030,第2次泡瀬干潟埋め立て訴訟 那覇地裁判決,local_news,media,2015,2015,2015,ryukyushimpo.jp,no,no,yes,yes,likely_japanese_title,yes,no,archived,text/html; charset=UTF-8,E3,ai_seeded,mechanical source_type/title/url/archive classification; organization hosting is not actor ownership and title language is not document or staff language capacity,research_only,research,candidate,ai_seeded,not_frontend_ready,"Observed documentation and encoded evidence-layer visibility only; no causal documentation effect, social-network influence, activity strength, alliance, staff capacity, language capacity, or organizational lifespan."
S031,沖縄平和運動センター 公式,organization_site,organization_hosted,2026,2026,2026,peace-okinawa.net,yes,yes,no,no,likely_japanese_title,no,no,archived,text/html,E3,ai_seeded,mechanical source_type/title/url/archive classification; organization hosting is not actor ownership and title language is not document or staff language capacity,research_only,research,candidate,ai_seeded,not_frontend_ready,"Observed documentation and encoded evidence-layer visibility only; no causal documentation effect, social-network influence, activity strength, alliance, staff capacity, language capacity, or organizational lifespan."
S032,新外交イニシアティブ（ND）公式サイト,organization_site,organization_hosted,2026,2026,2026,nd-initiative.org,yes,yes,no,no,likely_japanese_title,no,no,archived,text/html; charset=UTF-8,E4,ai_seeded,mechanical source_type/title/url/archive classification; organization hosting is not actor ownership and title language is not document or staff language capacity,research_only,research,candidate,ai_seeded,not_frontend_ready,"Observed documentation and encoded evidence-layer visibility only; no causal documentation effect, social-network influence, activity strength, alliance, staff capacity, language capacity, or organizational lifespan."
S033,Tanji Miyume: Myth Protest and Struggle in Okinawa,academic_article,academic_secondary,2006,2006,2006,,no,no,yes,no,likely_english_title,no,no,skipped_non_url_reference,,E4,ai_seeded,mechanical source_type/title/url/archive classification; organization hosting is not actor ownership and title language is not document or staff language capacity,research_only,research,candidate,ai_seeded,not_frontend_ready,"Observed documentation and encoded evidence-layer visibility only; no causal documentation effect, social-network influence, activity strength, alliance, staff capacity, language capacity, or organizational lifespan."
S034,沖縄意見広告運動 全国紙に一面広告,organization_site,organization_hosted,2010,2010,2010,okinawaiken.org,yes,yes,no,no,likely_japanese_title,no,no,archived,text/html,E3,ai_seeded,mechanical source_type/title/url/archive classification; organization hosting is not actor ownership and title language is not document or staff language capacity,research_only,research,candidate,ai_seeded,not_frontend_ready,"Observed documentation and encoded evidence-layer visibility only; no causal documentation effect, social-network influence, activity strength, alliance, staff capacity, language capacity, or organizational lifespan."
S035,内閣府NPO法人ポータル,official_portal,official_administrative,2026,2026,2026,npo-homepage.go.jp,no,yes,no,no,likely_japanese_title,no,no,archived,text/html; charset=UTF-8,E4,ai_seeded,mechanical source_type/title/url/archive classification; organization hosting is not actor ownership and title language is not document or staff language capacity,research_only,research,candidate,ai_seeded,not_frontend_ready,"Observed documentation and encoded evidence-layer visibility only; no causal documentation effect, social-network influence, activity strength, alliance, staff capacity, language capacity, or organizational lifespan."
S036,南西諸島ピースネット 結成,local_news,media,2015,2015,2015,ryukyushimpo.jp,no,no,yes,no,likely_japanese_title,no,no,archived,text/html; charset=UTF-8,E3,ai_seeded,mechanical source_type/title/url/archive classification; organization hosting is not actor ownership and title language is not document or staff language capacity,research_only,research,candidate,ai_seeded,not_frontend_ready,"Observed documentation and encoded evidence-layer visibility only; no causal documentation effect, social-network influence, activity strength, alliance, staff capacity, language capacity, or organizational lifespan."
S037,沖縄弁護士会 辺野古新基地建設に関する会長声明・決議,ngo_statement,organization_hosted,2017,2017,2017,okiben.org,yes,yes,no,no,likely_japanese_title,no,no,archived,text/html; charset=UTF-8,E3,ai_seeded,mechanical source_type/title/url/archive classification; organization hosting is not actor ownership and title language is not document or staff language capacity,research_only,research,candidate,ai_seeded,not_frontend_ready,"Observed documentation and encoded evidence-layer visibility only; no causal documentation effect, social-network influence, activity strength, alliance, staff capacity, language capacity, or organizational lifespan."
S038,一坪反戦地主会 軍用地契約拒否運動,organization_site,organization_hosted,1996,1996,1996,jca.apc.org,yes,yes,no,no,likely_japanese_title,no,no,archived,text/html,E2,ai_seeded,mechanical source_type/title/url/archive classification; organization hosting is not actor ownership and title language is not document or staff language capacity,research_only,research,candidate,ai_seeded,not_frontend_ready,"Observed documentation and encoded evidence-layer visibility only; no causal documentation effect, social-network influence, activity strength, alliance, staff capacity, language capacity, or organizational lifespan."
S039,基地・軍隊を許さない行動する女たちの会 結成（Akibayashi）,academic_article,academic_secondary,1995,1995,1995,www2.kobe-u.ac.jp,no,no,yes,no,likely_japanese_title,no,no,archived,application/pdf,E3,ai_seeded,mechanical source_type/title/url/archive classification; organization hosting is not actor ownership and title language is not document or staff language capacity,research_only,research,candidate,ai_seeded,not_frontend_ready,"Observed documentation and encoded evidence-layer visibility only; no causal documentation effect, social-network influence, activity strength, alliance, staff capacity, language capacity, or organizational lifespan."
S040,辺野古土砂搬入反対全国連絡協議会 結成,magazine_news,media,2015,2015,2015,kinyobi.co.jp,no,no,yes,no,likely_japanese_title,no,no,archived,text/html; charset=UTF-8,E3,ai_seeded,mechanical source_type/title/url/archive classification; organization hosting is not actor ownership and title language is not document or staff language capacity,research_only,research,candidate,ai_seeded,not_frontend_ready,"Observed documentation and encoded evidence-layer visibility only; no causal documentation effect, social-network influence, activity strength, alliance, staff capacity, language capacity, or organizational lifespan."
S041,AWWA / OESC / NOSCO official sites and DVIDS reports,organization_site,organization_hosted,2024,2024,2024,okinawahai.com,yes,yes,no,no,likely_english_title,no,no,archived,text/html; charset=UTF-8,E4,verified,mechanical source_type/title/url/archive classification; organization hosting is not actor ownership and title language is not document or staff language capacity,research_only,research,candidate,ai_seeded,not_frontend_ready,"Observed documentation and encoded evidence-layer visibility only; no causal documentation effect, social-network influence, activity strength, alliance, staff capacity, language capacity, or organizational lifespan."
S042,名護市民投票 基地建設反対が多数,local_official,official_administrative,1997,1997,1997,city.nago.okinawa.jp,no,yes,no,no,likely_japanese_title,no,no,archived,text/html,E4,ai_seeded,mechanical source_type/title/url/archive classification; organization hosting is not actor ownership and title language is not document or staff language capacity,research_only,research,candidate,ai_seeded,not_frontend_ready,"Observed documentation and encoded evidence-layer visibility only; no causal documentation effect, social-network influence, activity strength, alliance, staff capacity, language capacity, or organizational lifespan."
S043,沖縄県 米軍基地の概要,official_data,official_administrative,2024,2024,2024,pref.okinawa.jp,no,yes,no,no,likely_japanese_title,no,no,archived,text/html,E4,ai_seeded,mechanical source_type/title/url/archive classification; organization hosting is not actor ownership and title language is not document or staff language capacity,research_only,research,candidate,ai_seeded,not_frontend_ready,"Observed documentation and encoded evidence-layer visibility only; no causal documentation effect, social-network influence, activity strength, alliance, staff capacity, language capacity, or organizational lifespan."
S044,Inoue Masamichi: Okinawa and the U.S. Military,academic_article,academic_secondary,2007,2007,2007,,no,no,yes,no,likely_english_title,no,no,skipped_non_url_reference,,E4,ai_seeded,mechanical source_type/title/url/archive classification; organization hosting is not actor ownership and title language is not document or staff language capacity,research_only,research,candidate,ai_seeded,not_frontend_ready,"Observed documentation and encoded evidence-layer visibility only; no causal documentation effect, social-network influence, activity strength, alliance, staff capacity, language capacity, or organizational lifespan."
S045,辺野古新基地 土砂投入開始,local_news,media,2018,2018,2018,okinawatimes.co.jp,no,no,yes,no,likely_japanese_title,no,no,archived,text/html; charset=utf-8,E4,ai_seeded,mechanical source_type/title/url/archive classification; organization hosting is not actor ownership and title language is not document or staff language capacity,research_only,research,candidate,ai_seeded,not_frontend_ready,"Observed documentation and encoded evidence-layer visibility only; no causal documentation effect, social-network influence, activity strength, alliance, staff capacity, language capacity, or organizational lifespan."
S046,NACSJ 辺野古・大浦湾の生物多様性報告,ngo_statement,organization_hosted,2014,2014,2014,nacsj.or.jp,yes,yes,no,no,likely_japanese_title,no,no,archived,application/pdf,E4,ai_seeded,mechanical source_type/title/url/archive classification; organization hosting is not actor ownership and title language is not document or staff language capacity,research_only,research,candidate,ai_seeded,not_frontend_ready,"Observed documentation and encoded evidence-layer visibility only; no causal documentation effect, social-network influence, activity strength, alliance, staff capacity, language capacity, or organizational lifespan."
S047,沖縄防衛局 辺野古新基地建設事業 環境影響評価書,official_data,official_administrative,2012,2012,2012,mod.go.jp,no,yes,no,no,likely_japanese_title,no,no,archived,text/html,E4,ai_seeded,mechanical source_type/title/url/archive classification; organization hosting is not actor ownership and title language is not document or staff language capacity,research_only,research,candidate,ai_seeded,not_frontend_ready,"Observed documentation and encoded evidence-layer visibility only; no causal documentation effect, social-network influence, activity strength, alliance, staff capacity, language capacity, or organizational lifespan."
S048,Veterans for Peace Ryukyu/Okinawa Chapter Kokusai,organization_site,organization_hosted,2024,2024,2024,veteransforpeace.org,yes,yes,no,no,likely_english_title,no,no,archived,text/html; charset=UTF-8,E2,needs_second_source,mechanical source_type/title/url/archive classification; organization hosting is not actor ownership and title language is not document or staff language capacity,research_only,research,candidate,ai_seeded,not_frontend_ready,"Observed documentation and encoded evidence-layer visibility only; no causal documentation effect, social-network influence, activity strength, alliance, staff capacity, language capacity, or organizational lifespan."
S049,ヘリ基地反対協議会 公式サイト,organization_site,organization_hosted,2026,2026,2026,lovehenoko.org,yes,yes,no,no,likely_japanese_title,no,no,archived,text/html; charset=UTF-8,E4,verified,mechanical source_type/title/url/archive classification; organization hosting is not actor ownership and title language is not document or staff language capacity,research_only,research,candidate,ai_seeded,not_frontend_ready,"Observed documentation and encoded evidence-layer visibility only; no causal documentation effect, social-network influence, activity strength, alliance, staff capacity, language capacity, or organizational lifespan."
S050,ヘリ基地反対協議会 Wikipedia,encyclopedia,media,2026,2026,2026,ja.wikipedia.org,no,no,yes,no,likely_japanese_title,no,no,archived,text/html; charset=UTF-8,E3,verified,mechanical source_type/title/url/archive classification; organization hosting is not actor ownership and title language is not document or staff language capacity,research_only,research,candidate,ai_seeded,not_frontend_ready,"Observed documentation and encoded evidence-layer visibility only; no causal documentation effect, social-network influence, activity strength, alliance, staff capacity, language capacity, or organizational lifespan."
S051,石垣市住民投票を求める会 公式サイト,organization_site,organization_hosted,2024,2024,2024,ishigaki-tohyo.com,yes,yes,no,no,likely_japanese_title,no,no,archived,text/html; charset=UTF-8,E0,rejected_archive_mismatch,mechanical source_type/title/url/archive classification; organization hosting is not actor ownership and title language is not document or staff language capacity,research_only,research,candidate,ai_seeded,not_frontend_ready,"Observed documentation and encoded evidence-layer visibility only; no causal documentation effect, social-network influence, activity strength, alliance, staff capacity, language capacity, or organizational lifespan."
S052,与那国イソバの会 ブログ,organization_blog,organization_hosted,2026,2026,2026,isobanokai.ti-da.net,yes,yes,no,no,likely_japanese_title,no,no,archived,text/html; charset=UTF-8,E3,verified,mechanical source_type/title/url/archive classification; organization hosting is not actor ownership and title language is not document or staff language capacity,research_only,research,candidate,ai_seeded,not_frontend_ready,"Observed documentation and encoded evidence-layer visibility only; no causal documentation effect, social-network influence, activity strength, alliance, staff capacity, language capacity, or organizational lifespan."
S053,OESC donates $3250 to USO Okinawa,news,media,2025,2025,2025,okinawa.stripes.com,no,no,yes,no,likely_english_title,no,no,archived,text/html; charset=UTF-8,E4,verified,mechanical source_type/title/url/archive classification; organization hosting is not actor ownership and title language is not document or staff language capacity,research_only,research,candidate,ai_seeded,not_frontend_ready,"Observed documentation and encoded evidence-layer visibility only; no causal documentation effect, social-network influence, activity strength, alliance, staff capacity, language capacity, or organizational lifespan."
S054,OESC ProPublica Nonprofit Explorer,nonprofit_record,funding_nonprofit_record,2026,2026,2026,projects.propublica.org,no,yes,no,no,likely_english_title,no,no,archived,text/html; charset=utf-8,E4,verified,mechanical source_type/title/url/archive classification; organization hosting is not actor ownership and title language is not document or staff language capacity,research_only,research,candidate,ai_seeded,not_frontend_ready,"Observed documentation and encoded evidence-layer visibility only; no causal documentation effect, social-network influence, activity strength, alliance, staff capacity, language capacity, or organizational lifespan."
S055,NOSCO AWWA page,organization_site,organization_hosted,2026,2026,2026,nosco.wildapricot.org,yes,yes,no,no,likely_english_title,no,no,archived,text/html; charset=utf-8,E4,verified,mechanical source_type/title/url/archive classification; organization hosting is not actor ownership and title language is not document or staff language capacity,research_only,research,candidate,ai_seeded,not_frontend_ready,"Observed documentation and encoded evidence-layer visibility only; no causal documentation effect, social-network influence, activity strength, alliance, staff capacity, language capacity, or organizational lifespan."
S056,U.S. Consulate Naha Okinawa Youth Council NOFO PDF,grant_document,funding_nonprofit_record,2024,2024,2024,jp.usembassy.gov,no,yes,no,no,likely_english_title,no,no,archived,application/pdf,E4,verified,mechanical source_type/title/url/archive classification; organization hosting is not actor ownership and title language is not document or staff language capacity,research_only,research,candidate,ai_seeded,not_frontend_ready,"Observed documentation and encoded evidence-layer visibility only; no causal documentation effect, social-network influence, activity strength, alliance, staff capacity, language capacity, or organizational lifespan."
S057,ジュゴン保護キャンペーンセンター公式サイト,organization_site,organization_hosted,2026,2026,2026,sdcc.jp,yes,yes,no,no,likely_japanese_title,no,no,archived,text/html,E4,human_verified,mechanical source_type/title/url/archive classification; organization hosting is not actor ownership and title language is not document or staff language capacity,research_only,research,candidate,ai_seeded,not_frontend_ready,"Observed documentation and encoded evidence-layer visibility only; no causal documentation effect, social-network influence, activity strength, alliance, staff capacity, language capacity, or organizational lifespan."
S058,IUCN member page: Save the Dugong Campaign Center,ngo_directory,organization_hosted,2026,2026,2026,iucn.org,yes,yes,no,no,likely_english_title,no,no,archived,text/html; charset=UTF-8,E4,human_verified,mechanical source_type/title/url/archive classification; organization hosting is not actor ownership and title language is not document or staff language capacity,research_only,research,candidate,ai_seeded,not_frontend_ready,"Observed documentation and encoded evidence-layer visibility only; no causal documentation effect, social-network influence, activity strength, alliance, staff capacity, language capacity, or organizational lifespan."
S059,GEOC団体情報: ジュゴン保護キャンペーンセンター,ngo_directory,organization_hosted,2019,2019,2019,geoc.jp,yes,yes,no,no,likely_japanese_title,no,no,archived,text/html; charset=UTF-8,E4,human_verified,mechanical source_type/title/url/archive classification; organization hosting is not actor ownership and title language is not document or staff language capacity,research_only,research,candidate,ai_seeded,not_frontend_ready,"Observed documentation and encoded evidence-layer visibility only; no causal documentation effect, social-network influence, activity strength, alliance, staff capacity, language capacity, or organizational lifespan."
S060,Earthjustice 2003 Okinawa Dugong lawsuit press release,legal_international,legal_procedural,2003,2003,2003,earthjustice.org,no,yes,no,yes,likely_english_title,no,no,archived,text/html; charset=UTF-8,E4,human_verified,mechanical source_type/title/url/archive classification; organization hosting is not actor ownership and title language is not document or staff language capacity,research_only,research,candidate,ai_seeded,not_frontend_ready,"Observed documentation and encoded evidence-layer visibility only; no causal documentation effect, social-network influence, activity strength, alliance, staff capacity, language capacity, or organizational lifespan."
S061,JELF Okinawa Dugong NHPA lawsuit plaintiff material,legal_source,legal_procedural,2018,2018,2018,jelf-justice.org,no,yes,no,yes,likely_english_title,no,no,archived,text/html; charset=UTF-8,E4,human_verified,mechanical source_type/title/url/archive classification; organization hosting is not actor ownership and title language is not document or staff language capacity,research_only,research,candidate,ai_seeded,not_frontend_ready,"Observed documentation and encoded evidence-layer visibility only; no causal documentation effect, social-network influence, activity strength, alliance, staff capacity, language capacity, or organizational lifespan."
S062,Earthjustice Okinawa Dugong case page,legal_international,legal_procedural,2026,2026,2026,earthjustice.org,no,yes,no,yes,likely_english_title,no,no,archived,text/html; charset=UTF-8,E4,human_verified,mechanical source_type/title/url/archive classification; organization hosting is not actor ownership and title language is not document or staff language capacity,research_only,research,candidate,ai_seeded,not_frontend_ready,"Observed documentation and encoded evidence-layer visibility only; no causal documentation effect, social-network influence, activity strength, alliance, staff capacity, language capacity, or organizational lifespan."
S063,琉球新報 用語辞典 ジュゴン保護基金委員会,encyclopedia,media,2026,2026,2026,ryukyushimpo.jp,no,no,yes,no,likely_japanese_title,no,no,archived,text/html; charset=UTF-8,E3,human_verified,mechanical source_type/title/url/archive classification; organization hosting is not actor ownership and title language is not document or staff language capacity,research_only,research,candidate,ai_seeded,not_frontend_ready,"Observed documentation and encoded evidence-layer visibility only; no causal documentation effect, social-network influence, activity strength, alliance, staff capacity, language capacity, or organizational lifespan."
S064,NGO非戦ネット 辺野古県民投票結果の尊重を求める声明,ngo_statement,organization_hosted,2019,2019,2019,peaceboat.org,yes,yes,no,no,likely_japanese_title,no,no,archived,text/html; charset=UTF-8,E3,human_verified,mechanical source_type/title/url/archive classification; organization hosting is not actor ownership and title language is not document or staff language capacity,research_only,research,candidate,ai_seeded,not_frontend_ready,"Observed documentation and encoded evidence-layer visibility only; no causal documentation effect, social-network influence, activity strength, alliance, staff capacity, language capacity, or organizational lifespan."
S065,NGO非戦ネット 公式サイト,organization_site,organization_hosted,2026,2026,2026,ngo-nowar.org,yes,yes,no,no,likely_japanese_title,no,no,archived,text/html; charset=UTF-8,E4,human_verified,mechanical source_type/title/url/archive classification; organization hosting is not actor ownership and title language is not document or staff language capacity,research_only,research,candidate,ai_seeded,not_frontend_ready,"Observed documentation and encoded evidence-layer visibility only; no causal documentation effect, social-network influence, activity strength, alliance, staff capacity, language capacity, or organizational lifespan."
S066,アーユス NGO非戦ネット 2015 活動紹介,ngo_report,other,2015,2015,2015,ngo-ayus.jp,no,no,no,no,likely_japanese_title,no,no,archived,text/html; charset=UTF-8,E3,human_verified,mechanical source_type/title/url/archive classification; organization hosting is not actor ownership and title language is not document or staff language capacity,research_only,research,candidate,ai_seeded,not_frontend_ready,"Observed documentation and encoded evidence-layer visibility only; no causal documentation effect, social-network influence, activity strength, alliance, staff capacity, language capacity, or organizational lifespan."
S067,JVC NGO非戦ネット OSA反対声明 2023,ngo_statement,organization_hosted,2023,2023,2023,ngo-jvc.net,yes,yes,no,no,likely_japanese_title,no,no,archived,text/html; charset=UTF-8,E3,human_verified,mechanical source_type/title/url/archive classification; organization hosting is not actor ownership and title language is not document or staff language capacity,research_only,research,candidate,ai_seeded,not_frontend_ready,"Observed documentation and encoded evidence-layer visibility only; no causal documentation effect, social-network influence, activity strength, alliance, staff capacity, language capacity, or organizational lifespan."
S068,沖縄タイムス 日米の合同演習 市民が中止要請 与那国イソバの会,local_news,media,2024,2024,2024,okinawatimes.co.jp,no,no,yes,no,likely_japanese_title,no,no,archived,text/html; charset=utf-8,E3,human_verified,mechanical source_type/title/url/archive classification; organization hosting is not actor ownership and title language is not document or staff language capacity,research_only,research,candidate,ai_seeded,not_frontend_ready,"Observed documentation and encoded evidence-layer visibility only; no causal documentation effect, social-network influence, activity strength, alliance, staff capacity, language capacity, or organizational lifespan."
S069,週刊金曜日 自衛隊配備賛否を問う与那国島住民投票 反対派は選挙過程も疑問視,magazine_news,media,2015,2015,2015,kinyobi.co.jp,no,no,yes,no,likely_japanese_title,no,no,archived,text/html; charset=UTF-8,E2,human_verified,mechanical source_type/title/url/archive classification; organization hosting is not actor ownership and title language is not document or staff language capacity,research_only,research,candidate,ai_seeded,not_frontend_ready,"Observed documentation and encoded evidence-layer visibility only; no causal documentation effect, social-network influence, activity strength, alliance, staff capacity, language capacity, or organizational lifespan."
S070,赤旗 与那国 住民投票へ 条例案可決,party_news,media,2014,2014,2014,jcp.or.jp,no,no,yes,no,likely_japanese_title,no,no,archived,text/html,E2,human_verified,mechanical source_type/title/url/archive classification; organization hosting is not actor ownership and title language is not document or staff language capacity,research_only,research,candidate,ai_seeded,not_frontend_ready,"Observed documentation and encoded evidence-layer visibility only; no causal documentation effect, social-network influence, activity strength, alliance, staff capacity, language capacity, or organizational lifespan."
S071,与那国町住民投票条例（平成26年与那国町条例第25号／平成27年条例第1号改正、失効）,legal_database,legal_procedural,2014–2015,2014,2015,greenaccess.law.osaka-u.ac.jp,no,yes,no,yes,likely_japanese_title,no,no,archived,text/html; charset=UTF-8,E3,human_revised,mechanical source_type/title/url/archive classification; organization hosting is not actor ownership and title language is not document or staff language capacity,research_only,research,candidate,ai_seeded,not_frontend_ready,"Observed documentation and encoded evidence-layer visibility only; no causal documentation effect, social-network influence, activity strength, alliance, staff capacity, language capacity, or organizational lifespan."
S072,DVIDS American Women's Welfare Association celebrates 40 years,military_news,official_administrative,2012,2012,2012,dvidshub.net,no,yes,no,no,likely_english_title,no,no,archived,text/html; charset=UTF-8,E3,human_verified,mechanical source_type/title/url/archive classification; organization hosting is not actor ownership and title language is not document or staff language capacity,research_only,research,candidate,ai_seeded,not_frontend_ready,"Observed documentation and encoded evidence-layer visibility only; no causal documentation effect, social-network influence, activity strength, alliance, staff capacity, language capacity, or organizational lifespan."
S073,AWWA official Facebook American Welfare & Works Association,organization_social,organization_hosted,2026,2026,2026,facebook.com,yes,yes,no,no,likely_english_title,no,no,archived,"text/html; charset=""utf-8""",E3,human_verified,mechanical source_type/title/url/archive classification; organization hosting is not actor ownership and title language is not document or staff language capacity,research_only,research,candidate,ai_seeded,not_frontend_ready,"Observed documentation and encoded evidence-layer visibility only; no causal documentation effect, social-network influence, activity strength, alliance, staff capacity, language capacity, or organizational lifespan."
S074,Cause IQ American Welfare and Works Association EIN 98-0227149,nonprofit_record,funding_nonprofit_record,2026,2026,2026,causeiq.com,no,yes,no,no,likely_english_title,no,no,failed,,E3,human_verified,mechanical source_type/title/url/archive classification; organization hosting is not actor ownership and title language is not document or staff language capacity,research_only,research,candidate,ai_seeded,not_frontend_ready,"Observed documentation and encoded evidence-layer visibility only; no causal documentation effect, social-network influence, activity strength, alliance, staff capacity, language capacity, or organizational lifespan."
S075,Kadena Officers' Spouses' Club charity page,organization_site,organization_hosted,2026,2026,2026,kadenaofficersspousesclub.com,yes,yes,no,no,likely_english_title,no,no,archived,text/html; charset=UTF-8,E4,human_verified,mechanical source_type/title/url/archive classification; organization hosting is not actor ownership and title language is not document or staff language capacity,research_only,research,candidate,ai_seeded,not_frontend_ready,"Observed documentation and encoded evidence-layer visibility only; no causal documentation effect, social-network influence, activity strength, alliance, staff capacity, language capacity, or organizational lifespan."
S076,Kadena Officers Spouses Club ProPublica Nonprofit Explorer,nonprofit_record,funding_nonprofit_record,2026,2026,2026,projects.propublica.org,no,yes,no,no,likely_english_title,no,no,archived,text/html; charset=utf-8,E4,human_verified,mechanical source_type/title/url/archive classification; organization hosting is not actor ownership and title language is not document or staff language capacity,research_only,research,candidate,ai_seeded,not_frontend_ready,"Observed documentation and encoded evidence-layer visibility only; no causal documentation effect, social-network influence, activity strength, alliance, staff capacity, language capacity, or organizational lifespan."
S077,USO Okinawa AWWA grant to USO Kinser,organization_story,organization_hosted,2020,2020,2020,okinawa.uso.org,yes,yes,no,no,likely_english_title,no,no,archived,text/html; charset=utf-8,E3,human_verified,mechanical source_type/title/url/archive classification; organization hosting is not actor ownership and title language is not document or staff language capacity,research_only,research,candidate,ai_seeded,not_frontend_ready,"Observed documentation and encoded evidence-layer visibility only; no causal documentation effect, social-network influence, activity strength, alliance, staff capacity, language capacity, or organizational lifespan."
S078,Ryukyu Shimpo English AWWA donated 800 million yen over 40 years,local_news_english,media,2012,2012,2012,english.ryukyushimpo.jp,no,no,yes,no,likely_english_title,no,no,manual_archived,text/html,E3,human_verified,mechanical source_type/title/url/archive classification; organization hosting is not actor ownership and title language is not document or staff language capacity,research_only,research,candidate,ai_seeded,not_frontend_ready,"Observed documentation and encoded evidence-layer visibility only; no causal documentation effect, social-network influence, activity strength, alliance, staff capacity, language capacity, or organizational lifespan."
S079,MOSCO official site,organization_site,organization_hosted,2026,2026,2026,moscoki.com,yes,yes,no,no,likely_english_title,no,no,archived,text/html; charset=UTF-8,E4,human_verified,mechanical source_type/title/url/archive classification; organization hosting is not actor ownership and title language is not document or staff language capacity,research_only,research,candidate,ai_seeded,not_frontend_ready,"Observed documentation and encoded evidence-layer visibility only; no causal documentation effect, social-network influence, activity strength, alliance, staff capacity, language capacity, or organizational lifespan."
S080,Marine Officers Spouses Club Okinawa ProPublica Nonprofit Explorer,nonprofit_record,funding_nonprofit_record,2026,2026,2026,projects.propublica.org,no,yes,no,no,likely_english_title,no,no,archived,text/html; charset=utf-8,E4,human_verified,mechanical source_type/title/url/archive classification; organization hosting is not actor ownership and title language is not document or staff language capacity,research_only,research,candidate,ai_seeded,not_frontend_ready,"Observed documentation and encoded evidence-layer visibility only; no causal documentation effect, social-network influence, activity strength, alliance, staff capacity, language capacity, or organizational lifespan."
S081,Army on Okinawa Gift Shop Okinawa Hai,community_site,media,2009,2009,2009,okinawahai.com,no,no,yes,no,likely_english_title,no,no,archived,text/html; charset=UTF-8,E3,human_verified,mechanical source_type/title/url/archive classification; organization hosting is not actor ownership and title language is not document or staff language capacity,research_only,research,candidate,ai_seeded,not_frontend_ready,"Observed documentation and encoded evidence-layer visibility only; no causal documentation effect, social-network influence, activity strength, alliance, staff capacity, language capacity, or organizational lifespan."
S082,Grants.gov Okinawa Youth Council Program opportunity,grant_document,funding_nonprofit_record,2024,2024,2024,grants.gov,no,yes,no,no,likely_english_title,no,no,archived,text/html;charset=utf-8,E4,human_verified,mechanical source_type/title/url/archive classification; organization hosting is not actor ownership and title language is not document or staff language capacity,research_only,research,candidate,ai_seeded,not_frontend_ready,"Observed documentation and encoded evidence-layer visibility only; no causal documentation effect, social-network influence, activity strength, alliance, staff capacity, language capacity, or organizational lifespan."
S083,FederalGrants Okinawa Youth Council Program listing,grant_database,funding_nonprofit_record,2024,2024,2024,federalgrants.com,no,yes,no,no,likely_english_title,no,no,archived,text/html; charset=UTF-8,E3,human_verified,mechanical source_type/title/url/archive classification; organization hosting is not actor ownership and title language is not document or staff language capacity,research_only,research,candidate,ai_seeded,not_frontend_ready,"Observed documentation and encoded evidence-layer visibility only; no causal documentation effect, social-network influence, activity strength, alliance, staff capacity, language capacity, or organizational lifespan."
S084,GrantedAI Okinawa Youth Council Program expired listing,grant_database,funding_nonprofit_record,2024,2024,2024,grantedai.com,no,yes,no,no,likely_english_title,no,no,archived,text/html; charset=utf-8,E2,human_verified,mechanical source_type/title/url/archive classification; organization hosting is not actor ownership and title language is not document or staff language capacity,research_only,research,candidate,ai_seeded,not_frontend_ready,"Observed documentation and encoded evidence-layer visibility only; no causal documentation effect, social-network influence, activity strength, alliance, staff capacity, language capacity, or organizational lifespan."
S085,NED FY2024 Asia Grant Listing PDF,grant_listing,funding_nonprofit_record,2025,2025,2025,ned.org,no,yes,no,no,likely_english_title,no,no,archived,application/pdf,E4,human_verified,mechanical source_type/title/url/archive classification; organization hosting is not actor ownership and title language is not document or staff language capacity,research_only,research,candidate,ai_seeded,not_frontend_ready,"Observed documentation and encoded evidence-layer visibility only; no causal documentation effect, social-network influence, activity strength, alliance, staff capacity, language capacity, or organizational lifespan."
S086,NED 2024 Grant Listings entry page,grant_listing,funding_nonprofit_record,2025,2025,2025,ned.org,no,yes,no,no,likely_english_title,no,no,archived,text/html; charset=UTF-8,E4,human_verified,mechanical source_type/title/url/archive classification; organization hosting is not actor ownership and title language is not document or staff language capacity,research_only,research,candidate,ai_seeded,not_frontend_ready,"Observed documentation and encoded evidence-layer visibility only; no causal documentation effect, social-network influence, activity strength, alliance, staff capacity, language capacity, or organizational lifespan."
S087,Peace Winds Japan USAID funding for West Japan Floods and Hokkaido Earthquake,organization_report,organization_hosted,2018,2018,2018,global-en.peace-winds.org,yes,yes,no,no,likely_english_title,no,no,archived,text/html; charset=UTF-8,E4,human_verified,mechanical source_type/title/url/archive classification; organization hosting is not actor ownership and title language is not document or staff language capacity,research_only,research,candidate,ai_seeded,not_frontend_ready,"Observed documentation and encoded evidence-layer visibility only; no causal documentation effect, social-network influence, activity strength, alliance, staff capacity, language capacity, or organizational lifespan."
S088,Peace Winds America Peace Winds in Japan disaster relief overview,organization_site,organization_hosted,2026,2026,2026,peacewindsamerica.org,yes,yes,no,no,likely_english_title,no,no,archived,text/html; charset=UTF-8,E3,human_verified,mechanical source_type/title/url/archive classification; organization hosting is not actor ownership and title language is not document or staff language capacity,research_only,research,candidate,ai_seeded,not_frontend_ready,"Observed documentation and encoded evidence-layer visibility only; no causal documentation effect, social-network influence, activity strength, alliance, staff capacity, language capacity, or organizational lifespan."
S089,Pro Public official site,organization_site,organization_hosted,2026,2026,2026,propublic.org,yes,yes,no,no,likely_english_title,no,no,archived,text/html; charset=UTF-8,E4,human_verified,mechanical source_type/title/url/archive classification; organization hosting is not actor ownership and title language is not document or staff language capacity,research_only,research,candidate,ai_seeded,not_frontend_ready,"Observed documentation and encoded evidence-layer visibility only; no causal documentation effect, social-network influence, activity strength, alliance, staff capacity, language capacity, or organizational lifespan."
S090,FoE International member page Nepal Pro Public,ngo_directory,organization_hosted,2026,2026,2026,foei.org,yes,yes,no,no,likely_english_title,no,no,failed,,E4,human_verified,mechanical source_type/title/url/archive classification; organization hosting is not actor ownership and title language is not document or staff language capacity,research_only,research,candidate,ai_seeded,not_frontend_ready,"Observed documentation and encoded evidence-layer visibility only; no causal documentation effect, social-network influence, activity strength, alliance, staff capacity, language capacity, or organizational lifespan."
S091,IUCN member page Pro Natura / Friends of the Earth Switzerland,ngo_directory,organization_hosted,2026,2026,2026,iucn.org,yes,yes,no,no,likely_english_title,no,no,archived,text/html; charset=UTF-8,E4,human_verified,mechanical source_type/title/url/archive classification; organization hosting is not actor ownership and title language is not document or staff language capacity,research_only,research,candidate,ai_seeded,not_frontend_ready,"Observed documentation and encoded evidence-layer visibility only; no causal documentation effect, social-network influence, activity strength, alliance, staff capacity, language capacity, or organizational lifespan."
S092,FoE International member page Switzerland Pro Natura,ngo_directory,organization_hosted,2026,2026,2026,foei.org,yes,yes,no,no,likely_english_title,no,no,failed,,E4,human_verified,mechanical source_type/title/url/archive classification; organization hosting is not actor ownership and title language is not document or staff language capacity,research_only,research,candidate,ai_seeded,not_frontend_ready,"Observed documentation and encoded evidence-layer visibility only; no causal documentation effect, social-network influence, activity strength, alliance, staff capacity, language capacity, or organizational lifespan."
S093,Okinawa Dugong v Rumsfeld docket USCOURTS-cand-3_03-cv-04350,court_record,legal_procedural,2003,2003,2003,govinfo.gov,no,yes,no,yes,likely_english_title,yes,no,archived,application/pdf,E4,ai_seeded,mechanical source_type/title/url/archive classification; organization hosting is not actor ownership and title language is not document or staff language capacity,research_only,research,candidate,ai_seeded,not_frontend_ready,"Observed documentation and encoded evidence-layer visibility only; no causal documentation effect, social-network influence, activity strength, alliance, staff capacity, language capacity, or organizational lifespan."
S094,AWWA donates wheelchair van to Yomitan Quegoen,military_news,official_administrative,2015,2015,2015,dvidshub.net,no,yes,no,no,likely_english_title,no,no,archived,text/html; charset=UTF-8,E3,ai_seeded,mechanical source_type/title/url/archive classification; organization hosting is not actor ownership and title language is not document or staff language capacity,research_only,research,candidate,ai_seeded,not_frontend_ready,"Observed documentation and encoded evidence-layer visibility only; no causal documentation effect, social-network influence, activity strength, alliance, staff capacity, language capacity, or organizational lifespan."
S095,特定非営利活動法人 沖縄NGOセンター（ONC）公式サイト,organization_site,organization_hosted,2026,2026,2026,oki-ngo.org,yes,yes,no,no,likely_japanese_title,no,no,archived,text/html; charset=UTF-8,E4,ai_seeded,mechanical source_type/title/url/archive classification; organization hosting is not actor ownership and title language is not document or staff language capacity,research_only,research,candidate,ai_seeded,not_frontend_ready,"Observed documentation and encoded evidence-layer visibility only; no causal documentation effect, social-network influence, activity strength, alliance, staff capacity, language capacity, or organizational lifespan."
S096,外務省 NGO相談員リスト 令和7年度,official_portal,official_administrative,2025,2025,2025,mofa.go.jp,no,yes,no,no,likely_japanese_title,no,no,failed,,E4,ai_seeded,mechanical source_type/title/url/archive classification; organization hosting is not actor ownership and title language is not document or staff language capacity,research_only,research,candidate,ai_seeded,not_frontend_ready,"Observed documentation and encoded evidence-layer visibility only; no causal documentation effect, social-network influence, activity strength, alliance, staff capacity, language capacity, or organizational lifespan."
S097,USO Okinawa Sponsors page,organization_site,organization_hosted,2026,2026,2026,okinawa.uso.org,yes,yes,no,no,likely_english_title,no,no,archived,text/html; charset=utf-8,E4,ai_seeded,mechanical source_type/title/url/archive classification; organization hosting is not actor ownership and title language is not document or staff language capacity,research_only,research,candidate,ai_seeded,not_frontend_ready,"Observed documentation and encoded evidence-layer visibility only; no causal documentation effect, social-network influence, activity strength, alliance, staff capacity, language capacity, or organizational lifespan."
S098,AEC $16000 donation and center refresh to USO Okinawa,news,media,2026,2026,2026,okinawa.stripes.com,no,no,yes,no,likely_english_title,no,no,archived,text/html; charset=UTF-8,E4,ai_seeded,mechanical source_type/title/url/archive classification; organization hosting is not actor ownership and title language is not document or staff language capacity,research_only,research,candidate,ai_seeded,not_frontend_ready,"Observed documentation and encoded evidence-layer visibility only; no causal documentation effect, social-network influence, activity strength, alliance, staff capacity, language capacity, or organizational lifespan."
S099,沖縄NGOセンター 2024年度事業報告書等,official_npo_report,official_administrative,2025,2025,2025,npo-homepage.go.jp,no,yes,no,no,likely_japanese_title,no,no,archived,application/pdf,E4,ai_seeded,mechanical source_type/title/url/archive classification; organization hosting is not actor ownership and title language is not document or staff language capacity,research_only,research,candidate,ai_seeded,not_frontend_ready,"Observed documentation and encoded evidence-layer visibility only; no causal documentation effect, social-network influence, activity strength, alliance, staff capacity, language capacity, or organizational lifespan."
S100,JICA 2019年度教師海外研修 九州沖縄 報告書,official_project_report,official_administrative,2020,2020,2020,jica.go.jp,no,yes,no,no,likely_japanese_title,no,no,archived,application/pdf,E4,ai_seeded,mechanical source_type/title/url/archive classification; organization hosting is not actor ownership and title language is not document or staff language capacity,research_only,research,candidate,ai_seeded,not_frontend_ready,"Observed documentation and encoded evidence-layer visibility only; no causal documentation effect, social-network influence, activity strength, alliance, staff capacity, language capacity, or organizational lifespan."
S101,外務省 NGO相談員リスト 令和8年度,official_portal,official_administrative,2026,2026,2026,mofa.go.jp,no,yes,no,no,likely_japanese_title,no,no,failed,,E4,ai_seeded,mechanical source_type/title/url/archive classification; organization hosting is not actor ownership and title language is not document or staff language capacity,research_only,research,candidate,ai_seeded,not_frontend_ready,"Observed documentation and encoded evidence-layer visibility only; no causal documentation effect, social-network influence, activity strength, alliance, staff capacity, language capacity, or organizational lifespan."
S102,NOSCO joins donation of cooling fans to Heshikiya after-school childcare center,military_news,official_administrative,2025,2025,2025,dvidshub.net,no,yes,no,no,likely_english_title,no,no,archived,text/html; charset=UTF-8,E3,ai_seeded,mechanical source_type/title/url/archive classification; organization hosting is not actor ownership and title language is not document or staff language capacity,research_only,research,candidate,ai_seeded,not_frontend_ready,"Observed documentation and encoded evidence-layer visibility only; no causal documentation effect, social-network influence, activity strength, alliance, staff capacity, language capacity, or organizational lifespan."
S103,NPO法人世界版「平和の礎」を提案する会 行政入力情報,official_portal,official_administrative,2026,2026,2026,npo-homepage.go.jp,no,yes,no,no,likely_japanese_title,no,no,archived,text/html; charset=UTF-8,E4,ai_seeded,mechanical source_type/title/url/archive classification; organization hosting is not actor ownership and title language is not document or staff language capacity,research_only,research,candidate,ai_seeded,not_frontend_ready,"Observed documentation and encoded evidence-layer visibility only; no causal documentation effect, social-network influence, activity strength, alliance, staff capacity, language capacity, or organizational lifespan."
S104,NPO法人信息检索结果：沖縄平和協力センター,official_portal,official_administrative,2026,2026,2026,npo-homepage.go.jp,no,yes,no,no,likely_japanese_title,no,no,failed,,E4,ai_seeded,mechanical source_type/title/url/archive classification; organization hosting is not actor ownership and title language is not document or staff language capacity,research_only,research,candidate,ai_seeded,not_frontend_ready,"Observed documentation and encoded evidence-layer visibility only; no causal documentation effect, social-network influence, activity strength, alliance, staff capacity, language capacity, or organizational lifespan."
S105,沖教組とは,organization_site,organization_hosted,2026,2026,2026,oki-tu.org,yes,yes,no,no,likely_japanese_title,no,no,archived,text/html; charset=UTF-8,E4,ai_seeded,mechanical source_type/title/url/archive classification; organization hosting is not actor ownership and title language is not document or staff language capacity,research_only,research,candidate,ai_seeded,not_frontend_ready,"Observed documentation and encoded evidence-layer visibility only; no causal documentation effect, social-network influence, activity strength, alliance, staff capacity, language capacity, or organizational lifespan."
S106,組合について：沖縄県高等学校障害児学校教職員組合,organization_site,organization_hosted,2026,2026,2026,oki-htu.or.jp,yes,yes,no,no,likely_japanese_title,no,no,archived,text/html; charset=UTF-8,E4,ai_seeded,mechanical source_type/title/url/archive classification; organization hosting is not actor ownership and title language is not document or staff language capacity,research_only,research,candidate,ai_seeded,not_frontend_ready,"Observed documentation and encoded evidence-layer visibility only; no causal documentation effect, social-network influence, activity strength, alliance, staff capacity, language capacity, or organizational lifespan."
S107,連合沖縄とは,organization_site,organization_hosted,2026,2026,2026,rengo-okinawa.jp,yes,yes,no,no,likely_japanese_title,no,no,archived,text/html; charset=UTF-8,E4,ai_seeded,mechanical source_type/title/url/archive classification; organization hosting is not actor ownership and title language is not document or staff language capacity,research_only,research,candidate,ai_seeded,not_frontend_ready,"Observed documentation and encoded evidence-layer visibility only; no causal documentation effect, social-network influence, activity strength, alliance, staff capacity, language capacity, or organizational lifespan."
S108,在日米軍関係者によって繰り返される性的暴行事件に関する抗議・要請,organization_action_record,organization_hosted,2026,2026,2026,rengo-okinawa.jp,yes,yes,no,yes,likely_japanese_title,yes,no,archived,text/html; charset=UTF-8,E4,ai_seeded,mechanical source_type/title/url/archive classification; organization hosting is not actor ownership and title language is not document or staff language capacity,research_only,research,candidate,ai_seeded,not_frontend_ready,"Observed documentation and encoded evidence-layer visibility only; no causal documentation effect, social-network influence, activity strength, alliance, staff capacity, language capacity, or organizational lifespan."
S109,沖縄県労連の紹介,organization_site,organization_hosted,2026,2026,2026,okinawakenroren.org,yes,yes,no,no,likely_japanese_title,no,no,archived,text/html; charset=UTF-8,E4,ai_seeded,mechanical source_type/title/url/archive classification; organization hosting is not actor ownership and title language is not document or staff language capacity,research_only,research,candidate,ai_seeded,not_frontend_ready,"Observed documentation and encoded evidence-layer visibility only; no causal documentation effect, social-network influence, activity strength, alliance, staff capacity, language capacity, or organizational lifespan."
S110,自治労沖縄県本部,organization_site,organization_hosted,2026,2026,2026,jichiro.okinawa,yes,yes,no,no,likely_japanese_title,no,no,archived,text/html; charset=UTF-8,E4,ai_seeded,mechanical source_type/title/url/archive classification; organization hosting is not actor ownership and title language is not document or staff language capacity,research_only,research,candidate,ai_seeded,not_frontend_ready,"Observed documentation and encoded evidence-layer visibility only; no causal documentation effect, social-network influence, activity strength, alliance, staff capacity, language capacity, or organizational lifespan."
S111,一般社団法人沖縄県女性連合会,organization_site,organization_hosted,2026,2026,2026,okifuren.com,yes,yes,no,no,likely_japanese_title,no,no,archived,text/html; charset=UTF-8,E4,ai_seeded,mechanical source_type/title/url/archive classification; organization hosting is not actor ownership and title language is not document or staff language capacity,research_only,research,candidate,ai_seeded,not_frontend_ready,"Observed documentation and encoded evidence-layer visibility only; no causal documentation effect, social-network influence, activity strength, alliance, staff capacity, language capacity, or organizational lifespan."
S112,沖縄県議会委員会记录：宫古两团体陈情,official_legislative_record,official_administrative,2026,2026,2026,pref.okinawa.lg.jp,no,yes,no,no,likely_japanese_title,no,no,archived,application/pdf,E4,ai_seeded,mechanical source_type/title/url/archive classification; organization hosting is not actor ownership and title language is not document or staff language capacity,research_only,research,candidate,ai_seeded,not_frontend_ready,"Observed documentation and encoded evidence-layer visibility only; no causal documentation effect, social-network influence, activity strength, alliance, staff capacity, language capacity, or organizational lifespan."
S113,考える会・郡民の会抗议报道,local_news,media,2026,2026,2026,miyakomainichi.com,no,no,yes,no,likely_japanese_title,no,no,archived,text/html; charset=UTF-8,E4,ai_seeded,mechanical source_type/title/url/archive classification; organization hosting is not actor ownership and title language is not document or staff language capacity,research_only,research,candidate,ai_seeded,not_frontend_ready,"Observed documentation and encoded evidence-layer visibility only; no causal documentation effect, social-network influence, activity strength, alliance, staff capacity, language capacity, or organizational lifespan."
S114,宮古島環境クラブ,organization_site,organization_hosted,n.d.; current content includes 2026-06-25–2026-07-04 event; accessed 2026-07-12,2026,2026,npo-mec.net,yes,yes,no,no,likely_japanese_title,no,no,archived,text/html; charset=UTF-8,E4,human_revised,mechanical source_type/title/url/archive classification; organization hosting is not actor ownership and title language is not document or staff language capacity,research_only,research,candidate,ai_seeded,not_frontend_ready,"Observed documentation and encoded evidence-layer visibility only; no causal documentation effect, social-network influence, activity strength, alliance, staff capacity, language capacity, or organizational lifespan."
S115,特定非営利活動法人 宮古島 海の環境ネットワーク,organization_site,organization_hosted,2026,2026,2026,econet.jpn.org,yes,yes,no,no,likely_japanese_title,no,no,archived,text/html; charset=UTF-8,E4,human_revised,mechanical source_type/title/url/archive classification; organization hosting is not actor ownership and title language is not document or staff language capacity,research_only,research,candidate,ai_seeded,not_frontend_ready,"Observed documentation and encoded evidence-layer visibility only; no causal documentation effect, social-network influence, activity strength, alliance, staff capacity, language capacity, or organizational lifespan."
S116,PFAS汚染から市民の生命を守る連絡会について,organization_site,organization_hosted,2026,2026,2026,darkwater.okinawa,yes,yes,no,no,likely_japanese_title,no,no,archived,text/html; charset=UTF-8,E4,ai_seeded,mechanical source_type/title/url/archive classification; organization hosting is not actor ownership and title language is not document or staff language capacity,research_only,research,candidate,ai_seeded,not_frontend_ready,"Observed documentation and encoded evidence-layer visibility only; no causal documentation effect, social-network influence, activity strength, alliance, staff capacity, language capacity, or organizational lifespan."
S117,沖縄県PFAS健康影响委员会议事概要,official_government_record,official_administrative,2026,2026,2026,pref.okinawa.lg.jp,no,yes,no,no,likely_japanese_title,no,no,failed,,E4,ai_seeded,mechanical source_type/title/url/archive classification; organization hosting is not actor ownership and title language is not document or staff language capacity,research_only,research,candidate,ai_seeded,not_frontend_ready,"Observed documentation and encoded evidence-layer visibility only; no causal documentation effect, social-network influence, activity strength, alliance, staff capacity, language capacity, or organizational lifespan."
S118,うるま市议会会议录：ミサイル配備から命を守る市民の会,official_legislative_record,official_administrative,2026,2026,2026,city.uruma.lg.jp,no,yes,no,no,likely_japanese_title,no,no,archived,application/pdf,E4,ai_seeded,mechanical source_type/title/url/archive classification; organization hosting is not actor ownership and title language is not document or staff language capacity,research_only,research,candidate,ai_seeded,not_frontend_ready,"Observed documentation and encoded evidence-layer visibility only; no causal documentation effect, social-network influence, activity strength, alliance, staff capacity, language capacity, or organizational lifespan."
S119,うるま市民の会发足报道,local_news,media,2026,2026,2026,ryukyushimpo.jp,no,no,yes,no,likely_japanese_title,no,no,failed,,E4,ai_seeded,mechanical source_type/title/url/archive classification; organization hosting is not actor ownership and title language is not document or staff language capacity,research_only,research,candidate,ai_seeded,not_frontend_ready,"Observed documentation and encoded evidence-layer visibility only; no causal documentation effect, social-network influence, activity strength, alliance, staff capacity, language capacity, or organizational lifespan."
S120,沖縄・琉球弧の声を届ける会,organization_site,organization_hosted,2026,2026,2026,ryukyukohp.jimdofree.com,yes,yes,no,no,likely_japanese_title,no,no,failed,,E4,ai_seeded,mechanical source_type/title/url/archive classification; organization hosting is not actor ownership and title language is not document or staff language capacity,research_only,research,candidate,ai_seeded,not_frontend_ready,"Observed documentation and encoded evidence-layer visibility only; no causal documentation effect, social-network influence, activity strength, alliance, staff capacity, language capacity, or organizational lifespan."
S121,全国公害弁護団連絡会議,organization_site,organization_hosted,2026,2026,2026,kogai-net.com,yes,yes,no,no,likely_japanese_title,no,no,archived,text/html; charset=UTF-8,E4,ai_seeded,mechanical source_type/title/url/archive classification; organization hosting is not actor ownership and title language is not document or staff language capacity,research_only,research,candidate,ai_seeded,not_frontend_ready,"Observed documentation and encoded evidence-layer visibility only; no causal documentation effect, social-network influence, activity strength, alliance, staff capacity, language capacity, or organizational lifespan."
S122,全国基地爆音訴訟原告団連絡会議介绍,member_organization_website,other,2026,2026,2026,bakuon.org,no,no,no,yes,likely_japanese_title,yes,no,archived,text/html,E4,ai_seeded,mechanical source_type/title/url/archive classification; organization hosting is not actor ownership and title language is not document or staff language capacity,research_only,research,candidate,ai_seeded,not_frontend_ready,"Observed documentation and encoded evidence-layer visibility only; no causal documentation effect, social-network influence, activity strength, alliance, staff capacity, language capacity, or organizational lifespan."
S123,全国基地爆音訴訟原告団連絡会政府要请报道,member_organization_action_record,organization_hosted,2026,2026,2026,bakuon.org,yes,yes,no,yes,likely_japanese_title,yes,no,archived,text/html; charset=UTF-8,E4,ai_seeded,mechanical source_type/title/url/archive classification; organization hosting is not actor ownership and title language is not document or staff language capacity,research_only,research,candidate,ai_seeded,not_frontend_ready,"Observed documentation and encoded evidence-layer visibility only; no causal documentation effect, social-network influence, activity strength, alliance, staff capacity, language capacity, or organizational lifespan."
S124,普天間基地爆音訴訟报告,legal_network_report,legal_procedural,2026,2026,2026,kogai-net.com,no,yes,no,yes,likely_japanese_title,yes,no,archived,text/html; charset=UTF-8,E4,ai_seeded,mechanical source_type/title/url/archive classification; organization hosting is not actor ownership and title language is not document or staff language capacity,research_only,research,candidate,ai_seeded,not_frontend_ready,"Observed documentation and encoded evidence-layer visibility only; no causal documentation effect, social-network influence, activity strength, alliance, staff capacity, language capacity, or organizational lifespan."
S125,日本YWCA辺野古新基地建設声明,organization_statement,organization_hosted,2026,2026,2026,ywca.or.jp,yes,yes,no,no,likely_japanese_title,no,no,archived,application/pdf,E4,ai_seeded,mechanical source_type/title/url/archive classification; organization hosting is not actor ownership and title language is not document or staff language capacity,research_only,research,candidate,ai_seeded,not_frontend_ready,"Observed documentation and encoded evidence-layer visibility only; no causal documentation effect, social-network influence, activity strength, alliance, staff capacity, language capacity, or organizational lifespan."
S126,辺野古の海を土砂で埋めるな首都圏連絡会,organization_site,organization_hosted,2026,2026,2026,henokoumeruna2018.exblog.jp,yes,yes,no,no,likely_japanese_title,no,no,archived,text/html; charset=UTF-8,E4,ai_seeded,mechanical source_type/title/url/archive classification; organization hosting is not actor ownership and title language is not document or staff language capacity,research_only,research,candidate,ai_seeded,not_frontend_ready,"Observed documentation and encoded evidence-layer visibility only; no causal documentation effect, social-network influence, activity strength, alliance, staff capacity, language capacity, or organizational lifespan."
S127,JAWAN对首都圈联络会行动记录,partner_organization_record,organization_hosted,2026,2026,2026,jawan.jp,yes,yes,no,no,likely_japanese_title,no,no,archived,text/html,E4,ai_seeded,mechanical source_type/title/url/archive classification; organization hosting is not actor ownership and title language is not document or staff language capacity,research_only,research,candidate,ai_seeded,not_frontend_ready,"Observed documentation and encoded evidence-layer visibility only; no causal documentation effect, social-network influence, activity strength, alliance, staff capacity, language capacity, or organizational lifespan."
S128,Center for Biological Diversity v. Mattis No. 15-15695 opinion,court_record,legal_procedural,2017,2017,2017,cdn.ca9.uscourts.gov,no,yes,no,yes,likely_english_title,yes,no,archived,application/pdf,E4,ai_seeded,mechanical source_type/title/url/archive classification; organization hosting is not actor ownership and title language is not document or staff language capacity,research_only,research,candidate,ai_seeded,not_frontend_ready,"Observed documentation and encoded evidence-layer visibility only; no causal documentation effect, social-network influence, activity strength, alliance, staff capacity, language capacity, or organizational lifespan."
S129,Center for Biological Diversity v. Esper No. 18-16836 opinion,court_record,legal_procedural,2020,2020,2020,cdn.ca9.uscourts.gov,no,yes,no,yes,likely_english_title,yes,no,archived,application/pdf,E4,ai_seeded,mechanical source_type/title/url/archive classification; organization hosting is not actor ownership and title language is not document or staff language capacity,research_only,research,candidate,ai_seeded,not_frontend_ready,"Observed documentation and encoded evidence-layer visibility only; no causal documentation effect, social-network influence, activity strength, alliance, staff capacity, language capacity, or organizational lifespan."
S130,普天間飛行場代替施設建設事業に係る環境影響評価書（補正後） publication hub,official_data,official_administrative,2013,2013,2013,mod.go.jp,no,yes,no,no,mixed_title,no,no,archived,text/html,E4,ai_seeded,mechanical source_type/title/url/archive classification; organization hosting is not actor ownership and title language is not document or staff language capacity,research_only,research,candidate,ai_seeded,not_frontend_ready,"Observed documentation and encoded evidence-layer visibility only; no causal documentation effect, social-network influence, activity strength, alliance, staff capacity, language capacity, or organizational lifespan."
S131,「普天間飛行場代替施設建設事業に係る環境影響評価書（補正後）」への意見,organization_statement,organization_hosted,2013,2013,2013,nacsj.or.jp,yes,yes,no,no,likely_japanese_title,no,no,archived,text/html; charset=UTF-8,E4,ai_seeded,mechanical source_type/title/url/archive classification; organization hosting is not actor ownership and title language is not document or staff language capacity,research_only,research,candidate,ai_seeded,not_frontend_ready,"Observed documentation and encoded evidence-layer visibility only; no causal documentation effect, social-network influence, activity strength, alliance, staff capacity, language capacity, or organizational lifespan."
S132,普天間飛行場代替施設建設事業に係る環境影響評価方法書に対する意見,organization_statement,organization_hosted,2004,2004,2004,nacsj.or.jp,yes,yes,no,no,likely_japanese_title,no,no,archived,text/html; charset=UTF-8,E4,ai_seeded,mechanical source_type/title/url/archive classification; organization hosting is not actor ownership and title language is not document or staff language capacity,research_only,research,candidate,ai_seeded,not_frontend_ready,"Observed documentation and encoded evidence-layer visibility only; no causal documentation effect, social-network influence, activity strength, alliance, staff capacity, language capacity, or organizational lifespan."
S133,Third Kadena Air Base noise injunction appeal judgment,court_record,legal_procedural,2019,2019,2019,courts.go.jp,no,yes,no,yes,likely_english_title,yes,no,archived,application/pdf,E4,ai_seeded,mechanical source_type/title/url/archive classification; organization hosting is not actor ownership and title language is not document or staff language capacity,research_only,research,candidate,ai_seeded,not_frontend_ready,"Observed documentation and encoded evidence-layer visibility only; no causal documentation effect, social-network influence, activity strength, alliance, staff capacity, language capacity, or organizational lifespan."
S134,爆音響く 第三次嘉手納基地爆音差止訴訟の記録 2011.4-2022.3 総集編,official_data,official_administrative,2011,2011,2011,ndlsearch.ndl.go.jp,no,yes,no,yes,likely_japanese_title,yes,no,archived,text/html;charset=utf-8,E3,ai_seeded,mechanical source_type/title/url/archive classification; organization hosting is not actor ownership and title language is not document or staff language capacity,research_only,research,candidate,ai_seeded,not_frontend_ready,"Observed documentation and encoded evidence-layer visibility only; no causal documentation effect, social-network influence, activity strength, alliance, staff capacity, language capacity, or organizational lifespan."
S135,令和4年3月10日 普天間飛行場周辺損害賠償請求事件判決,court_record,legal_procedural,2022,2022,2022,courts.go.jp,no,yes,no,yes,likely_japanese_title,yes,no,archived,application/pdf,E4,ai_seeded,mechanical source_type/title/url/archive classification; organization hosting is not actor ownership and title language is not document or staff language capacity,research_only,research,candidate,ai_seeded,not_frontend_ready,"Observed documentation and encoded evidence-layer visibility only; no causal documentation effect, social-network influence, activity strength, alliance, staff capacity, language capacity, or organizational lifespan."
S136,「普天間基地爆音訴訟団」のホームページができました,formal_counsel_material,legal_procedural,2022,2022,2022,okinawagodo.org,no,yes,no,yes,likely_japanese_title,yes,no,archived,text/html; charset=UTF-8,E4,ai_seeded,mechanical source_type/title/url/archive classification; organization hosting is not actor ownership and title language is not document or staff language capacity,research_only,research,candidate,ai_seeded,not_frontend_ready,"Observed documentation and encoded evidence-layer visibility only; no causal documentation effect, social-network influence, activity strength, alliance, staff capacity, language capacity, or organizational lifespan."
S137,石垣市平得大俣地域への陸上自衛隊配備計画の賛否を問う住民投票実施義務付け等請求事件判決,court_record,legal_procedural,2020,2020,2020,courts.go.jp,no,yes,no,yes,likely_japanese_title,yes,no,archived,application/pdf,E4,human_revised,mechanical source_type/title/url/archive classification; organization hosting is not actor ownership and title language is not document or staff language capacity,research_only,research,candidate,ai_seeded,not_frontend_ready,"Observed documentation and encoded evidence-layer visibility only; no causal documentation effect, social-network influence, activity strength, alliance, staff capacity, language capacity, or organizational lifespan."
S138,石垣市平得大俣地域への陸上自衛隊配備計画の賛否を問う住民投票条例に係る議会審議の結果について H31.2.4,local_official,official_administrative,2019（事件/正式文件）；page updated 2020-03-30,2019,2020,city.ishigaki.okinawa.jp,no,yes,no,no,likely_japanese_title,no,no,archived,text/html,E4,human_revised,mechanical source_type/title/url/archive classification; organization hosting is not actor ownership and title language is not document or staff language capacity,research_only,research,candidate,ai_seeded,not_frontend_ready,"Observed documentation and encoded evidence-layer visibility only; no causal documentation effect, social-network influence, activity strength, alliance, staff capacity, language capacity, or organizational lifespan."
S139,在外日本人国民審査権確認等請求事件最高裁判決を踏まえた原告ら代理人の意見,legal_source,legal_procedural,2020,2020,2020,ishigaki-tohyo.com,no,yes,no,yes,likely_japanese_title,yes,no,failed,,E4,ai_seeded,mechanical source_type/title/url/archive classification; organization hosting is not actor ownership and title language is not document or staff language capacity,research_only,research,candidate,ai_seeded,not_frontend_ready,"Observed documentation and encoded evidence-layer visibility only; no causal documentation effect, social-network influence, activity strength, alliance, staff capacity, language capacity, or organizational lifespan."
S140,泡瀬干潟埋立公金支出差止等請求事件判決,court_record,legal_procedural,2017,2017,2017,courts.go.jp,no,yes,no,yes,likely_japanese_title,yes,no,archived,application/pdf,E4,ai_seeded,mechanical source_type/title/url/archive classification; organization hosting is not actor ownership and title language is not document or staff language capacity,research_only,research,candidate,ai_seeded,not_frontend_ready,"Observed documentation and encoded evidence-layer visibility only; no causal documentation effect, social-network influence, activity strength, alliance, staff capacity, language capacity, or organizational lifespan."
S141,特別保存に付した事件 平成29年度完結分,court_record,legal_procedural,2017,2017,2017,courts.go.jp,no,yes,no,yes,likely_japanese_title,yes,no,archived,application/pdf,E4,ai_seeded,mechanical source_type/title/url/archive classification; organization hosting is not actor ownership and title language is not document or staff language capacity,research_only,research,candidate,ai_seeded,not_frontend_ready,"Observed documentation and encoded evidence-layer visibility only; no causal documentation effect, social-network influence, activity strength, alliance, staff capacity, language capacity, or organizational lifespan."
S142,第2次泡瀬干潟埋立住民訴訟の上告棄却に関する原告と弁護団の声明,legal_source,legal_procedural,2017,2017,2017,jelf-justice.org,no,yes,no,yes,likely_japanese_title,yes,no,archived,text/html; charset=UTF-8,E4,ai_seeded,mechanical source_type/title/url/archive classification; organization hosting is not actor ownership and title language is not document or staff language capacity,research_only,research,candidate,ai_seeded,not_frontend_ready,"Observed documentation and encoded evidence-layer visibility only; no causal documentation effect, social-network influence, activity strength, alliance, staff capacity, language capacity, or organizational lifespan."
S143,平成19年度沖縄県訟務年報,official_data,official_administrative,2007,2007,2007,pref.okinawa.jp,no,yes,no,no,likely_japanese_title,no,no,archived,application/pdf,E4,ai_seeded,mechanical source_type/title/url/archive classification; organization hosting is not actor ownership and title language is not document or staff language capacity,research_only,research,candidate,ai_seeded,not_frontend_ready,"Observed documentation and encoded evidence-layer visibility only; no causal documentation effect, social-network influence, activity strength, alliance, staff capacity, language capacity, or organizational lifespan."
S144,日本YWCA『沖縄YWCAのご紹介』,parent_organization_profile,organization_hosted,2022,2022,2022,ywca.or.jp,yes,yes,no,no,likely_japanese_title,no,no,archived,text/html; charset=UTF-8,E4,human_checked,mechanical source_type/title/url/archive classification; organization hosting is not actor ownership and title language is not document or staff language capacity,research_only,research,candidate,ai_seeded,not_frontend_ready,"Observed documentation and encoded evidence-layer visibility only; no causal documentation effect, social-network influence, activity strength, alliance, staff capacity, language capacity, or organizational lifespan."
S145,日本YWCA 沖縄专题页,parent_organization_topic_page,organization_hosted,2026,2026,2026,ywca.or.jp,yes,yes,no,no,likely_japanese_title,no,no,archived,text/html; charset=UTF-8,E3,human_checked,mechanical source_type/title/url/archive classification; organization hosting is not actor ownership and title language is not document or staff language capacity,research_only,research,candidate,ai_seeded,not_frontend_ready,"Observed documentation and encoded evidence-layer visibility only; no causal documentation effect, social-network influence, activity strength, alliance, staff capacity, language capacity, or organizational lifespan."
S146,沖縄を再び戦場にさせない県民の会 公式サイト,organization_site,organization_hosted,2023,2023,2023,kenminnokai.okinawa,yes,yes,no,no,likely_japanese_title,no,no,failed,,E4,human_checked,mechanical source_type/title/url/archive classification; organization hosting is not actor ownership and title language is not document or staff language capacity,research_only,research,candidate,ai_seeded,not_frontend_ready,"Observed documentation and encoded evidence-layer visibility only; no causal documentation effect, social-network influence, activity strength, alliance, staff capacity, language capacity, or organizational lifespan."
S147,QAB『沖縄を再び戦場にさせない「県民平和大集会」』,local_news,media,2023,2023,2023,qab.co.jp,no,no,yes,no,likely_japanese_title,no,no,archived,text/html; charset=UTF-8,E4,human_checked,mechanical source_type/title/url/archive classification; organization hosting is not actor ownership and title language is not document or staff language capacity,research_only,research,candidate,ai_seeded,not_frontend_ready,"Observed documentation and encoded evidence-layer visibility only; no causal documentation effect, social-network influence, activity strength, alliance, staff capacity, language capacity, or organizational lifespan."
S148,沖縄を再び戦場にさせない県民の会 发足报道,local_news,media,2023,2023,2023,ryukyushimpo.jp,no,no,yes,no,likely_japanese_title,no,no,archived,text/html; charset=UTF-8,E4,human_checked,mechanical source_type/title/url/archive classification; organization hosting is not actor ownership and title language is not document or staff language capacity,research_only,research,candidate,ai_seeded,not_frontend_ready,"Observed documentation and encoded evidence-layer visibility only; no causal documentation effect, social-network influence, activity strength, alliance, staff capacity, language capacity, or organizational lifespan."
S149,嘉手納爆音、第4次訴訟を提起―原告3万5566人,local_news,media,2022,2022,2022,ryukyushimpo.jp,no,no,yes,yes,likely_japanese_title,yes,no,archived,text/html; charset=UTF-8,E4,human_checked,mechanical source_type/title/url/archive classification; organization hosting is not actor ownership and title language is not document or staff language capacity,research_only,research,candidate,ai_seeded,not_frontend_ready,"Observed documentation and encoded evidence-layer visibility only; no causal documentation effect, social-network influence, activity strength, alliance, staff capacity, language capacity, or organizational lifespan."
S150,QAB 第4次嘉手納基地爆音差止訴訟 第1回口頭弁論前夜集会,local_news,media,2023,2023,2023,qab.co.jp,no,no,yes,yes,likely_japanese_title,yes,no,archived,text/html; charset=UTF-8,E3,human_checked,mechanical source_type/title/url/archive classification; organization hosting is not actor ownership and title language is not document or staff language capacity,research_only,research,candidate,ai_seeded,not_frontend_ready,"Observed documentation and encoded evidence-layer visibility only; no causal documentation effect, social-network influence, activity strength, alliance, staff capacity, language capacity, or organizational lifespan."
S151,嘉手納基地爆音差止訴訟原告団 公式サイト,organization_site,organization_hosted,2026,2026,2026,kadena-bakuon.jp,yes,yes,no,yes,likely_japanese_title,yes,no,failed,,E4,human_checked,mechanical source_type/title/url/archive classification; organization hosting is not actor ownership and title language is not document or staff language capacity,research_only,research,candidate,ai_seeded,not_frontend_ready,"Observed documentation and encoded evidence-layer visibility only; no causal documentation effect, social-network influence, activity strength, alliance, staff capacity, language capacity, or organizational lifespan."
S152,第4次嘉手納基地爆音差止訴訟 提訴说明,participating_law_firm_record,legal_procedural,2022,2022,2022,ameblo.jp,no,yes,no,yes,likely_japanese_title,yes,no,archived,text/html; charset=utf-8,E3,human_checked,mechanical source_type/title/url/archive classification; organization hosting is not actor ownership and title language is not document or staff language capacity,research_only,research,candidate,ai_seeded,not_frontend_ready,"Observed documentation and encoded evidence-layer visibility only; no causal documentation effect, social-network influence, activity strength, alliance, staff capacity, language capacity, or organizational lifespan."
S153,辺野古に基地を絶対つくらせない大阪行動 公式博客,organization_site,organization_hosted,2026,2026,2026,blog.livedoor.jp,yes,yes,no,no,likely_japanese_title,no,no,failed,,E3,human_checked,mechanical source_type/title/url/archive classification; organization hosting is not actor ownership and title language is not document or staff language capacity,research_only,research,candidate,ai_seeded,not_frontend_ready,"Observed documentation and encoded evidence-layer visibility only; no causal documentation effect, social-network influence, activity strength, alliance, staff capacity, language capacity, or organizational lifespan."
S154,IWJ 大阪・辺野古声援行动记录,media_record,media,2014,2014,2014,iwj.co.jp,no,no,yes,no,likely_japanese_title,no,no,archived,text/html; charset=UTF-8,E3,human_checked,mechanical source_type/title/url/archive classification; organization hosting is not actor ownership and title language is not document or staff language capacity,research_only,research,candidate,ai_seeded,not_frontend_ready,"Observed documentation and encoded evidence-layer visibility only; no causal documentation effect, social-network influence, activity strength, alliance, staff capacity, language capacity, or organizational lifespan."
S155,嘉手納基地爆音差止訴訟原告団 訴訟の歴史,organization_history,organization_hosted,2026,2026,2026,kadena-bakuon.jp,yes,yes,no,yes,likely_japanese_title,yes,no,failed,,E4,human_checked,mechanical source_type/title/url/archive classification; organization hosting is not actor ownership and title language is not document or staff language capacity,research_only,research,candidate,ai_seeded,not_frontend_ready,"Observed documentation and encoded evidence-layer visibility only; no causal documentation effect, social-network influence, activity strength, alliance, staff capacity, language capacity, or organizational lifespan."
S156,普天間基地爆音訴訟団 公式サイト,organization_site,organization_hosted,2026,2026,2026,futenma-bakuon.jp,yes,yes,no,yes,likely_japanese_title,yes,no,failed,,E4,human_checked,mechanical source_type/title/url/archive classification; organization hosting is not actor ownership and title language is not document or staff language capacity,research_only,research,candidate,ai_seeded,not_frontend_ready,"Observed documentation and encoded evidence-layer visibility only; no causal documentation effect, social-network influence, activity strength, alliance, staff capacity, language capacity, or organizational lifespan."
S157,島の未来は市民が決める―石垣島の自衛隊配備問題―,union_research_report,organization_hosted,2018,2018,2018,jichiro.gr.jp,yes,yes,no,no,likely_japanese_title,no,no,archived,text/html; charset=utf-8,E4,human_checked,mechanical source_type/title/url/archive classification; organization hosting is not actor ownership and title language is not document or staff language capacity,research_only,research,candidate,ai_seeded,not_frontend_ready,"Observed documentation and encoded evidence-layer visibility only; no causal documentation effect, social-network influence, activity strength, alliance, staff capacity, language capacity, or organizational lifespan."
S158,宮古島地下水研究会 団体概要,organization_profile,organization_hosted,2026,2026,2026,miyakojima-tikasui.com,yes,yes,no,no,likely_japanese_title,no,no,archived,text/html,E4,human_checked,mechanical source_type/title/url/archive classification; organization hosting is not actor ownership and title language is not document or staff language capacity,research_only,research,candidate,ai_seeded,not_frontend_ready,"Observed documentation and encoded evidence-layer visibility only; no causal documentation effect, social-network influence, activity strength, alliance, staff capacity, language capacity, or organizational lifespan."
S159,週刊金曜日 石垣島に軍事基地をつくらせない市民連絡会 2023年行动报道,news_magazine,media,2023,2023,2023,kinyobi.co.jp,no,no,yes,no,likely_japanese_title,no,no,archived,text/html; charset=UTF-8,E3,human_checked,mechanical source_type/title/url/archive classification; organization hosting is not actor ownership and title language is not document or staff language capacity,research_only,research,candidate,ai_seeded,not_frontend_ready,"Observed documentation and encoded evidence-layer visibility only; no causal documentation effect, social-network influence, activity strength, alliance, staff capacity, language capacity, or organizational lifespan."
S160,福岡高等裁判所那覇支部 令和5年（行コ）第6号 地位確認請求控訴事件判決（2024年3月12日）,court_record,legal_procedural,2024,2024,2024,call4.jp,no,yes,no,yes,likely_japanese_title,yes,no,archived,application/pdf,E3,human_revised,mechanical source_type/title/url/archive classification; organization hosting is not actor ownership and title language is not document or staff language capacity,research_only,research,candidate,ai_seeded,not_frontend_ready,"Observed documentation and encoded evidence-layer visibility only; no causal documentation effect, social-network influence, activity strength, alliance, staff capacity, language capacity, or organizational lifespan."
S161,石垣市住民投票を求める裁判,legal_source,legal_procedural,2024,2024,2024,call4.jp,no,yes,no,yes,likely_japanese_title,yes,no,archived,text/html; charset=UTF-8,E3,human_revised,mechanical source_type/title/url/archive classification; organization hosting is not actor ownership and title language is not document or staff language capacity,research_only,research,candidate,ai_seeded,not_frontend_ready,"Observed documentation and encoded evidence-layer visibility only; no causal documentation effect, social-network influence, activity strength, alliance, staff capacity, language capacity, or organizational lifespan."
S162,国民保護計画の改正等を求める意見書,official_legislative_record,official_administrative,2024,2024,2024,city.ishigaki.okinawa.jp,no,yes,no,yes,likely_japanese_title,yes,no,archived,application/pdf,E4,human_revised,mechanical source_type/title/url/archive classification; organization hosting is not actor ownership and title language is not document or staff language capacity,research_only,research,candidate,ai_seeded,not_frontend_ready,"Observed documentation and encoded evidence-layer visibility only; no causal documentation effect, social-network influence, activity strength, alliance, staff capacity, language capacity, or organizational lifespan."
S163,令和3年第4回石垣市議会定例会議事日程,official_legislative_record,official_administrative,2021,2021,2021,city.ishigaki.okinawa.jp,no,yes,no,no,likely_japanese_title,no,no,archived,application/pdf,E4,human_revised,mechanical source_type/title/url/archive classification; organization hosting is not actor ownership and title language is not document or staff language capacity,research_only,research,candidate,ai_seeded,not_frontend_ready,"Observed documentation and encoded evidence-layer visibility only; no causal documentation effect, social-network influence, activity strength, alliance, staff capacity, language capacity, or organizational lifespan."
S164,石垣市自治基本条例の見直しについて（令和7年度第1回審議会資料）,local_official,official_administrative,2025,2025,2025,city.ishigaki.okinawa.jp,no,yes,no,no,likely_japanese_title,no,no,archived,application/pdf,E4,human_revised,mechanical source_type/title/url/archive classification; organization hosting is not actor ownership and title language is not document or staff language capacity,research_only,research,candidate,ai_seeded,not_frontend_ready,"Observed documentation and encoded evidence-layer visibility only; no causal documentation effect, social-network influence, activity strength, alliance, staff capacity, language capacity, or organizational lifespan."
S165,石垣市避難実施要領（案）概要,local_official,official_administrative,2022–2025（annual documents）；page updated 2026-02-27,2022,2026,city.ishigaki.okinawa.jp,no,yes,no,no,likely_japanese_title,no,no,archived,text/html,E4,human_revised,mechanical source_type/title/url/archive classification; organization hosting is not actor ownership and title language is not document or staff language capacity,research_only,research,candidate,ai_seeded,not_frontend_ready,"Observed documentation and encoded evidence-layer visibility only; no causal documentation effect, social-network influence, activity strength, alliance, staff capacity, language capacity, or organizational lifespan."
S166,平成31年 第2回石垣市議会(臨時会)の提出議案とその結果,official_legislative_record,official_administrative,2019,2019,2019,city.ishigaki.okinawa.jp,no,yes,no,no,likely_japanese_title,no,no,archived,text/html,E4,human_revised,mechanical source_type/title/url/archive classification; organization hosting is not actor ownership and title language is not document or staff language capacity,research_only,research,candidate,ai_seeded,not_frontend_ready,"Observed documentation and encoded evidence-layer visibility only; no causal documentation effect, social-network influence, activity strength, alliance, staff capacity, language capacity, or organizational lifespan."
S167,令和元年 第4回石垣市議会(定例会)の提出議案とその結果,official_legislative_record,official_administrative,2019,2019,2019,city.ishigaki.okinawa.jp,no,yes,no,no,likely_japanese_title,no,no,archived,text/html,E4,human_revised,mechanical source_type/title/url/archive classification; organization hosting is not actor ownership and title language is not document or staff language capacity,research_only,research,candidate,ai_seeded,not_frontend_ready,"Observed documentation and encoded evidence-layer visibility only; no causal documentation effect, social-network influence, activity strength, alliance, staff capacity, language capacity, or organizational lifespan."
S168,新しい島づくり計画（新市建設計画）第５章 新市の施策（後半）,local_official,official_administrative,2005（最终五市町村版；2005-08）,2005,2005,city.miyakojima.lg.jp,no,yes,no,no,likely_japanese_title,no,no,archived,text/html; charset=UTF-8,E4,human_revised,mechanical source_type/title/url/archive classification; organization hosting is not actor ownership and title language is not document or staff language capacity,research_only,research,candidate,ai_seeded,not_frontend_ready,"Observed documentation and encoded evidence-layer visibility only; no causal documentation effect, social-network influence, activity strength, alliance, staff capacity, language capacity, or organizational lifespan."
S169,宮古島市国民保護計画,local_official,official_administrative,2008-03制定；2019-02部分変更,2008,2019,city.miyakojima.lg.jp,no,yes,no,no,likely_japanese_title,no,no,archived,text/html; charset=UTF-8,E4,human_revised,mechanical source_type/title/url/archive classification; organization hosting is not actor ownership and title language is not document or staff language capacity,research_only,research,candidate,ai_seeded,not_frontend_ready,"Observed documentation and encoded evidence-layer visibility only; no causal documentation effect, social-network influence, activity strength, alliance, staff capacity, language capacity, or organizational lifespan."
S170,沖縄県国民保護共同訓練に係る住民意見交換会 ご意見と回答,local_official,official_administrative,2025-10–2026-02,2025,2026,city.miyakojima.lg.jp,no,yes,no,no,likely_japanese_title,no,no,archived,text/html; charset=UTF-8,E4,human_revised,mechanical source_type/title/url/archive classification; organization hosting is not actor ownership and title language is not document or staff language capacity,research_only,research,candidate,ai_seeded,not_frontend_ready,"Observed documentation and encoded evidence-layer visibility only; no causal documentation effect, social-network influence, activity strength, alliance, staff capacity, language capacity, or organizational lifespan."
S171,その他の選挙（県民投票・市民投票）,local_official,official_administrative,n.d.；accessed 2026,2026,2026,city.nago.okinawa.jp,no,yes,no,no,likely_japanese_title,no,no,archived,text/html,E4,human_revised,mechanical source_type/title/url/archive classification; organization hosting is not actor ownership and title language is not document or staff language capacity,research_only,research,candidate,ai_seeded,not_frontend_ready,"Observed documentation and encoded evidence-layer visibility only; no causal documentation effect, social-network influence, activity strength, alliance, staff capacity, language capacity, or organizational lifespan."
S172,名護市における米軍のヘリポート基地建設の是非を問う市民投票結果（1997年12月21日執行）,local_official,official_administrative,1997,1997,1997,city.nago.okinawa.jp,no,yes,no,no,likely_japanese_title,no,no,archived,application/vnd.ms-excel,E4,human_revised,mechanical source_type/title/url/archive classification; organization hosting is not actor ownership and title language is not document or staff language capacity,research_only,research,candidate,ai_seeded,not_frontend_ready,"Observed documentation and encoded evidence-layer visibility only; no causal documentation effect, social-network influence, activity strength, alliance, staff capacity, language capacity, or organizational lifespan."
S173,令和元年度沖縄振興特別推進交付金事業（市町村分）検証シート【公表用】（沖縄市）,official_project_report,official_administrative,FY2019；file created 2020-08,2019,2020,city.okinawa.okinawa.jp,no,yes,no,no,likely_japanese_title,no,no,archived,application/pdf,E4,human_revised,mechanical source_type/title/url/archive classification; organization hosting is not actor ownership and title language is not document or staff language capacity,research_only,research,candidate,ai_seeded,not_frontend_ready,"Observed documentation and encoded evidence-layer visibility only; no causal documentation effect, social-network influence, activity strength, alliance, staff capacity, language capacity, or organizational lifespan."
S174,令和２年度沖縄振興特別推進交付金事業（市町村分）検証シート【公表用】（沖縄市）,official_project_report,official_administrative,FY2020；file created 2022-01,2020,2022,city.okinawa.okinawa.jp,no,yes,no,no,likely_japanese_title,no,no,archived,application/pdf,E4,human_revised,mechanical source_type/title/url/archive classification; organization hosting is not actor ownership and title language is not document or staff language capacity,research_only,research,candidate,ai_seeded,not_frontend_ready,"Observed documentation and encoded evidence-layer visibility only; no causal documentation effect, social-network influence, activity strength, alliance, staff capacity, language capacity, or organizational lifespan."
S175,令和６年度沖縄振興特別推進交付金事業（市町村分）検証シート【公表用】（沖縄市）,official_project_report,official_administrative,FY2024；file version 2025-07-11,2024,2025,city.okinawa.okinawa.jp,no,yes,no,no,likely_japanese_title,no,no,archived,application/pdf,E4,human_revised,mechanical source_type/title/url/archive classification; organization hosting is not actor ownership and title language is not document or staff language capacity,research_only,research,candidate,ai_seeded,not_frontend_ready,"Observed documentation and encoded evidence-layer visibility only; no causal documentation effect, social-network influence, activity strength, alliance, staff capacity, language capacity, or organizational lifespan."
S176,コザインターナショナルプラザ,local_official,official_administrative,updated 2024-08-08,2024,2024,city.okinawa.okinawa.jp,no,yes,no,no,likely_japanese_title,no,no,archived,text/html,E4,human_revised,mechanical source_type/title/url/archive classification; organization hosting is not actor ownership and title language is not document or staff language capacity,research_only,research,candidate,ai_seeded,not_frontend_ready,"Observed documentation and encoded evidence-layer visibility only; no causal documentation effect, social-network influence, activity strength, alliance, staff capacity, language capacity, or organizational lifespan."
S177,福岡高等裁判所 特別保存に付した事件（令和7年）,court_record,legal_procedural,2025,2025,2025,courts.go.jp,no,yes,no,yes,likely_japanese_title,yes,no,archived,application/pdf,E4,human_revised,mechanical source_type/title/url/archive classification; organization hosting is not actor ownership and title language is not document or staff language capacity,research_only,research,candidate,ai_seeded,not_frontend_ready,"Observed documentation and encoded evidence-layer visibility only; no causal documentation effect, social-network influence, activity strength, alliance, staff capacity, language capacity, or organizational lifespan."
S178,那覇地方裁判所 特別保存に付した事件（令和３年度完結分）,court_record,legal_procedural,FY2021 completed-case list；file created 2025-03-26,2021,2025,courts.go.jp,no,yes,no,yes,likely_japanese_title,yes,no,archived,application/pdf,E4,human_revised,mechanical source_type/title/url/archive classification; organization hosting is not actor ownership and title language is not document or staff language capacity,research_only,research,candidate,ai_seeded,not_frontend_ready,"Observed documentation and encoded evidence-layer visibility only; no causal documentation effect, social-network influence, activity strength, alliance, staff capacity, language capacity, or organizational lifespan."
S179,辺野古県民投票の民意とこれから－元山仁士郎さんに聞く,organization_event_report,organization_hosted,2021,2021,2021,ichikawa-fusae.or.jp,yes,yes,no,no,likely_japanese_title,no,no,archived,text/html; charset=UTF-8,E3,human_revised,mechanical source_type/title/url/archive classification; organization hosting is not actor ownership and title language is not document or staff language capacity,research_only,research,candidate,ai_seeded,not_frontend_ready,"Observed documentation and encoded evidence-layer visibility only; no causal documentation effect, social-network influence, activity strength, alliance, staff capacity, language capacity, or organizational lifespan."
S180,佐賀県（図上訓練、令和７年２月１２日）,national_official,official_administrative,2025,2025,2025,kokuminhogo.go.jp,no,yes,no,no,likely_japanese_title,no,no,archived,text/html,E4,human_revised,mechanical source_type/title/url/archive classification; organization hosting is not actor ownership and title language is not document or staff language capacity,research_only,research,candidate,ai_seeded,not_frontend_ready,"Observed documentation and encoded evidence-layer visibility only; no causal documentation effect, social-network influence, activity strength, alliance, staff capacity, language capacity, or organizational lifespan."
S181,ONCの活動,organization_site,organization_hosted,n.d.; content current through 2025-04; accessed 2026,2025,2026,oki-ngo.org,yes,yes,no,no,likely_japanese_title,no,no,archived,text/html; charset=UTF-8,E4,human_revised,mechanical source_type/title/url/archive classification; organization hosting is not actor ownership and title language is not document or staff language capacity,research_only,research,candidate,ai_seeded,not_frontend_ready,"Observed documentation and encoded evidence-layer visibility only; no causal documentation effect, social-network influence, activity strength, alliance, staff capacity, language capacity, or organizational lifespan."
S182,石垣市住民投票を求める会が解散　６年間の活動を支えてくれた市民に感謝,local_news,media,2024,2024,2024,otv.co.jp,no,no,yes,no,likely_japanese_title,no,no,archived,text/html,E2,human_revised,mechanical source_type/title/url/archive classification; organization hosting is not actor ownership and title language is not document or staff language capacity,research_only,research,candidate,ai_seeded,not_frontend_ready,"Observed documentation and encoded evidence-layer visibility only; no causal documentation effect, social-network influence, activity strength, alliance, staff capacity, language capacity, or organizational lifespan."
S183,令和６年度　NPO等との協働実績調査結果,prefectural_official,official_administrative,FY2024; department names as of 2025-04; file created 2025-09-09,2024,2025,pref.okinawa.jp,no,yes,no,no,likely_japanese_title,no,no,archived,application/pdf,E4,human_revised,mechanical source_type/title/url/archive classification; organization hosting is not actor ownership and title language is not document or staff language capacity,research_only,research,candidate,ai_seeded,not_frontend_ready,"Observed documentation and encoded evidence-layer visibility only; no causal documentation effect, social-network influence, activity strength, alliance, staff capacity, language capacity, or organizational lifespan."
S184,知事公室における随意契約の実績（令和6年度1／四半期分）,official_contract_record,official_administrative,FY2024 Q1; file created 2024-12-20,2024,2024,pref.okinawa.jp,no,yes,no,no,likely_japanese_title,no,no,archived,application/pdf,E4,human_revised,mechanical source_type/title/url/archive classification; organization hosting is not actor ownership and title language is not document or staff language capacity,research_only,research,candidate,ai_seeded,not_frontend_ready,"Observed documentation and encoded evidence-layer visibility only; no causal documentation effect, social-network influence, activity strength, alliance, staff capacity, language capacity, or organizational lifespan."
S185,米軍基地関係特別委員会記録＜第1号＞（平成30年第4回沖縄県議会定例会閉会中）,official_legislative_record,official_administrative,2018,2018,2018,pref.okinawa.jp,no,yes,no,no,likely_japanese_title,no,no,archived,application/pdf,E4,human_revised,mechanical source_type/title/url/archive classification; organization hosting is not actor ownership and title language is not document or staff language capacity,research_only,research,candidate,ai_seeded,not_frontend_ready,"Observed documentation and encoded evidence-layer visibility only; no causal documentation effect, social-network influence, activity strength, alliance, staff capacity, language capacity, or organizational lifespan."
S186,令和６年度第３回沖縄県多文化共生社会の構築に関する万国津梁会議 議事概要,official_meeting_minutes,official_administrative,meeting 2024-11-27; file created 2025-03-14,2024,2025,pref.okinawa.jp,no,yes,no,no,likely_japanese_title,no,no,archived,application/pdf,E4,human_revised,mechanical source_type/title/url/archive classification; organization hosting is not actor ownership and title language is not document or staff language capacity,research_only,research,candidate,ai_seeded,not_frontend_ready,"Observed documentation and encoded evidence-layer visibility only; no causal documentation effect, social-network influence, activity strength, alliance, staff capacity, language capacity, or organizational lifespan."
S187,辺野古新基地建設問題の経緯,prefectural_official,official_administrative,updated 2025-09-08; chronology covers 1995–2025,1995,2025,pref.okinawa.jp,no,yes,no,no,likely_japanese_title,no,no,archived,text/html,E4,human_revised,mechanical source_type/title/url/archive classification; organization hosting is not actor ownership and title language is not document or staff language capacity,research_only,research,candidate,ai_seeded,not_frontend_ready,"Observed documentation and encoded evidence-layer visibility only; no causal documentation effect, social-network influence, activity strength, alliance, staff capacity, language capacity, or organizational lifespan."
S188,沖縄県公報 号外第43号（平成30年10月31日）—沖縄県条例第62号「辺野古米軍基地建設のための埋立ての賛否を問う県民投票条例」,official_gazette,official_administrative,2018,2018,2018,pref.okinawa.jp,no,yes,no,no,likely_japanese_title,no,no,archived,application/pdf,E4,human_revised,mechanical source_type/title/url/archive classification; organization hosting is not actor ownership and title language is not document or staff language capacity,research_only,research,candidate,ai_seeded,not_frontend_ready,"Observed documentation and encoded evidence-layer visibility only; no causal documentation effect, social-network influence, activity strength, alliance, staff capacity, language capacity, or organizational lifespan."
S189,沖縄県公報 号外第17号（平成30年5月23日）—条例制定請求代表者証明書の交付（沖縄県告示第246号）,official_gazette,official_administrative,2018,2018,2018,pref.okinawa.jp,no,yes,no,no,likely_japanese_title,no,no,archived,application/pdf,E4,human_revised,mechanical source_type/title/url/archive classification; organization hosting is not actor ownership and title language is not document or staff language capacity,research_only,research,candidate,ai_seeded,not_frontend_ready,"Observed documentation and encoded evidence-layer visibility only; no causal documentation effect, social-network influence, activity strength, alliance, staff capacity, language capacity, or organizational lifespan."
S190,沖縄県公報 号外第2号（平成31年1月31日）—沖縄県条例第1号「辺野古米軍基地建設のための埋立ての賛否を問う県民投票条例の一部を改正する条例」,official_gazette,official_administrative,2019,2019,2019,pref.okinawa.jp,no,yes,no,no,likely_japanese_title,no,no,archived,application/pdf,E4,human_revised,mechanical source_type/title/url/archive classification; organization hosting is not actor ownership and title language is not document or staff language capacity,research_only,research,candidate,ai_seeded,not_frontend_ready,"Observed documentation and encoded evidence-layer visibility only; no causal documentation effect, social-network influence, activity strength, alliance, staff capacity, language capacity, or organizational lifespan."
S191,議会提案説明（平成30年第6回沖縄県議会臨時会）,official_legislative_record,official_administrative,proposal explanation 2018-09-20; page updated 2024-01-11,2018,2024,pref.okinawa.jp,no,yes,no,no,likely_japanese_title,no,no,archived,text/html,E4,human_revised,mechanical source_type/title/url/archive classification; organization hosting is not actor ownership and title language is not document or staff language capacity,research_only,research,candidate,ai_seeded,not_frontend_ready,"Observed documentation and encoded evidence-layer visibility only; no causal documentation effect, social-network influence, activity strength, alliance, staff capacity, language capacity, or organizational lifespan."
S192,沖縄の米軍基地（平成15年3月）第13章「基地問題の沿革」,prefectural_official,official_administrative,2003,2003,2003,pref.okinawa.jp,no,yes,no,no,likely_japanese_title,no,no,archived,application/pdf,E4,human_revised,mechanical source_type/title/url/archive classification; organization hosting is not actor ownership and title language is not document or staff language capacity,research_only,research,candidate,ai_seeded,not_frontend_ready,"Observed documentation and encoded evidence-layer visibility only; no causal documentation effect, social-network influence, activity strength, alliance, staff capacity, language capacity, or organizational lifespan."
S193,令和6年度沖縄県国民保護共同図上訓練の実施結果,prefectural_official,official_administrative,training 2025-01-30; page updated 2025-02-13,2025,2025,pref.okinawa.lg.jp,no,yes,no,no,likely_japanese_title,no,no,archived,text/html,E4,human_revised,mechanical source_type/title/url/archive classification; organization hosting is not actor ownership and title language is not document or staff language capacity,research_only,research,candidate,ai_seeded,not_frontend_ready,"Observed documentation and encoded evidence-layer visibility only; no causal documentation effect, social-network influence, activity strength, alliance, staff capacity, language capacity, or organizational lifespan."
S194,石垣自衛隊基地建設／住民投票訴訟が敗訴／弁護団「国防の裁判で司法権独立せず」,local_news,media,2024,2024,2024,qab.co.jp,no,no,yes,yes,likely_japanese_title,yes,no,archived,text/html; charset=UTF-8,E2,human_revised,mechanical source_type/title/url/archive classification; organization hosting is not actor ownership and title language is not document or staff language capacity,research_only,research,candidate,ai_seeded,not_frontend_ready,"Observed documentation and encoded evidence-layer visibility only; no causal documentation effect, social-network influence, activity strength, alliance, staff capacity, language capacity, or organizational lifespan."
S195,平成27年度施政方針,local_official,official_administrative,2015,2015,2015,town.yonaguni.okinawa.jp,no,yes,no,no,likely_japanese_title,no,no,archived,application/pdf,E4,human_revised,mechanical source_type/title/url/archive classification; organization hosting is not actor ownership and title language is not document or staff language capacity,research_only,research,candidate,ai_seeded,not_frontend_ready,"Observed documentation and encoded evidence-layer visibility only; no causal documentation effect, social-network influence, activity strength, alliance, staff capacity, language capacity, or organizational lifespan."
S196,国民保護計画,local_official,official_administrative,plan created 2017-05; page published 2018-04-11,2017,2018,town.yonaguni.okinawa.jp,no,yes,no,no,likely_japanese_title,no,no,archived,text/html,E4,human_revised,mechanical source_type/title/url/archive classification; organization hosting is not actor ownership and title language is not document or staff language capacity,research_only,research,candidate,ai_seeded,not_frontend_ready,"Observed documentation and encoded evidence-layer visibility only; no causal documentation effect, social-network influence, activity strength, alliance, staff capacity, language capacity, or organizational lifespan."
S197,平成30年第7回沖縄県議会（定例会）会議録 第2号（2018年10月19日）,official_legislative_record,official_administrative,2018,2018,2018,www2.pref.okinawa.jp,no,yes,no,no,likely_japanese_title,no,no,failed,,E4,human_revised,mechanical source_type/title/url/archive classification; organization hosting is not actor ownership and title language is not document or staff language capacity,research_only,research,candidate,ai_seeded,not_frontend_ready,"Observed documentation and encoded evidence-layer visibility only; no causal documentation effect, social-network influence, activity strength, alliance, staff capacity, language capacity, or organizational lifespan."
S198,令和元年第4回沖縄県議会（定例会）会議録 第7号（2019年7月2日）,official_legislative_record,official_administrative,2019,2019,2019,www2.pref.okinawa.jp,no,yes,no,no,likely_japanese_title,no,no,failed,,E4,human_revised,mechanical source_type/title/url/archive classification; organization hosting is not actor ownership and title language is not document or staff language capacity,research_only,research,candidate,ai_seeded,not_frontend_ready,"Observed documentation and encoded evidence-layer visibility only; no causal documentation effect, social-network influence, activity strength, alliance, staff capacity, language capacity, or organizational lifespan."
S199,公益財団法人おきなわ女性財団 公式サイト,foundation_site,organization_hosted,2026,2026,2026,okinawajosei.org,yes,yes,no,no,likely_japanese_title,no,no,archived,text/html; charset=UTF-8,E4,ai_seeded,mechanical source_type/title/url/archive classification; organization hosting is not actor ownership and title language is not document or staff language capacity,research_only,research,candidate,ai_seeded,not_frontend_ready,"Observed documentation and encoded evidence-layer visibility only; no causal documentation effect, social-network influence, activity strength, alliance, staff capacity, language capacity, or organizational lifespan."
S200,沖縄タイムス―女団協、米軍性暴力を受け県民大会開催へ,local_news,media,2024,2024,2024,okinawatimes.co.jp,no,no,yes,no,likely_japanese_title,no,no,archived,text/html; charset=utf-8,E4,human_checked,mechanical source_type/title/url/archive classification; organization hosting is not actor ownership and title language is not document or staff language capacity,research_only,research,candidate,ai_seeded,not_frontend_ready,"Observed documentation and encoded evidence-layer visibility only; no causal documentation effect, social-network influence, activity strength, alliance, staff capacity, language capacity, or organizational lifespan."
S201,琉球新報―女団協、米軍性暴力を巡る県民大会を呼び掛け,local_news,media,2024,2024,2024,ryukyushimpo.jp,no,no,yes,no,likely_japanese_title,no,no,archived,text/html; charset=UTF-8,E4,human_checked,mechanical source_type/title/url/archive classification; organization hosting is not actor ownership and title language is not document or staff language capacity,research_only,research,candidate,ai_seeded,not_frontend_ready,"Observed documentation and encoded evidence-layer visibility only; no causal documentation effect, social-network influence, activity strength, alliance, staff capacity, language capacity, or organizational lifespan."
S202,ひめゆり平和祈念財団について,organization_site,organization_hosted,2026,2026,2026,himeyuri.or.jp,yes,yes,no,no,likely_japanese_title,no,no,archived,text/html; charset=UTF-8,E4,human_checked,mechanical source_type/title/url/archive classification; organization hosting is not actor ownership and title language is not document or staff language capacity,research_only,research,candidate,ai_seeded,not_frontend_ready,"Observed documentation and encoded evidence-layer visibility only; no causal documentation effect, social-network influence, activity strength, alliance, staff capacity, language capacity, or organizational lifespan."
S203,沖縄県サンゴ礁保全推進協議会 公式サイト,organization_site,organization_hosted,2026,2026,2026,ocrcc.sakura.ne.jp,yes,yes,no,no,likely_japanese_title,no,no,archived,text/html,E4,human_checked,mechanical source_type/title/url/archive classification; organization hosting is not actor ownership and title language is not document or staff language capacity,research_only,research,candidate,ai_seeded,not_frontend_ready,"Observed documentation and encoded evidence-layer visibility only; no causal documentation effect, social-network influence, activity strength, alliance, staff capacity, language capacity, or organizational lifespan."
S204,宮古島地下水研究会 公式サイト,organization_site,organization_hosted,2026,2026,2026,miyakojima-tikasui.com,yes,yes,no,no,likely_japanese_title,no,no,archived,text/html; charset=UTF-8,E4,human_checked,mechanical source_type/title/url/archive classification; organization hosting is not actor ownership and title language is not document or staff language capacity,research_only,research,candidate,ai_seeded,not_frontend_ready,"Observed documentation and encoded evidence-layer visibility only; no causal documentation effect, social-network influence, activity strength, alliance, staff capacity, language capacity, or organizational lifespan."
S205,資料館だより No.73,organization_report,organization_hosted,2024,2024,2024,himeyuri.or.jp,yes,yes,no,yes,likely_japanese_title,yes,no,archived,application/pdf,E4,ai_seeded,mechanical source_type/title/url/archive classification; organization hosting is not actor ownership and title language is not document or staff language capacity,research_only,research,candidate,ai_seeded,not_frontend_ready,"Observed documentation and encoded evidence-layer visibility only; no causal documentation effect, social-network influence, activity strength, alliance, staff capacity, language capacity, or organizational lifespan."
S206,民間団体（女性団体等）のネットワーク（都道府県・政令指定都市）,government_report,official_administrative,2024,2024,2024,gender.go.jp,no,yes,no,no,likely_japanese_title,no,no,archived,application/pdf,E4,ai_seeded,mechanical source_type/title/url/archive classification; organization hosting is not actor ownership and title language is not document or staff language capacity,research_only,research,candidate,ai_seeded,not_frontend_ready,"Observed documentation and encoded evidence-layer visibility only; no causal documentation effect, social-network influence, activity strength, alliance, staff capacity, language capacity, or organizational lifespan."
S207,令和5年度 Womanちゅ応援宣言リーダー一覧,government_webpage,official_administrative,2024,2024,2024,pref.okinawa.jp,no,yes,no,no,likely_japanese_title,no,no,archived,text/html,E4,ai_seeded,mechanical source_type/title/url/archive classification; organization hosting is not actor ownership and title language is not document or staff language capacity,research_only,research,candidate,ai_seeded,not_frontend_ready,"Observed documentation and encoded evidence-layer visibility only; no causal documentation effect, social-network influence, activity strength, alliance, staff capacity, language capacity, or organizational lifespan."
S208,事業計画・事業報告,foundation_program_record,organization_hosted,2016,2016,2016,okinawajosei.org,yes,yes,no,no,likely_japanese_title,no,no,archived,text/html; charset=UTF-8,E4,ai_seeded,mechanical source_type/title/url/archive classification; organization hosting is not actor ownership and title language is not document or staff language capacity,research_only,research,candidate,ai_seeded,not_frontend_ready,"Observed documentation and encoded evidence-layer visibility only; no causal documentation effect, social-network influence, activity strength, alliance, staff capacity, language capacity, or organizational lifespan."
S209,日米地位協定の見直しに係る諸団体の主な支援行動,government_webpage,official_administrative,2004,2004,2004,pref.okinawa.jp,no,yes,no,no,likely_japanese_title,no,no,archived,text/html,E4,ai_seeded,mechanical source_type/title/url/archive classification; organization hosting is not actor ownership and title language is not document or staff language capacity,research_only,research,candidate,ai_seeded,not_frontend_ready,"Observed documentation and encoded evidence-layer visibility only; no causal documentation effect, social-network influence, activity strength, alliance, staff capacity, language capacity, or organizational lifespan."
S210,島の水や歴史学ぶ／自衛隊配備考える集会,local_news,media,2015,2015,2015,miyakomainichi.com,no,no,yes,no,likely_japanese_title,no,no,archived,text/html; charset=UTF-8,E3,ai_seeded,mechanical source_type/title/url/archive classification; organization hosting is not actor ownership and title language is not document or staff language capacity,research_only,research,candidate,ai_seeded,not_frontend_ready,"Observed documentation and encoded evidence-layer visibility only; no causal documentation effect, social-network influence, activity strength, alliance, staff capacity, language capacity, or organizational lifespan."
S211,離島で初 石垣島と宮古島に支部結成,association_report,organization_hosted,2018,2018,2018,min-iren.gr.jp,yes,yes,no,no,likely_japanese_title,no,no,archived,text/html; charset=UTF-8,E3,ai_seeded,mechanical source_type/title/url/archive classification; organization hosting is not actor ownership and title language is not document or staff language capacity,research_only,research,candidate,ai_seeded,not_frontend_ready,"Observed documentation and encoded evidence-layer visibility only; no causal documentation effect, social-network influence, activity strength, alliance, staff capacity, language capacity, or organizational lifespan."
S212,宮古陸自配備に抗議 60人が集会とデモ行進,local_news,media,2019,2019,2019,ryukyushimpo.jp,no,no,yes,no,likely_japanese_title,no,no,archived,text/html; charset=UTF-8,E3,ai_seeded,mechanical source_type/title/url/archive classification; organization hosting is not actor ownership and title language is not document or staff language capacity,research_only,research,candidate,ai_seeded,not_frontend_ready,"Observed documentation and encoded evidence-layer visibility only; no causal documentation effect, social-network influence, activity strength, alliance, staff capacity, language capacity, or organizational lifespan."
S213,NPO法人ピースメーカーズネットワーク,official_npo_portal,official_administrative,2024,2024,2024,npo-homepage.go.jp,no,yes,no,no,likely_japanese_title,no,no,failed,,E4,ai_seeded,mechanical source_type/title/url/archive classification; organization hosting is not actor ownership and title language is not document or staff language capacity,research_only,research,candidate,ai_seeded,not_frontend_ready,"Observed documentation and encoded evidence-layer visibility only; no causal documentation effect, social-network influence, activity strength, alliance, staff capacity, language capacity, or organizational lifespan."
S214,2024年度事業報告書等,organization_filing,organization_hosted,2024,2024,2024,npo-homepage.go.jp,yes,yes,no,no,likely_japanese_title,no,no,archived,application/pdf,E4,ai_seeded,mechanical source_type/title/url/archive classification; organization hosting is not actor ownership and title language is not document or staff language capacity,research_only,research,candidate,ai_seeded,not_frontend_ready,"Observed documentation and encoded evidence-layer visibility only; no causal documentation effect, social-network influence, activity strength, alliance, staff capacity, language capacity, or organizational lifespan."
S215,辺野古埋め立て承認撤回シンポジウム,event_report,media,2014,2014,2014,iwj.co.jp,no,no,yes,no,likely_japanese_title,no,no,archived,text/html; charset=UTF-8,E3,ai_seeded,mechanical source_type/title/url/archive classification; organization hosting is not actor ownership and title language is not document or staff language capacity,research_only,research,candidate,ai_seeded,not_frontend_ready,"Observed documentation and encoded evidence-layer visibility only; no causal documentation effect, social-network influence, activity strength, alliance, staff capacity, language capacity, or organizational lifespan."
S216,環境の未来を考える会 行政入力情報,official_npo_portal,official_administrative,2026,2026,2026,npo-homepage.go.jp,no,yes,no,no,likely_japanese_title,no,no,archived,text/html; charset=UTF-8,E4,ai_seeded,mechanical source_type/title/url/archive classification; organization hosting is not actor ownership and title language is not document or staff language capacity,research_only,research,candidate,ai_seeded,not_frontend_ready,"Observed documentation and encoded evidence-layer visibility only; no causal documentation effect, social-network influence, activity strength, alliance, staff capacity, language capacity, or organizational lifespan."
S217,2021年度事業報告書等,organization_filing,organization_hosted,2021,2021,2021,npo-homepage.go.jp,yes,yes,no,no,likely_japanese_title,no,no,archived,application/pdf,E4,ai_seeded,mechanical source_type/title/url/archive classification; organization hosting is not actor ownership and title language is not document or staff language capacity,research_only,research,candidate,ai_seeded,not_frontend_ready,"Observed documentation and encoded evidence-layer visibility only; no causal documentation effect, social-network influence, activity strength, alliance, staff capacity, language capacity, or organizational lifespan."
S218,宮古島自然緑化協会 行政入力情報,official_npo_portal,official_administrative,2023,2023,2023,npo-homepage.go.jp,no,yes,no,no,likely_japanese_title,no,no,archived,text/html; charset=UTF-8,E4,ai_seeded,mechanical source_type/title/url/archive classification; organization hosting is not actor ownership and title language is not document or staff language capacity,research_only,research,candidate,ai_seeded,not_frontend_ready,"Observed documentation and encoded evidence-layer visibility only; no causal documentation effect, social-network influence, activity strength, alliance, staff capacity, language capacity, or organizational lifespan."
S219,NPO法人宮古島自然緑化協会,association_directory,organization_hosted,2026,2026,2026,miyako-island.net,yes,yes,no,no,likely_japanese_title,no,no,archived,text/html; charset=UTF-8,E3,ai_seeded,mechanical source_type/title/url/archive classification; organization hosting is not actor ownership and title language is not document or staff language capacity,research_only,research,candidate,ai_seeded,not_frontend_ready,"Observed documentation and encoded evidence-layer visibility only; no causal documentation effect, social-network influence, activity strength, alliance, staff capacity, language capacity, or organizational lifespan."
S220,特定非営利活動法人美ぎ島宮古島,government_corporate_record,official_administrative,2025,2025,2025,info.gbiz.go.jp,no,yes,no,no,likely_japanese_title,no,no,archived,text/html;charset=UTF-8,E4,ai_seeded,mechanical source_type/title/url/archive classification; organization hosting is not actor ownership and title language is not document or staff language capacity,research_only,research,candidate,ai_seeded,not_frontend_ready,"Observed documentation and encoded evidence-layer visibility only; no causal documentation effect, social-network influence, activity strength, alliance, staff capacity, language capacity, or organizational lifespan."
S221,NPO法人美ぎ島宮古島,organization_website,organization_hosted,2026,2026,2026,kagisuma.jp,yes,yes,no,no,likely_japanese_title,no,no,archived,text/html,E4,ai_seeded,mechanical source_type/title/url/archive classification; organization hosting is not actor ownership and title language is not document or staff language capacity,research_only,research,candidate,ai_seeded,not_frontend_ready,"Observed documentation and encoded evidence-layer visibility only; no causal documentation effect, social-network influence, activity strength, alliance, staff capacity, language capacity, or organizational lifespan."
S222,沖縄県が実施するその他の事業（サンゴ礁保全再生）,government_report,official_administrative,2011,2011,2011,pref.okinawa.jp,no,yes,no,no,likely_japanese_title,no,no,archived,application/pdf,E4,ai_seeded,mechanical source_type/title/url/archive classification; organization hosting is not actor ownership and title language is not document or staff language capacity,research_only,research,candidate,ai_seeded,not_frontend_ready,"Observed documentation and encoded evidence-layer visibility only; no causal documentation effect, social-network influence, activity strength, alliance, staff capacity, language capacity, or organizational lifespan."
S223,団体概要,organization_website,organization_hosted,2024,2024,2024,npo-oec.com,yes,yes,no,no,likely_japanese_title,no,no,archived,text/html,E4,ai_seeded,mechanical source_type/title/url/archive classification; organization hosting is not actor ownership and title language is not document or staff language capacity,research_only,research,candidate,ai_seeded,not_frontend_ready,"Observed documentation and encoded evidence-layer visibility only; no causal documentation effect, social-network influence, activity strength, alliance, staff capacity, language capacity, or organizational lifespan."
S224,漫湖周辺の自然再生エリアにおける調査発見型環境学習プログラム,funded_project_report,funding_nonprofit_record,2025,2025,2025,jstage.jst.go.jp,no,yes,no,no,likely_japanese_title,no,no,archived,application/pdf;charset=UTF-8,E4,ai_seeded,mechanical source_type/title/url/archive classification; organization hosting is not actor ownership and title language is not document or staff language capacity,research_only,research,candidate,ai_seeded,not_frontend_ready,"Observed documentation and encoded evidence-layer visibility only; no causal documentation effect, social-network influence, activity strength, alliance, staff capacity, language capacity, or organizational lifespan."
S225,民間参加型サンゴ礁生態系保全活動推進事業,government_webpage,official_administrative,2008,2008,2008,pref.okinawa.jp,no,yes,no,no,likely_japanese_title,no,no,archived,text/html,E4,ai_seeded,mechanical source_type/title/url/archive classification; organization hosting is not actor ownership and title language is not document or staff language capacity,research_only,research,candidate,ai_seeded,not_frontend_ready,"Observed documentation and encoded evidence-layer visibility only; no causal documentation effect, social-network influence, activity strength, alliance, staff capacity, language capacity, or organizational lifespan."
S226,沖縄県サンゴ礁保全推進協議会設立の経緯,organization_website,organization_hosted,2007,2007,2007,ocrcc.sakura.ne.jp,yes,yes,no,no,likely_japanese_title,no,no,archived,text/html,E4,ai_seeded,mechanical source_type/title/url/archive classification; organization hosting is not actor ownership and title language is not document or staff language capacity,research_only,research,candidate,ai_seeded,not_frontend_ready,"Observed documentation and encoded evidence-layer visibility only; no causal documentation effect, social-network influence, activity strength, alliance, staff capacity, language capacity, or organizational lifespan."
S227,サンゴ礁ウィーク2024 実施要領,organization_program_document,organization_hosted,2024,2024,2024,ocrcc.sakura.ne.jp,yes,yes,no,no,likely_japanese_title,no,no,archived,application/pdf,E4,ai_seeded,mechanical source_type/title/url/archive classification; organization hosting is not actor ownership and title language is not document or staff language capacity,research_only,research,candidate,ai_seeded,not_frontend_ready,"Observed documentation and encoded evidence-layer visibility only; no causal documentation effect, social-network influence, activity strength, alliance, staff capacity, language capacity, or organizational lifespan."
S228,Turtle Island Restoration Network Form 990 public disclosure,organization_financial_filing,organization_hosted,2023,2023,2023,seaturtles.org,yes,yes,no,no,likely_english_title,no,no,archived,application/pdf,E4,ai_seeded,mechanical source_type/title/url/archive classification; organization hosting is not actor ownership and title language is not document or staff language capacity,research_only,research,candidate,ai_seeded,not_frontend_ready,"Observed documentation and encoded evidence-layer visibility only; no causal documentation effect, social-network influence, activity strength, alliance, staff capacity, language capacity, or organizational lifespan."
S229,"Opening Brief, Center for Biological Diversity et al. v. Esper",party_legal_filing,legal_procedural,2019,2019,2019,seaturtles.org,no,yes,no,yes,likely_english_title,no,no,archived,application/pdf,E4,ai_seeded,mechanical source_type/title/url/archive classification; organization hosting is not actor ownership and title language is not document or staff language capacity,research_only,research,candidate,ai_seeded,not_frontend_ready,"Observed documentation and encoded evidence-layer visibility only; no causal documentation effect, social-network influence, activity strength, alliance, staff capacity, language capacity, or organizational lifespan."
S230,概要｜世界版「平和の礎」を提案する会,organization_site,organization_hosted,2025,2025,2025,ishiji.org,yes,yes,no,no,likely_japanese_title,no,no,archived,text/html; charset=UTF-8,E4,ai_seeded,mechanical source_type/title/url/archive classification; organization hosting is not actor ownership and title language is not document or staff language capacity,research_only,research,candidate,ai_seeded,not_frontend_ready,"Observed documentation and encoded evidence-layer visibility only; no causal documentation effect, social-network influence, activity strength, alliance, staff capacity, language capacity, or organizational lifespan."
S231,特定非営利活動法人 沖縄平和協力センター（OPAC）,official_jica_partner_page,official_administrative,2022,2022,2022,jica.go.jp,no,yes,no,no,likely_japanese_title,no,no,archived,text/html,E4,ai_seeded,mechanical source_type/title/url/archive classification; organization hosting is not actor ownership and title language is not document or staff language capacity,research_only,research,candidate,ai_seeded,not_frontend_ready,"Observed documentation and encoded evidence-layer visibility only; no causal documentation effect, social-network influence, activity strength, alliance, staff capacity, language capacity, or organizational lifespan."
S232,沖縄県の平和希求の心をカンボジアの地雷対策に活かす草の根技術協力,official_jica_project_record,official_administrative,2023,2023,2023,jica.go.jp,no,yes,no,no,likely_japanese_title,no,no,archived,text/html,E4,ai_seeded,mechanical source_type/title/url/archive classification; organization hosting is not actor ownership and title language is not document or staff language capacity,research_only,research,candidate,ai_seeded,not_frontend_ready,"Observed documentation and encoded evidence-layer visibility only; no causal documentation effect, social-network influence, activity strength, alliance, staff capacity, language capacity, or organizational lifespan."
S233,各支部｜沖縄県教職員組合,organization_site_subunit_page,organization_hosted,2026,2026,2026,oki-tu.org,yes,yes,no,no,likely_japanese_title,no,no,archived,text/html; charset=UTF-8,E4,ai_seeded,mechanical source_type/title/url/archive classification; organization hosting is not actor ownership and title language is not document or staff language capacity,research_only,research,candidate,ai_seeded,not_frontend_ready,"Observed documentation and encoded evidence-layer visibility only; no causal documentation effect, social-network influence, activity strength, alliance, staff capacity, language capacity, or organizational lifespan."
S234,連合2024平和行動in沖縄を開催,organization_action_record,organization_hosted,2024,2024,2024,rengo-okinawa.jp,yes,yes,no,no,likely_japanese_title,no,no,archived,text/html; charset=UTF-8,E4,ai_seeded,mechanical source_type/title/url/archive classification; organization hosting is not actor ownership and title language is not document or staff language capacity,research_only,research,candidate,ai_seeded,not_frontend_ready,"Observed documentation and encoded evidence-layer visibility only; no causal documentation effect, social-network influence, activity strength, alliance, staff capacity, language capacity, or organizational lifespan."
S235,連合沖縄2025新春の集いを開催,organization_action_record,organization_hosted,2025,2025,2025,rengo-okinawa.jp,yes,yes,no,no,likely_japanese_title,no,no,archived,text/html; charset=UTF-8,E4,ai_seeded,mechanical source_type/title/url/archive classification; organization hosting is not actor ownership and title language is not document or staff language capacity,research_only,research,candidate,ai_seeded,not_frontend_ready,"Observed documentation and encoded evidence-layer visibility only; no causal documentation effect, social-network influence, activity strength, alliance, staff capacity, language capacity, or organizational lifespan."
S236,自治労とは？｜自治労沖縄県本部,organization_site,organization_hosted,2026,2026,2026,jichiro.okinawa,yes,yes,no,no,likely_japanese_title,no,no,archived,text/html; charset=UTF-8,E4,ai_seeded,mechanical source_type/title/url/archive classification; organization hosting is not actor ownership and title language is not document or staff language capacity,research_only,research,candidate,ai_seeded,not_frontend_ready,"Observed documentation and encoded evidence-layer visibility only; no causal documentation effect, social-network influence, activity strength, alliance, staff capacity, language capacity, or organizational lifespan."
S237,止めよう「自衛隊配備」―70人の市民結集し結成会,local_newspaper,media,2015,2015,2015,miyakomainichi.com,no,no,yes,no,likely_japanese_title,no,no,archived,text/html; charset=UTF-8,E2,ai_seeded,mechanical source_type/title/url/archive classification; organization hosting is not actor ownership and title language is not document or staff language capacity,research_only,research,candidate,ai_seeded,not_frontend_ready,"Observed documentation and encoded evidence-layer visibility only; no causal documentation effect, social-network influence, activity strength, alliance, staff capacity, language capacity, or organizational lifespan."
S238,反対派市民が署名提出／陸自配備,local_newspaper,media,2015,2015,2015,miyakomainichi.com,no,no,yes,no,likely_japanese_title,no,no,archived,text/html; charset=UTF-8,E2,ai_seeded,mechanical source_type/title/url/archive classification; organization hosting is not actor ownership and title language is not document or staff language capacity,research_only,research,candidate,ai_seeded,not_frontend_ready,"Observed documentation and encoded evidence-layer visibility only; no causal documentation effect, social-network influence, activity strength, alliance, staff capacity, language capacity, or organizational lifespan."
S239,宮古島市議会 平成27年6月定例会会議録,official_legislative_record,official_administrative,2015,2015,2015,city.miyakojima.lg.jp,no,yes,no,no,likely_japanese_title,no,no,archived,application/pdf,E4,ai_seeded,mechanical source_type/title/url/archive classification; organization hosting is not actor ownership and title language is not document or staff language capacity,research_only,research,candidate,ai_seeded,not_frontend_ready,"Observed documentation and encoded evidence-layer visibility only; no causal documentation effect, social-network influence, activity strength, alliance, staff capacity, language capacity, or organizational lifespan."
S240,下地島への自衛隊配備に反対／平和運動連絡協,local_newspaper,media,2011,2011,2011,miyakomainichi.com,no,no,yes,no,likely_japanese_title,no,no,archived,text/html; charset=UTF-8,E2,ai_seeded,mechanical source_type/title/url/archive classification; organization hosting is not actor ownership and title language is not document or staff language capacity,research_only,research,candidate,ai_seeded,not_frontend_ready,"Observed documentation and encoded evidence-layer visibility only; no causal documentation effect, social-network influence, activity strength, alliance, staff capacity, language capacity, or organizational lifespan."
S241,宮古島環境クラブ（MEC）の活動とは？,organization_site,organization_hosted,2026,2026,2026,npo-mec.net,yes,yes,no,no,likely_japanese_title,no,no,archived,text/html; charset=UTF-8,E4,ai_seeded,mechanical source_type/title/url/archive classification; organization hosting is not actor ownership and title language is not document or staff language capacity,research_only,research,candidate,ai_seeded,not_frontend_ready,"Observed documentation and encoded evidence-layer visibility only; no causal documentation effect, social-network influence, activity strength, alliance, staff capacity, language capacity, or organizational lifespan."
S242,法人概要｜宮古島 海の環境ネットワーク,organization_site,organization_hosted,2026,2026,2026,econet.jpn.org,yes,yes,no,no,likely_japanese_title,no,no,archived,text/html; charset=UTF-8,E4,ai_seeded,mechanical source_type/title/url/archive classification; organization hosting is not actor ownership and title language is not document or staff language capacity,research_only,research,candidate,ai_seeded,not_frontend_ready,"Observed documentation and encoded evidence-layer visibility only; no causal documentation effect, social-network influence, activity strength, alliance, staff capacity, language capacity, or organizational lifespan."
S243,PFAS血中濃度調査へ 市民連絡会が拡大幹事会,organization_action_record,organization_hosted,2022,2022,2022,darkwater.okinawa,yes,yes,no,no,likely_japanese_title,no,no,archived,text/html; charset=UTF-8,E4,ai_seeded,mechanical source_type/title/url/archive classification; organization hosting is not actor ownership and title language is not document or staff language capacity,research_only,research,candidate,ai_seeded,not_frontend_ready,"Observed documentation and encoded evidence-layer visibility only; no causal documentation effect, social-network influence, activity strength, alliance, staff capacity, language capacity, or organizational lifespan."
S244,陸自ミサイル配備計画「反対を」―知事や県議会に要請,main_local_newspaper,media,2024,2024,2024,ryukyushimpo.jp,no,no,yes,no,likely_japanese_title,no,no,archived,text/html; charset=UTF-8,E2,ai_seeded,mechanical source_type/title/url/archive classification; organization hosting is not actor ownership and title language is not document or staff language capacity,research_only,research,candidate,ai_seeded,not_frontend_ready,"Observed documentation and encoded evidence-layer visibility only; no causal documentation effect, social-network influence, activity strength, alliance, staff capacity, language capacity, or organizational lifespan."
S245,沖縄・琉球弧の声とは,organization_site,organization_hosted,2023,2023,2023,ryukyukohp.jimdofree.com,yes,yes,no,no,likely_japanese_title,no,no,archived,text/html; charset=UTF-8,E4,ai_seeded,mechanical source_type/title/url/archive classification; organization hosting is not actor ownership and title language is not document or staff language capacity,research_only,research,candidate,ai_seeded,not_frontend_ready,"Observed documentation and encoded evidence-layer visibility only; no causal documentation effect, social-network influence, activity strength, alliance, staff capacity, language capacity, or organizational lifespan."
S246,第1回連続講座（2023.11.12）,organization_event_record,organization_hosted,2023,2023,2023,ryukyukohp.jimdofree.com,yes,yes,no,no,likely_japanese_title,no,no,archived,text/html; charset=UTF-8,E4,ai_seeded,mechanical source_type/title/url/archive classification; organization hosting is not actor ownership and title language is not document or staff language capacity,research_only,research,candidate,ai_seeded,not_frontend_ready,"Observed documentation and encoded evidence-layer visibility only; no causal documentation effect, social-network influence, activity strength, alliance, staff capacity, language capacity, or organizational lifespan."
S247,声明・提言｜沖縄・琉球弧の声を届ける会,organization_statement,organization_hosted,2025,2025,2025,ryukyukohp.jimdofree.com,yes,yes,no,no,likely_japanese_title,no,no,archived,text/html; charset=UTF-8,E4,ai_seeded,mechanical source_type/title/url/archive classification; organization hosting is not actor ownership and title language is not document or staff language capacity,research_only,research,candidate,ai_seeded,not_frontend_ready,"Observed documentation and encoded evidence-layer visibility only; no causal documentation effect, social-network influence, activity strength, alliance, staff capacity, language capacity, or organizational lifespan."
S248,平成26年版 選挙管理委員会年報,official_data,official_administrative,2015,2015,2015,pref.okinawa.jp,no,yes,no,no,likely_japanese_title,no,no,archived,application/pdf,E4,ai_seeded,mechanical source_type/title/url/archive classification; organization hosting is not actor ownership and title language is not document or staff language capacity,research_only,research,candidate,ai_seeded,not_frontend_ready,"Observed documentation and encoded evidence-layer visibility only; no causal documentation effect, social-network influence, activity strength, alliance, staff capacity, language capacity, or organizational lifespan."
S249,きちきちニュースレター Vol.6（島ぐるみ会議結成）,organization_report,organization_hosted,2014,2014,2014,ywca.or.jp,yes,yes,no,no,likely_japanese_title,no,no,archived,application/pdf,E3,ai_seeded,mechanical source_type/title/url/archive classification; organization hosting is not actor ownership and title language is not document or staff language capacity,research_only,research,candidate,ai_seeded,not_frontend_ready,"Observed documentation and encoded evidence-layer visibility only; no causal documentation effect, social-network influence, activity strength, alliance, staff capacity, language capacity, or organizational lifespan."
S250,翁長那覇市長に保革双方が出馬を要請,local_news,media,2014,2014,2014,qab.co.jp,no,no,yes,no,likely_japanese_title,no,no,archived,text/html; charset=UTF-8,E3,ai_seeded,mechanical source_type/title/url/archive classification; organization hosting is not actor ownership and title language is not document or staff language capacity,research_only,research,candidate,ai_seeded,not_frontend_ready,"Observed documentation and encoded evidence-layer visibility only; no causal documentation effect, social-network influence, activity strength, alliance, staff capacity, language capacity, or organizational lifespan."
S251,翁長さんで新基地阻止／女性団体が出馬要請,party_news,media,2014,2014,2014,jcp.or.jp,no,no,yes,no,likely_japanese_title,no,no,archived,text/html,E2,ai_seeded,mechanical source_type/title/url/archive classification; organization hosting is not actor ownership and title language is not document or staff language capacity,research_only,research,candidate,ai_seeded,not_frontend_ready,"Observed documentation and encoded evidence-layer visibility only; no causal documentation effect, social-network influence, activity strength, alliance, staff capacity, language capacity, or organizational lifespan."
S252,『新基地ノー』心一つ／沖縄知事選 女性29団体が集会,party_news,media,2014,2014,2014,jcp.or.jp,no,no,yes,no,likely_japanese_title,no,no,archived,text/html,E2,ai_seeded,mechanical source_type/title/url/archive classification; organization hosting is not actor ownership and title language is not document or staff language capacity,research_only,research,candidate,ai_seeded,not_frontend_ready,"Observed documentation and encoded evidence-layer visibility only; no causal documentation effect, social-network influence, activity strength, alliance, staff capacity, language capacity, or organizational lifespan."
S253,第1回「ゆんたく」から始まった、沖縄・若者の抵抗（元山 仁士郎）,community_site,media,2015,2015,2015,magazine9.jp,no,no,yes,no,likely_japanese_title,no,no,archived,text/html; charset=UTF-8,E3,human_revised,mechanical source_type/title/url/archive classification; organization hosting is not actor ownership and title language is not document or staff language capacity,research_only,research,candidate,ai_seeded,not_frontend_ready,"Observed documentation and encoded evidence-layer visibility only; no causal documentation effect, social-network influence, activity strength, alliance, staff capacity, language capacity, or organizational lifespan."
S254,談話：沖縄県知事選で圧勝の民意に応え、ただちに新基地建設中止を,organization_statement,organization_hosted,2014,2014,2014,shinfujin.gr.jp,yes,yes,no,no,likely_japanese_title,no,no,archived,text/html; charset=UTF-8,E4,human_revised,mechanical source_type/title/url/archive classification; organization hosting is not actor ownership and title language is not document or staff language capacity,research_only,research,candidate,ai_seeded,not_frontend_ready,"Observed documentation and encoded evidence-layer visibility only; no causal documentation effect, social-network influence, activity strength, alliance, staff capacity, language capacity, or organizational lifespan."
S255,平成30年沖縄県知事選挙 特設ページ,official_data,official_administrative,2018,2018,2018,pref.okinawa.jp,no,yes,no,no,likely_japanese_title,no,no,archived,text/html,E4,ai_seeded,mechanical source_type/title/url/archive classification; organization hosting is not actor ownership and title language is not document or staff language capacity,research_only,research,candidate,ai_seeded,not_frontend_ready,"Observed documentation and encoded evidence-layer visibility only; no causal documentation effect, social-network influence, activity strength, alliance, staff capacity, language capacity, or organizational lifespan."
S256,『知事、頑張れ』緊急集会で撤回表明に喜びと決意,local_news,media,2018,2018,2018,ryukyushimpo.jp,no,no,yes,no,likely_japanese_title,no,no,archived,text/html; charset=UTF-8,E3,ai_seeded,mechanical source_type/title/url/archive classification; organization hosting is not actor ownership and title language is not document or staff language capacity,research_only,research,candidate,ai_seeded,not_frontend_ready,"Observed documentation and encoded evidence-layer visibility only; no causal documentation effect, social-network influence, activity strength, alliance, staff capacity, language capacity, or organizational lifespan."
S257,8.11県民大会（辺野古新基地建設断念要求）,organization_event_record,organization_hosted,2018,2018,2018,all-okinawa.jp,yes,yes,no,no,likely_japanese_title,no,no,archived,text/html; charset=UTF-8,E4,ai_seeded,mechanical source_type/title/url/archive classification; organization hosting is not actor ownership and title language is not document or staff language capacity,research_only,research,candidate,ai_seeded,not_frontend_ready,"Observed documentation and encoded evidence-layer visibility only; no causal documentation effect, social-network influence, activity strength, alliance, staff capacity, language capacity, or organizational lifespan."
S258,沖縄県知事選 出遅れ危機感「結束優先」 玉城氏、出馬要請受諾,local_news,media,2018,2018,2018,ryukyushimpo.jp,no,no,yes,no,likely_japanese_title,no,no,archived,text/html; charset=UTF-8,E3,human_revised,mechanical source_type/title/url/archive classification; organization hosting is not actor ownership and title language is not document or staff language capacity,research_only,research,candidate,ai_seeded,not_frontend_ready,"Observed documentation and encoded evidence-layer visibility only; no causal documentation effect, social-network influence, activity strength, alliance, staff capacity, language capacity, or organizational lifespan."
S259,主体的な主権者教育を育むための一考察―#みんなごと実践記録,academic_article,academic_secondary,2019,2019,2019,jstage.jst.go.jp,no,no,yes,no,likely_japanese_title,no,no,archived,application/pdf;charset=UTF-8,E4,human_revised,mechanical source_type/title/url/archive classification; organization hosting is not actor ownership and title language is not document or staff language capacity,research_only,research,candidate,ai_seeded,not_frontend_ready,"Observed documentation and encoded evidence-layer visibility only; no causal documentation effect, social-network influence, activity strength, alliance, staff capacity, language capacity, or organizational lifespan."
S260,声明：沖縄県知事選挙で歴史的勝利！新基地建設はただちに中止を,organization_statement,organization_hosted,2018,2018,2018,shinfujin.gr.jp,yes,yes,no,no,likely_japanese_title,no,no,archived,application/pdf,E4,ai_seeded,mechanical source_type/title/url/archive classification; organization hosting is not actor ownership and title language is not document or staff language capacity,research_only,research,candidate,ai_seeded,not_frontend_ready,"Observed documentation and encoded evidence-layer visibility only; no causal documentation effect, social-network influence, activity strength, alliance, staff capacity, language capacity, or organizational lifespan."
S261,【特設ページ】令和4年沖縄県知事選挙及び沖縄県議会議員補欠選挙,official_data,official_administrative,2022,2022,2022,pref.okinawa.jp,no,yes,no,no,likely_japanese_title,no,no,archived,text/html,E4,human_revised,mechanical source_type/title/url/archive classification; organization hosting is not actor ownership and title language is not document or staff language capacity,research_only,research,candidate,ai_seeded,not_frontend_ready,"Observed documentation and encoded evidence-layer visibility only; no causal documentation effect, social-network influence, activity strength, alliance, staff capacity, language capacity, or organizational lifespan."
S262,沖縄県知事選、女性団体有志が玉城氏に出馬要請,local_news,media,2022,2022,2022,ryukyushimpo.jp,no,no,yes,no,likely_japanese_title,no,no,archived,text/html; charset=UTF-8,E3,ai_seeded,mechanical source_type/title/url/archive classification; organization hosting is not actor ownership and title language is not document or staff language capacity,research_only,research,candidate,ai_seeded,not_frontend_ready,"Observed documentation and encoded evidence-layer visibility only; no causal documentation effect, social-network influence, activity strength, alliance, staff capacity, language capacity, or organizational lifespan."
S263,全国の連帯で平和な沖縄 沖縄県知事選集会ひらく,organization_action_record,organization_hosted,2022,2022,2022,min-iren.gr.jp,yes,yes,no,no,likely_japanese_title,no,no,archived,text/html; charset=UTF-8,E4,human_revised,mechanical source_type/title/url/archive classification; organization hosting is not actor ownership and title language is not document or staff language capacity,research_only,research,candidate,ai_seeded,not_frontend_ready,"Observed documentation and encoded evidence-layer visibility only; no causal documentation effect, social-network influence, activity strength, alliance, staff capacity, language capacity, or organizational lifespan."
S264,7月30日オンライン配信『復帰50年！新たな基地負担を許さない県民大会』,organization_event_record,organization_hosted,2022,2022,2022,all-okinawa.jp,yes,yes,no,no,likely_japanese_title,no,no,archived,text/html; charset=UTF-8,E4,ai_seeded,mechanical source_type/title/url/archive classification; organization hosting is not actor ownership and title language is not document or staff language capacity,research_only,research,candidate,ai_seeded,not_frontend_ready,"Observed documentation and encoded evidence-layer visibility only; no causal documentation effect, social-network influence, activity strength, alliance, staff capacity, language capacity, or organizational lifespan."
S265,「知事選を前にいい発信ができた」と玉城デニー氏の与党 野党は一蹴「県民大会ではなく決起集会」,local_news,media,2022,2022,2022,okinawatimes.co.jp,no,no,yes,no,likely_japanese_title,no,no,archived,text/html; charset=utf-8,E3,human_revised,mechanical source_type/title/url/archive classification; organization hosting is not actor ownership and title language is not document or staff language capacity,research_only,research,candidate,ai_seeded,not_frontend_ready,"Observed documentation and encoded evidence-layer visibility only; no causal documentation effect, social-network influence, activity strength, alliance, staff capacity, language capacity, or organizational lifespan."
S266,沖縄県知事選挙―二度と戦場にしない平和で誇りある豊かな沖縄を,organization_statement,organization_hosted,2022,2022,2022,shinfujin.gr.jp,yes,yes,no,no,likely_japanese_title,no,no,archived,text/html; charset=UTF-8,E4,ai_seeded,mechanical source_type/title/url/archive classification; organization hosting is not actor ownership and title language is not document or staff language capacity,research_only,research,candidate,ai_seeded,not_frontend_ready,"Observed documentation and encoded evidence-layer visibility only; no causal documentation effect, social-network influence, activity strength, alliance, staff capacity, language capacity, or organizational lifespan."
S267,候補者アンケートを基に沖縄知事選の争点考える,local_news,media,2022,2022,2022,ryukyushimpo.jp,no,no,yes,no,likely_japanese_title,no,no,archived,text/html; charset=UTF-8,E3,ai_seeded,mechanical source_type/title/url/archive classification; organization hosting is not actor ownership and title language is not document or staff language capacity,research_only,research,candidate,ai_seeded,not_frontend_ready,"Observed documentation and encoded evidence-layer visibility only; no causal documentation effect, social-network influence, activity strength, alliance, staff capacity, language capacity, or organizational lifespan."
S268,優しい県政 デニーさんと／沖縄知事選必勝へ女性集会,party_news,media,2022,2022,2022,jcp.or.jp,no,no,yes,no,likely_japanese_title,no,no,archived,text/html,E2,ai_seeded,mechanical source_type/title/url/archive classification; organization hosting is not actor ownership and title language is not document or staff language capacity,research_only,research,candidate,ai_seeded,not_frontend_ready,"Observed documentation and encoded evidence-layer visibility only; no causal documentation effect, social-network influence, activity strength, alliance, staff capacity, language capacity, or organizational lifespan."
S269,地下水の危機とは？,organization_site,organization_hosted,2026,2026,2026,miyakojima-tikasui.com,yes,yes,no,no,likely_japanese_title,no,no,archived,text/html,E3,human_revised,mechanical source_type/title/url/archive classification; organization hosting is not actor ownership and title language is not document or staff language capacity,research_only,research,candidate,ai_seeded,not_frontend_ready,"Observed documentation and encoded evidence-layer visibility only; no causal documentation effect, social-network influence, activity strength, alliance, staff capacity, language capacity, or organizational lifespan."
S270,水道水源保全区域を宮古島市全域に拡大する理由,organization_program_document,organization_hosted,2021,2021,2021,miyakojima-tikasui.com,yes,yes,no,no,likely_japanese_title,no,no,archived,application/pdf,E3,ai_seeded,mechanical source_type/title/url/archive classification; organization hosting is not actor ownership and title language is not document or staff language capacity,research_only,research,candidate,ai_seeded,not_frontend_ready,"Observed documentation and encoded evidence-layer visibility only; no causal documentation effect, social-network influence, activity strength, alliance, staff capacity, language capacity, or organizational lifespan."
S271,宮古島地下水研究会の見解に対する回答書,local_official,official_administrative,2023,2023,2023,city.miyakojima.lg.jp,no,yes,no,no,likely_japanese_title,no,no,archived,application/pdf,E4,human_revised,mechanical source_type/title/url/archive classification; organization hosting is not actor ownership and title language is not document or staff language capacity,research_only,research,candidate,ai_seeded,not_frontend_ready,"Observed documentation and encoded evidence-layer visibility only; no causal documentation effect, social-network influence, activity strength, alliance, staff capacity, language capacity, or organizational lifespan."
S272,宮古島の地下水施策 市長選立候補予定者の回答公表,local_news,media,2020,2020,2020,ryukyushimpo.jp,no,no,yes,no,likely_japanese_title,no,no,archived,text/html; charset=UTF-8,E3,ai_seeded,mechanical source_type/title/url/archive classification; organization hosting is not actor ownership and title language is not document or staff language capacity,research_only,research,candidate,ai_seeded,not_frontend_ready,"Observed documentation and encoded evidence-layer visibility only; no causal documentation effect, social-network influence, activity strength, alliance, staff capacity, language capacity, or organizational lifespan."
S273,宜野湾市議会 福祉教育常任委員会審査記録（請願第1号）,official_legislative_record,official_administrative,2023,2023,2023,city.ginowan.lg.jp,no,yes,no,no,likely_japanese_title,no,no,archived,application/pdf,E4,human_revised,mechanical source_type/title/url/archive classification; organization hosting is not actor ownership and title language is not document or staff language capacity,research_only,research,candidate,ai_seeded,not_frontend_ready,"Observed documentation and encoded evidence-layer visibility only; no causal documentation effect, social-network influence, activity strength, alliance, staff capacity, language capacity, or organizational lifespan."
S274,有機フッ素化合物PFOS及びPFOA汚染の対策を求める意見書,official_legislative_record,official_administrative,2022,2022,2022,city.ginowan.lg.jp,no,yes,no,yes,likely_japanese_title,yes,no,archived,application/pdf,E4,ai_seeded,mechanical source_type/title/url/archive classification; organization hosting is not actor ownership and title language is not document or staff language capacity,research_only,research,candidate,ai_seeded,not_frontend_ready,"Observed documentation and encoded evidence-layer visibility only; no causal documentation effect, social-network influence, activity strength, alliance, staff capacity, language capacity, or organizational lifespan."
S275,学校敷地から化学物質PFOS 沖縄米軍基地に隣接 米基準の29倍,news,media,2022,2022,2022,asahi.com,no,no,yes,no,likely_japanese_title,no,no,archived,text/html;charset=UTF-8,E3,human_revised,mechanical source_type/title/url/archive classification; organization hosting is not actor ownership and title language is not document or staff language capacity,research_only,research,candidate,ai_seeded,not_frontend_ready,"Observed documentation and encoded evidence-layer visibility only; no causal documentation effect, social-network influence, activity strength, alliance, staff capacity, language capacity, or organizational lifespan."
S276,米軍PFAS汚染で血液検査を要請 宜野湾ちゅら水会,local_news,media,2021,2021,2021,ryukyushimpo.jp,no,no,yes,no,likely_japanese_title,no,no,archived,text/html; charset=UTF-8,E3,ai_seeded,mechanical source_type/title/url/archive classification; organization hosting is not actor ownership and title language is not document or staff language capacity,research_only,research,candidate,ai_seeded,not_frontend_ready,"Observed documentation and encoded evidence-layer visibility only; no causal documentation effect, social-network influence, activity strength, alliance, staff capacity, language capacity, or organizational lifespan."
S277,PFAS汚染 米軍との意見交換に市民の参加を,local_news,media,2023,2023,2023,ryukyushimpo.jp,no,no,yes,no,likely_japanese_title,no,no,archived,text/html; charset=UTF-8,E3,ai_seeded,mechanical source_type/title/url/archive classification; organization hosting is not actor ownership and title language is not document or staff language capacity,research_only,research,candidate,ai_seeded,not_frontend_ready,"Observed documentation and encoded evidence-layer visibility only; no causal documentation effect, social-network influence, activity strength, alliance, staff capacity, language capacity, or organizational lifespan."
S278,泡が消えた後に残った白い粉からPFAS検出 宜野湾市のマンホール,news,media,2026,2026,2026,newsdig.tbs.co.jp,no,no,yes,no,likely_japanese_title,no,no,archived,text/html; charset=utf-8,E3,human_revised,mechanical source_type/title/url/archive classification; organization hosting is not actor ownership and title language is not document or staff language capacity,research_only,research,candidate,ai_seeded,not_frontend_ready,"Observed documentation and encoded evidence-layer visibility only; no causal documentation effect, social-network influence, activity strength, alliance, staff capacity, language capacity, or organizational lifespan."
S279,沖縄の米軍基地PFAS汚染／周辺住民の健康放置 地位協定などを議論／全国交流集会,party_news,media,2026,2026,2026,jcp.or.jp,no,no,yes,no,likely_japanese_title,no,no,archived,text/html; charset=UTF-8,E3,human_revised,mechanical source_type/title/url/archive classification; organization hosting is not actor ownership and title language is not document or staff language capacity,research_only,research,candidate,ai_seeded,not_frontend_ready,"Observed documentation and encoded evidence-layer visibility only; no causal documentation effect, social-network influence, activity strength, alliance, staff capacity, language capacity, or organizational lifespan."
S280,新婦人の紹介,organization_website,organization_hosted,2026,2026,2026,shinfujin.gr.jp,yes,yes,no,no,likely_japanese_title,no,no,archived,text/html; charset=UTF-8,E4,human_revised,mechanical source_type/title/url/archive classification; organization hosting is not actor ownership and title language is not document or staff language capacity,research_only,research,candidate,ai_seeded,not_frontend_ready,"Observed documentation and encoded evidence-layer visibility only; no causal documentation effect, social-network influence, activity strength, alliance, staff capacity, language capacity, or organizational lifespan."
S281,沖縄米兵少女暴行事件とその隠蔽につよく抗議し根本的対策を求める要請,organization_statement,organization_hosted,2024,2024,2024,shinfujin.gr.jp,yes,yes,no,yes,likely_japanese_title,yes,no,archived,application/pdf,E4,ai_seeded,mechanical source_type/title/url/archive classification; organization hosting is not actor ownership and title language is not document or staff language capacity,research_only,research,candidate,ai_seeded,not_frontend_ready,"Observed documentation and encoded evidence-layer visibility only; no causal documentation effect, social-network influence, activity strength, alliance, staff capacity, language capacity, or organizational lifespan."
S282,沖縄県行政記録 平成20年,prefectural_official,official_administrative,2008,2008,2008,pref.okinawa.lg.jp,no,yes,no,no,likely_japanese_title,no,no,archived,application/pdf,E4,human_revised,mechanical source_type/title/url/archive classification; organization hosting is not actor ownership and title language is not document or staff language capacity,research_only,research,candidate,ai_seeded,not_frontend_ready,"Observed documentation and encoded evidence-layer visibility only; no causal documentation effect, social-network influence, activity strength, alliance, staff capacity, language capacity, or organizational lifespan."
S283,沖縄県民投票条例へ 新婦人が署名開始,party_news,media,2018,2018,2018,jcp.or.jp,no,no,yes,no,likely_japanese_title,no,no,archived,text/html,E3,ai_seeded,mechanical source_type/title/url/archive classification; organization hosting is not actor ownership and title language is not document or staff language capacity,research_only,research,candidate,ai_seeded,not_frontend_ready,"Observed documentation and encoded evidence-layer visibility only; no causal documentation effect, social-network influence, activity strength, alliance, staff capacity, language capacity, or organizational lifespan."
S284,中央労働委員会命令書 沖縄セメント工業事件,legal_source,legal_procedural,2014,2014,2014,mhlw.go.jp,no,yes,no,yes,likely_japanese_title,yes,no,archived,application/pdf,E4,ai_seeded,mechanical source_type/title/url/archive classification; organization hosting is not actor ownership and title language is not document or staff language capacity,research_only,research,candidate,ai_seeded,not_frontend_ready,"Observed documentation and encoded evidence-layer visibility only; no causal documentation effect, social-network influence, activity strength, alliance, staff capacity, language capacity, or organizational lifespan."
S285,争議行為の届出と予告,prefectural_official,official_administrative,2026,2026,2026,pref.okinawa.lg.jp,no,yes,no,no,likely_japanese_title,no,no,archived,text/html,E4,human_revised,mechanical source_type/title/url/archive classification; organization hosting is not actor ownership and title language is not document or staff language capacity,research_only,research,candidate,ai_seeded,not_frontend_ready,"Observed documentation and encoded evidence-layer visibility only; no causal documentation effect, social-network influence, activity strength, alliance, staff capacity, language capacity, or organizational lifespan."
S286,全港湾沖縄が安保法案反対訴え抗議集会,local_news,media,2015,2015,2015,ryukyushimpo.jp,no,no,yes,no,likely_japanese_title,no,no,archived,text/html; charset=UTF-8,E3,ai_seeded,mechanical source_type/title/url/archive classification; organization hosting is not actor ownership and title language is not document or staff language capacity,research_only,research,candidate,ai_seeded,not_frontend_ready,"Observed documentation and encoded evidence-layer visibility only; no causal documentation effect, social-network influence, activity strength, alliance, staff capacity, language capacity, or organizational lifespan."
S287,米海軍ミサイル駆逐艦ラファエル・ペラルタ寄港反対決議,official_legislative_record,official_administrative,2024,2024,2024,city.ishigaki.okinawa.jp,no,yes,no,no,likely_japanese_title,no,no,archived,application/pdf,E4,ai_seeded,mechanical source_type/title/url/archive classification; organization hosting is not actor ownership and title language is not document or staff language capacity,research_only,research,candidate,ai_seeded,not_frontend_ready,"Observed documentation and encoded evidence-layer visibility only; no causal documentation effect, social-network influence, activity strength, alliance, staff capacity, language capacity, or organizational lifespan."
S288,第213回国会 参議院 政府開発援助等及び沖縄・北方問題に関する特別委員会 第5号 令和6年5月24日,official_legislative_record,official_administrative,2024,2024,2024,kokkai.ndl.go.jp,no,yes,no,no,likely_japanese_title,no,no,archived,text/html;charset=UTF-8,E4,human_revised,mechanical source_type/title/url/archive classification; organization hosting is not actor ownership and title language is not document or staff language capacity,research_only,research,candidate,ai_seeded,not_frontend_ready,"Observed documentation and encoded evidence-layer visibility only; no causal documentation effect, social-network influence, activity strength, alliance, staff capacity, language capacity, or organizational lifespan."
S289,2025 5.15平和行進 全港湾沖縄地方本部報告,organization_report,organization_hosted,2025,2025,2025,zenkowan.org,yes,yes,no,no,likely_japanese_title,no,no,archived,application/pdf,E3,ai_seeded,mechanical source_type/title/url/archive classification; organization hosting is not actor ownership and title language is not document or staff language capacity,research_only,research,candidate,ai_seeded,not_frontend_ready,"Observed documentation and encoded evidence-layer visibility only; no causal documentation effect, social-network influence, activity strength, alliance, staff capacity, language capacity, or organizational lifespan."
S290,やいまタイム「今日の日の八重山の過去の主なできごと」（12月23日）,community_site,media,n.d. / accessed 2026; historical entry dated 2015-12-23,2015,2026,yaimatime.com,no,no,yes,no,likely_japanese_title,no,no,archived,text/html; charset=UTF-8,E2,human_revised,mechanical source_type/title/url/archive classification; organization hosting is not actor ownership and title language is not document or staff language capacity,research_only,research,candidate,ai_seeded,not_frontend_ready,"Observed documentation and encoded evidence-layer visibility only; no causal documentation effect, social-network influence, activity strength, alliance, staff capacity, language capacity, or organizational lifespan."
S291,陸自配備反対を決議 石垣、住民180人が緊急集会,local_news,media,2016,2016,2016,ryukyushimpo.jp,no,no,yes,no,likely_japanese_title,no,no,archived,text/html; charset=UTF-8,E3,human_revised,mechanical source_type/title/url/archive classification; organization hosting is not actor ownership and title language is not document or staff language capacity,research_only,research,candidate,ai_seeded,not_frontend_ready,"Observed documentation and encoded evidence-layer visibility only; no causal documentation effect, social-network influence, activity strength, alliance, staff capacity, language capacity, or organizational lifespan."
S292,陸自配備で受け入れ表明 住民裏切りの石垣市長,magazine_news,media,2017,2017,2017,kinyobi.co.jp,no,no,yes,no,likely_japanese_title,no,no,archived,text/html; charset=UTF-8,E3,ai_seeded,mechanical source_type/title/url/archive classification; organization hosting is not actor ownership and title language is not document or staff language capacity,research_only,research,candidate,ai_seeded,not_frontend_ready,"Observed documentation and encoded evidence-layer visibility only; no causal documentation effect, social-network influence, activity strength, alliance, staff capacity, language capacity, or organizational lifespan."
S293,石垣島市政と陸自ミサイル部隊配備を語るバガケーラの集い,event_report,media,2017,2017,2017,iwj.co.jp,no,no,yes,no,likely_japanese_title,no,no,archived,text/html; charset=UTF-8,E3,ai_seeded,mechanical source_type/title/url/archive classification; organization hosting is not actor ownership and title language is not document or staff language capacity,research_only,research,candidate,ai_seeded,not_frontend_ready,"Observed documentation and encoded evidence-layer visibility only; no causal documentation effect, social-network influence, activity strength, alliance, staff capacity, language capacity, or organizational lifespan."
S294,"Militarizing a Border Island: Local Struggles Supporting and Opposing a Military Base Installation in Ishigaki Island, Okinawa",academic_presentation,academic_secondary,2019,2019,2019,researchmap.jp,no,no,yes,no,likely_english_title,no,no,archived,application/pdf,E2,human_revised,mechanical source_type/title/url/archive classification; organization hosting is not actor ownership and title language is not document or staff language capacity,research_only,research,candidate,ai_seeded,not_frontend_ready,"Observed documentation and encoded evidence-layer visibility only; no causal documentation effect, social-network influence, activity strength, alliance, staff capacity, language capacity, or organizational lifespan."
S295,【FROM YWCA】基地に囲まれた沖縄－うちなんちゅの想い－,media_record,media,2016,2016,2016,earth-garden.jp,no,no,yes,no,likely_japanese_title,no,no,archived,text/html; charset=UTF-8,E3,human_checked,mechanical source_type/title/url/archive classification; organization hosting is not actor ownership and title language is not document or staff language capacity,research_only,research,candidate,ai_seeded,not_frontend_ready,"Observed documentation and encoded evidence-layer visibility only; no causal documentation effect, social-network influence, activity strength, alliance, staff capacity, language capacity, or organizational lifespan."
