anchor_id,work_package,case_id,metric,level,period_start,period_end,period_semantics,value,value_text,unit,currency,definition,denominator_id,source_receipt_ids,exact_locator,anchor_status,observed_local,gap_type,null_model,allowed_claim,prohibited_inference,review_status,package_scope,frontend_eligibility,central_writeback
W2A-A001,W2-A,AWWA,total_revenue_usd,organization_filing,2022-06-01,2023-05-31,organization tax period; one filing snapshot,118696,"USD 118,696",USD,USD,Total revenue; EIN 980227149; Form 990EZ; IRS object 202410619349200461,,W2A-SR001,XML local-name XPath /Return/ReturnData/IRS990EZ/TotalRevenueAmt,official_irs_bulk_xml_verified,official filing for AWWA,,,"The AWWA filing reports total revenue of USD 118,696 for this tax period.","Do not extrapolate one filing into a trend, an annual five-organization ecology total, Okinawa-wide welfare spending, political alignment, or recipient-level flow.",ai_seeded,research_only,not_frontend_ready,no
W2A-A002,W2-A,AWWA,total_expenses_usd,organization_filing,2022-06-01,2023-05-31,organization tax period; one filing snapshot,128830,"USD 128,830",USD,USD,Total expenses; EIN 980227149; Form 990EZ; IRS object 202410619349200461,,W2A-SR001,XML local-name XPath /Return/ReturnData/IRS990EZ/TotalExpensesAmt,official_irs_bulk_xml_verified,official filing for AWWA,,,"The AWWA filing reports total expenses of USD 128,830 for this tax period.","Do not extrapolate one filing into a trend, an annual five-organization ecology total, Okinawa-wide welfare spending, political alignment, or recipient-level flow.",ai_seeded,research_only,not_frontend_ready,no
W2A-A003,W2-A,AWWA,grants_and_similar_paid_usd,organization_filing,2022-06-01,2023-05-31,organization tax period; one filing snapshot,125158,"USD 125,158",USD,USD,Grants and similar amounts paid; EIN 980227149; Form 990EZ; IRS object 202410619349200461,,W2A-SR001,XML local-name XPath /Return/ReturnData/IRS990EZ/GrantsAndSimilarAmountsPaidAmt,official_irs_bulk_xml_verified,official filing for AWWA,,,"The AWWA filing reports grants and similar amounts paid of USD 125,158 for this tax period.","Do not extrapolate one filing into a trend, an annual five-organization ecology total, Okinawa-wide welfare spending, political alignment, or recipient-level flow.",ai_seeded,research_only,not_frontend_ready,no
W2A-A004,W2-A,AWWA,net_assets_or_fund_balances_eoy_usd,organization_filing,2022-06-01,2023-05-31,organization tax period; one filing snapshot,12694,"USD 12,694",USD,USD,End-of-period net assets or fund balances; EIN 980227149; Form 990EZ; IRS object 202410619349200461,,W2A-SR001,XML local-name XPath /Return/ReturnData/IRS990EZ/NetAssetsOrFundBalancesEOYAmt,official_irs_bulk_xml_verified,official filing for AWWA,,,"The AWWA filing reports end-of-period net assets or fund balances of USD 12,694 for this tax period.","Do not extrapolate one filing into a trend, an annual five-organization ecology total, Okinawa-wide welfare spending, political alignment, or recipient-level flow.",ai_seeded,research_only,not_frontend_ready,no
W2A-A005,W2-A,AWWA,total_revenue_usd,organization_filing,2023-06-01,2024-05-31,organization tax period; one filing snapshot,97211,"USD 97,211",USD,USD,Total revenue; EIN 980227149; Form 990EZ; IRS object 202443189349200514,,W2A-SR002,XML local-name XPath /Return/ReturnData/IRS990EZ/TotalRevenueAmt,official_irs_bulk_xml_verified,official filing for AWWA,,,"The AWWA filing reports total revenue of USD 97,211 for this tax period.","Do not extrapolate one filing into a trend, an annual five-organization ecology total, Okinawa-wide welfare spending, political alignment, or recipient-level flow.",ai_seeded,research_only,not_frontend_ready,no
W2A-A006,W2-A,AWWA,total_expenses_usd,organization_filing,2023-06-01,2024-05-31,organization tax period; one filing snapshot,99725,"USD 99,725",USD,USD,Total expenses; EIN 980227149; Form 990EZ; IRS object 202443189349200514,,W2A-SR002,XML local-name XPath /Return/ReturnData/IRS990EZ/TotalExpensesAmt,official_irs_bulk_xml_verified,official filing for AWWA,,,"The AWWA filing reports total expenses of USD 99,725 for this tax period.","Do not extrapolate one filing into a trend, an annual five-organization ecology total, Okinawa-wide welfare spending, political alignment, or recipient-level flow.",ai_seeded,research_only,not_frontend_ready,no
W2A-A007,W2-A,AWWA,grants_and_similar_paid_usd,organization_filing,2023-06-01,2024-05-31,organization tax period; one filing snapshot,94889,"USD 94,889",USD,USD,Grants and similar amounts paid; EIN 980227149; Form 990EZ; IRS object 202443189349200514,,W2A-SR002,XML local-name XPath /Return/ReturnData/IRS990EZ/GrantsAndSimilarAmountsPaidAmt,official_irs_bulk_xml_verified,official filing for AWWA,,,"The AWWA filing reports grants and similar amounts paid of USD 94,889 for this tax period.","Do not extrapolate one filing into a trend, an annual five-organization ecology total, Okinawa-wide welfare spending, political alignment, or recipient-level flow.",ai_seeded,research_only,not_frontend_ready,no
W2A-A008,W2-A,AWWA,net_assets_or_fund_balances_eoy_usd,organization_filing,2023-06-01,2024-05-31,organization tax period; one filing snapshot,10180,"USD 10,180",USD,USD,End-of-period net assets or fund balances; EIN 980227149; Form 990EZ; IRS object 202443189349200514,,W2A-SR002,XML local-name XPath /Return/ReturnData/IRS990EZ/NetAssetsOrFundBalancesEOYAmt,official_irs_bulk_xml_verified,official filing for AWWA,,,"The AWWA filing reports end-of-period net assets or fund balances of USD 10,180 for this tax period.","Do not extrapolate one filing into a trend, an annual five-organization ecology total, Okinawa-wide welfare spending, political alignment, or recipient-level flow.",ai_seeded,research_only,not_frontend_ready,no
W2A-A009,W2-A,KOSC,total_revenue_usd,organization_filing,2022-06-01,2023-05-31,organization tax period; one filing snapshot,203544,"USD 203,544",USD,USD,Current-year total revenue; EIN 980214323; Form 990; IRS object 202430969349301028,,W2A-SR003,XML local-name XPath /Return/ReturnData/IRS990/CYTotalRevenueAmt,official_irs_bulk_xml_verified,official filing for KOSC,,,"The KOSC filing reports current-year total revenue of USD 203,544 for this tax period.","Do not extrapolate one filing into a trend, an annual five-organization ecology total, Okinawa-wide welfare spending, political alignment, or recipient-level flow.",ai_seeded,research_only,not_frontend_ready,no
W2A-A010,W2-A,KOSC,total_expenses_usd,organization_filing,2022-06-01,2023-05-31,organization tax period; one filing snapshot,168806,"USD 168,806",USD,USD,Current-year total expenses; EIN 980214323; Form 990; IRS object 202430969349301028,,W2A-SR003,XML local-name XPath /Return/ReturnData/IRS990/CYTotalExpensesAmt,official_irs_bulk_xml_verified,official filing for KOSC,,,"The KOSC filing reports current-year total expenses of USD 168,806 for this tax period.","Do not extrapolate one filing into a trend, an annual five-organization ecology total, Okinawa-wide welfare spending, political alignment, or recipient-level flow.",ai_seeded,research_only,not_frontend_ready,no
W2A-A011,W2-A,KOSC,grants_and_similar_paid_usd,organization_filing,2022-06-01,2023-05-31,organization tax period; one filing snapshot,0,USD 0,USD,USD,Current-year grants and similar amounts paid; EIN 980214323; Form 990; IRS object 202430969349301028,,W2A-SR003,XML local-name XPath /Return/ReturnData/IRS990/CYGrantsAndSimilarPaidAmt,official_irs_bulk_xml_verified,official filing for KOSC,,,The KOSC filing reports current-year grants and similar amounts paid of USD 0 for this tax period.,"Do not extrapolate one filing into a trend, an annual five-organization ecology total, Okinawa-wide welfare spending, political alignment, or recipient-level flow.",ai_seeded,research_only,not_frontend_ready,no
W2A-A012,W2-A,KOSC,net_assets_or_fund_balances_eoy_usd,organization_filing,2022-06-01,2023-05-31,organization tax period; one filing snapshot,314298,"USD 314,298",USD,USD,End-of-period net assets or fund balances; EIN 980214323; Form 990; IRS object 202430969349301028,,W2A-SR003,XML local-name XPath /Return/ReturnData/IRS990/NetAssetsOrFundBalancesEOYAmt,official_irs_bulk_xml_verified,official filing for KOSC,,,"The KOSC filing reports end-of-period net assets or fund balances of USD 314,298 for this tax period.","Do not extrapolate one filing into a trend, an annual five-organization ecology total, Okinawa-wide welfare spending, political alignment, or recipient-level flow.",ai_seeded,research_only,not_frontend_ready,no
W2A-A013,W2-A,KOSC,total_assets_eoy_usd,organization_filing,2022-06-01,2023-05-31,organization tax period; one filing snapshot,349135,"USD 349,135",USD,USD,End-of-period total assets; EIN 980214323; Form 990; IRS object 202430969349301028,,W2A-SR003,XML local-name XPath /Return/ReturnData/IRS990/TotalAssetsEOYAmt,official_irs_bulk_xml_verified,official filing for KOSC,,,"The KOSC filing reports end-of-period total assets of USD 349,135 for this tax period.","Do not extrapolate one filing into a trend, an annual five-organization ecology total, Okinawa-wide welfare spending, political alignment, or recipient-level flow.",ai_seeded,research_only,not_frontend_ready,no
W2A-A014,W2-A,KOSC,total_revenue_usd,organization_filing,2023-06-01,2024-05-31,organization tax period; one filing snapshot,416875,"USD 416,875",USD,USD,Current-year total revenue; EIN 980214323; Form 990; IRS object 202500669349300300,,W2A-SR004,XML local-name XPath /Return/ReturnData/IRS990/CYTotalRevenueAmt,official_irs_bulk_xml_verified,official filing for KOSC,,,"The KOSC filing reports current-year total revenue of USD 416,875 for this tax period.","Do not extrapolate one filing into a trend, an annual five-organization ecology total, Okinawa-wide welfare spending, political alignment, or recipient-level flow.",ai_seeded,research_only,not_frontend_ready,no
W2A-A015,W2-A,KOSC,total_expenses_usd,organization_filing,2023-06-01,2024-05-31,organization tax period; one filing snapshot,538106,"USD 538,106",USD,USD,Current-year total expenses; EIN 980214323; Form 990; IRS object 202500669349300300,,W2A-SR004,XML local-name XPath /Return/ReturnData/IRS990/CYTotalExpensesAmt,official_irs_bulk_xml_verified,official filing for KOSC,,,"The KOSC filing reports current-year total expenses of USD 538,106 for this tax period.","Do not extrapolate one filing into a trend, an annual five-organization ecology total, Okinawa-wide welfare spending, political alignment, or recipient-level flow.",ai_seeded,research_only,not_frontend_ready,no
W2A-A016,W2-A,KOSC,grants_and_similar_paid_usd,organization_filing,2023-06-01,2024-05-31,organization tax period; one filing snapshot,40265,"USD 40,265",USD,USD,Current-year grants and similar amounts paid; EIN 980214323; Form 990; IRS object 202500669349300300,,W2A-SR004,XML local-name XPath /Return/ReturnData/IRS990/CYGrantsAndSimilarPaidAmt,official_irs_bulk_xml_verified,official filing for KOSC,,,"The KOSC filing reports current-year grants and similar amounts paid of USD 40,265 for this tax period.","Do not extrapolate one filing into a trend, an annual five-organization ecology total, Okinawa-wide welfare spending, political alignment, or recipient-level flow.",ai_seeded,research_only,not_frontend_ready,no
W2A-A017,W2-A,KOSC,net_assets_or_fund_balances_eoy_usd,organization_filing,2023-06-01,2024-05-31,organization tax period; one filing snapshot,364106,"USD 364,106",USD,USD,End-of-period net assets or fund balances; EIN 980214323; Form 990; IRS object 202500669349300300,,W2A-SR004,XML local-name XPath /Return/ReturnData/IRS990/NetAssetsOrFundBalancesEOYAmt,official_irs_bulk_xml_verified,official filing for KOSC,,,"The KOSC filing reports end-of-period net assets or fund balances of USD 364,106 for this tax period.","Do not extrapolate one filing into a trend, an annual five-organization ecology total, Okinawa-wide welfare spending, political alignment, or recipient-level flow.",ai_seeded,research_only,not_frontend_ready,no
W2A-A018,W2-A,KOSC,total_assets_eoy_usd,organization_filing,2023-06-01,2024-05-31,organization tax period; one filing snapshot,396041,"USD 396,041",USD,USD,End-of-period total assets; EIN 980214323; Form 990; IRS object 202500669349300300,,W2A-SR004,XML local-name XPath /Return/ReturnData/IRS990/TotalAssetsEOYAmt,official_irs_bulk_xml_verified,official filing for KOSC,,,"The KOSC filing reports end-of-period total assets of USD 396,041 for this tax period.","Do not extrapolate one filing into a trend, an annual five-organization ecology total, Okinawa-wide welfare spending, political alignment, or recipient-level flow.",ai_seeded,research_only,not_frontend_ready,no
W2A-A019,W2-A,KOSC,total_revenue_usd,organization_filing,2024-06-01,2025-05-31,organization tax period; one filing snapshot,301927,"USD 301,927",USD,USD,Current-year total revenue; EIN 980214323; Form 990; IRS object 202630129349300153,,W2A-SR005,XML local-name XPath /Return/ReturnData/IRS990/CYTotalRevenueAmt,official_irs_bulk_xml_verified,official filing for KOSC,,,"The KOSC filing reports current-year total revenue of USD 301,927 for this tax period.","Do not extrapolate one filing into a trend, an annual five-organization ecology total, Okinawa-wide welfare spending, political alignment, or recipient-level flow.",ai_seeded,research_only,not_frontend_ready,no
W2A-A020,W2-A,KOSC,total_expenses_usd,organization_filing,2024-06-01,2025-05-31,organization tax period; one filing snapshot,397579,"USD 397,579",USD,USD,Current-year total expenses; EIN 980214323; Form 990; IRS object 202630129349300153,,W2A-SR005,XML local-name XPath /Return/ReturnData/IRS990/CYTotalExpensesAmt,official_irs_bulk_xml_verified,official filing for KOSC,,,"The KOSC filing reports current-year total expenses of USD 397,579 for this tax period.","Do not extrapolate one filing into a trend, an annual five-organization ecology total, Okinawa-wide welfare spending, political alignment, or recipient-level flow.",ai_seeded,research_only,not_frontend_ready,no
W2A-A021,W2-A,KOSC,grants_and_similar_paid_usd,organization_filing,2024-06-01,2025-05-31,organization tax period; one filing snapshot,46530,"USD 46,530",USD,USD,Current-year grants and similar amounts paid; EIN 980214323; Form 990; IRS object 202630129349300153,,W2A-SR005,XML local-name XPath /Return/ReturnData/IRS990/CYGrantsAndSimilarPaidAmt,official_irs_bulk_xml_verified,official filing for KOSC,,,"The KOSC filing reports current-year grants and similar amounts paid of USD 46,530 for this tax period.","Do not extrapolate one filing into a trend, an annual five-organization ecology total, Okinawa-wide welfare spending, political alignment, or recipient-level flow.",ai_seeded,research_only,not_frontend_ready,no
W2A-A022,W2-A,KOSC,net_assets_or_fund_balances_eoy_usd,organization_filing,2024-06-01,2025-05-31,organization tax period; one filing snapshot,268454,"USD 268,454",USD,USD,End-of-period net assets or fund balances; EIN 980214323; Form 990; IRS object 202630129349300153,,W2A-SR005,XML local-name XPath /Return/ReturnData/IRS990/NetAssetsOrFundBalancesEOYAmt,official_irs_bulk_xml_verified,official filing for KOSC,,,"The KOSC filing reports end-of-period net assets or fund balances of USD 268,454 for this tax period.","Do not extrapolate one filing into a trend, an annual five-organization ecology total, Okinawa-wide welfare spending, political alignment, or recipient-level flow.",ai_seeded,research_only,not_frontend_ready,no
W2A-A023,W2-A,KOSC,total_assets_eoy_usd,organization_filing,2024-06-01,2025-05-31,organization tax period; one filing snapshot,304320,"USD 304,320",USD,USD,End-of-period total assets; EIN 980214323; Form 990; IRS object 202630129349300153,,W2A-SR005,XML local-name XPath /Return/ReturnData/IRS990/TotalAssetsEOYAmt,official_irs_bulk_xml_verified,official filing for KOSC,,,"The KOSC filing reports end-of-period total assets of USD 304,320 for this tax period.","Do not extrapolate one filing into a trend, an annual five-organization ecology total, Okinawa-wide welfare spending, political alignment, or recipient-level flow.",ai_seeded,research_only,not_frontend_ready,no
W2A-A024,W2-A,MOSCO,total_revenue_usd,organization_filing,2022-06-01,2023-05-31,organization tax period; one filing snapshot,38530,"USD 38,530",USD,USD,Total revenue; EIN 460598583; Form 990EZ; IRS object 202410719349201281,,W2A-SR006,XML local-name XPath /Return/ReturnData/IRS990EZ/TotalRevenueAmt,official_irs_bulk_xml_verified,official filing for MOSCO,,,"The MOSCO filing reports total revenue of USD 38,530 for this tax period.","Do not extrapolate one filing into a trend, an annual five-organization ecology total, Okinawa-wide welfare spending, political alignment, or recipient-level flow.",ai_seeded,research_only,not_frontend_ready,no
W2A-A025,W2-A,MOSCO,total_expenses_usd,organization_filing,2022-06-01,2023-05-31,organization tax period; one filing snapshot,13047,"USD 13,047",USD,USD,Total expenses; EIN 460598583; Form 990EZ; IRS object 202410719349201281,,W2A-SR006,XML local-name XPath /Return/ReturnData/IRS990EZ/TotalExpensesAmt,official_irs_bulk_xml_verified,official filing for MOSCO,,,"The MOSCO filing reports total expenses of USD 13,047 for this tax period.","Do not extrapolate one filing into a trend, an annual five-organization ecology total, Okinawa-wide welfare spending, political alignment, or recipient-level flow.",ai_seeded,research_only,not_frontend_ready,no
W2A-A026,W2-A,MOSCO,grants_and_similar_paid_usd,organization_filing,2022-06-01,2023-05-31,organization tax period; one filing snapshot,7900,"USD 7,900",USD,USD,Grants and similar amounts paid; EIN 460598583; Form 990EZ; IRS object 202410719349201281,,W2A-SR006,XML local-name XPath /Return/ReturnData/IRS990EZ/GrantsAndSimilarAmountsPaidAmt,official_irs_bulk_xml_verified,official filing for MOSCO,,,"The MOSCO filing reports grants and similar amounts paid of USD 7,900 for this tax period.","Do not extrapolate one filing into a trend, an annual five-organization ecology total, Okinawa-wide welfare spending, political alignment, or recipient-level flow.",ai_seeded,research_only,not_frontend_ready,no
W2A-A027,W2-A,MOSCO,net_assets_or_fund_balances_eoy_usd,organization_filing,2022-06-01,2023-05-31,organization tax period; one filing snapshot,29515,"USD 29,515",USD,USD,End-of-period net assets or fund balances; EIN 460598583; Form 990EZ; IRS object 202410719349201281,,W2A-SR006,XML local-name XPath /Return/ReturnData/IRS990EZ/NetAssetsOrFundBalancesEOYAmt,official_irs_bulk_xml_verified,official filing for MOSCO,,,"The MOSCO filing reports end-of-period net assets or fund balances of USD 29,515 for this tax period.","Do not extrapolate one filing into a trend, an annual five-organization ecology total, Okinawa-wide welfare spending, political alignment, or recipient-level flow.",ai_seeded,research_only,not_frontend_ready,no
W2A-A028,W2-A,MOSCO,total_revenue_usd,organization_filing,2023-06-01,2024-05-31,organization tax period; one filing snapshot,22850,"USD 22,850",USD,USD,Total revenue; EIN 460598583; Form 990EZ; IRS object 202501019349201215,,W2A-SR007,XML local-name XPath /Return/ReturnData/IRS990EZ/TotalRevenueAmt,official_irs_bulk_xml_verified,official filing for MOSCO,,,"The MOSCO filing reports total revenue of USD 22,850 for this tax period.","Do not extrapolate one filing into a trend, an annual five-organization ecology total, Okinawa-wide welfare spending, political alignment, or recipient-level flow.",ai_seeded,research_only,not_frontend_ready,no
W2A-A029,W2-A,MOSCO,total_expenses_usd,organization_filing,2023-06-01,2024-05-31,organization tax period; one filing snapshot,26553,"USD 26,553",USD,USD,Total expenses; EIN 460598583; Form 990EZ; IRS object 202501019349201215,,W2A-SR007,XML local-name XPath /Return/ReturnData/IRS990EZ/TotalExpensesAmt,official_irs_bulk_xml_verified,official filing for MOSCO,,,"The MOSCO filing reports total expenses of USD 26,553 for this tax period.","Do not extrapolate one filing into a trend, an annual five-organization ecology total, Okinawa-wide welfare spending, political alignment, or recipient-level flow.",ai_seeded,research_only,not_frontend_ready,no
W2A-A030,W2-A,MOSCO,grants_and_similar_paid_usd,organization_filing,2023-06-01,2024-05-31,organization tax period; one filing snapshot,21500,"USD 21,500",USD,USD,Grants and similar amounts paid; EIN 460598583; Form 990EZ; IRS object 202501019349201215,,W2A-SR007,XML local-name XPath /Return/ReturnData/IRS990EZ/GrantsAndSimilarAmountsPaidAmt,official_irs_bulk_xml_verified,official filing for MOSCO,,,"The MOSCO filing reports grants and similar amounts paid of USD 21,500 for this tax period.","Do not extrapolate one filing into a trend, an annual five-organization ecology total, Okinawa-wide welfare spending, political alignment, or recipient-level flow.",ai_seeded,research_only,not_frontend_ready,no
W2A-A031,W2-A,MOSCO,net_assets_or_fund_balances_eoy_usd,organization_filing,2023-06-01,2024-05-31,organization tax period; one filing snapshot,25812,"USD 25,812",USD,USD,End-of-period net assets or fund balances; EIN 460598583; Form 990EZ; IRS object 202501019349201215,,W2A-SR007,XML local-name XPath /Return/ReturnData/IRS990EZ/NetAssetsOrFundBalancesEOYAmt,official_irs_bulk_xml_verified,official filing for MOSCO,,,"The MOSCO filing reports end-of-period net assets or fund balances of USD 25,812 for this tax period.","Do not extrapolate one filing into a trend, an annual five-organization ecology total, Okinawa-wide welfare spending, political alignment, or recipient-level flow.",ai_seeded,research_only,not_frontend_ready,no
W2A-A032,W2-A,MOSCO,total_revenue_usd,organization_filing,2024-06-01,2025-05-31,organization tax period; one filing snapshot,73622,"USD 73,622",USD,USD,Total revenue; EIN 460598583; Form 990EZ; IRS object 202621539349200807,,W2A-SR008,XML local-name XPath /Return/ReturnData/IRS990EZ/TotalRevenueAmt,official_irs_bulk_xml_verified,official filing for MOSCO,,,"The MOSCO filing reports total revenue of USD 73,622 for this tax period.","Do not extrapolate one filing into a trend, an annual five-organization ecology total, Okinawa-wide welfare spending, political alignment, or recipient-level flow.",ai_seeded,research_only,not_frontend_ready,no
W2A-A033,W2-A,MOSCO,total_expenses_usd,organization_filing,2024-06-01,2025-05-31,organization tax period; one filing snapshot,76819,"USD 76,819",USD,USD,Total expenses; EIN 460598583; Form 990EZ; IRS object 202621539349200807,,W2A-SR008,XML local-name XPath /Return/ReturnData/IRS990EZ/TotalExpensesAmt,official_irs_bulk_xml_verified,official filing for MOSCO,,,"The MOSCO filing reports total expenses of USD 76,819 for this tax period.","Do not extrapolate one filing into a trend, an annual five-organization ecology total, Okinawa-wide welfare spending, political alignment, or recipient-level flow.",ai_seeded,research_only,not_frontend_ready,no
W2A-A034,W2-A,MOSCO,grants_and_similar_paid_usd,organization_filing,2024-06-01,2025-05-31,organization tax period; one filing snapshot,,XML element absent; no positive amount encoded on this line,USD,USD,Grants and similar amounts paid; EIN 460598583; Form 990EZ; IRS object 202621539349200807,,W2A-SR008,XML local-name XPath /Return/ReturnData/IRS990EZ/GrantsAndSimilarAmountsPaidAmt,official_irs_bulk_xml_field_absent,official filing for MOSCO,xml_zero_or_blank_semantics,,The official XML does not encode a positive amount for this filing line.,Do not force the missing XML element to numeric zero without a documented filing-semantics decision.,ai_seeded,research_only,not_frontend_ready,no
W2A-A035,W2-A,MOSCO,net_assets_or_fund_balances_eoy_usd,organization_filing,2024-06-01,2025-05-31,organization tax period; one filing snapshot,23155,"USD 23,155",USD,USD,End-of-period net assets or fund balances; EIN 460598583; Form 990EZ; IRS object 202621539349200807,,W2A-SR008,XML local-name XPath /Return/ReturnData/IRS990EZ/NetAssetsOrFundBalancesEOYAmt,official_irs_bulk_xml_verified,official filing for MOSCO,,,"The MOSCO filing reports end-of-period net assets or fund balances of USD 23,155 for this tax period.","Do not extrapolate one filing into a trend, an annual five-organization ecology total, Okinawa-wide welfare spending, political alignment, or recipient-level flow.",ai_seeded,research_only,not_frontend_ready,no
W2A-A036,W2-A,NOSCO,total_revenue_usd,organization_filing,2022-07-01,2023-06-30,organization tax period; one filing snapshot,329819,"USD 329,819",USD,USD,Current-year total revenue; EIN 980210979; Form 990; IRS object 202411349349304281,,W2A-SR009,XML local-name XPath /Return/ReturnData/IRS990/CYTotalRevenueAmt,official_irs_bulk_xml_verified,official filing for NOSCO,,,"The NOSCO filing reports current-year total revenue of USD 329,819 for this tax period.","Do not extrapolate one filing into a trend, an annual five-organization ecology total, Okinawa-wide welfare spending, political alignment, or recipient-level flow.",ai_seeded,research_only,not_frontend_ready,no
W2A-A037,W2-A,NOSCO,total_expenses_usd,organization_filing,2022-07-01,2023-06-30,organization tax period; one filing snapshot,278922,"USD 278,922",USD,USD,Current-year total expenses; EIN 980210979; Form 990; IRS object 202411349349304281,,W2A-SR009,XML local-name XPath /Return/ReturnData/IRS990/CYTotalExpensesAmt,official_irs_bulk_xml_verified,official filing for NOSCO,,,"The NOSCO filing reports current-year total expenses of USD 278,922 for this tax period.","Do not extrapolate one filing into a trend, an annual five-organization ecology total, Okinawa-wide welfare spending, political alignment, or recipient-level flow.",ai_seeded,research_only,not_frontend_ready,no
W2A-A038,W2-A,NOSCO,grants_and_similar_paid_usd,organization_filing,2022-07-01,2023-06-30,organization tax period; one filing snapshot,11054,"USD 11,054",USD,USD,Current-year grants and similar amounts paid; EIN 980210979; Form 990; IRS object 202411349349304281,,W2A-SR009,XML local-name XPath /Return/ReturnData/IRS990/CYGrantsAndSimilarPaidAmt,official_irs_bulk_xml_verified,official filing for NOSCO,,,"The NOSCO filing reports current-year grants and similar amounts paid of USD 11,054 for this tax period.","Do not extrapolate one filing into a trend, an annual five-organization ecology total, Okinawa-wide welfare spending, political alignment, or recipient-level flow.",ai_seeded,research_only,not_frontend_ready,no
W2A-A039,W2-A,NOSCO,net_assets_or_fund_balances_eoy_usd,organization_filing,2022-07-01,2023-06-30,organization tax period; one filing snapshot,263552,"USD 263,552",USD,USD,End-of-period net assets or fund balances; EIN 980210979; Form 990; IRS object 202411349349304281,,W2A-SR009,XML local-name XPath /Return/ReturnData/IRS990/NetAssetsOrFundBalancesEOYAmt,official_irs_bulk_xml_verified,official filing for NOSCO,,,"The NOSCO filing reports end-of-period net assets or fund balances of USD 263,552 for this tax period.","Do not extrapolate one filing into a trend, an annual five-organization ecology total, Okinawa-wide welfare spending, political alignment, or recipient-level flow.",ai_seeded,research_only,not_frontend_ready,no
W2A-A040,W2-A,NOSCO,total_assets_eoy_usd,organization_filing,2022-07-01,2023-06-30,organization tax period; one filing snapshot,264416,"USD 264,416",USD,USD,End-of-period total assets; EIN 980210979; Form 990; IRS object 202411349349304281,,W2A-SR009,XML local-name XPath /Return/ReturnData/IRS990/TotalAssetsEOYAmt,official_irs_bulk_xml_verified,official filing for NOSCO,,,"The NOSCO filing reports end-of-period total assets of USD 264,416 for this tax period.","Do not extrapolate one filing into a trend, an annual five-organization ecology total, Okinawa-wide welfare spending, political alignment, or recipient-level flow.",ai_seeded,research_only,not_frontend_ready,no
W2A-A041,W2-A,NOSCO,total_revenue_usd,organization_filing,2023-07-01,2024-06-30,organization tax period; one filing snapshot,413179,"USD 413,179",USD,USD,Current-year total revenue; EIN 980210979; Form 990; IRS object 202530159349302288,,W2A-SR010,XML local-name XPath /Return/ReturnData/IRS990/CYTotalRevenueAmt,official_irs_bulk_xml_verified,official filing for NOSCO,,,"The NOSCO filing reports current-year total revenue of USD 413,179 for this tax period.","Do not extrapolate one filing into a trend, an annual five-organization ecology total, Okinawa-wide welfare spending, political alignment, or recipient-level flow.",ai_seeded,research_only,not_frontend_ready,no
W2A-A042,W2-A,NOSCO,total_expenses_usd,organization_filing,2023-07-01,2024-06-30,organization tax period; one filing snapshot,397644,"USD 397,644",USD,USD,Current-year total expenses; EIN 980210979; Form 990; IRS object 202530159349302288,,W2A-SR010,XML local-name XPath /Return/ReturnData/IRS990/CYTotalExpensesAmt,official_irs_bulk_xml_verified,official filing for NOSCO,,,"The NOSCO filing reports current-year total expenses of USD 397,644 for this tax period.","Do not extrapolate one filing into a trend, an annual five-organization ecology total, Okinawa-wide welfare spending, political alignment, or recipient-level flow.",ai_seeded,research_only,not_frontend_ready,no
W2A-A043,W2-A,NOSCO,grants_and_similar_paid_usd,organization_filing,2023-07-01,2024-06-30,organization tax period; one filing snapshot,12055,"USD 12,055",USD,USD,Current-year grants and similar amounts paid; EIN 980210979; Form 990; IRS object 202530159349302288,,W2A-SR010,XML local-name XPath /Return/ReturnData/IRS990/CYGrantsAndSimilarPaidAmt,official_irs_bulk_xml_verified,official filing for NOSCO,,,"The NOSCO filing reports current-year grants and similar amounts paid of USD 12,055 for this tax period.","Do not extrapolate one filing into a trend, an annual five-organization ecology total, Okinawa-wide welfare spending, political alignment, or recipient-level flow.",ai_seeded,research_only,not_frontend_ready,no
W2A-A044,W2-A,NOSCO,net_assets_or_fund_balances_eoy_usd,organization_filing,2023-07-01,2024-06-30,organization tax period; one filing snapshot,289997,"USD 289,997",USD,USD,End-of-period net assets or fund balances; EIN 980210979; Form 990; IRS object 202530159349302288,,W2A-SR010,XML local-name XPath /Return/ReturnData/IRS990/NetAssetsOrFundBalancesEOYAmt,official_irs_bulk_xml_verified,official filing for NOSCO,,,"The NOSCO filing reports end-of-period net assets or fund balances of USD 289,997 for this tax period.","Do not extrapolate one filing into a trend, an annual five-organization ecology total, Okinawa-wide welfare spending, political alignment, or recipient-level flow.",ai_seeded,research_only,not_frontend_ready,no
W2A-A045,W2-A,NOSCO,total_assets_eoy_usd,organization_filing,2023-07-01,2024-06-30,organization tax period; one filing snapshot,293673,"USD 293,673",USD,USD,End-of-period total assets; EIN 980210979; Form 990; IRS object 202530159349302288,,W2A-SR010,XML local-name XPath /Return/ReturnData/IRS990/TotalAssetsEOYAmt,official_irs_bulk_xml_verified,official filing for NOSCO,,,"The NOSCO filing reports end-of-period total assets of USD 293,673 for this tax period.","Do not extrapolate one filing into a trend, an annual five-organization ecology total, Okinawa-wide welfare spending, political alignment, or recipient-level flow.",ai_seeded,research_only,not_frontend_ready,no
W2A-A046,W2-A,NOSCO,total_revenue_usd,organization_filing,2024-07-01,2025-06-30,organization tax period; one filing snapshot,326729,"USD 326,729",USD,USD,Current-year total revenue; EIN 980210979; Form 990; IRS object 202533199349301708,,W2A-SR011,XML local-name XPath /Return/ReturnData/IRS990/CYTotalRevenueAmt,official_irs_bulk_xml_verified,official filing for NOSCO,,,"The NOSCO filing reports current-year total revenue of USD 326,729 for this tax period.","Do not extrapolate one filing into a trend, an annual five-organization ecology total, Okinawa-wide welfare spending, political alignment, or recipient-level flow.",ai_seeded,research_only,not_frontend_ready,no
W2A-A047,W2-A,NOSCO,total_expenses_usd,organization_filing,2024-07-01,2025-06-30,organization tax period; one filing snapshot,347769,"USD 347,769",USD,USD,Current-year total expenses; EIN 980210979; Form 990; IRS object 202533199349301708,,W2A-SR011,XML local-name XPath /Return/ReturnData/IRS990/CYTotalExpensesAmt,official_irs_bulk_xml_verified,official filing for NOSCO,,,"The NOSCO filing reports current-year total expenses of USD 347,769 for this tax period.","Do not extrapolate one filing into a trend, an annual five-organization ecology total, Okinawa-wide welfare spending, political alignment, or recipient-level flow.",ai_seeded,research_only,not_frontend_ready,no
W2A-A048,W2-A,NOSCO,grants_and_similar_paid_usd,organization_filing,2024-07-01,2025-06-30,organization tax period; one filing snapshot,20000,"USD 20,000",USD,USD,Current-year grants and similar amounts paid; EIN 980210979; Form 990; IRS object 202533199349301708,,W2A-SR011,XML local-name XPath /Return/ReturnData/IRS990/CYGrantsAndSimilarPaidAmt,official_irs_bulk_xml_verified,official filing for NOSCO,,,"The NOSCO filing reports current-year grants and similar amounts paid of USD 20,000 for this tax period.","Do not extrapolate one filing into a trend, an annual five-organization ecology total, Okinawa-wide welfare spending, political alignment, or recipient-level flow.",ai_seeded,research_only,not_frontend_ready,no
W2A-A049,W2-A,NOSCO,net_assets_or_fund_balances_eoy_usd,organization_filing,2024-07-01,2025-06-30,organization tax period; one filing snapshot,261554,"USD 261,554",USD,USD,End-of-period net assets or fund balances; EIN 980210979; Form 990; IRS object 202533199349301708,,W2A-SR011,XML local-name XPath /Return/ReturnData/IRS990/NetAssetsOrFundBalancesEOYAmt,official_irs_bulk_xml_verified,official filing for NOSCO,,,"The NOSCO filing reports end-of-period net assets or fund balances of USD 261,554 for this tax period.","Do not extrapolate one filing into a trend, an annual five-organization ecology total, Okinawa-wide welfare spending, political alignment, or recipient-level flow.",ai_seeded,research_only,not_frontend_ready,no
W2A-A050,W2-A,NOSCO,total_assets_eoy_usd,organization_filing,2024-07-01,2025-06-30,organization tax period; one filing snapshot,267533,"USD 267,533",USD,USD,End-of-period total assets; EIN 980210979; Form 990; IRS object 202533199349301708,,W2A-SR011,XML local-name XPath /Return/ReturnData/IRS990/TotalAssetsEOYAmt,official_irs_bulk_xml_verified,official filing for NOSCO,,,"The NOSCO filing reports end-of-period total assets of USD 267,533 for this tax period.","Do not extrapolate one filing into a trend, an annual five-organization ecology total, Okinawa-wide welfare spending, political alignment, or recipient-level flow.",ai_seeded,research_only,not_frontend_ready,no
W2A-A051,W2-A,OESC,total_revenue_usd,organization_filing,2022-07-01,2023-06-30,organization tax period; one filing snapshot,225362,"USD 225,362",USD,USD,Current-year total revenue; EIN 980346507; Form 990; IRS object 202411309349303066,,W2A-SR012,XML local-name XPath /Return/ReturnData/IRS990/CYTotalRevenueAmt,official_irs_bulk_xml_verified,official filing for OESC,,,"The OESC filing reports current-year total revenue of USD 225,362 for this tax period.","Do not extrapolate one filing into a trend, an annual five-organization ecology total, Okinawa-wide welfare spending, political alignment, or recipient-level flow.",ai_seeded,research_only,not_frontend_ready,no
W2A-A052,W2-A,OESC,total_expenses_usd,organization_filing,2022-07-01,2023-06-30,organization tax period; one filing snapshot,212251,"USD 212,251",USD,USD,Current-year total expenses; EIN 980346507; Form 990; IRS object 202411309349303066,,W2A-SR012,XML local-name XPath /Return/ReturnData/IRS990/CYTotalExpensesAmt,official_irs_bulk_xml_verified,official filing for OESC,,,"The OESC filing reports current-year total expenses of USD 212,251 for this tax period.","Do not extrapolate one filing into a trend, an annual five-organization ecology total, Okinawa-wide welfare spending, political alignment, or recipient-level flow.",ai_seeded,research_only,not_frontend_ready,no
W2A-A053,W2-A,OESC,grants_and_similar_paid_usd,organization_filing,2022-07-01,2023-06-30,organization tax period; one filing snapshot,99522,"USD 99,522",USD,USD,Current-year grants and similar amounts paid; EIN 980346507; Form 990; IRS object 202411309349303066,,W2A-SR012,XML local-name XPath /Return/ReturnData/IRS990/CYGrantsAndSimilarPaidAmt,official_irs_bulk_xml_verified,official filing for OESC,,,"The OESC filing reports current-year grants and similar amounts paid of USD 99,522 for this tax period.","Do not extrapolate one filing into a trend, an annual five-organization ecology total, Okinawa-wide welfare spending, political alignment, or recipient-level flow.",ai_seeded,research_only,not_frontend_ready,no
W2A-A054,W2-A,OESC,net_assets_or_fund_balances_eoy_usd,organization_filing,2022-07-01,2023-06-30,organization tax period; one filing snapshot,127231,"USD 127,231",USD,USD,End-of-period net assets or fund balances; EIN 980346507; Form 990; IRS object 202411309349303066,,W2A-SR012,XML local-name XPath /Return/ReturnData/IRS990/NetAssetsOrFundBalancesEOYAmt,official_irs_bulk_xml_verified,official filing for OESC,,,"The OESC filing reports end-of-period net assets or fund balances of USD 127,231 for this tax period.","Do not extrapolate one filing into a trend, an annual five-organization ecology total, Okinawa-wide welfare spending, political alignment, or recipient-level flow.",ai_seeded,research_only,not_frontend_ready,no
W2A-A055,W2-A,OESC,total_assets_eoy_usd,organization_filing,2022-07-01,2023-06-30,organization tax period; one filing snapshot,128328,"USD 128,328",USD,USD,End-of-period total assets; EIN 980346507; Form 990; IRS object 202411309349303066,,W2A-SR012,XML local-name XPath /Return/ReturnData/IRS990/TotalAssetsEOYAmt,official_irs_bulk_xml_verified,official filing for OESC,,,"The OESC filing reports end-of-period total assets of USD 128,328 for this tax period.","Do not extrapolate one filing into a trend, an annual five-organization ecology total, Okinawa-wide welfare spending, political alignment, or recipient-level flow.",ai_seeded,research_only,not_frontend_ready,no
W2A-A056,W2-A,OESC,total_revenue_usd,organization_filing,2023-07-01,2024-06-30,organization tax period; one filing snapshot,215949,"USD 215,949",USD,USD,Current-year total revenue; EIN 980346507; Form 990; IRS object 202403029349300610,,W2A-SR013,XML local-name XPath /Return/ReturnData/IRS990/CYTotalRevenueAmt,official_irs_bulk_xml_verified,official filing for OESC,,,"The OESC filing reports current-year total revenue of USD 215,949 for this tax period.","Do not extrapolate one filing into a trend, an annual five-organization ecology total, Okinawa-wide welfare spending, political alignment, or recipient-level flow.",ai_seeded,research_only,not_frontend_ready,no
W2A-A057,W2-A,OESC,total_expenses_usd,organization_filing,2023-07-01,2024-06-30,organization tax period; one filing snapshot,268556,"USD 268,556",USD,USD,Current-year total expenses; EIN 980346507; Form 990; IRS object 202403029349300610,,W2A-SR013,XML local-name XPath /Return/ReturnData/IRS990/CYTotalExpensesAmt,official_irs_bulk_xml_verified,official filing for OESC,,,"The OESC filing reports current-year total expenses of USD 268,556 for this tax period.","Do not extrapolate one filing into a trend, an annual five-organization ecology total, Okinawa-wide welfare spending, political alignment, or recipient-level flow.",ai_seeded,research_only,not_frontend_ready,no
W2A-A058,W2-A,OESC,grants_and_similar_paid_usd,organization_filing,2023-07-01,2024-06-30,organization tax period; one filing snapshot,103320,"USD 103,320",USD,USD,Current-year grants and similar amounts paid; EIN 980346507; Form 990; IRS object 202403029349300610,,W2A-SR013,XML local-name XPath /Return/ReturnData/IRS990/CYGrantsAndSimilarPaidAmt,official_irs_bulk_xml_verified,official filing for OESC,,,"The OESC filing reports current-year grants and similar amounts paid of USD 103,320 for this tax period.","Do not extrapolate one filing into a trend, an annual five-organization ecology total, Okinawa-wide welfare spending, political alignment, or recipient-level flow.",ai_seeded,research_only,not_frontend_ready,no
W2A-A059,W2-A,OESC,net_assets_or_fund_balances_eoy_usd,organization_filing,2023-07-01,2024-06-30,organization tax period; one filing snapshot,74676,"USD 74,676",USD,USD,End-of-period net assets or fund balances; EIN 980346507; Form 990; IRS object 202403029349300610,,W2A-SR013,XML local-name XPath /Return/ReturnData/IRS990/NetAssetsOrFundBalancesEOYAmt,official_irs_bulk_xml_verified,official filing for OESC,,,"The OESC filing reports end-of-period net assets or fund balances of USD 74,676 for this tax period.","Do not extrapolate one filing into a trend, an annual five-organization ecology total, Okinawa-wide welfare spending, political alignment, or recipient-level flow.",ai_seeded,research_only,not_frontend_ready,no
W2A-A060,W2-A,OESC,total_assets_eoy_usd,organization_filing,2023-07-01,2024-06-30,organization tax period; one filing snapshot,76127,"USD 76,127",USD,USD,End-of-period total assets; EIN 980346507; Form 990; IRS object 202403029349300610,,W2A-SR013,XML local-name XPath /Return/ReturnData/IRS990/TotalAssetsEOYAmt,official_irs_bulk_xml_verified,official filing for OESC,,,"The OESC filing reports end-of-period total assets of USD 76,127 for this tax period.","Do not extrapolate one filing into a trend, an annual five-organization ecology total, Okinawa-wide welfare spending, political alignment, or recipient-level flow.",ai_seeded,research_only,not_frontend_ready,no
W2A-A061,W2-A,OESC,total_revenue_usd,organization_filing,2024-07-01,2025-06-30,organization tax period; one filing snapshot,211166,"USD 211,166",USD,USD,Current-year total revenue; EIN 980346507; Form 990; IRS object 202513109349302911,,W2A-SR014,XML local-name XPath /Return/ReturnData/IRS990/CYTotalRevenueAmt,official_irs_bulk_xml_verified,official filing for OESC,,,"The OESC filing reports current-year total revenue of USD 211,166 for this tax period.","Do not extrapolate one filing into a trend, an annual five-organization ecology total, Okinawa-wide welfare spending, political alignment, or recipient-level flow.",ai_seeded,research_only,not_frontend_ready,no
W2A-A062,W2-A,OESC,total_expenses_usd,organization_filing,2024-07-01,2025-06-30,organization tax period; one filing snapshot,223730,"USD 223,730",USD,USD,Current-year total expenses; EIN 980346507; Form 990; IRS object 202513109349302911,,W2A-SR014,XML local-name XPath /Return/ReturnData/IRS990/CYTotalExpensesAmt,official_irs_bulk_xml_verified,official filing for OESC,,,"The OESC filing reports current-year total expenses of USD 223,730 for this tax period.","Do not extrapolate one filing into a trend, an annual five-organization ecology total, Okinawa-wide welfare spending, political alignment, or recipient-level flow.",ai_seeded,research_only,not_frontend_ready,no
W2A-A063,W2-A,OESC,grants_and_similar_paid_usd,organization_filing,2024-07-01,2025-06-30,organization tax period; one filing snapshot,78005,"USD 78,005",USD,USD,Current-year grants and similar amounts paid; EIN 980346507; Form 990; IRS object 202513109349302911,,W2A-SR014,XML local-name XPath /Return/ReturnData/IRS990/CYGrantsAndSimilarPaidAmt,official_irs_bulk_xml_verified,official filing for OESC,,,"The OESC filing reports current-year grants and similar amounts paid of USD 78,005 for this tax period.","Do not extrapolate one filing into a trend, an annual five-organization ecology total, Okinawa-wide welfare spending, political alignment, or recipient-level flow.",ai_seeded,research_only,not_frontend_ready,no
W2A-A064,W2-A,OESC,net_assets_or_fund_balances_eoy_usd,organization_filing,2024-07-01,2025-06-30,organization tax period; one filing snapshot,62184,"USD 62,184",USD,USD,End-of-period net assets or fund balances; EIN 980346507; Form 990; IRS object 202513109349302911,,W2A-SR014,XML local-name XPath /Return/ReturnData/IRS990/NetAssetsOrFundBalancesEOYAmt,official_irs_bulk_xml_verified,official filing for OESC,,,"The OESC filing reports end-of-period net assets or fund balances of USD 62,184 for this tax period.","Do not extrapolate one filing into a trend, an annual five-organization ecology total, Okinawa-wide welfare spending, political alignment, or recipient-level flow.",ai_seeded,research_only,not_frontend_ready,no
W2A-A065,W2-A,OESC,total_assets_eoy_usd,organization_filing,2024-07-01,2025-06-30,organization tax period; one filing snapshot,63199,"USD 63,199",USD,USD,End-of-period total assets; EIN 980346507; Form 990; IRS object 202513109349302911,,W2A-SR014,XML local-name XPath /Return/ReturnData/IRS990/TotalAssetsEOYAmt,official_irs_bulk_xml_verified,official filing for OESC,,,"The OESC filing reports end-of-period total assets of USD 63,199 for this tax period.","Do not extrapolate one filing into a trend, an annual five-organization ecology total, Okinawa-wide welfare spending, political alignment, or recipient-level flow.",ai_seeded,research_only,not_frontend_ready,no
W2A-A066,W2-A,AWWA,reported_grant_bucket_japanese_organizations_usd,organization_filing_allocation_bucket,2022-06-01,2023-05-31,Form 990-EZ tax period; Schedule O Part I line 10 bucket,91838,"USD 91,838",USD,USD,AWWA filing-reported allocation bucket; not a recipient-complete Schedule I table,,W2A-SR001,"XML local-name XPath /Return/ReturnData/IRS990ScheduleO/SupplementalInformationDetail[FormAndLineReferenceDesc='Part I, line 10']/ExplanationTxt",official_irs_bulk_xml_verified_bucket,japanese_organizations,recipient_endpoints_incomplete,,"AWWA reports USD 91,838 in this named allocation bucket for this tax period.","Do not treat the bucket as a complete recipient list, a five-club total, or evidence of recipient political alignment.",ai_seeded,research_only,not_frontend_ready,no
W2A-A067,W2-A,AWWA,reported_grant_bucket_us_military_base_affiliated_organizations_usd,organization_filing_allocation_bucket,2022-06-01,2023-05-31,Form 990-EZ tax period; Schedule O Part I line 10 bucket,33320,"USD 33,320",USD,USD,AWWA filing-reported allocation bucket; not a recipient-complete Schedule I table,,W2A-SR001,"XML local-name XPath /Return/ReturnData/IRS990ScheduleO/SupplementalInformationDetail[FormAndLineReferenceDesc='Part I, line 10']/ExplanationTxt",official_irs_bulk_xml_verified_bucket,us_military_base_affiliated_organizations,recipient_endpoints_aggregate_only,,"AWWA reports USD 33,320 in this named allocation bucket for this tax period.","Do not treat the bucket as a complete recipient list, a five-club total, or evidence of recipient political alignment.",ai_seeded,research_only,not_frontend_ready,no
W2A-A068,W2-A,AWWA,reported_grant_bucket_japanese_organizations_usd,organization_filing_allocation_bucket,2023-06-01,2024-05-31,Form 990-EZ tax period; Schedule O Part I line 10 bucket,64077,"USD 64,077",USD,USD,AWWA filing-reported allocation bucket; not a recipient-complete Schedule I table,,W2A-SR002,"XML local-name XPath /Return/ReturnData/IRS990ScheduleO/SupplementalInformationDetail[FormAndLineReferenceDesc='Part I, line 10']/ExplanationTxt",official_irs_bulk_xml_verified_bucket,japanese_organizations,recipient_endpoints_incomplete,,"AWWA reports USD 64,077 in this named allocation bucket for this tax period.","Do not treat the bucket as a complete recipient list, a five-club total, or evidence of recipient political alignment.",ai_seeded,research_only,not_frontend_ready,no
W2A-A069,W2-A,AWWA,reported_grant_bucket_us_military_base_affiliated_organizations_usd,organization_filing_allocation_bucket,2023-06-01,2024-05-31,Form 990-EZ tax period; Schedule O Part I line 10 bucket,30812,"USD 30,812",USD,USD,AWWA filing-reported allocation bucket; not a recipient-complete Schedule I table,,W2A-SR002,"XML local-name XPath /Return/ReturnData/IRS990ScheduleO/SupplementalInformationDetail[FormAndLineReferenceDesc='Part I, line 10']/ExplanationTxt",official_irs_bulk_xml_verified_bucket,us_military_base_affiliated_organizations,recipient_endpoints_aggregate_only,,"AWWA reports USD 30,812 in this named allocation bucket for this tax period.","Do not treat the bucket as a complete recipient list, a five-club total, or evidence of recipient political alignment.",ai_seeded,research_only,not_frontend_ready,no
W2A-A070,W2-A,AWWA,filing_reported_named_program_service_grant_usd,organization_to_named_recipient_descriptor,2022-06-01,2023-05-31,Form 990-EZ tax period; program-service accomplishment row,15287,"USD 15,287",USD,USD,Filing-reported grants/allocation amount paired with the recipient descriptor in the program-service text,,W2A-SR001,XML local-name XPath /Return/ReturnData/IRS990EZ/ProgramSrvcAccomplishmentGrp[1]/DescriptionProgramSrvcAccomTxt + GrantsAndAllocationsAmt,official_irs_bulk_xml_verified_research_only_recipient_candidate,Children Kana-san Okinawa,recipient_identity_crosswalk_pending,,"The filing pairs the descriptor 'Children Kana-san Okinawa' with USD 15,287 for this tax period.",Do not create a central recipient actor or stable funding edge until identity and payment semantics receive human review.,ai_seeded,research_only,not_frontend_ready,no
W2A-A071,W2-A,AWWA,filing_reported_named_program_service_grant_usd,organization_to_named_recipient_descriptor,2022-06-01,2023-05-31,Form 990-EZ tax period; program-service accomplishment row,14870,"USD 14,870",USD,USD,Filing-reported grants/allocation amount paired with the recipient descriptor in the program-service text,,W2A-SR001,XML local-name XPath /Return/ReturnData/IRS990EZ/ProgramSrvcAccomplishmentGrp[2]/DescriptionProgramSrvcAccomTxt + GrantsAndAllocationsAmt,official_irs_bulk_xml_verified_research_only_recipient_candidate,Okinawa Nanbu Rehabilitation and Medical Center,recipient_identity_crosswalk_pending,,"The filing pairs the descriptor 'Okinawa Nanbu Rehabilitation and Medical Center' with USD 14,870 for this tax period.",Do not create a central recipient actor or stable funding edge until identity and payment semantics receive human review.,ai_seeded,research_only,not_frontend_ready,no
W2A-A072,W2-A,AWWA,filing_reported_named_program_service_grant_usd,organization_to_named_recipient_descriptor,2022-06-01,2023-05-31,Form 990-EZ tax period; program-service accomplishment row,13986,"USD 13,986",USD,USD,Filing-reported grants/allocation amount paired with the recipient descriptor in the program-service text,,W2A-SR001,XML local-name XPath /Return/ReturnData/IRS990EZ/ProgramSrvcAccomplishmentGrp[3]/DescriptionProgramSrvcAccomTxt + GrantsAndAllocationsAmt,official_irs_bulk_xml_verified_research_only_recipient_candidate,NPO ARU,recipient_identity_crosswalk_pending,,"The filing pairs the descriptor 'NPO ARU' with USD 13,986 for this tax period.",Do not create a central recipient actor or stable funding edge until identity and payment semantics receive human review.,ai_seeded,research_only,not_frontend_ready,no
W2A-A073,W2-A,AWWA,filing_reported_named_program_service_grant_usd,organization_to_named_recipient_descriptor,2023-06-01,2024-05-31,Form 990-EZ tax period; program-service accomplishment row,13423,"USD 13,423",USD,USD,Filing-reported grants/allocation amount paired with the recipient descriptor in the program-service text,,W2A-SR002,XML local-name XPath /Return/ReturnData/IRS990EZ/ProgramSrvcAccomplishmentGrp[1]/DescriptionProgramSrvcAccomTxt + GrantsAndAllocationsAmt,official_irs_bulk_xml_verified_research_only_recipient_candidate,Ambitious,recipient_identity_crosswalk_pending,,"The filing pairs the descriptor 'Ambitious' with USD 13,423 for this tax period.",Do not create a central recipient actor or stable funding edge until identity and payment semantics receive human review.,ai_seeded,research_only,not_frontend_ready,no
W2A-A074,W2-A,AWWA,filing_reported_named_program_service_grant_usd,organization_to_named_recipient_descriptor,2023-06-01,2024-05-31,Form 990-EZ tax period; program-service accomplishment row,13378,"USD 13,378",USD,USD,Filing-reported grants/allocation amount paired with the recipient descriptor in the program-service text,,W2A-SR002,XML local-name XPath /Return/ReturnData/IRS990EZ/ProgramSrvcAccomplishmentGrp[2]/DescriptionProgramSrvcAccomTxt + GrantsAndAllocationsAmt,official_irs_bulk_xml_verified_research_only_recipient_candidate,Himawari Day Care on Ishigaki Island,recipient_identity_crosswalk_pending,,"The filing pairs the descriptor 'Himawari Day Care on Ishigaki Island' with USD 13,378 for this tax period.",Do not create a central recipient actor or stable funding edge until identity and payment semantics receive human review.,ai_seeded,research_only,not_frontend_ready,no
W2A-A075,W2-A,AWWA,filing_reported_named_program_service_grant_usd,organization_to_named_recipient_descriptor,2023-06-01,2024-05-31,Form 990-EZ tax period; program-service accomplishment row,13072,"USD 13,072",USD,USD,Filing-reported grants/allocation amount paired with the recipient descriptor in the program-service text,,W2A-SR002,XML local-name XPath /Return/ReturnData/IRS990EZ/ProgramSrvcAccomplishmentGrp[3]/DescriptionProgramSrvcAccomTxt + GrantsAndAllocationsAmt,official_irs_bulk_xml_verified_research_only_recipient_candidate,Okinawa Southern Medical Center,recipient_identity_crosswalk_pending,,"The filing pairs the descriptor 'Okinawa Southern Medical Center' with USD 13,072 for this tax period.",Do not create a central recipient actor or stable funding edge until identity and payment semantics receive human review.,ai_seeded,research_only,not_frontend_ready,no
W2A-A076,W2-A,OESC_to_AWWA,cash_grant_usd,organization_to_organization,2022-07-01,2023-06-30,OESC Form 990 tax period; Schedule I recipient row,16308,"USD 16,308",USD,USD,"OESC Schedule I cash grant to AMERICAN WELFARE AND WORKS ASSOCIATION, recipient EIN 980227149",,W2A-SR012,XML local-name XPath /Return/ReturnData/IRS990ScheduleI/RecipientTable[RecipientEIN='980227149']/CashGrantAmt,official_irs_bulk_xml_verified_research_only_flow,OESC (EIN 980346507) -> AWWA (EIN 980227149),,,"OESC reports a USD 16,308 Schedule I cash grant to AWWA for this tax period.","Do not infer downstream recipients, donor sources, political alignment, or automatic recurrence beyond the observed periods.",human_checked,research_only,not_frontend_ready,no
W2A-A077,W2-A,OESC_to_AWWA,cash_grant_usd,organization_to_organization,2023-07-01,2024-06-30,OESC Form 990 tax period; Schedule I recipient row,14371,"USD 14,371",USD,USD,"OESC Schedule I cash grant to AMERICAN WELFARE AND WORKS ASSOCIATION, recipient EIN 980227149",,W2A-SR013,XML local-name XPath /Return/ReturnData/IRS990ScheduleI/RecipientTable[RecipientEIN='980227149']/CashGrantAmt,official_irs_bulk_xml_verified_research_only_flow,OESC (EIN 980346507) -> AWWA (EIN 980227149),,,"OESC reports a USD 14,371 Schedule I cash grant to AWWA for this tax period.","Do not infer downstream recipients, donor sources, political alignment, or automatic recurrence beyond the observed periods.",human_checked,research_only,not_frontend_ready,no
W2A-A078,W2-A,OESC_to_AWWA,cash_grant_usd,organization_to_organization,2024-07-01,2025-06-30,OESC Form 990 tax period; Schedule I recipient row,8479,"USD 8,479",USD,USD,"OESC Schedule I cash grant to AMERICAN WELFARE AND WORKS ASSOCIATION, recipient EIN 980227149",,W2A-SR014,XML local-name XPath /Return/ReturnData/IRS990ScheduleI/RecipientTable[RecipientEIN='980227149']/CashGrantAmt,official_irs_bulk_xml_verified_research_only_flow,OESC (EIN 980346507) -> AWWA (EIN 980227149),,,"OESC reports a USD 8,479 Schedule I cash grant to AWWA for this tax period.","Do not infer downstream recipients, donor sources, political alignment, or automatic recurrence beyond the observed periods.",human_checked,research_only,not_frontend_ready,no
W2A-A079,W2-A,AWWA,official_irs_index_filing_presence,organization_filing_index,,2022-05-31,tax-period end derived from IRS index YYYYMM; period begin not frozen,1,IRS annual index match,filing_record,,"IRS 2022 annual index lists AWWA EIN 980227149, tax period 202205, object 202202899349200300",,W2A-SR015,"official_index_matches_v1.csv row case_id=AWWA, tax_period_yyyymm=202205",official_irs_index_only_xml_member_unavailable,adjacent filing located; monetary fields not frozen,official_bulk_member_not_present,,The IRS annual index contains an AWWA filing record ending May 2022.,Do not carry monetary values from the third-party render cache into the authoritative anchor layer.,ai_seeded,research_only,not_frontend_ready,no
W2A-A080,W2-A,AWWA_five_selected_organizations,five_filing_mixed_period_gross_revenue_usd,selected_filing_set_diagnostic,2023-06-01,2025-06-30,five latest available filings with different tax periods; diagnostic snapshot only,1010655,"USD 1,010,655",USD,USD,sum of the five latest filing revenue lines,,W2A-SR002;W2A-SR005;W2A-SR008;W2A-SR011;W2A-SR014,mechanical sum of filing-level anchors listed in source_receipt_ids,derived_mixed_period_diagnostic,"AWWA, KOSC, MOSCO, NOSCO and OESC latest available filing snapshots",mixed_tax_periods;internal_transfers_not_netted,descriptive scale check only; no population denominator,"Across the five selected latest filing snapshots, sum of the five latest filing revenue lines equals USD 1,010,655.","Do not call this an annual ecosystem total, per-capita measure, consolidated budget, or Okinawa-wide service spending.",ai_seeded,research_only,not_frontend_ready,no
W2A-A081,W2-A,AWWA_five_selected_organizations,five_filing_mixed_period_gross_expenses_usd,selected_filing_set_diagnostic,2023-06-01,2025-06-30,five latest available filings with different tax periods; diagnostic snapshot only,1145622,"USD 1,145,622",USD,USD,sum of the five latest filing expense lines,,W2A-SR002;W2A-SR005;W2A-SR008;W2A-SR011;W2A-SR014,mechanical sum of filing-level anchors listed in source_receipt_ids,derived_mixed_period_diagnostic,"AWWA, KOSC, MOSCO, NOSCO and OESC latest available filing snapshots",mixed_tax_periods;internal_transfers_not_netted,descriptive scale check only; no population denominator,"Across the five selected latest filing snapshots, sum of the five latest filing expense lines equals USD 1,145,622.","Do not call this an annual ecosystem total, per-capita measure, consolidated budget, or Okinawa-wide service spending.",ai_seeded,research_only,not_frontend_ready,no
W2A-A082,W2-A,AWWA_five_selected_organizations,five_filing_mixed_period_reported_grants_lower_bound_usd,selected_filing_set_diagnostic,2023-06-01,2025-06-30,five latest available filings with different tax periods; diagnostic snapshot only,239424,"USD 239,424",USD,USD,sum of positive grants-and-similar-paid XML fields; MOSCO's current field is absent,,W2A-SR002;W2A-SR005;W2A-SR008;W2A-SR011;W2A-SR014,mechanical sum of filing-level anchors listed in source_receipt_ids,derived_mixed_period_diagnostic,"AWWA, KOSC, MOSCO, NOSCO and OESC latest available filing snapshots",mixed_tax_periods;internal_transfers_not_netted;one_grants_field_absent,descriptive scale check only; no population denominator,"Across the five selected latest filing snapshots, sum of positive grants-and-similar-paid XML fields; MOSCO's current field is absent equals USD 239,424.","Do not call this an annual ecosystem total, per-capita measure, consolidated budget, or Okinawa-wide service spending.",ai_seeded,research_only,not_frontend_ready,no
W2A-A083,W2-A,AWWA_five_selected_organizations,five_filing_mixed_period_net_assets_or_fund_balances_eoy_usd,selected_filing_set_diagnostic,2023-06-01,2025-06-30,five latest available filings with different tax periods; diagnostic snapshot only,625527,"USD 625,527",USD,USD,sum of the comparable net-assets/fund-balances EOY field,,W2A-SR002;W2A-SR005;W2A-SR008;W2A-SR011;W2A-SR014,mechanical sum of filing-level anchors listed in source_receipt_ids,derived_mixed_period_diagnostic,"AWWA, KOSC, MOSCO, NOSCO and OESC latest available filing snapshots",mixed_tax_periods;internal_transfers_not_netted,descriptive scale check only; no population denominator,"Across the five selected latest filing snapshots, sum of the comparable net-assets/fund-balances EOY field equals USD 625,527.","Do not call this an annual ecosystem total, per-capita measure, consolidated budget, or Okinawa-wide service spending.",ai_seeded,research_only,not_frontend_ready,no
W2B-A001,W2-B,USO,consolidated_support_and_revenue,global_consolidated,2024-01-01,2024-12-31,year_ended,265050000,USD 265.050 million,currency,USD,USO's 2024 summary total for support and revenue; it combines the consolidated operating total with investment return and is not the IRS Form 990 line 12 total.,,W2B-SR002;W2B-SR003,"Audited statement PDF p.6; Form 990 wrapper PDF p.6, Total column",official_primary_candidate,,reporting_perimeter_difference,None; retain as a consolidated scale anchor.,The USO consolidated 2024 financial summary reports USD 265.050 million in support and revenue.,Do not call this the Form 990 total revenue or allocate it to Japan or Okinawa.,ai_seeded,research_only,not_frontend_ready,no
W2B-A002,W2-B,USO,consolidated_operating_revenue_gains_and_support,global_consolidated,2024-01-01,2024-12-31,year_ended,247493000,USD 247.493 million,currency,USD,"Total operating revenue, gains and other support in the audited consolidated statement.",,W2B-SR002,"PDF p.6, Consolidated Statement of Activities, Total column",official_primary_candidate,,none,None.,"The audited consolidated statement reports USD 247.493 million of operating revenue, gains and other support in 2024.",Do not add it again to W2B-A001; it is a component of the consolidated summary.,ai_seeded,research_only,not_frontend_ready,no
W2B-A003,W2-B,USO,consolidated_program_services_expense,global_consolidated,2024-01-01,2024-12-31,year_ended,204912000,USD 204.912 million,currency,USD,"Gross total program-services expense across the consolidated reporting perimeter, including contributed materials, facilities and services.",W2B-A011,W2B-SR002;W2B-SR003,Audited statement PDF pp.6 and 8; Form 990 wrapper PDF p.6,official_primary_candidate,,national_to_region_allocation_missing,"USD 204.912m divided by at least 11.3m reported uses is at most about USD 18.13 per use; equal division across the 250-center lower bound is at most USD 819,648 per center. Both are internal diagnostics, not service costs or local estimates.",The USO consolidated 2024 statement reports USD 204.912 million in gross program-services expense.,"Do not interpret the diagnostic ratios as per-service cost, per-person benefit, or an Okinawa allocation.",ai_seeded,research_only,not_frontend_ready,no
W2B-A004,W2-B,USO,consolidated_operating_and_supporting_expense,global_consolidated,2024-01-01,2024-12-31,year_ended,258883000,USD 258.883 million,currency,USD,Total operating expenses in the audited consolidated statement: program services plus supporting services.,,W2B-SR002;W2B-SR003,Audited statement PDF pp.6 and 8; Form 990 wrapper PDF p.6,official_primary_candidate,,reporting_perimeter_difference,None.,The USO consolidated 2024 statement reports USD 258.883 million in total operating expenses.,Do not call this the IRS Form 990 total-expense figure or a regional budget.,ai_seeded,research_only,not_frontend_ready,no
W2B-A005,W2-B,USO,consolidated_uso_centers_program_expense,global_consolidated,2024-01-01,2024-12-31,year_ended,71027000,USD 71.027 million,currency,USD,Net program expense assigned to the USO Centers functional category after subtracting in-kind expense; it is not a sum of center-level cash budgets.,W2B-A010,W2B-SR002,"PDF p.8, USO Centers column, Functional expenses net; also p.6",official_primary_candidate,,national_to_center_allocation_missing,"Equal division across the 250-center lower bound is at most USD 284,108 per center; diagnostic only.",The audited 2024 statement assigns USD 71.027 million of net program expense to the USO Centers functional category.,Do not infer that every center received an equal amount or that this figure is cash-only.,ai_seeded,research_only,not_frontend_ready,no
W2B-A006,W2-B,USO,form990_total_revenue,legal_entity_USO_Inc,2024-01-01,2024-12-31,calendar_tax_year,168028301,"USD 168,028,301",currency,USD,"IRS Form 990 Part I line 12 current-year total revenue for United Service Organizations, Inc., EIN 13-1610451.",,W2B-SR003,"PDF p.7, IRS Form 990 Part I, line 12, Current Year",official_primary_candidate,,reporting_perimeter_difference,None; compare only after preserving reporting perimeter.,"USO, Inc.'s 2024 Form 990 reports USD 168,028,301 in total revenue.",Do not substitute this entity-level tax-return amount for the consolidated support-and-revenue total.,ai_seeded,research_only,not_frontend_ready,no
W2B-A007,W2-B,USO,form990_program_service_expense,legal_entity_USO_Inc,2024-01-01,2024-12-31,calendar_tax_year,111074246,"USD 111,074,246",currency,USD,"IRS Form 990 Part IX line 25 column B program-service expenses for United Service Organizations, Inc.",,W2B-SR003,"PDF p.18, IRS Form 990 Part IX, line 25, column B",official_primary_candidate,,reporting_perimeter_difference,None.,"USO, Inc.'s 2024 Form 990 reports USD 111,074,246 in program-service expenses.",Do not equate this entity-level tax-return measure with the USD 204.912 million consolidated program-services expense.,ai_seeded,research_only,not_frontend_ready,no
W2B-A008,W2-B,USO,form990_total_expense,legal_entity_USO_Inc,2024-01-01,2024-12-31,calendar_tax_year,163487334,"USD 163,487,334",currency,USD,"IRS Form 990 Part I line 18 and Part IX line 25 column A total expenses for United Service Organizations, Inc.",,W2B-SR003,"PDF p.7, Part I line 18; PDF p.18, Part IX line 25 column A",official_primary_candidate,,reporting_perimeter_difference,None.,"USO, Inc.'s 2024 Form 990 reports USD 163,487,334 in total expenses.",Do not equate this entity-level figure with the USD 258.883 million consolidated operating-expense figure.,ai_seeded,research_only,not_frontend_ready,no
W2B-A009,W2-B,USO,consolidated_reporting_perimeter,global_consolidated,2024-01-01,2024-12-31,year_ended,,"USO, Inc.; USO Foundation; domestic and overseas operating centers",text,,Reporting perimeter stated by USO in the official 2024 financial-report wrapper.,,W2B-SR003,"PDF p.6, note above consolidated statement",official_primary_candidate,,none,None.,"USO states that the consolidated statements reflect USO, Inc., the USO Foundation, and domestic and overseas operating centers.",Do not assume the consolidated and Form 990 reporting perimeters are identical.,ai_seeded,research_only,not_frontend_ready,no
W2B-A010,W2-B,USO,global_center_count_lower_bound,global,2024-01-01,2024-12-31,calendar_year,250,more than 250 / 250+,count_lower_bound,,Organization-reported lower bound for operating centers worldwide; the impact report also uses 'locations' for its interactive map.,,W2B-SR003;W2B-SR004,Form 990 wrapper PDF p.2; Global Impact Report PDF pp.12-14,official_primary_bounded,,center_location_terminology_overlap,Use only as a lower-bound denominator for pressure tests.,USO reported operating more than 250 centers worldwide in 2024.,Do not treat 250 as an exact count or every listed location as a homogeneous center.,ai_seeded,research_only,not_frontend_ready,no
W2B-A011,W2-B,USO,program_and_service_uses_lower_bound,global,2024-01-01,2024-12-31,calendar_year,11300000,over 11.3 million times,uses_lower_bound,,"Total times USO programs and services were accessed or used in 2024; an encounter/use count, not a unique-person count.",,W2B-SR003;W2B-SR004,Form 990 wrapper PDF p.3; Global Impact Report PDF pp.12-13,official_primary_bounded,,none,"Can be used as a global use-count denominator, subject to the lower-bound sign.",USO reported more than 11.3 million program-and-service uses in 2024.,Do not call these 11.3 million unique beneficiaries or Okinawa uses.,ai_seeded,research_only,not_frontend_ready,no
W2B-A012,W2-B,USO,center_visits_lower_bound,global,2024-01-01,2024-12-31,calendar_year,7200000,more than 7.2 million visits,visits_lower_bound,,Number of times USO centers were visited worldwide; repeat visits are included.,,W2B-SR003;W2B-SR004,Form 990 wrapper PDF p.3; Global Impact Report PDF p.13,official_primary_bounded,,none,None.,USO reported more than 7.2 million center visits worldwide in 2024.,Do not call this a unique-person count or combine it additively with total uses.,ai_seeded,research_only,not_frontend_ready,no
W2B-A013,W2-B,USO,people_reached_lower_bound,global,2024-01-01,2024-12-31,calendar_year,950000,"950,000+",people_lower_bound,,The impact report labels this as service members and spouses reached with USO programs; the financial-report wrapper uses service members and military families provided with programs and services.,,W2B-SR003;W2B-SR004,Form 990 wrapper PDF p.3; Global Impact Report PDF p.13,official_primary_bounded,,population_label_wording_difference,None.,"USO reported reaching or providing programs to more than 950,000 service members and spouses or military families in 2024.",Do not mix this reach measure with visits or service uses; do not silently choose one population label as exact.,ai_seeded,research_only,not_frontend_ready,no
W2B-A014,W2-B,USO,geographic_operating_regions,global,2024-01-01,2024-12-31,calendar_year,5,Indo-Pacific; EMEA; US-North; US-Southeast; US-West,regions,,USO's five-region global operating structure.,,W2B-SR004,"Global Impact Report PDF p.14, paragraph beginning 'USO global operations are organized'",official_primary_candidate,,none,None.,"USO reported organizing global operations into five geographic regions in 2024, including Indo-Pacific.",Do not treat a geographic operating region as a separate legal entity.,ai_seeded,research_only,not_frontend_ready,no
W2B-A015,W2-B,USO,indo_pacific_center_count,Indo_Pacific,2026-08-22,2026-08-22,web_observation_snapshot,24,24 USO Centers,centers,,"Current official regional biography states that the Indo-Pacific regional vice president leads 24 centers across Alaska, Hawaii, Guam, mainland Japan, Okinawa and Korea.",,W2B-SR010,"Official regional vice-president page, first biography paragraph",official_primary_snapshot,,time_alignment_with_2024_unknown,"Use as a current organizational-scope anchor, not a 2024 denominator unless the effective year is verified.",The current official USO Pacific page describes an Indo-Pacific portfolio of 24 centers.,Do not assume the 24-center snapshot is the exact 2024 count or use it to allocate money.,ai_seeded,research_only,not_frontend_ready,no
W2B-A016,W2-B,USO,okinawa_named_center_count,Okinawa,2025-04-24,2025-04-24,story_publication_date,6,six centers,centers,,"Official USO Indo-Pacific story explicitly names Camp Foster, Camp Hansen, Camp Kinser, Camp Schwab, Futenma and Kadena as six Okinawa centers.",,W2B-SR009,"Story section 'USO Okinawa', paragraph beginning 'The southernmost prefecture'",official_primary_candidate,,none,Six-center operational set is the preferred denominator for center-level narrative.,An official April 2025 USO story identifies six operating centers in Okinawa.,Do not count the Okinawa Area Office or Kadena AMC Terminal as two additional homogeneous centers without a changed official definition.,ai_seeded,research_only,not_frontend_ready,no
W2B-A017,W2-B,USO,okinawa_employee_count,Okinawa,2025-04-24,2025-04-24,story_publication_date,21,21 employees,people,,Organization-reported USO Okinawa team size in the official story.,,W2B-SR009,Story section 'USO Okinawa',official_primary_candidate,,none,None.,USO reported a 21-employee Okinawa team in April 2025.,Do not generalize this dated team-size observation to other years.,ai_seeded,research_only,not_frontend_ready,no
W2B-A018,W2-B,USO,okinawa_people_supported_approximation,Okinawa,2025-04-24,2025-04-24,story_publication_date,47000,"approximately 47,000 service members and their families",people_approximate,,Organization-reported approximate population supported by the Okinawa team at six centers and through outreach; not an independent resident-population denominator.,,W2B-SR009,Story section 'USO Okinawa',official_primary_bounded,,denominator_definition_missing,Treat as an organization-reported service-population scale; seek a same-year definition before any per-capita calculation.,"USO described its Okinawa team as supporting approximately 47,000 service members and their families in April 2025.","Do not treat 47,000 as a unique annual beneficiary count, a census of the stationed population, or a denominator for 2024 financial ratios.",ai_seeded,research_only,not_frontend_ready,no
W2B-A019,W2-B,USO,okinawa_volunteer_count_lower_bound,Okinawa,2025-04-24,2025-04-24,story_publication_date,780,780+ volunteers,people_lower_bound,,Organization-reported volunteer count for the Okinawa area.,,W2B-SR009,Story section 'USO Okinawa',official_primary_bounded,,none,None.,USO reported more than 780 volunteers in its Okinawa area in April 2025.,"Do not infer paid staffing, unique active volunteers over a longer period, or political orientation.",ai_seeded,research_only,not_frontend_ready,no
W2B-A020,W2-B,USO,okinawa_listed_location_count,Okinawa,2026-08-22,2026-08-22,web_observation_snapshot,8,8 listed locations/presences,locations,,The current USO Okinawa homepage lists the six named centers plus Kadena AMC Terminal and the Okinawa Area Office.,W2B-A016,W2B-SR008,Homepage 'Locations' section,official_primary_snapshot,,center_location_terminology_overlap,Use the eight-entry directory only as a presence/site directory; the six explicitly named centers remain the operating-center set.,"The current USO Okinawa directory lists eight presences: six named centers, one AMC-terminal presence and one area office.",Do not report eight homogeneous centers or use eight as a financial allocation denominator.,ai_seeded,research_only,not_frontend_ready,no
W2B-A021,W2-B,USO_DOD_AWARD,award_category_and_type,federal_award,2023-07-14,2023-07-14,award_signature_date,,category=grant; type=02; type_description=BLOCK GRANT (A); FAIN=HQ00342310002,text,,Statutory classification fields returned by the official USAspending award overview.,,W2B-SR005,"JSON $.category, $.type, $.type_description, $.fain",official_primary_candidate,,none,None.,"USAspending classifies HQ00342310002 as a grant, assistance type 02, BLOCK GRANT (A).",Do not infer the award's regional allocation or subrecipient structure from its type label.,ai_seeded,research_only,not_frontend_ready,no
W2B-A022,W2-B,USO_DOD_AWARD,award_recipient,federal_award,2023-07-14,2023-07-14,award_signature_date,,"UNITED SERVICE ORGANIZATIONS, INC.; UEI J7L9KMM97FE7; Arlington, Virginia",text,,Prime recipient identity and address in the award overview.,,W2B-SR005,JSON $.recipient,official_primary_candidate,,none,None.,"The prime recipient of HQ00342310002 is United Service Organizations, Inc., UEI J7L9KMM97FE7.","Do not rewrite the prime recipient as USO Okinawa, USO Japan or an individual center.",ai_seeded,research_only,not_frontend_ready,no
W2B-A023,W2-B,USO_DOD_AWARD,award_project_description,federal_award,2023-07-14,2023-07-14,award_signature_date,,"Provide program services designed to strengthen American military service members by keeping them connected to family, home and country, throughout their service to the nation.",text,,"Official USAspending award description, normalized to sentence case without changing wording.",,W2B-SR005,JSON $.description,official_primary_candidate,,none,None.,"The award description funds USO program services aimed at keeping service members connected to family, home and country.","Do not infer that every USO program, region or Okinawa site is covered by this description.",ai_seeded,research_only,not_frontend_ready,no
W2B-A024,W2-B,USO_DOD_AWARD,award_total_obligation,federal_award,2023-07-14,2025-07-31,cumulative_award_actions_to_last_modified,72000000,"USD 72,000,000",currency,USD,Award-level cumulative total obligation shown in the official overview; the transaction history contains three positive actions of USD 24 million each and two zero-dollar revisions.,,W2B-SR005;W2B-SR006,Award JSON $.total_obligation; transactions JSON $.results[*].federal_action_obligation,official_primary_candidate,,national_to_region_allocation_missing,No Okinawa allocation model is authorized until an official regional or site allocation field is found.,USAspending reports USD 72 million in cumulative obligations for the national USO award HQ00342310002 through the 2025-07-31 modification.,Do not say USO Okinawa received USD 72 million; do not divide the award equally across centers.,ai_seeded,research_only,not_frontend_ready,no
W2B-A025,W2-B,USO_DOD_AWARD,award_total_funding,federal_award,2023-07-14,2025-07-31,award_overview_as_last_modified,72000000,"USD 72,000,000",currency,USD,USAspending award-overview total_funding field; it equals total_obligation in this snapshot.,,W2B-SR005,JSON $.total_funding,official_primary_candidate,,national_to_region_allocation_missing,None.,The award overview reports USD 72 million in total funding for HQ00342310002.,Do not treat total_funding as a Japan or Okinawa distribution amount.,ai_seeded,research_only,not_frontend_ready,no
W2B-A026,W2-B,USO_DOD_AWARD,period_of_performance,federal_award,2023-09-30,2028-09-29,official_period_of_performance,,2023-09-30 to 2028-09-29; last modified 2025-07-31,date_range,,Award period-of-performance fields from the official award overview.,,W2B-SR005,JSON $.period_of_performance,official_primary_candidate,,none,None.,The award's stated period of performance runs from 30 September 2023 through 29 September 2028.,Do not assume obligations or services are distributed evenly across years.,ai_seeded,research_only,not_frontend_ready,no
W2B-A027,W2-B,USO_DOD_AWARD,prime_place_of_performance,federal_award,2023-09-30,2028-09-29,official_period_of_performance,,UNITED STATES; MULTI-STATE; congressional code 90,text,,Prime award place-of-performance fields in USAspending; the record does not name Japan or Okinawa.,,W2B-SR005,JSON $.place_of_performance,official_primary_candidate,,award_specific_overseas_geography_not_disclosed,None.,"The USAspending overview codes the prime award place of performance as United States, multi-state.",Do not infer either that Okinawa is funded or that overseas use is legally prohibited; the award-specific agreement may contain details not exposed here.,ai_seeded,research_only,not_frontend_ready,no
W2B-A028,W2-B,USO_DOD_AWARD,reported_subaward_count,federal_award,2023-07-14,2026-08-22,award_overview_and_bounded_search_snapshot,0,0 reported subawards; total subaward amount null; bounded FAIN search returned no rows,subawards,,The award overview reports subaward_count=0 and null total_subaward_amount; a bounded official search for FAIN HQ00342310002 returned no public subaward rows.,,W2B-SR005;W2B-SR007,Award JSON $.subaward_count and $.total_subaward_amount; search JSON $.results and $.page_metadata,official_primary_bounded,,internal_allocation_not_observable,None.,No subaward is reported for HQ00342310002 in the bounded USAspending public records inspected for this package.,"Do not infer that USO made no internal regional allocation, interoffice transfer, procurement, reimbursement or other non-subaward distribution.",ai_seeded,research_only,not_frontend_ready,no
W2B-A029,W2-B,USO_DOD_AWARD,transaction_action_sequence,federal_award,2023-07-14,2025-07-31,transaction_action_dates,72000000,2023-07-14 NEW +24m; 2024-02-13 REVISION 0; 2024-05-28 REVISION 0; 2024-07-26 CONTINUATION +24m; 2025-07-31 CONTINUATION +24m,currency,USD,Five transaction actions in the official response; three positive obligations sum to the award-level USD 72 million.,,W2B-SR006,JSON $.results[0:5],official_primary_candidate,,none,None.,The public transaction history shows three USD 24 million obligation actions and two zero-dollar revisions through July 2025.,Do not interpret action dates as dates of payment to Okinawa or dates of service delivery.,ai_seeded,research_only,not_frontend_ready,no
W2B-A030,W2-B,USO_DOD_AWARD,account_obligation_snapshot,federal_award,2023-07-14,2025-07-31,award_overview_as_last_modified,41212463.29,"USD 41,212,463.29",currency,USD,USAspending overview fields total_account_obligation and transaction_obligated_amount in the retrieved snapshot; this layer differs from the award-level cumulative total_obligation field.,,W2B-SR005,JSON $.total_account_obligation and $.transaction_obligated_amount,official_primary_definition_conflict,,federal_field_semantics_require_followup,"Retain alongside, not instead of, the USD 72 million award-level field until account-linkage semantics are resolved.","The retrieved award overview exposes an account-obligation/transaction-obligated field of USD 41,212,463.29 in addition to the USD 72 million award-level total.","Do not silently choose one field as cash paid, amount spent, or Okinawa funding.",ai_seeded,research_only,not_frontend_ready,no
W2B-A031,W2-B,USO_DOD_AWARD,assistance_listing_and_eligibility_visibility,federal_award,2023-07-14,2026-08-22,award_overview_snapshot,,Assistance Listing 12.599 Congressionally Directed Assistance; generic organizational eligibility; no award-specific Japan/Okinawa geography field,text,,"The award overview embeds generic Assistance Listing eligibility text, not an award-specific overseas allocation rule.",,W2B-SR005,JSON $.cfda_info and $.funding_opportunity,official_primary_gap,,award_specific_overseas_geography_not_disclosed,None.,"USAspending links the award to Assistance Listing 12.599 and exposes generic eligibility language, but the public overview does not disclose a Japan- or Okinawa-specific allocation rule.",Do not infer either overseas eligibility or ineligibility from the generic listing alone.,ai_seeded,research_only,not_frontend_ready,no
W2B-A032,W2-B,USO_DOD_AWARD,japan_okinawa_allocation_visibility,national_to_region,2023-07-14,2026-08-22,bounded_public_record_audit,,"No Japan, Okinawa, Indo-Pacific, regional or center allocation amount located in award overview, transaction history or reported subawards",text,,Observed interruption between the national prime award and USO's regional/site hierarchy in the inspected official public fields.,,W2B-SR005;W2B-SR006;W2B-SR007;W2B-SR008;W2B-SR010,Cross-record inspection: award recipient/place/performance/transactions/subawards versus official hierarchy pages,official_primary_gap,"Okinawa service presence is separately confirmed, but no monetary allocation bridge is disclosed.",national_to_region_allocation_missing,"Do not estimate; show national amount, official regional/site hierarchy, and the missing allocation layer separately.","Official records confirm a national USO award and an Okinawa operating presence, while the inspected public fields do not close the financial allocation between them.",Do not create a DoD-to-USO Okinawa money edge or infer a local budget from national totals.,ai_seeded,research_only,not_frontend_ready,no
W2C-A001,W2-C,population,members_civilian_component_dependents_total,Okinawa,2011-06-30,2011-06-30,official June-end historical snapshot,47300,"47,300",persons,,Members of the force plus civilian component plus dependents as reported by U.S. Forces Okinawa to Okinawa Prefecture,PD001,W2C-SR001;W2C-SR002;W2C-SR003,SR001 sheet 28_01 row 40 and note row 58; SR002 p.3 Heisei 23 row,historical_reference_confirmed,yes,current_series_break_after_2011,none,"The last disclosed prefectural combined total was 47,300 at end-June 2011.",Do not use as a current 2023-2025 population or mix with current organization finances for per-capita estimates.,ai_seeded,research_only,not_frontend_ready,no
W2C-A002,W2-C,population,broad_us_population_statement,Okinawa,,,undated current-page approximation,80000,"approaches 80,000",persons,,Broad U.S. population in Okinawa; page does not define every included category,PD003,W2C-SR004,"SR004 About Okinawa paragraph, web extraction line 128",official_undated_approximation_unclosed,partial,missing_observation_date_and_unclosed_categories,none,"An official Marine Corps page describes the U.S. population in Okinawa as approaching 80,000.","Do not use 80,000 as a closed SOFA denominator or as a same-definition counterpart to 47,300.",ai_seeded,research_only,not_frontend_ready,no
W2C-A003,W2-C,population,active_duty_named_component,Okinawa,,,undated current-page approximation,30000,"nearly 30,000",persons,,"Active-duty military from all four armed-service branches named within the broad 80,000 statement",PD004,W2C-SR004,"SR004 About Okinawa paragraph, web extraction line 128",official_undated_component_approximation,partial,missing_observation_date,none,"The same page names nearly 30,000 active-duty personnel.",Do not treat the rounded figure as an exact current branch-resolved count.,ai_seeded,research_only,not_frontend_ready,no
W2C-A004,W2-C,population,dod_civilian_named_component,Okinawa,,,undated current-page approximation,1400,"1,400",persons,,"Department of Defense civilians named within the broad 80,000 statement",PD004,W2C-SR004,"SR004 About Okinawa paragraph, web extraction line 128",official_undated_component_approximation,partial,missing_observation_date_and_category_definition,none,"The same page names about 1,400 DoD civilians.",Do not assume equivalence with the SOFA civilian-component definition.,ai_seeded,research_only,not_frontend_ready,no
W2C-A005,W2-C,population,dodea_staff_named_component,Okinawa,,,undated current-page approximation,700,700,persons,,"DoD Dependents Schools teachers and staff named within the broad 80,000 statement",PD004,W2C-SR004,"SR004 About Okinawa paragraph, web extraction line 128",official_undated_component_approximation,partial,missing_observation_date_and_overlap_rule,none,The same page separately names about 700 DoD school teachers and staff.,Do not assume this category is disjoint from all civilian definitions without a source-specific rule.,ai_seeded,research_only,not_frontend_ready,no
W2C-A006,W2-C,population,family_member_named_component,Okinawa,,,undated current-page approximation,25000,"almost 25,000",persons,,"U.S. family members named within the broad 80,000 statement",PD004,W2C-SR004,"SR004 About Okinawa paragraph, web extraction line 128",official_undated_component_approximation,partial,missing_observation_date_and_dependent_definition,none,"The same page names almost 25,000 U.S. family members.",Do not assume equivalence with the treaty definition of dependents or use as an exact count.,ai_seeded,research_only,not_frontend_ready,no
W2C-A007,W2-C,population,named_component_arithmetic_subtotal,Okinawa,,,derived from four undated rounded components,57100,"about 57,100",persons,,"Arithmetic sum of nearly 30,000 active duty, 1,400 DoD civilians, 700 DoD school staff and almost 25,000 family members",PD004,W2C-SR004,Derived from the four named components in SR004 line 128,derived_subtotal_unclosed,partial,approximately_22900_of_broad_80000_unexplained,none,"The components explicitly named on the page sum mechanically to about 57,100.","Do not interpret the residual to 80,000 as a known category, or treat 57,100 as a complete population denominator.",ai_seeded,research_only,not_frontend_ready,no
W2C-A008,W2-C,population,health_service_beneficiary_population,Okinawa,,,undated service-catchment approximation,47000,"47,000",beneficiaries,,"U.S. Naval Hospital Okinawa beneficiary population: active duty, family members, civilian employees, contract personnel and retirees",PD005,W2C-SR008,"SR008 About Us paragraph, web extraction lines 157-160",official_scope_specific_undated,yes,missing_observation_date_and_not_resident_census,none,"USNH Okinawa states that it serves a beneficiary population of 47,000 on Okinawa.",Do not use a health-service beneficiary catchment as a SOFA or resident-population denominator.,ai_seeded,research_only,not_frontend_ready,no
W2C-A009,W2-C,population,camp_butler_active_duty_served,Camp S. D. Butler system,,,undated installation service-population approximation,17117,"17,117",persons,,Active-duty Navy and Marine population served,PD006,W2C-SR005,"SR005 Population section, Approximate Population Served list",official_scope_specific_undated,yes,missing_observation_date,none,"The Camp Butler directory lists 17,117 active-duty Navy/Marine personnel served.",Do not generalize to all active-duty personnel on Okinawa.,ai_seeded,research_only,not_frontend_ready,no
W2C-A010,W2-C,population,camp_butler_families_served,Camp S. D. Butler system,,,undated installation service-population approximation,9741,"9,741",persons,,Families in the Camp Butler approximate population served,PD006,W2C-SR005,"SR005 Population section, Approximate Population Served list",official_scope_specific_undated,yes,missing_observation_date_and_family_definition,none,"The Camp Butler directory lists 9,741 family members served.",Do not generalize to all U.S. family members on Okinawa.,ai_seeded,research_only,not_frontend_ready,no
W2C-A011,W2-C,population,camp_butler_civilians_served,Camp S. D. Butler system,,,undated installation service-population approximation,4415,"4,415",persons,,Civilians in the Camp Butler approximate population served,PD006,W2C-SR005,"SR005 Population section, Approximate Population Served list",official_scope_specific_undated,yes,missing_observation_date_and_civilian_definition,none,"The Camp Butler directory lists 4,415 civilians served.",Do not assume equivalence with the SOFA civilian component or disjointness from other installation lists.,ai_seeded,research_only,not_frontend_ready,no
W2C-A012,W2-C,population,camp_butler_retirees_served,Camp S. D. Butler system,,,undated installation service-population approximation,1000,"1,000",persons,,Retirees in the Camp Butler approximate population served,PD006,W2C-SR005,"SR005 Population section, Approximate Population Served list",official_scope_specific_undated,yes,missing_observation_date,none,"The Camp Butler directory lists 1,000 retirees served.",Do not include retirees in a SOFA-status denominator without a separate rule.,ai_seeded,research_only,not_frontend_ready,no
W2C-A013,W2-C,population,camp_butler_listed_component_subtotal,Camp S. D. Butler system,,,derived from undated installation list,32273,"32,273",persons,,Arithmetic sum of the four Camp Butler population-served categories,PD006,W2C-SR005,Derived from SR005 Population section list,derived_scope_specific_subtotal,yes,overlap_with_other_installation_footprints,none,"The four Camp Butler listed categories sum to 32,273 people served.",Do not add this subtotal to Kadena or Torii counts; service footprints can overlap.,ai_seeded,research_only,not_frontend_ready,no
W2C-A014,W2-C,population,kadena_american_population,Kadena Air Base,,,undated base-population approximation,18000,"nearly 18,000",persons,,Americans described as part of Team Kadena,PD007,W2C-SR006,SR006 Population section,official_scope_specific_undated,yes,missing_observation_date_and_internal_categories,none,"The Kadena directory describes nearly 18,000 Americans in Team Kadena.",Do not treat this as an islandwide or SOFA-only population.,ai_seeded,research_only,not_frontend_ready,no
W2C-A015,W2-C,population,kadena_japanese_employee_contractor_population,Kadena Air Base,,,undated lower-bound base-population approximation,4000,"more than 4,000",persons_lower_bound,,Japanese employees and contractors described as part of Team Kadena,PD007,W2C-SR006,SR006 Population section,official_scope_specific_undated_lower_bound,yes,missing_observation_date_and_exact_value,none,"The Kadena directory states that Team Kadena includes more than 4,000 Japanese employees and contractors.",Do not fold Japanese employees and contractors into a U.S. or SOFA population denominator.,ai_seeded,research_only,not_frontend_ready,no
W2C-A016,W2-C,population,usag_okinawa_mixed_population,USAG Okinawa,,,undated dispersed service-population approximation,5000,"approximately 5,000",persons,,"Soldiers, family members, civilians and contractors dispersed across Torii, Kadena, Naha Port and other bases",PD008,W2C-SR007,SR007 Population section,official_scope_specific_undated,yes,dispersed_and_overlapping_footprint,none,"USAG Okinawa describes an approximate mixed population of 5,000.",Do not add this figure to other installation counts or treat it as Torii-resident population.,ai_seeded,research_only,not_frontend_ready,no
W2C-A017,W2-C,population,current_same_year_same_definition_total,Okinawa,2023-01-01,2025-12-31,target current audit window,,no closed current value,persons,,All-Okinawa population under one explicit definition and one observation date,PD009,W2C-SR001;W2C-SR002;W2C-SR003;W2C-SR004;W2C-SR005;W2C-SR006;W2C-SR007;W2C-SR008,Cross-source closure test,not_observed_after_bounded_official_search,no,source_series_break_and_incompatible_service_footprints,no_current_per_capita_model,"No current same-year, same-definition all-Okinawa denominator was closed in W2-00.","Do not publish current per-capita organization income, grants, services or flows.",ai_seeded,research_only,not_frontend_ready,no
W2C-A020,W2-C,accountability_dugong,court_awarded_attorney_fees_costs_reported,case/organization filing,2020-07-01,2021-06-30,Earthjustice FY2021 tax period; not payment date,276345.50,"USD 276,345.50",currency,USD,Earthjustice Form 990 case-level line for Okinawa Dugong in its schedule of top ten court-awarded attorney fees and costs,,W2C-SR009,"SR009 PDF p.55, Schedule O, Part III, line 1272 OKINAWA DUGONG",official_filing_reported,yes,payment_timing_and_accounting_basis_not_stated,none,"Earthjustice reported USD 276,345.50 for the Okinawa Dugong case in this filing schedule.","Do not equate the filing amount with a payment date, net cash received, or a direct organizational funding edge.",ai_seeded,research_only,not_frontend_ready,no
W2C-A021,W2-C,accountability_dugong,judgment_fund_confirmed_attorney_fee_payment,federal payment/case,2021-03-05,2021-03-05,payment sent date,280000.00,"USD 280,000.00",currency,USD,"Judgment Fund confirmed payment and attorney-fee amount under control 202102348, counsel Earthjustice, defendant agency Office of the Secretary of Defense - Agencies",,W2C-SR010;W2C-SR011,SR010 data[0]; SR011 Mar worksheet rows 403-409 with amount at row 409,official_payment_record_confirmed,yes,multi_plaintiff_row_structure,none,"Treasury records a USD 280,000 attorney-fee payment sent on 2021-03-05 for the case cluster.",Do not collapse the multi-plaintiff payment record into a simple OSD-to-Earthjustice funding edge or infer its allocation among plaintiffs.,ai_seeded,research_only,not_frontend_ready,no
W2C-A022,W2-C,accountability_dugong,unreconciled_cross_record_difference,cross-record comparison,2020-07-01,2021-06-30,arithmetic difference between W2C-A021 and W2C-A020,3654.50,"USD 3,654.50",currency,USD,"Treasury USD 280,000 minus Earthjustice filing USD 276,345.50",,W2C-SR009;W2C-SR010;W2C-SR011,Arithmetic comparison of the two official amounts,derived_unreconciled_difference,yes,accounting_basis_unreconciled,none,"The two official records differ by USD 3,654.50 and must remain separate until reconciled.","Do not attribute the difference to costs, interest, timing, allocation, error or any other mechanism without a source.",ai_seeded,research_only,not_frontend_ready,no
W2C-A030,W2-C,frf_system_scale,rough_total_project_cost_estimate,Futenma Replacement Facility project,2019-12,2019-12,rough estimate announced in December 2019,930000000000,"about JPY 930bn (9,300亿)",currency,JPY,Rough total cost estimate after the construction-plan revision associated with added ground improvement,,W2C-SR012;W2C-SR013;W2C-SR014,SR012 Q5 cost paragraph/table; SR013 PDF p.4; SR014 minister answer in first Q&A,official_rough_estimate,yes,estimate_may_change,none,The Ministry/Okinawa Defense Bureau published a December 2019 rough total estimate of about JPY 930bn.,"Do not call this an appropriation, cumulative expenditure, final outturn or NGO resource amount.",ai_seeded,research_only,not_frontend_ready,no
W2C-A031,W2-C,frf_system_scale,reclamation_related_cost_estimate,Futenma Replacement Facility project,2019-12,2019-12,rounded component subtotal in project-change materials,720000000000,"about JPY 720bn (7,200亿)",currency,JPY,Estimated reclamation-related cost within the JPY 930bn overall estimate,,W2C-SR013,"SR013 PDF p.4, financial-plan reference",official_rounded_subtotal,yes,rounded_subtotal_does_not_equal_exact_sum_of_components,none,The change-application overview describes about JPY 720bn of the total as reclamation-related.,Do not add this subtotal to its component rows or expect rounded components to reconcile exactly.,ai_seeded,research_only,not_frontend_ready,no
W2C-A032,W2-C,frf_system_scale,security_cost_increase_factor,Futenma Replacement Facility project,2019-12,2019-12,rounded main increase factor,170000000000,"about JPY 170bn (1,700亿)",currency,JPY,Security cost identified as a main increase factor,,W2C-SR013,"SR013 PDF p.4, main increase factors",official_rounded_factor,yes,overlap_with_project_categories_not_resolved,none,The official overview identifies about JPY 170bn for security as a main increase factor.,Do not add this factor to the JPY 930bn total or detailed categories as a separate non-overlapping component.,ai_seeded,research_only,not_frontend_ready,no
W2C-A033,W2-C,frf_system_scale,ground_improvement_cost_increase_factor,Futenma Replacement Facility project,2019-12,2019-12,rounded main increase factor,100000000000,"about JPY 100bn (1,000亿)",currency,JPY,Ground-improvement cost identified as a main increase factor,,W2C-SR013,"SR013 PDF p.4, main increase factors",official_rounded_factor,yes,overlap_with_project_categories_not_resolved,none,The official overview identifies about JPY 100bn for ground improvement as a main increase factor.,Do not add this factor to the JPY 930bn total or detailed categories as a separate non-overlapping component.,ai_seeded,research_only,not_frontend_ready,no
W2C-A034,W2-C,frf_system_scale,environmental_measures_cost_estimate,Futenma Replacement Facility project,2019-12,2019-12,rounded component estimate,70000000000,about JPY 70bn (700亿),currency,JPY,Environmental conservation measures and related expenses within the JPY 930bn estimate,,W2C-SR012;W2C-SR013,SR012 Q5 cost table; SR013 PDF p.4 breakdown,official_rounded_component,yes,rounded_component,none,The published breakdown assigns about JPY 70bn to environmental measures and related expenses.,Do not interpret the category as NGO funding or as evidence of environmental effectiveness.,ai_seeded,research_only,not_frontend_ready,no
W2C-A035,W2-C,frf_system_scale,temporary_works_cost_estimate,Futenma Replacement Facility project,2019-12,2019-12,rounded component estimate,200000000000,"about JPY 200bn (2,000亿)",currency,JPY,Temporary works within reclamation-related expenses,,W2C-SR012;W2C-SR013,SR012 Q5 cost table; SR013 PDF p.4 breakdown,official_rounded_component,yes,rounded_component,none,The published breakdown assigns about JPY 200bn to temporary works.,Do not treat a rounded estimate as expenditure or a contract award.,ai_seeded,research_only,not_frontend_ready,no
W2C-A036,W2-C,frf_system_scale,seawall_works_cost_estimate,Futenma Replacement Facility project,2019-12,2019-12,rounded component estimate,150000000000,"about JPY 150bn (1,500亿)",currency,JPY,Seawall works within reclamation-related expenses,,W2C-SR012;W2C-SR013,SR012 Q5 cost table; SR013 PDF p.4 breakdown,official_rounded_component,yes,rounded_component,none,The published breakdown assigns about JPY 150bn to seawall works.,Do not treat a rounded estimate as expenditure or a contract award.,ai_seeded,research_only,not_frontend_ready,no
W2C-A037,W2-C,frf_system_scale,reclamation_works_cost_estimate,Futenma Replacement Facility project,2019-12,2019-12,rounded component estimate,360000000000,"about JPY 360bn (3,600亿)",currency,JPY,Reclamation works within reclamation-related expenses,,W2C-SR012;W2C-SR013,SR012 Q5 cost table; SR013 PDF p.4 breakdown,official_rounded_component,yes,rounded_component,none,The published breakdown assigns about JPY 360bn to reclamation works.,Do not treat a rounded estimate as expenditure or a contract award.,ai_seeded,research_only,not_frontend_ready,no
W2C-A038,W2-C,frf_system_scale,ancillary_works_cost_estimate,Futenma Replacement Facility project,2019-12,2019-12,rounded component estimate,12500000000,about JPY 12.5bn (125亿),currency,JPY,Ancillary works within reclamation-related expenses,,W2C-SR012;W2C-SR013,SR012 Q5 cost table; SR013 PDF p.4 breakdown,official_rounded_component,yes,rounded_component,none,The published breakdown assigns about JPY 12.5bn to ancillary works.,Do not treat a rounded estimate as expenditure or a contract award.,ai_seeded,research_only,not_frontend_ready,no
W2C-A039,W2-C,frf_system_scale,airfield_facilities_cost_estimate,Futenma Replacement Facility project,2019-12,2019-12,rounded component estimate,62500000000,about JPY 62.5bn (625亿),currency,JPY,Airfield-facility construction within the JPY 930bn estimate,,W2C-SR012;W2C-SR013,SR012 Q5 cost table; SR013 PDF p.4 breakdown,official_rounded_component,yes,rounded_component,none,The published breakdown assigns about JPY 62.5bn to airfield-facility construction.,Do not treat a rounded estimate as expenditure or a contract award.,ai_seeded,research_only,not_frontend_ready,no
W2C-A040,W2-C,frf_system_scale,camp_schwab_reorganization_cost_estimate,Futenma Replacement Facility project,2019-12,2019-12,rounded component estimate,75000000000,about JPY 75bn (750亿),currency,JPY,Camp Schwab reorganization works within the JPY 930bn estimate,,W2C-SR012;W2C-SR013,SR012 Q5 cost table; SR013 PDF p.4 breakdown,official_rounded_component,yes,rounded_component,none,The published breakdown assigns about JPY 75bn to Camp Schwab reorganization works.,Do not treat a rounded estimate as expenditure or a contract award.,ai_seeded,research_only,not_frontend_ready,no
W2C-A041,W2-C,frf_system_scale,cumulative_spent_amount_reporter_premise,Futenma Replacement Facility-related projects,,2025-03-31,reporter's statement of cumulative amount through FY2024,648300000000,"about JPY 648.3bn (6,483亿)",currency,JPY,Amount stated by a reporter in a ministerial press-conference question; not repeated or confirmed by the minister's answer,,W2C-SR014,"SR014 first Q&A, reporter paragraph",reporter_premise_unclosed,partial,underlying_official_spending_table_not_identified,none,A 2025 press-conference question stated about JPY 648.3bn spent through FY2024.,Do not call JPY 648.3bn a Ministry-confirmed cumulative expenditure anchor until an official table closes the figure.,ai_seeded,research_only,not_frontend_ready,no
W2C-A042,W2-C,frf_system_scale,annual_contract_basis,Futenma relocation budget line,2024-04-01,2025-03-31,FY2024 government budget proposal; contract basis,161400000000,"JPY 161.4bn (1,614亿)",currency,JPY,Upper angle-bracket value for Futenma Air Station relocation in the FY2024 Okinawa realignment table,,W2C-SR015,"SR015 PDF p.4, row 普天間飛行場の移設; note 1",official_annual_contract_basis_line,yes,contract_basis_not_cumulative_outturn,none,The FY2024 table reports JPY 161.4bn on a contract basis for the Futenma relocation line.,"Do not add to the budget-basis value as though they were separate spending streams, or call it cumulative expenditure.",ai_seeded,research_only,not_frontend_ready,no
W2C-A043,W2-C,frf_system_scale,annual_budget_basis,Futenma relocation budget line,2024-04-01,2025-03-31,FY2024 government budget proposal; budget basis,72600000000,JPY 72.6bn (726亿),currency,JPY,Budget-basis value for Futenma Air Station relocation in the FY2024 Okinawa realignment table,,W2C-SR015,"SR015 PDF p.4, row 普天間飛行場の移設",official_annual_budget_line,yes,budget_proposal_not_cumulative_outturn,none,The FY2024 table reports JPY 72.6bn on a budget basis for the Futenma relocation line.,Do not add to the contract-basis value or treat it as a cumulative project-spending total.,ai_seeded,research_only,not_frontend_ready,no
W2C-A044,W2-C,frf_system_scale,annual_contract_basis,Futenma relocation budget line,2025-04-01,2026-03-31,FY2025 government budget proposal; contract basis,200600000000,"JPY 200.6bn (2,006亿)",currency,JPY,Upper angle-bracket value for Futenma Air Station relocation in the FY2025 Okinawa realignment table,,W2C-SR016,"SR016 PDF p.4, row 普天間飛行場の移設; note 1",official_annual_contract_basis_line,yes,contract_basis_not_cumulative_outturn,none,The FY2025 table reports JPY 200.6bn on a contract basis for the Futenma relocation line.,"Do not add to the budget-basis value as though they were separate spending streams, or call it cumulative expenditure.",ai_seeded,research_only,not_frontend_ready,no
W2C-A045,W2-C,frf_system_scale,annual_budget_basis,Futenma relocation budget line,2025-04-01,2026-03-31,FY2025 government budget proposal; budget basis,72500000000,JPY 72.5bn (725亿),currency,JPY,Budget-basis value for Futenma Air Station relocation in the FY2025 Okinawa realignment table,,W2C-SR016,"SR016 PDF p.4, row 普天間飛行場の移設",official_annual_budget_line,yes,budget_proposal_not_cumulative_outturn,none,The FY2025 table reports JPY 72.5bn on a budget basis for the Futenma relocation line.,Do not add to the contract-basis value or treat it as a cumulative project-spending total.,ai_seeded,research_only,not_frontend_ready,no
W2C-A046,W2-C,frf_system_scale,contract_level_publication_entrypoint,Okinawa Defense Bureau,,,current procurement index observed 2026-08-22,,monthly contract/publication index available,availability,,Official public index for works and goods/services contracts by fiscal year and month,,W2C-SR017,SR017 procurement information index,official_source_entrypoint_not_total,yes,project_crosswalk_and_deduplication_required,no_total_null_model,Contract-level public records are available as inputs for a later spending reconstruction.,"Do not treat the index as a cumulative FRF total or sum records without project crosswalk, period alignment and de-duplication.",ai_seeded,research_only,not_frontend_ready,no
